ACON012447-RA	TGA	346
ACON012444-RA	TAA	82
ACON012445-RA	TAA	740
ACON012443-RA	TAA	691
ACON012440-RA	TGA	3239
ACON030691-RA	TAA	289
ACON030690-RA	TAA	324
ACON005578-RA	TGA	28
ACON005576-RA	TAA	242
ACON005577-RA	TAA	642
ACON003930-RA	TGA	220
ACON003931-RA	TGA	797
ACON005793-RA	TAA	42
ACON005796-RA	TAG	290
ACON005796-RB	TAG	290
ACON005797-RA	TGA	132
ACON005794-RA	TAA	255
ACON005795-RA	TAA	714
ACON005795-RC	TAA	714
ACON005795-RB	TAA	714
ACON005799-RA	TGA	5093
ACON028571-RA	TAA	226
ACON028570-RA	TAG	196
ACON028575-RA	TAA	282
ACON029118-RB	TAA	1940
ACON029118-RA	TAA	1940
ACON013092-RA	TAA	408
ACON000267-RA	TAA	368
ACON000261-RA	TGA	303
ACON000260-RB	TGA	192
ACON000260-RA	TAA	134
ACON000268-RA	TAG	301
ACON008117-RA	TAA	89
ACON008116-RA	TAA	275
ACON008115-RA	TAA	1340
ACON008114-RA	TGA	275
ACON008113-RA	TAA	2070
ACON008112-RA	TAG	285
ACON008111-RA	TAG	176
ACON008110-RA	TAA	36
ACON008118-RA	TAA	618
ACON010783-RA	TGA	263
ACON010783-RB	TGA	263
ACON004562-RA	TGA	208
ACON004563-RA	TAG	530
ACON004560-RA	TAA	1640
ACON004566-RA	TGA	102
ACON004567-RA	TAA	58
ACON004564-RA	TAA	259
ACON004568-RA	TAA	821
ACON004569-RA	TGA	365
ACON005574-RA	TGA	172
ACON005573-RA	TGA	118
ACON005570-RA	TGA	1012
ACON005673-RA	TGA	121
ACON030645-RA	TGA	315
ACON030646-RA	TAG	92
ACON030647-RA	TAA	2082
ACON008684-RA	TGA	160
ACON008683-RA	TGA	827
ACON008814-RA	TAG	996
ACON029580-RA	TAG	2368
ACON007571-RA	TGA	47
ACON029635-RA	TGA	235
ACON029634-RA	TAG	89
ACON004175-RA	TGA	220
ACON004174-RA	TAG	114
ACON004176-RA	TAA	1050
ACON004172-RA	TAA	174
ACON005675-RA	TAA	290
ACON008307-RA	TAG	549
ACON005558-RA	TAA	112
ACON005559-RA	TAG	274
ACON012468-RA	TGA	945
ACON012460-RA	TAA	185
ACON012461-RA	TAG	710
ACON012462-RA	TAA	795
ACON012463-RA	TGA	146
ACON012464-RA	TAA	906
ACON012465-RA	TAG	70
ACON012466-RA	TAA	195
ACON008979-RA	TGA	5440
ACON001058-RA	TAA	87
ACON009622-RA	TAA	1240
ACON009623-RA	TAA	1045
ACON000790-RA	TAG	274
ACON000798-RC	TGA	495
ACON000798-RB	TGA	495
ACON000798-RA	TGA	495
ACON009629-RA	TGA	243
ACON004637-RA	TAG	140
ACON000249-RA	TAA	150
ACON000248-RA	TAG	150
ACON008092-RA	TGA	199
ACON008090-RA	TGA	417
ACON008091-RA	TAA	752
ACON008091-RB	TAA	752
ACON008099-RA	TAG	148
ACON004186-RA	TGA	1500
ACON005583-RA	TAA	395
ACON005583-RB	TAA	395
ACON005582-RA	TGA	102
ACON005581-RA	TGA	151
ACON005587-RA	TAG	104
ACON005586-RA	TGA	94
ACON005585-RB	TGA	546
ACON005585-RA	TGA	546
ACON005584-RA	TAA	129
ACON030673-RA	TAA	450
ACON009322-RA	TAA	354
ACON009321-RA	TGA	51
ACON009325-RA	TAG	876
ACON009324-RA	TAA	180
ACON004548-RA	TAG	665
ACON004549-RA	TAA	75
ACON028742-RA	TGA	203
ACON010728-RA	TAG	414
ACON006543-RA	TAG	350
ACON029837-RA	TAA	55
ACON010721-RA	TAG	170
ACON013423-RA	TAG	67
ACON004159-RA	TAA	734
ACON004158-RA	TAA	84
ACON010729-RA	TAA	208
ACON012487-RA	TAG	194
ACON012485-RA	TGA	416
ACON028569-RA	TGA	426
ACON006511-RA	TGA	1488
ACON029481-RA	TAA	660
ACON006517-RA	TGA	759
ACON005628-RA	TAG	64
ACON005629-RA	TGA	868
ACON000266-RA	TAA	230
ACON000262-RA	TGA	1250
ACON005620-RA	TGA	216
ACON005621-RA	TAA	108
ACON000269-RA	TAA	1410
ACON004528-RA	TAA	23
ACON004529-RA	TGA	77
ACON004527-RA	TAG	134
ACON004524-RB	TGA	1970
ACON004524-RA	TGA	1970
ACON004522-RA	TGA	710
ACON004523-RA	TGA	175
ACON004520-RA	TAA	1390
ACON004521-RA	TAG	125
ACON005699-RA	TAG	1434
ACON005697-RA	TAA	30
ACON005696-RA	TAA	30
ACON005921-RA	TGA	62
ACON005922-RA	TAG	256
ACON010650-RA	TAG	195
ACON010655-RA	TAG	1418
ACON009590-RA	TGA	101
ACON009591-RA	TAA	62
ACON009594-RA	TAG	100
ACON009595-RB	TAA	6050
ACON009595-RA	TAA	6050
ACON009598-RA	TGA	1089
ACON009598-RB	TGA	1089
ACON009599-RA	TAG	250
ACON029679-RA	TAA	158
ACON013441-RA	TAA	890
ACON008759-RA	TAG	460
ACON008758-RA	TAA	62
ACON008753-RA	TAA	318
ACON008752-RA	TAA	28
ACON008757-RA	TAG	203
ACON008756-RA	TAG	452
ACON006433-RA	TAA	135
ACON012714-RA	TAG	108
ACON012458-RA	TAG	203
ACON000288-RA	TGA	245
ACON030741-RA	TAA	480
ACON030740-RA	TAG	700
ACON030743-RA	TAG	188
ACON030742-RA	TAG	2477
ACON030745-RA	TAA	214
ACON030744-RA	TAG	35
ACON030747-RA	TAG	417
ACON030746-RA	TAA	113
ACON030749-RA	TAA	500
ACON030748-RA	TAA	548
ACON006612-RA	TAA	119
ACON006613-RA	TAA	886
ACON006616-RA	TAA	84
ACON003889-RA	TAA	92
ACON006614-RA	TAA	631
ACON003884-RA	TAA	1145
ACON003885-RA	TGA	823
ACON003886-RA	TGA	283
ACON003887-RA	TGA	4650
ACON003880-RA	TGA	209
ACON003881-RA	TAG	283
ACON003882-RB	TAA	120
ACON003882-RA	TAA	120
ACON003883-RA	TAA	46
ACON003940-RA	TGA	2980
ACON005601-RA	TGA	378
ACON000289-RA	TAA	220
ACON000283-RA	TAG	296
ACON000283-RB	TAG	296
ACON000281-RA	TAG	1920
ACON000280-RA	TAA	660
ACON000287-RA	TAG	64
ACON000286-RA	TAG	98
ACON000285-RA	TGA	225
ACON004501-RA	TGA	68
ACON004502-RB	TAG	3511
ACON004502-RA	TAG	3511
ACON004503-RA	TGA	232
ACON004506-RA	TAA	49
ACON004508-RA	TAG	1920
ACON004509-RA	TAA	80
ACON005565-RA	TAA	2154
ACON005564-RB	TAG	4090
ACON005564-RA	TAG	4090
ACON005567-RA	TAG	1476
ACON009249-RA	TGA	42
ACON005563-RB	TAA	1629
ACON005563-RA	TAA	1629
ACON005562-RA	TGA	93
ACON010673-RA	TAA	5670
ACON010672-RA	TAA	220
ACON010671-RA	TAG	104
ACON010670-RA	TAA	62
ACON010677-RA	TAG	1008
ACON010676-RC	TAG	376
ACON010676-RB	TAG	376
ACON010676-RA	TAG	376
ACON010675-RA	TAA	1956
ACON010679-RA	TAG	346
ACON010678-RA	TAA	628
ACON007086-RB	TGA	712
ACON007086-RA	TGA	712
ACON007087-RA	TAA	301
ACON007088-RA	TAA	314
ACON007089-RA	TAG	592
ACON010846-RA	TGA	49
ACON010842-RA	TGA	84
ACON010843-RA	TAG	748
ACON005536-RA	TAG	2404
ACON008773-RA	TAA	46
ACON008772-RA	TAA	102
ACON008770-RA	TAA	274
ACON008776-RA	TGA	317
ACON008775-RA	TAG	1068
ACON008774-RA	TAG	144
ACON008779-RA	TAA	690
ACON008778-RA	TGA	1114
ACON009577-RC	TAG	3310
ACON009577-RB	TAG	3310
ACON009577-RA	TAG	3310
ACON004269-RA	TAG	100
ACON004267-RA	TGA	123
ACON002731-RA	TAG	351
ACON002739-RA	TAG	216
ACON028641-RA	TGA	67
ACON028642-RA	TAG	89
ACON030769-RA	TGA	97
ACON030768-RA	TAG	164
ACON030763-RA	TGA	257
ACON030762-RA	TGA	342
ACON030761-RA	TGA	460
ACON030760-RA	TGA	5170
ACON030767-RA	TAA	243
ACON030766-RA	TGA	5
ACON030765-RA	TAA	99
ACON030764-RA	TGA	191
ACON009634-RA	TAA	173
ACON010642-RA	TGA	275
ACON008562-RA	TAG	408
ACON004620-RC	TAA	202
ACON004620-RB	TAA	58
ACON004620-RA	TGA	114
ACON004623-RA	TAG	150
ACON004622-RA	TAA	82
ACON029196-RA	TGA	650
ACON004197-RA	TAA	188
ACON029194-RA	TAA	260
ACON029195-RA	TAA	46
ACON029193-RA	TAA	126
ACON004624-RA	TAA	136
ACON029719-RA	TAA	59
ACON030648-RA	TAA	4078
ACON030649-RA	TAA	122
ACON012922-RA	TAG	512
ACON004382-RA	TGA	215
ACON004383-RA	TAG	108
ACON013047-RA	TGA	1144
ACON008980-RA	TAG	3501
ACON005659-RA	TAA	134
ACON005658-RA	TAG	61
ACON005653-RA	TAG	54
ACON005652-RA	TAA	2027
ACON005651-RA	TAA	25
ACON005650-RA	TAA	94
ACON005656-RA	TGA	245
ACON005654-RA	TAA	59
ACON005617-RA	TAG	1065
ACON005617-RB	TAG	1065
ACON005616-RA	TAG	255
ACON005613-RA	TAA	124
ACON005613-RB	TAA	124
ACON030687-RA	TAA	795
ACON006408-RA	TGA	147
ACON029509-RA	TGA	1240
ACON029509-RB	TGA	1240
ACON005645-RA	TAG	120
ACON005611-RA	TAG	412
ACON010826-RA	TAA	220
ACON010825-RA	TAA	215
ACON010822-RA	TAA	86
ACON005553-RA	TAG	155
ACON005610-RA	TGA	496
ACON000121-RA	TAG	348
ACON008715-RA	TGA	52
ACON008717-RA	TAG	215
ACON008716-RA	TGA	80
ACON008711-RA	TAG	3326
ACON008712-RA	TGA	844
ACON008719-RA	TAG	238
ACON008718-RB	TAA	1891
ACON008718-RA	TAA	1891
ACON005551-RA	TAG	149
ACON005698-RA	TAA	28
ACON005557-RA	TAA	190
ACON005557-RB	TGA	516
ACON002719-RA	TAG	1300
ACON002718-RA	TAG	574
ACON002712-RA	TGA	182
ACON002717-RA	TAA	456
ACON002715-RA	TAA	2680
ACON028663-RA	TAA	130
ACON028664-RA	TAA	119
ACON028599-RA	TAG	34
ACON028594-RA	TGA	178
ACON028590-RA	TAG	53
ACON030709-RA	TAA	558
ACON030709-RB	TAA	558
ACON030709-RC	TAA	558
ACON030708-RA	TGA	590
ACON030705-RA	TAG	630
ACON030705-RB	TAG	630
ACON030705-RC	TAG	630
ACON030704-RA	TAA	394
ACON030707-RA	TAG	2220
ACON030706-RD	TAA	3580
ACON030706-RA	TAA	3580
ACON030706-RC	TAA	3580
ACON030706-RB	TAA	3580
ACON030701-RA	TGA	506
ACON030700-RA	TAG	101
ACON030703-RA	TAG	1503
ACON030702-RA	TAG	346
ACON006659-RA	TAG	494
ACON000250-RA	TAG	290
ACON000251-RA	TAA	410
ACON000252-RA	TAG	373
ACON000253-RA	TAG	91
ACON000254-RA	TGA	1108
ACON000255-RC	TGA	268
ACON000255-RB	TGA	268
ACON000255-RA	TGA	268
ACON000255-RD	TGA	268
ACON000256-RA	TAA	1124
ACON002314-RA	TAA	31
ACON009631-RA	TGA	1855
ACON009633-RA	TAG	236
ACON009635-RA	TGA	130
ACON009637-RA	TAA	825
ACON009636-RA	TAA	182
ACON005695-RA	TAG	115
ACON013342-RA	TGA	1302
ACON004018-RA	TAG	281
ACON004016-RA	TGA	44
ACON004017-RA	TAG	283
ACON004014-RA	TAG	32
ACON004015-RA	TGA	112
ACON004012-RA	TGA	48
ACON004013-RA	TAA	38
ACON004011-RA	TAA	344
ACON013164-RA	TAA	321
ACON013163-RA	TAG	40
ACON012560-RA	TAA	203
ACON005639-RA	TAA	1250
ACON005639-RB	TAA	1250
ACON005635-RA	TAA	1516
ACON005635-RB	TAA	1516
ACON005635-RC	TAA	1516
ACON005634-RA	TAA	115
ACON005637-RA	TGA	381
ACON005636-RA	TGA	629
ACON005633-RA	TGA	1550
ACON010637-RA	TGA	203
ACON010636-RA	TGA	562
ACON000294-RA	TAA	1276
ACON000294-RB	TAA	400
ACON010634-RA	TGA	559
ACON012989-RA	TAA	141
ACON007909-RA	TAG	330
ACON029520-RA	TAG	202
ACON029520-RB	TAG	202
ACON029524-RA	TAG	350
ACON028124-RA	TAA	719
ACON008739-RA	TAA	172
ACON008738-RA	TAA	755
ACON008737-RA	TAG	2557
ACON008737-RB	TAG	2557
ACON008736-RA	TGA	1460
ACON008735-RA	TAG	301
ACON008734-RA	TGA	940
ACON008732-RA	TAG	96
ACON008731-RA	TGA	410
ACON008730-RA	TAG	56
ACON005631-RA	TAA	56
ACON005630-RA	TAG	1498
ACON004227-RA	TAA	1926
ACON004223-RA	TGA	1715
ACON028608-RA	TAA	194
ACON000290-RA	TGA	230
ACON030727-RA	TAG	278
ACON030726-RA	TGA	350
ACON030725-RA	TAG	628
ACON030724-RA	TAG	518
ACON030723-RA	TAA	265
ACON030723-RB	TAA	265
ACON030722-RB	TAG	240
ACON030722-RA	TAG	240
ACON030721-RA	TAA	103
ACON030720-RA	TAA	235
ACON030729-RA	TGA	60
ACON030728-RA	TAA	252
ACON003826-RA	TGA	162
ACON003824-RA	TAG	118
ACON003825-RA	TAG	24
ACON005575-RA	TAG	155
ACON005572-RA	TAG	180
ACON007106-RA	TGA	976
ACON007106-RC	TGA	976
ACON007106-RB	TGA	976
ACON007106-RD	TGA	976
ACON007108-RB	TGA	559
ACON007108-RA	TGA	559
ACON009619-RB	TGA	3078
ACON009619-RA	TGA	3078
ACON009618-RA	TGA	288
ACON009613-RA	TAA	52
ACON009612-RA	TAA	3
ACON009611-RA	TAA	60
ACON009610-RA	TAA	340
ACON009610-RC	TAA	340
ACON009610-RB	TAA	340
ACON009615-RA	TAA	219
ACON009614-RA	TGA	66
ACON005550-RA	TAG	620
ACON005552-RB	TGA	480
ACON005552-RA	TGA	480
ACON004030-RA	TAA	32
ACON004031-RA	TAA	395
ACON005555-RA	TAA	1000
ACON005556-RB	TGA	431
ACON005556-RC	TGA	431
ACON005556-RA	TGA	431
ACON013140-RA	TAG	66
ACON006468-RA	TAA	1343
ACON008222-RA	TAG	1400
ACON008227-RA	TGA	485
ACON008226-RA	TAA	405
ACON008228-RB	TGA	1904
ACON008228-RA	TGA	1904
ACON005619-RA	TAA	1878
ACON005618-RA	TAA	80
ACON000825-RA	TAA	1085
ACON007920-RA	TGA	212
ACON007927-RA	TAG	117
ACON007924-RA	TGA	1105
ACON002693-RA	TGA	808
ACON028147-RA	TAG	289
ACON028141-RA	TGA	462
ACON029543-RA	TAG	1970
ACON029542-RA	TGA	273
ACON029542-RB	TGA	273
ACON009562-RA	TAA	770
ACON004208-RA	TAG	54
ACON004202-RA	TAA	103
ACON004201-RA	TAG	3000
ACON028081-RA	TAA	118
ACON028084-RA	TGA	82
ACON028089-RA	TAA	68
ACON028088-RA	TAG	71
ACON009607-RA	TGA	91
ACON009601-RA	TAA	1860
ACON009602-RA	TAA	104
ACON030652-RA	TGA	31
ACON013302-RA	TGA	96
ACON013303-RA	TAG	58
ACON030658-RA	TGA	20
ACON000319-RA	TGA	1746
ACON000311-RA	TAA	33
ACON000313-RA	TGA	440
ACON000312-RA	TAA	2399
ACON000317-RA	TAA	1380
ACON000316-RA	TAG	1597
ACON008209-RA	TGA	103
ACON008208-RA	TGA	76
ACON008202-RA	TGA	3820
ACON008201-RA	TAA	105
ACON008207-RA	TAG	168
ACON008206-RA	TGA	46
ACON008205-RA	TAA	28
ACON008204-RA	TAA	58
ACON004418-RA	TAA	415
ACON004419-RA	TAA	250
ACON004412-RA	TGA	115
ACON004410-RA	TAG	887
ACON004411-RA	TAA	170
ACON004416-RA	TAA	60
ACON004417-RA	TGA	125
ACON004414-RA	TGA	95
ACON028164-RA	TAA	800
ACON029565-RA	TAA	2962
ACON028447-RA	TGA	275
ACON013536-RA	TAG	334
ACON013530-RA	TAA	446
ACON000933-RA	TAA	146
ACON012667-RA	TAG	156
ACON003868-RA	TAA	62
ACON003869-RA	TAA	400
ACON003866-RA	TAA	50
ACON003867-RA	TGA	1095
ACON003864-RA	TAA	49
ACON003865-RA	TGA	218
ACON003863-RA	TAA	371
ACON003861-RA	TAA	49
ACON000247-RA	TGA	180
ACON000246-RA	TAG	179
ACON000245-RA	TAA	1900
ACON000241-RA	TAG	560
ACON000240-RA	TAG	510
ACON005605-RA	TAA	18
ACON005606-RB	TAG	1768
ACON005606-RA	TAG	1768
ACON005609-RA	TGA	370
ACON009657-RA	TAG	336
ACON009656-RA	TAA	286
ACON003680-RA	TAA	2293
ACON009652-RA	TAG	96
ACON009651-RB	TAA	131
ACON009651-RA	TAA	131
ACON009650-RA	TGA	168
ACON009659-RA	TAA	388
ACON005674-RB	TAA	3517
ACON005674-RA	TAA	3517
ACON013186-RA	TGA	726
ACON000332-RA	TAG	670
ACON000331-RB	TAA	1587
ACON000331-RA	TAA	1587
ACON000330-RA	TAG	419
ACON000337-RA	TGA	720
ACON000336-RA	TAG	2960
ACON000334-RA	TGA	1232
ACON000339-RA	TAG	280
ACON000338-RA	TGA	130
ACON008268-RA	TGA	1310
ACON008264-RB	TAA	1240
ACON008264-RA	TAA	1240
ACON012270-RA	TAA	51
ACON010699-RA	TAG	215
ACON010698-RA	TGA	290
ACON010695-RA	TAA	230
ACON010694-RA	TAA	2400
ACON010697-RA	TGA	2180
ACON010696-RA	TAA	490
ACON010691-RA	TAG	93
ACON010690-RA	TAA	82
ACON010693-RA	TAG	200
ACON004438-RA	TAG	398
ACON004439-RA	TGA	204
ACON005537-RA	TAG	1126
ACON004434-RA	TGA	719
ACON004435-RA	TAA	128
ACON004437-RA	TAA	1202
ACON004437-RB	TAA	1202
ACON004430-RA	TAA	371
ACON004431-RA	TAA	269
ACON004433-RA	TAG	37
ACON005534-RA	TGA	78
ACON005535-RA	TGA	243
ACON008462-RA	TAA	18
ACON008798-RA	TGA	109
ACON008795-RA	TAA	84
ACON008794-RA	TAG	1000
ACON008797-RA	TAA	104
ACON008796-RA	TGA	320
ACON008790-RA	TAG	2553
ACON029203-RA	TAA	39
ACON005599-RB	TAG	4500
ACON005599-RA	TAG	4500
ACON013049-RA	TGA	355
ACON012649-RA	TGA	263
ACON010736-RA	TAG	193
ACON004544-RD	TAA	2052
ACON004544-RE	TAA	1220
ACON004544-RA	TAA	1873
ACON004544-RB	TAA	1833
ACON004544-RC	TGA	1519
ACON010734-RA	TAG	1020
ACON010732-RA	TAG	1180
ACON004545-RA	TAG	440
ACON004546-RA	TAG	443
ACON004541-RA	TAG	370
ACON004543-RA	TGA	188
ACON003841-RA	TAG	69
ACON003842-RA	TAA	142
ACON003843-RA	TAA	496
ACON003844-RA	TAG	1950
ACON003845-RA	TAA	50
ACON003846-RA	TGA	225
ACON003847-RA	TGA	355
ACON003848-RA	TAA	265
ACON003848-RB	TAA	266
ACON028220-RA	TAA	126
ACON028225-RA	TGA	590
ACON030693-RA	TGA	890
ACON030697-RA	TAA	74
ACON030696-RA	TGA	97
ACON030695-RA	TAA	80
ACON030694-RA	TAA	170
ACON030694-RB	TAA	170
ACON030699-RA	TGA	75
ACON030698-RA	TAA	320
ACON005547-RA	TAA	42
ACON005545-RA	TAA	1260
ACON005544-RA	TAA	171
ACON005543-RA	TAA	610
ACON005542-RA	TAG	230
ACON008637-RA	TAG	179
ACON000355-RA	TGA	4016
ACON000354-RA	TAG	4270
ACON000357-RA	TAG	26
ACON000356-RA	TGA	27
ACON000351-RA	TGA	1540
ACON000352-RA	TAA	822
ACON000359-RA	TAG	310
ACON000358-RA	TGA	485
ACON010657-RA	TAA	70
ACON008246-RA	TGA	133
ACON004632-RA	TGA	81
ACON004633-RA	TGA	140
ACON004630-RA	TGA	1890
ACON004631-RE	TAA	164
ACON004631-RD	TAG	536
ACON004631-RA	TAA	69
ACON004631-RC	TAA	321
ACON004631-RB	TAA	142
ACON004188-RA	TAA	1020
ACON004634-RA	TAA	120
ACON004635-RA	TAA	120
ACON004638-RA	TAA	63
ACON004639-RA	TAG	462
ACON005589-RA	TAG	696
ACON002671-RA	TGA	1150
ACON002672-RA	TAG	3141
ACON004456-RA	TGA	766
ACON004457-RA	TAA	790
ACON004454-RA	TAG	133
ACON004455-RA	TAA	120
ACON004452-RA	TAA	104
ACON004453-RA	TGA	3280
ACON004450-RA	TGA	308
ACON004451-RA	TGA	162
ACON004458-RB	TAG	501
ACON004458-RC	TAG	501
ACON004458-RA	TAG	501
ACON004459-RA	TGA	167
ACON028743-RA	TAG	342
ACON003984-RA	TAG	230
ACON009558-RA	TAA	238
ACON009559-RA	TAG	48
ACON009551-RA	TGA	141
ACON029479-RA	TAA	184
ACON029472-RA	TGA	1660
ACON009641-RA	TGA	1665
ACON007103-RB	TAA	6012
ACON007103-RC	TAA	6012
ACON007103-RA	TAA	6012
ACON007103-RD	TAA	6012
ACON007102-RA	TGA	231
ACON005571-RA	TAA	100
ACON007105-RA	TAA	262
ACON007104-RA	TAA	1482
ACON029527-RA	TAA	2219
ACON008189-RA	TAG	125
ACON008183-RA	TGA	52
ACON008185-RA	TAA	770
ACON008187-RA	TAA	39
ACON010719-RA	TAA	600
ACON010711-RA	TAG	243
ACON010712-RA	TAA	55
ACON010713-RA	TAG	106
ACON010714-RA	TAA	644
ACON010715-RA	TAG	511
ACON010716-RB	TAA	529
ACON010716-RA	TAA	529
ACON010717-RA	TAA	81
ACON009616-RA	TGA	370
ACON010777-RA	TGA	715
ACON013495-RA	TGA	3758
ACON013724-RA	TGA	113
ACON013720-RA	TAA	40
ACON009569-RA	TAA	546
ACON009569-RB	TAA	546
ACON009569-RC	TAA	546
ACON009568-RA	TAA	72
ACON009560-RA	TAA	2418
ACON009563-RA	TGA	554
ACON009564-RB	TGA	156
ACON009564-RA	TAA	107
ACON009567-RA	TAG	172
ACON009566-RA	TGA	6270
ACON009566-RC	TGA	6270
ACON009566-RB	TGA	6270
ACON004614-RA	TAA	59
ACON004615-RA	TAA	51
ACON004616-RA	TGA	74
ACON004610-RA	TAG	180
ACON004611-RA	TAA	182
ACON004612-RA	TGA	242
ACON004613-RA	TGA	1765
ACON004618-RA	TAA	18
ACON004619-RA	TAG	1509
ACON004478-RA	TAG	112
ACON004479-RA	TAG	146
ACON004470-RA	TAA	220
ACON004471-RB	TAA	353
ACON004471-RA	TAA	114
ACON004474-RA	TAA	109
ACON004475-RA	TAG	200
ACON004476-RB	TAA	1798
ACON004476-RA	TAA	1798
ACON004477-RA	TAA	76
ACON005701-RA	TGA	893
ACON005700-RA	TAA	113
ACON030657-RA	TAA	129
ACON030656-RA	TGA	334
ACON029457-RA	TGA	320
ACON030650-RA	TAG	359
ACON013004-RA	TAG	643
ACON005800-RA	TAG	276
ACON008385-RA	TGA	738
ACON008989-RA	TGA	468
ACON008162-RA	TAA	125
ACON008163-RA	TAA	160
ACON008160-RA	TAG	206
ACON008161-RA	TAA	75
ACON008166-RA	TGA	205
ACON008167-RA	TGA	1475
ACON008164-RA	TAA	73
ACON008169-RA	TGA	160
ACON029207-RA	TAA	790
ACON010298-RA	TAG	340
ACON013746-RA	TGA	330
ACON013740-RA	TAG	677
ACON009540-RA	TGA	581
ACON009547-RA	TAA	255
ACON009549-RA	TGA	195
ACON004492-RA	TAA	1431
ACON004490-RA	TAA	173
ACON004491-RA	TAA	89
ACON004496-RA	TAA	151
ACON004497-RA	TAG	935
ACON004494-RA	TAG	1748
ACON004495-RA	TGA	259
ACON004498-RA	TGA	29
ACON004499-RA	TAG	482
ACON008391-RA	TAG	464
ACON008391-RB	TAG	464
ACON005811-RA	TAG	284
ACON005810-RA	TAG	33
ACON005812-RA	TGA	60
ACON003945-RA	TAA	8277
ACON005727-RA	TGA	819
ACON006393-RA	TAA	194
ACON000238-RA	TGA	1385
ACON000232-RA	TAG	1951
ACON000232-RB	TAG	1951
ACON000233-RB	TGA	271
ACON000233-RA	TGA	271
ACON000230-RA	TGA	251
ACON000236-RA	TAA	1777
ACON000236-RB	TAA	1777
ACON000236-RC	TAA	1777
ACON000237-RA	TAG	2925
ACON000234-RA	TAG	1044
ACON000235-RA	TAA	1680
ACON008147-RA	TAA	165
ACON008148-RA	TAA	1003
ACON008149-RA	TAA	410
ACON028097-RA	TGA	160
ACON028061-RA	TAA	142
ACON013258-RA	TAG	410
ACON029082-RA	TAG	164
ACON012975-RA	TGA	57
ACON028145-RA	TGA	185
ACON009525-RA	TGA	182
ACON009524-RA	TGA	308
ACON009527-RA	TAA	134
ACON009526-RA	TAA	94
ACON009521-RA	TAG	2520
ACON009520-RA	TAA	550
ACON009523-RA	TAA	1044
ACON009522-RA	TAA	550
ACON009528-RA	TAA	836
ACON004120-RA	TGA	1100
ACON004124-RA	TGA	289
ACON000002-RA	TGA	194
ACON008808-RA	TAA	350
ACON003968-RA	TAG	710
ACON003963-RA	TGA	444
ACON003962-RA	TAA	1010
ACON003960-RA	TAG	260
ACON003967-RA	TAG	127
ACON003966-RA	TAA	230
ACON003965-RA	TGA	802
ACON028548-RA	TAG	126
ACON028549-RA	TAG	107
ACON010028-RA	TGA	427
ACON010029-RA	TAA	710
ACON009542-RA	TGA	2150
ACON005681-RA	TAA	2520
ACON005682-RA	TAG	305
ACON009546-RA	TGA	40
ACON005683-RA	TAA	150
ACON000926-RA	TGA	1048
ACON000926-RB	TGA	1048
ACON007602-RA	TGA	275
ACON006518-RA	TAA	305
ACON029145-RA	TGA	9
ACON000218-RA	TAG	308
ACON000219-RA	TGA	391
ACON010648-RA	TAG	277
ACON010649-RA	TAG	143
ACON008122-RA	TAG	545
ACON010643-RA	TAA	730
ACON010641-RA	TAG	134
ACON009661-RA	TAA	1529
ACON009617-RA	TAG	250
ACON012953-RA	TGA	160
ACON000244-RA	TAG	698
ACON009158-RA	TAG	1028
ACON000243-RA	TAA	672
ACON000243-RB	TAA	672
ACON000242-RA	TAA	719
ACON009509-RA	TAG	245
ACON009508-RA	TAA	130
ACON009507-RA	TAA	195
ACON009506-RA	TAG	140
ACON009505-RA	TAA	235
ACON009504-RA	TGA	105
ACON009503-RA	TAG	1080
ACON009502-RA	TAG	1183
ACON029609-RA	TGA	265
ACON029609-RB	TGA	265
ACON012433-RA	TAG	3150
ACON012432-RA	TAA	2842
ACON012431-RA	TAA	197
ACON012434-RA	TGA	159
ACON012434-RB	TGA	159
ACON012439-RA	TAG	592
ACON006859-RA	TGA	73
ACON003901-RA	TGA	1920
ACON003900-RA	TAA	141
ACON003903-RA	TAA	508
ACON003902-RA	TAG	171
ACON005767-RA	TAA	222
ACON005766-RA	TAA	76
ACON028568-RA	TGA	19
ACON028567-RA	TAA	140
ACON029387-RA	TAG	50
ACON029384-RA	TGA	92
ACON006534-RA	TAG	215
ACON006534-RC	TAG	215
ACON006534-RB	TAG	215
ACON013209-RA	TAA	42
ACON005813-RA	TAG	167
ACON000277-RA	TAA	453
ACON000274-RA	TAG	52
ACON000275-RA	TAA	330
ACON000272-RA	TAA	790
ACON000273-RA	TGA	422
ACON000270-RA	TGA	412
ACON000271-RA	TGA	798
ACON000278-RA	TAA	218
ACON000279-RA	TGA	185
ACON008041-RA	TAA	644
ACON008043-RA	TAG	88
ACON008106-RA	TAA	55
ACON008107-RA	TAG	460
ACON008108-RA	TAG	356
ACON008109-RA	TAA	116
ACON010790-RA	TAG	145
ACON009319-RA	TAG	339
ACON009315-RA	TAA	2688
ACON004599-RA	TAA	360
ACON004598-RA	TAA	31
ACON004595-RA	TAA	4257
ACON004594-RA	TAA	406
ACON004593-RA	TAG	3410
ACON004593-RB	TAG	3410
ACON004592-RC	TGA	778
ACON004592-RB	TGA	778
ACON004592-RA	TGA	3226
ACON004591-RA	TGA	228
ACON010720-RA	TAA	46
ACON009274-RA	TGA	649
ACON004373-RA	TAA	1580
ACON004373-RB	TAA	1580
ACON004372-RB	TAA	3067
ACON004372-RA	TAA	3067
ACON004370-RA	TAG	198
ACON004377-RA	TAG	31
ACON004376-RA	TAA	123
ACON004375-RA	TAG	94
ACON004374-RA	TGA	1354
ACON004379-RA	TAG	170
ACON004378-RA	TAA	60
ACON000513-RA	TAA	94
ACON000513-RB	TAA	94
ACON000519-RB	TGA	1418
ACON000519-RA	TGA	1418
ACON013275-RA	TAA	2260
ACON030679-RA	TGA	283
ACON030678-RA	TGA	775
ACON030675-RA	TGA	93
ACON030674-RA	TGA	115
ACON030677-RA	TAA	80
ACON030676-RA	TAG	21
ACON030671-RA	TGA	194
ACON030670-RA	TGA	315
ACON030672-RA	TAG	139
ACON008806-RA	TAA	2120
ACON008697-RA	TAA	2120
ACON008698-RA	TAA	2261
ACON029596-RA	TAA	5485
ACON029596-RB	TAA	5485
ACON029628-RA	TAG	475
ACON029628-RB	TAG	475
ACON029629-RC	TAA	239
ACON029629-RB	TAG	48
ACON029629-RA	TAG	453
ACON009632-RA	TGA	25
ACON004166-RA	TGA	247
ACON004167-RA	TGA	654
ACON012450-RA	TAA	172
ACON012453-RA	TAA	612
ACON012452-RA	TAG	216
ACON012459-RA	TGA	350
ACON005598-RA	TAG	70
ACON000264-RB	TAG	1025
ACON000264-RA	TAG	194
ACON005561-RA	TAA	182
ACON009638-RA	TAG	338
ACON003923-RA	TAG	1477
ACON003921-RA	TGA	580
ACON005781-RA	TAA	34
ACON005783-RA	TGA	50
ACON005782-RA	TAA	275
ACON005785-RA	TAA	8
ACON005784-RA	TAA	35
ACON005787-RA	TAA	39
ACON005786-RA	TAA	27
ACON028502-RA	TGA	131
ACON028500-RA	TAG	101
ACON029361-RA	TAA	57
ACON013081-RA	TGA	1300
ACON000789-RA	TAA	185
ACON000258-RA	TAG	63
ACON008067-RA	TGA	698
ACON008065-RA	TAA	113
ACON009349-RA	TGA	44
ACON009348-RA	TAA	282
ACON004571-RA	TGA	1000
ACON004570-RA	TGA	791
ACON004573-RB	TGA	990
ACON004573-RA	TGA	990
ACON004572-RA	TAG	790
ACON004575-RA	TGA	47
ACON004574-RA	TAA	423
ACON004577-RA	TGA	158
ACON004576-RA	TGA	346
ACON004579-RA	TAG	380
ACON004578-RA	TAA	300
ACON009253-RA	TGA	243
ACON009252-RA	TAG	269
ACON030655-RA	TGA	16
ACON030654-RA	TAA	326
ACON030653-RA	TAA	264
ACON030651-RA	TAA	5
ACON028191-RA	TAA	64
ACON030659-RA	TAA	2131
ACON029821-RA	TAA	340
ACON028154-RA	TAA	4050
ACON000069-RA	TAA	1050
ACON029640-RA	TAA	790
ACON029641-RA	TGA	520
ACON004140-RA	TAG	990
ACON004141-RA	TGA	283
ACON004142-RA	TAG	690
ACON004143-RA	TGA	1175
ACON004144-RA	TAG	204
ACON004145-RA	TAG	190
ACON004146-RA	TGA	1255
ACON004148-RA	TGA	117
ACON004149-RA	TAG	285
ACON005600-RA	TGA	146
ACON005540-RA	TAA	69
ACON008319-RA	TAA	10
ACON008318-RA	TAG	815
ACON005549-RB	TAG	42
ACON005549-RA	TAG	42
ACON005548-RA	TAA	80
ACON012473-RA	TAG	71
ACON012471-RA	TGA	690
ACON028692-RA	TAA	438
ACON028691-RA	TAA	44
ACON000239-RA	TAA	100
ACON029349-RA	TAA	478
ACON029341-RA	TAA	24
ACON029345-RA	TAG	108
ACON005615-RA	TAA	110
ACON029128-RA	TGA	293
ACON029124-RA	TAG	158
ACON006522-RA	TGA	250
ACON005614-RA	TAA	189
ACON005614-RC	TAA	189
ACON005614-RB	TAA	189
ACON008080-RA	TGA	179
ACON008085-RA	TAA	830
ACON008084-RA	TAG	52
ACON010658-RA	TGA	310
ACON007100-RA	TGA	1085
ACON001056-RA	TAA	440
ACON004559-RA	TGA	1480
ACON004558-RA	TGA	255
ACON004553-RA	TAA	370
ACON004552-RA	TAA	39
ACON004551-RA	TAA	141
ACON004550-RA	TAA	169
ACON004557-RA	TGA	42
ACON004556-RA	TGA	34
ACON004555-RA	TAG	147
ACON004554-RA	TAA	452
ACON010640-RB	TAA	922
ACON010640-RA	TAA	922
ACON010647-RA	TGA	556
ACON010644-RA	TAA	58
ACON010730-RA	TAA	68
ACON029664-RA	TAA	273
ACON010731-RA	TGA	28
ACON013454-RA	TGA	304
ACON002730-RA	TAA	252
ACON008748-RA	TAG	60
ACON008749-RA	TAG	1796
ACON008742-RA	TAA	1938
ACON008746-RA	TGA	633
ACON008747-RA	TAA	157
ACON008745-RA	TAA	8
ACON012498-RA	TAA	185
ACON030752-RA	TAA	1180
ACON030750-RA	TAA	56
ACON030756-RA	TAA	1250
ACON030754-RA	TGA	45
ACON029324-RA	TGA	514
ACON029321-RA	TAG	217
ACON000310-RA	TGA	710
ACON030753-RA	TAA	350
ACON030751-RA	TAA	478
ACON030751-RC	TAA	478
ACON030751-RB	TAA	478
ACON030757-RA	TGA	500
ACON030755-RA	TAA	81
ACON030758-RA	TAA	650
ACON030759-RA	TAA	582
ACON008810-RA	TGA	112
ACON000314-RA	TGA	2249
ACON008811-RA	TGA	1101
ACON008816-RA	TAA	314
ACON008817-RA	TAA	56
ACON005539-RA	TGA	304
ACON000298-RA	TGA	125
ACON000299-RA	TGA	140
ACON004535-RA	TAA	1239
ACON004534-RA	TAG	102
ACON004537-RA	TGA	105
ACON004531-RA	TAA	333
ACON004530-RA	TAG	44
ACON004533-RA	TAA	166
ACON004532-RA	TAA	445
ACON009216-RA	TGA	219
ACON010669-RA	TAA	1400
ACON010661-RA	TAA	54
ACON010662-RA	TAG	1702
ACON010663-RA	TGA	1030
ACON006431-RA	TAA	935
ACON006435-RA	TAG	262
ACON009587-RA	TAA	814
ACON009587-RB	TAA	814
ACON009584-RA	TAA	610
ACON009583-RA	TGA	429
ACON009583-RB	TGA	429
ACON009583-RC	TGA	429
ACON009531-RA	TGA	1534
ACON009589-RB	TAA	1010
ACON009589-RA	TAA	1005
ACON009588-RA	TAG	535
ACON029680-RA	TAA	340
ACON029686-RA	TGA	160
ACON013476-RA	TGA	2930
ACON000179-RA	TAG	197
ACON000179-RB	TAG	197
ACON000179-RC	TAG	197
ACON000178-RA	TAA	420
ACON000177-RA	TAA	271
ACON008768-RA	TAA	954
ACON008769-RA	TAA	170
ACON008764-RA	TAA	827
ACON008765-RA	TGA	28
ACON008766-RA	TAG	290
ACON008767-RA	TAA	490
ACON008760-RA	TGA	53
ACON008761-RA	TAA	430
ACON008762-RB	TAG	1038
ACON008762-RA	TAG	1038
ACON008763-RA	TAG	1346
ACON008763-RB	TAG	1346
ACON005533-RA	TAA	113
ACON004272-RA	TAG	305
ACON004270-RB	TAG	290
ACON004270-RA	TAG	290
ACON002721-RA	TAA	370
ACON002726-RA	TGA	10
ACON002724-RA	TGA	105
ACON002725-RA	TGA	280
ACON002729-RA	TAA	328
ACON028653-RA	TAG	181
ACON029300-RA	TAA	102
ACON030770-RA	TAA	29
ACON030771-RA	TAA	302
ACON030772-RA	TAA	333
ACON003893-RD	TAG	2860
ACON003893-RA	TAG	2860
ACON003893-RB	TGA	602
ACON003893-RC	TAG	2860
ACON003891-RA	TAA	52
ACON003890-RA	TAG	90
ACON003897-RA	TAG	807
ACON003895-RA	TAG	255
ACON003894-RA	TAG	269
ACON003899-RA	TGA	1745
ACON008513-RA	TAG	100
ACON008510-RA	TAA	74
ACON013397-RB	TAA	581
ACON013397-RA	TAG	160
ACON013392-RA	TAA	575
ACON010656-RA	TAA	152
ACON030692-RC	TAA	707
ACON030692-RB	TAA	739
ACON030692-RA	TGA	1319
ACON004517-RA	TAG	278
ACON004516-RA	TAA	171
ACON004515-RA	TAA	437
ACON004514-RA	TAA	98
ACON004513-RA	TAA	235
ACON004510-RA	TAA	1624
ACON004519-RA	TAG	425
ACON004518-RA	TAA	4613
ACON013134-RA	TAA	209
ACON012514-RA	TAA	78
ACON012513-RA	TAA	254
ACON013238-RA	TAA	18
ACON013233-RA	TAA	255
ACON005647-RA	TGA	800
ACON007899-RA	TGA	85
ACON007897-RA	TGA	134
ACON007896-RA	TAA	367
ACON011896-RA	TAA	186
ACON006416-RA	TAG	309
ACON029517-RA	TAA	2971
ACON007097-RA	TGA	97
ACON007096-RA	TGA	215
ACON007095-RA	TAG	382
ACON007094-RA	TAG	325
ACON007093-RA	TAG	1234
ACON007093-RB	TAG	1234
ACON007090-RA	TGA	281
ACON007099-RA	TGA	610
ACON007098-RA	TAG	521
ACON028045-RA	TAA	242
ACON005546-RB	TAG	1890
ACON005546-RA	TAG	1890
ACON008706-RA	TGA	354
ACON008707-RA	TGA	66
ACON008704-RA	TAG	287
ACON008705-RA	TAG	1079
ACON008702-RA	TGA	1198
ACON008700-RA	TAG	1618
ACON008708-RA	TAA	340
ACON009550-RA	TAG	1030
ACON011078-RA	TAA	42
ACON011077-RA	TAA	116
ACON002706-RA	TAA	55
ACON002707-RA	TAA	85
ACON005661-RA	TGA	4107
ACON005661-RC	TGA	4107
ACON005661-RB	TGA	4107
ACON008299-RA	TGA	88
ACON030719-RA	TAA	1086
ACON030716-RA	TGA	47
ACON030717-RA	TGA	1183
ACON030714-RA	TGA	635
ACON030715-RA	TAA	274
ACON030712-RA	TAG	45
ACON030713-RC	TAG	960
ACON030713-RB	TAG	960
ACON030713-RA	TAG	960
ACON030713-RE	TAG	960
ACON030713-RD	TAG	960
ACON030710-RD	TGA	1355
ACON030710-RB	TAG	2190
ACON030710-RC	TGA	1355
ACON030710-RA	TAA	1710
ACON030711-RA	TGA	746
ACON005131-RA	TAA	220
ACON009620-RA	TGA	1017
ACON009621-RA	TAA	1130
ACON009626-RA	TAA	2533
ACON009624-RA	TAA	1461
ACON009625-RA	TAA	1061
ACON029720-RB	TAA	435
ACON029720-RA	TAA	435
ACON009647-RA	TAA	78
ACON013117-RA	TAA	24
ACON013118-RA	TAG	166
ACON004399-RA	TAG	887
ACON004399-RB	TAG	887
ACON004399-RC	TAG	887
ACON004395-RA	TAA	135
ACON004397-RB	TAA	1034
ACON004397-RA	TAA	1034
ACON004396-RA	TAA	1228
ACON004391-RA	TGA	898
ACON004392-RA	TAA	74
ACON004392-RB	TAA	74
ACON005624-RA	TAA	66
ACON005625-RA	TGA	265
ACON005622-RA	TAG	1222
ACON005623-RA	TAA	1158
ACON010629-RA	TAA	2910
ACON013317-RA	TAG	197
ACON028113-RA	TAA	155
ACON007910-RA	TAA	78
ACON007917-RA	TAG	133
ACON010737-RB	TGA	808
ACON010737-RA	TGA	808
ACON005602-RA	TAA	350
ACON005603-RA	TAA	378
ACON006474-RA	TGA	1209
ACON006473-RA	TGA	1245
ACON006478-RA	TGA	5385
ACON005604-RA	TAA	37
ACON010831-RA	TAG	63
ACON008728-RA	TGA	271
ACON008729-RA	TAA	581
ACON008720-RA	TAA	508
ACON008720-RB	TAA	508
ACON008721-RA	TGA	823
ACON008723-RA	TGA	150
ACON008724-RA	TAA	131
ACON008725-RA	TAG	64
ACON008726-RA	TGA	412
ACON008727-RA	TAA	132
ACON008727-RB	TAA	132
ACON012740-RA	TAA	285
ACON006617-RA	TAA	248
ACON006615-RA	TAA	1166
ACON030730-RA	TGA	348
ACON030731-RA	TGA	58
ACON030732-RB	TAA	2593
ACON030732-RA	TAA	2593
ACON030733-RA	TGA	2620
ACON030734-RA	TAA	1775
ACON030734-RB	TAA	1775
ACON030735-RA	TGA	1700
ACON030736-RA	TGA	114
ACON030737-RA	TAA	26
ACON030738-RA	TAG	63
ACON030739-RB	TAG	2379
ACON030739-RA	TAG	2379
ACON008803-RA	TAG	1281
ACON006432-RA	TGA	553
ACON008802-RA	TAA	311
ACON008805-RA	TGA	760
ACON000323-RA	TGA	278
ACON008804-RA	TAA	315
ACON008807-RA	TAA	167
ACON006436-RA	TAA	5570
ACON006436-RB	TAA	5570
ACON006437-RA	TGA	302
ACON006434-RA	TAA	341
ACON009600-RA	TAG	130
ACON009603-RA	TAG	1490
ACON009603-RB	TAG	1490
ACON009608-RA	TGA	830
ACON009608-RB	TGA	830
ACON009609-RA	TAA	2290
ACON029706-RA	TAA	100
ACON004008-RA	TGA	90
ACON004005-RA	TAA	167
ACON004004-RA	TAA	71
ACON004007-RA	TAA	75
ACON004006-RA	TGA	110
ACON004000-RA	TGA	2240
ACON004003-RA	TAG	105
ACON004002-RA	TAA	1675
ACON008232-RA	TAA	630
ACON008233-RA	TAG	33
ACON008236-RA	TAA	41
ACON008237-RA	TGA	458
ACON008234-RA	TAA	25
ACON005608-RA	TAG	592
ACON008238-RA	TGA	340
ACON008239-RA	TGA	587
ACON028052-RA	TGA	105
ACON012558-RA	TAA	205
ACON012559-RA	TAA	200
ACON028421-RA	TGA	142
ACON029557-RA	TAA	236
ACON029553-RA	TGA	72
ACON000448-RA	TAG	194
ACON010818-RA	TGA	168
ACON013542-RA	TAG	109
ACON004210-RA	TAA	321
ACON004211-RA	TGA	1510
ACON004212-RA	TAA	950
ACON004214-RA	TAA	975
ACON011447-RA	TAA	1527
ACON000928-RA	TAG	388
ACON000929-RA	TGA	640
ACON000927-RB	TGA	367
ACON000927-RA	TGA	367
ACON000284-RA	TAG	266
ACON000924-RA	TAA	750
ACON000923-RA	TGA	465
ACON028098-RA	TAA	41
ACON003831-RA	TGA	1672
ACON003831-RB	TGA	1672
ACON003834-RA	TGA	320
ACON003836-RA	TAG	367
ACON003839-RA	TAA	916
ACON010313-RA	TAA	150
ACON005569-RA	TAA	2660
ACON009668-RA	TAA	1055
ACON009666-RA	TAA	550
ACON009664-RB	TGA	3395
ACON009664-RA	TGA	3395
ACON009665-RA	TAG	475
ACON009662-RA	TAG	3360
ACON009662-RB	TAG	3360
ACON009662-RC	TAG	3360
ACON009660-RA	TGA	510
ACON006514-RA	TGA	175
ACON004504-RA	TGA	154
ACON004504-RB	TGA	3505
ACON004507-RA	TAA	1770
ACON005568-RA	TGA	132
ACON004026-RA	TAA	655
ACON004025-RA	TAG	820
ACON004023-RA	TAA	700
ACON004022-RA	TAA	146
ACON004021-RA	TGA	930
ACON004020-RA	TAA	780
ACON004029-RA	TAG	117
ACON000308-RA	TAA	566
ACON000309-RA	TAA	615
ACON000303-RA	TGA	1060
ACON000300-RA	TGA	495
ACON000301-RA	TAG	320
ACON000306-RA	TAA	1920
ACON000307-RB	TAG	1530
ACON000307-RA	TAG	1530
ACON000304-RB	TGA	1200
ACON000304-RA	TGA	1200
ACON000305-RA	TAG	340
ACON008214-RA	TAA	47
ACON008215-RA	TAA	78
ACON008216-RA	TGA	276
ACON008210-RA	TAA	110
ACON008212-RA	TAG	123
ACON008213-RA	TAA	131
ACON004973-RA	TAA	22
ACON002684-RA	TAA	200
ACON028407-RA	TAG	210
ACON029575-RA	TAA	2119
ACON008452-RA	TAG	29
ACON008453-RA	TAA	33
ACON008451-RA	TAA	26
ACON008456-RA	TAA	82
ACON008454-RA	TAA	67
ACON013524-RA	TAA	840
ACON005684-RA	TGA	196
ACON011017-RA	TAA	14
ACON005612-RA	TAG	138
ACON005566-RA	TGA	420
ACON008977-RA	TGA	577
ACON005646-RA	TGA	215
ACON009640-RA	TAA	463
ACON009642-RA	TAA	798
ACON009643-RA	TAG	1780
ACON009644-RA	TAG	158
ACON009645-RA	TAA	986
ACON009646-RA	TGA	1580
ACON009649-RA	TAA	395
ACON005642-RA	TAA	210
ACON009008-RA	TAA	1130
ACON005643-RA	TGA	332
ACON005560-RA	TGA	140
ACON008782-RA	TGA	297
ACON008783-RA	TGA	84
ACON000328-RA	TAA	2330
ACON000329-RA	TAA	1090
ACON000324-RA	TGA	187
ACON000326-RA	TGA	275
ACON000327-RA	TGA	210
ACON000320-RA	TGA	720
ACON000320-RB	TGA	720
ACON000321-RB	TAG	670
ACON000321-RA	TAG	670
ACON000322-RA	TAG	1435
ACON004642-RB	TGA	655
ACON004642-RA	TGA	655
ACON004640-RA	TAA	780
ACON010686-RA	TAG	645
ACON010686-RB	TAG	645
ACON010687-RD	TAA	559
ACON010687-RC	TAA	559
ACON010687-RB	TAA	559
ACON010687-RA	TAA	559
ACON010685-RA	TAG	156
ACON010682-RA	TGA	130
ACON010680-RA	TAA	62
ACON010681-RA	TGA	361
ACON004409-RA	TAA	383
ACON004408-RA	TGA	138
ACON004401-RA	TAA	682
ACON004400-RA	TAA	151
ACON004403-RB	TAA	1360
ACON004403-RA	TAA	1360
ACON004402-RA	TGA	2355
ACON004402-RC	TGA	2355
ACON004402-RB	TGA	2355
ACON004405-RA	TAG	4073
ACON004407-RA	TAA	718
ACON028179-RA	TAA	153
ACON008785-RA	TAA	376
ACON008780-RB	TGA	520
ACON008780-RA	TGA	520
ACON008781-RA	TAA	523
ACON005580-RA	TAG	18
ACON008659-RA	TAA	41
ACON013508-RA	TAA	661
ACON013052-RA	TAG	64
ACON013053-RA	TAA	402
ACON003879-RA	TAA	186
ACON003878-RA	TAA	455
ACON003875-RA	TAA	99
ACON003874-RB	TGA	760
ACON003874-RA	TAA	1255
ACON003877-RA	TAG	638
ACON003876-RA	TAA	527
ACON003871-RA	TGA	1209
ACON003870-RA	TAA	105
ACON003873-RA	TAG	1520
ACON003872-RA	TAG	1280
ACON005662-RA	TAA	194
ACON013059-RA	TAG	470
ACON005660-RA	TAA	87
ACON013331-RA	TAA	131
ACON007101-RA	TAA	140
ACON013338-RA	TAA	267
ACON030688-RA	TAA	117
ACON030684-RA	TAG	170
ACON030685-RA	TAG	232
ACON030686-RB	TAA	210
ACON030686-RA	TAA	210
ACON013507-RA	TAA	61
ACON030680-RA	TAG	380
ACON030680-RB	TAG	380
ACON030681-RA	TAG	82
ACON030682-RA	TGA	618
ACON030683-RA	TAA	396
ACON013199-RA	TAA	583
ACON000346-RA	TAA	402
ACON000347-RA	TAA	995
ACON000344-RA	TAA	400
ACON000345-RA	TGA	190
ACON000342-RA	TGA	182
ACON000343-RA	TAA	954
ACON000340-RA	TAG	496
ACON000341-RA	TAG	437
ACON000348-RA	TAG	1255
ACON000349-RA	TAG	1961
ACON000064-RA	TAA	1609
ACON028046-RA	TAG	235
ACON005594-RA	TAG	107
ACON005595-RA	TAA	3870
ACON005591-RA	TAG	110
ACON005592-RA	TAG	149
ACON005593-RA	TAG	112
ACON004423-RA	TGA	1120
ACON004422-RA	TAA	63
ACON004420-RA	TAA	824
ACON004427-RA	TAG	348
ACON004425-RA	TGA	502
ACON004424-RA	TGA	100
ACON004429-RA	TGA	112
ACON005538-RA	TAA	142
ACON012885-RA	TAA	424
ACON028556-RA	TGA	230
ACON003999-RA	TGA	410
ACON029460-RA	TAA	412
ACON029464-RB	TAG	264
ACON029464-RA	TAG	264
ACON012655-RA	TAA	873
ACON010727-RA	TAA	1304
ACON010723-RA	TGA	92
ACON010722-RA	TAA	194
ACON000935-RA	TAA	276
ACON000934-RA	TAG	429
ACON000931-RA	TAG	491
ACON000930-RB	TAA	3742
ACON000930-RA	TAA	3742
ACON003857-RA	TAG	2070
ACON003856-RA	TGA	428
ACON003853-RA	TAA	1509
ACON003852-RA	TAA	10
ACON003851-RA	TGA	74
ACON000932-RA	TAG	1360
ACON000932-RB	TAG	1360
ACON029074-RA	TAA	796
ACON029077-RA	TAA	520
ACON029073-RA	TAG	290
ACON029079-RA	TAG	250
ACON000360-RA	TGA	958
ACON013719-RA	TAG	295
ACON013711-RA	TAA	61
ACON009578-RA	TGA	959
ACON009579-RA	TAA	1390
ACON009572-RA	TAA	234
ACON009573-RA	TGA	699
ACON009570-RA	TAG	450
ACON009571-RA	TAA	438
ACON009574-RA	TGA	1543
ACON005680-RA	TAG	1272
ACON004621-RA	TAG	70
ACON004192-RB	TAA	1506
ACON004192-RA	TAA	1506
ACON004625-RA	TGA	656
ACON004625-RB	TGA	656
ACON004196-RA	TGA	396
ACON004627-RA	TAA	42
ACON004626-RA	TAA	66
ACON004629-RA	TGA	137
ACON004628-RA	TAA	219
ACON004447-RA	TGA	531
ACON004446-RA	TAG	665
ACON004441-RA	TAG	93
ACON004440-RB	TAG	869
ACON004440-RA	TAG	869
ACON004443-RB	TAG	4814
ACON004443-RA	TAG	4814
ACON004449-RA	TGA	19
ACON004448-RA	TAG	75
ACON005685-RA	TAA	30
ACON029441-RA	TGA	251
ACON029442-RA	TGA	56
ACON013278-RA	TGA	403
ACON004972-RA	TAA	1130
ACON013017-RA	TAA	1900
ACON013015-RA	TGA	143
ACON013019-RA	TGA	98
ACON005644-RA	TAA	640
ACON008198-RA	TAA	989
ACON000325-RB	TAG	130
ACON000325-RA	TAG	130
ACON008195-RA	TAG	693
ACON008194-RA	TAA	87
ACON008193-RA	TAA	418
ACON008191-RA	TAG	1007
ACON008190-RA	TAG	1700
ACON005640-RA	TAG	40
ACON005641-RA	TAG	2560
ACON010708-RA	TAG	142
ACON010707-RA	TAA	43
ACON010706-RB	TAG	540
ACON010706-RA	TAG	540
ACON010705-RA	TAA	137
ACON010703-RA	TAG	48
ACON010702-RA	TGA	38
ACON010700-RA	TAA	1215
ACON028014-RA	TAA	140
ACON029274-RA	TAG	52
ACON029059-RA	TAG	128
ACON013737-RA	TGA	645
ACON009556-RA	TGA	91
ACON004609-RA	TAG	710
ACON004608-RA	TGA	1380
ACON004603-RA	TGA	195
ACON004603-RB	TGA	195
ACON004603-RC	TGA	195
ACON004607-RA	TAA	69
ACON004607-RB	TAA	69
ACON004606-RA	TAA	130
ACON004605-RA	TAG	448
ACON004604-RA	TAA	4870
ACON004469-RA	TAG	149
ACON004468-RA	TAG	54
ACON004467-RA	TAG	104
ACON004466-RA	TAA	325
ACON004465-RA	TAG	75
ACON004464-RA	TAA	100
ACON004463-RA	TAA	60
ACON004462-RA	TAA	115
ACON004461-RA	TGA	820
ACON004460-RA	TAA	67
ACON030689-RB	TAA	965
ACON030689-RA	TAA	965
ACON005693-RA	TAG	200
ACON005809-RA	TAG	362
ACON005806-RA	TAG	395
ACON005802-RA	TAA	198
ACON008384-RA	TGA	340
ACON005801-RA	TAA	58
ACON000522-RA	TAG	195
ACON006380-RA	TGA	252
ACON029422-RA	TGA	53
ACON029420-RA	TAA	142
ACON029421-RA	TGA	295
ACON013254-RA	TAG	159
ACON013252-RA	TGA	85
ACON000295-RA	TAA	604
ACON009648-RA	TGA	165
ACON008173-RA	TGA	81
ACON008174-RA	TAA	81
ACON008177-RA	TAA	214
ACON008176-RA	TAG	135
ACON008179-RA	TAG	32
ACON000296-RA	TAA	41
ACON000297-RA	TAA	1020
ACON000291-RA	TAG	620
ACON000292-RA	TAA	1300
ACON000293-RA	TAA	1589
ACON008561-RA	TGA	32
ACON028077-RA	TAA	175
ACON028073-RA	TAA	548
ACON029213-RA	TAA	300
ACON013512-RA	TGA	374
ACON009536-RA	TAG	484
ACON009537-RC	TAA	781
ACON009537-RB	TAA	781
ACON009537-RA	TAA	781
ACON009534-RA	TAG	632
ACON009535-RA	TAA	496
ACON009532-RA	TAA	67
ACON009533-RA	TAA	480
ACON009538-RA	TAA	2940
ACON009539-RA	TGA	94
ACON001057-RA	TAG	182
ACON004481-RA	TAG	10
ACON004480-RA	TGA	19
ACON004483-RA	TAA	1280
ACON004485-RA	TGA	4795
ACON004484-RA	TAA	377
ACON004487-RB	TAG	210
ACON004487-RA	TAG	210
ACON004486-RA	TAA	1339
ACON004489-RA	TGA	1020
ACON004488-RA	TGA	90
ACON008813-RB	TAG	419
ACON008813-RA	TAG	419
ACON008815-RA	TAG	120
ACON008818-RA	TAA	1038
ACON003976-RB	TAG	1320
ACON003976-RA	TAG	1320
ACON003977-RA	TAG	264
ACON003970-RA	TAG	205
ACON003971-RA	TAG	274
ACON003972-RA	TAA	3038
ACON006501-RA	TAA	68
ACON029409-RA	TGA	322
ACON029403-RA	TAG	2466
ACON029404-RA	TAA	364
ACON029410-RA	TAG	173
ACON000228-RA	TAA	2296
ACON000220-RA	TAG	495
ACON000223-RA	TGA	2750
ACON000222-RA	TAA	1956
ACON000222-RB	TAA	5335
ACON000225-RA	TGA	1062
ACON000226-RA	TAA	257
ACON008153-RA	TAA	232
ACON005596-RA	TAA	57
ACON005597-RA	TAA	22
ACON028056-RA	TAA	147
ACON029235-RA	TAA	360
ACON010738-RA	TAA	152
ACON012969-RA	TGA	28
ACON012964-RA	TGA	2958
ACON029095-RA	TAG	174
ACON009518-RA	TAA	431
ACON009519-RA	TAA	1210
ACON009510-RA	TGA	745
ACON009511-RB	TAA	2674
ACON009511-RA	TAA	2674
ACON009512-RA	TAA	166
ACON009513-RA	TGA	310
ACON009514-RA	TAA	246
ACON009515-RA	TAG	430
ACON013046-RA	TAG	753
ACON012792-RA	TAA	408
ACON004643-RA	TGA	1427
ACON004641-RA	TAA	444
ACON004136-RA	TAA	1087
ACON012428-RA	TGA	251
ACON012429-RA	TAA	560
ACON006860-RA	TAA	27
ACON028558-RA	TAA	88
ACON028552-RA	TAA	357
ACON028557-RA	TAG	36
ACON029398-RA	TGA	1770
ACON006520-RA	TAA	2505
ACON006520-RB	TAA	2505
ACON006521-RA	TAA	209
ACON029178-RA	TAA	7
ACON013218-RA	TAG	265
ACON013218-RB	TAG	265
ACON003997-RC	TGA	8040
ACON003997-RB	TGA	8040
ACON003997-RA	TGA	8040
ACON003994-RA	TAA	165
ACON003995-RA	TAG	147
ACON003993-RA	TAA	200
ACON003990-RA	TAG	142
ACON003991-RA	TGA	148
ACON008139-RA	TGA	91
ACON008135-RA	TAG	82
ACON008134-RA	TAG	305
ACON004588-RA	TAG	94
ACON004580-RA	TAA	18
ACON004582-RA	TAA	70
ACON004583-RA	TAA	189
ACON004584-RA	TAG	380
ACON004585-RA	TGA	325
ACON004586-RA	TGA	261
ACON004587-RA	TAA	344
ACON012451-RA	TGA	125
ACON005588-RA	TAA	248
ACON004369-RA	TAG	4590
ACON004366-RA	TAA	1342
ACON004367-RA	TAG	824
ACON004363-RA	TAG	710
ACON030668-RA	TGA	731
ACON030669-RA	TAG	366
ACON030666-RA	TAG	279
ACON030667-RA	TAG	354
ACON030664-RA	TAA	244
ACON030665-RA	TAG	483
ACON030662-RA	TAA	100
ACON030663-RA	TAA	471
ACON030660-RA	TAA	580
ACON030661-RA	TAG	84
ACON009604-RA	TAA	428
ACON009605-RA	TGA	263
ACON007558-RA	TAA	50
ACON000058-RA	TAG	1320
ACON029792-RA	TGA	235
ACON004118-RA	TGA	143
ACON004113-RA	TAG	49
ACON004112-RA	TGA	3600
ACON004110-RA	TGA	115
ACON004117-RA	TGA	3700
ACON004116-RA	TAA	127
ACON004115-RB	TAA	292
ACON004115-RA	TAA	292
ACON004114-RA	TGA	97
