IU25_00123-mRNA-1	TGA	39
IU25_00122-mRNA-1	TAG	447
IU25_02817-mRNA-1	TAG	768
IU25_05790-mRNA-1	TAA	276
IU25_03190-mRNA-1	TGA	1133
IU25_10653-mRNA-1	TGA	7208
IU25_03311-mRNA-1	TAG	492
IU25_13037-mRNA-1	TAA	373
IU25_01472-mRNA-1	TGA	485
IU25_08201-mRNA-1	TGA	215
IU25_13195-mRNA-1	TAA	73
IU25_02238-mRNA-1	TGA	65
IU25_09694-mRNA-1	TAA	21
IU25_08439-mRNA-1	TAA	118
IU25_01450-mRNA-1	TAA	236
IU25_04092-mRNA-1	TGA	139
IU25_02196-mRNA-1	TAA	509
IU25_13023-mRNA-1	TGA	751
IU25_12494-mRNA-1	TAA	69
IU25_12964-mRNA-1	TGA	87
IU25_09346-mRNA-1	TAA	2487
IU25_13314-mRNA-1	TGA	42
IU25_10986-mRNA-1	TAA	55
IU25_00579-mRNA-1	TAA	530
IU25_13391-mRNA-1	TAA	15
IU25_08011-mRNA-1	TGA	4110
IU25_03241-mRNA-1	TGA	2209
IU25_03588-mRNA-1	TGA	1728
IU25_08785-mRNA-1	TGA	188
IU25_07778-mRNA-1	TAA	1025
IU25_03266-mRNA-1	TAA	541
IU25_03916-mRNA-1	TAA	224
IU25_03706-mRNA-1	TGA	104
IU25_02566-mRNA-1	TAA	208
IU25_10078-mRNA-1	TGA	73
IU25_13376-mRNA-1	TGA	30
IU25_04018-mRNA-1	TGA	302
IU25_03098-mRNA-1	TGA	2613
IU25_11237-mRNA-1	TAG	234
IU25_11233-mRNA-1	TGA	109
IU25_12981-mRNA-1	TAG	185
IU25_02902-mRNA-1	TGA	494
IU25_08675-mRNA-1	TAA	238
IU25_03951-mRNA-1	TAA	50
IU25_12515-mRNA-1	TAA	50
IU25_04195-mRNA-1	TGA	3799
IU25_09890-mRNA-1	TGA	49
IU25_13459-mRNA-1	TGA	153
IU25_04314-mRNA-1	TAA	749
IU25_01897-mRNA-1	TAG	3067
IU25_11355-mRNA-1	TAA	12653
IU25_13424-mRNA-1	TGA	98
IU25_01991-mRNA-1	TAG	3554
IU25_13298-mRNA-1	TAG	305
IU25_13293-mRNA-1	TAA	307
IU25_08920-mRNA-1	TAA	535
IU25_08901-mRNA-1	TGA	7
IU25_06682-mRNA-1	TGA	66
IU25_12470-mRNA-1	TGA	38
IU25_08963-mRNA-1	TAG	597
IU25_13258-mRNA-1	TAA	186
IU25_13252-mRNA-1	TGA	173
IU25_07978-mRNA-1	TAG	268
IU25_13255-mRNA-1	TGA	252
IU25_13435-mRNA-1	TAA	129
IU25_12771-mRNA-1	TGA	2531
IU25_12416-mRNA-1	TAA	24
IU25_05662-mRNA-1	TAA	3217
IU25_10398-mRNA-1	TAG	182
IU25_07641-mRNA-1	TAA	1179
IU25_11848-mRNA-1	TAA	837
IU25_02118-mRNA-1	TAA	1744
IU25_09690-mRNA-1	TGA	64
IU25_05809-mRNA-1	TAA	435
IU25_00240-mRNA-1	TGA	769
IU25_07244-mRNA-1	TGA	1038
IU25_13044-mRNA-1	TGA	448
IU25_13042-mRNA-1	TGA	15
IU25_12233-mRNA-1	TAA	148
IU25_13061-mRNA-1	TGA	17
IU25_13311-mRNA-1	TGA	119
IU25_09265-mRNA-1	TGA	1594
IU25_03004-mRNA-1	TAG	1304
IU25_09512-mRNA-1	TAA	651
IU25_13308-mRNA-1	TAA	102
IU25_00563-mRNA-1	TGA	154
IU25_11260-mRNA-1	TAG	153
IU25_07103-mRNA-1	TAA	241
IU25_07554-mRNA-1	TAG	969
IU25_11252-mRNA-1	TGA	639
IU25_09556-mRNA-1	TAA	1147
IU25_07351-mRNA-1	TGA	105
IU25_04001-mRNA-1	TAA	1915
IU25_12759-mRNA-1	TAA	402
IU25_08521-mRNA-1	TGA	150
IU25_13016-mRNA-1	TAA	692
IU25_05984-mRNA-1	TGA	2052
IU25_11934-mRNA-1	TGA	41
IU25_13102-mRNA-1	TAA	109
IU25_13272-mRNA-1	TGA	114
IU25_11428-mRNA-1	TAA	198
IU25_10125-mRNA-1	TGA	750
IU25_10122-mRNA-1	TGA	109
IU25_03963-mRNA-1	TAA	778
IU25_01152-mRNA-1	TAA	75
IU25_03343-mRNA-1	TAA	253
IU25_06871-mRNA-1	TGA	9
IU25_00074-mRNA-1	TAA	841
IU25_06022-mRNA-1	TGA	63
IU25_07516-mRNA-1	TAA	972
IU25_12174-mRNA-1	TGA	774
IU25_04406-mRNA-1	TAA	2
IU25_13444-mRNA-1	TGA	206
IU25_08330-mRNA-1	TAA	543
IU25_08338-mRNA-1	TGA	150
IU25_10360-mRNA-1	TGA	68
IU25_00685-mRNA-1	TAA	464
IU25_03306-mRNA-1	TGA	553
IU25_00981-mRNA-1	TAG	2129
IU25_03539-mRNA-1	TAA	1442
IU25_13265-mRNA-1	TGA	184
IU25_09742-mRNA-1	TGA	264
IU25_00952-mRNA-1	TAA	904
IU25_02180-mRNA-1	TAG	1275
IU25_03052-mRNA-1	TAG	572
IU25_03800-mRNA-1	TAA	739
IU25_13421-mRNA-1	TGA	20
IU25_03475-mRNA-1	TGA	402
IU25_06504-mRNA-1	TGA	498
IU25_09945-mRNA-1	TGA	1246
IU25_02410-mRNA-1	TAA	891
IU25_12979-mRNA-1	TGA	48
IU25_13208-mRNA-1	TAG	160
IU25_12121-mRNA-1	TGA	56
IU25_11203-mRNA-1	TAA	323
IU25_01125-mRNA-1	TGA	15
IU25_13488-mRNA-1	TGA	28
IU25_13239-mRNA-1	TGA	51
IU25_13134-mRNA-1	TAA	56
IU25_00080-mRNA-1	TGA	119
