ADAC009768-RA	TAG	64
ADAC009671-RA	TAA	1034
ADAC009673-RA	TAA	240
ADAC009677-RA	TAA	446
ADAC009706-RA	TAG	586
ADAC009384-RA	TAA	177
ADAC011191-RA	TAA	58
ADAC009240-RA	TGA	277
ADAC009745-RA	TAA	5
ADAC009743-RA	TAG	295
ADAC002273-RA	TAA	22
ADAC009314-RA	TAA	9
ADAC008775-RA	TAA	385
ADAC004818-RA	TAG	111
ADAC004819-RA	TAA	104
ADAC004812-RA	TAG	62
ADAC004813-RA	TGA	133
ADAC004811-RA	TAA	8
ADAC004816-RA	TAA	240
ADAC004817-RA	TAG	130
ADAC004814-RA	TAG	619
ADAC004815-RA	TAA	130
ADAC008770-RA	TAG	149
ADAC009002-RA	TAA	68
ADAC009424-RA	TAG	208
ADAC009426-RA	TGA	28
ADAC009427-RA	TGA	77
ADAC009422-RA	TAG	23
ADAC009423-RA	TAA	57
ADAC009281-RA	TAG	934
ADAC005075-RA	TAA	367
ADAC005074-RA	TGA	390
ADAC005073-RA	TAA	365
ADAC005072-RA	TGA	570
ADAC007471-RA	TAA	74
ADAC001357-RB	TAA	7
ADAC008931-RA	TGA	110
ADAC008936-RA	TAA	97
ADAC008754-RA	TAG	98
ADAC008756-RA	TAA	30
ADAC009406-RA	TGA	714
ADAC009405-RA	TAA	203
ADAC009986-RA	TAG	1480
ADAC009981-RA	TAA	141
ADAC005090-RA	TAA	178
ADAC008911-RA	TAA	520
ADAC008915-RA	TAA	142
ADAC011119-RA	TAG	32
ADAC003831-RA	TAA	22
ADAC008774-RA	TAA	116
ADAC008773-RA	TAA	64
ADAC009791-RA	TGA	587
ADAC008210-RA	TAA	105
ADAC008214-RA	TGA	198
ADAC008215-RA	TGA	149
ADAC009430-RA	TGA	97
ADAC009437-RA	TAA	720
ADAC011195-RA	TGA	45
ADAC011197-RA	TAG	30
ADAC011196-RA	TAA	54
ADAC004795-RA	TAA	330
ADAC004797-RA	TGA	90
ADAC004796-RA	TAG	990
ADAC004793-RA	TGA	114
ADAC011130-RA	TGA	75
ADAC011136-RA	TAA	34
ADAC001946-RA	TAA	360
ADAC100464-RA	TAG	2143
ADAC007454-RA	TAA	17
ADAC009329-RA	TGA	410
ADAC011159-RA	TAG	20
ADAC011158-RA	TAA	730
ADAC011155-RA	TGA	290
ADAC011157-RA	TAG	1030
ADAC011156-RA	TAG	398
ADAC011153-RA	TAG	15
ADAC009081-RA	TAA	47
ADAC100480-RA	TAG	190
ADAC009121-RA	TAA	67
ADAC009120-RA	TAA	35
ADAC009123-RA	TAA	144
ADAC009122-RA	TAG	9
ADAC009696-RA	TAA	440
ADAC009694-RA	TGA	26
ADAC006456-RA	TAG	265
ADAC009331-RA	TAG	32
ADAC011175-RA	TGA	288
ADAC011174-RA	TAA	1016
ADAC011173-RA	TAA	267
ADAC011170-RA	TAG	135
ADAC001948-RA	TAA	13
ADAC008851-RA	TAG	13
ADAC008854-RA	TAG	138
ADAC009106-RA	TGA	1657
ADAC009104-RA	TAA	264
ADAC009102-RA	TGA	452
ADAC009100-RA	TGA	700
ADAC009108-RA	TGA	1258
ADAC009874-RA	TAA	149
ADAC100526-RA	TAA	593
ADAC009718-RA	TAG	243
ADAC009719-RA	TAA	928
ADAC009832-RA	TAG	158
ADAC009381-RA	TAG	412
ADAC009382-RA	TAA	1460
ADAC100509-RA	TAG	147
ADAC007593-RA	TAA	986
ADAC007623-RA	TAG	100
ADAC000487-RA	TGA	43
ADAC000489-RA	TAG	138
ADAC005442-RA	TGA	206
ADAC009731-RA	TAA	619
ADAC009738-RA	TAG	20
ADAC007368-RA	TGA	1
ADAC011096-RA	TGA	6
ADAC011097-RA	TAG	20
ADAC009850-RA	TAG	28
ADAC009852-RA	TGA	1140
ADAC100561-RA	TGA	27
ADAC100560-RA	TAG	84
ADAC009970-RA	TGA	958
ADAC009977-RA	TAA	475
ADAC002191-RA	TAG	128
ADAC008830-RA	TAG	100
ADAC008832-RA	TGA	110
ADAC008166-RA	TGA	377
ADAC008164-RA	TGA	358
ADAC008838-RA	TGA	388
ADAC100549-RA	TAG	451
ADAC100548-RA	TAA	449
ADAC100547-RA	TAA	640
ADAC100545-RB	TAA	554
ADAC100545-RA	TAA	554
ADAC100543-RA	TGA	170
ADAC100542-RA	TGA	1567
ADAC100541-RA	TGA	836
ADAC100540-RA	TGA	183
ADAC009955-RA	TGA	115
ADAC009956-RA	TAG	490
ADAC009953-RA	TAG	830
ADAC009320-RA	TAA	363
ADAC009963-RA	TAG	237
ADAC008160-RA	TAG	384
ADAC009892-RA	TAG	71
ADAC009095-RA	TAA	408
ADAC009094-RA	TAA	65
ADAC009096-RA	TGA	900
ADAC009092-RA	TGA	143
ADAC005426-RA	TAG	368
ADAC005428-RA	TAG	150
ADAC009668-RA	TAG	1020
ADAC000981-RA	TGA	925
ADAC009666-RA	TGA	2949
ADAC009666-RB	TAG	2941
ADAC009666-RC	TGA	2949
ADAC009666-RD	TGA	2949
ADAC002173-RA	TAG	55
ADAC011188-RA	TAA	3796
ADAC011181-RA	TGA	815
ADAC011186-RA	TAA	5
ADAC011187-RA	TAG	140
ADAC011185-RA	TAA	1261
ADAC009279-RA	TAG	1086
ADAC007062-RA	TAA	14
ADAC010639-RA	TGA	87
ADAC010638-RA	TGA	23
ADAC002117-RA	TAA	493
ADAC000052-RA	TAG	1002
ADAC005562-RA	TAA	68
ADAC009078-RA	TGA	237
ADAC009256-RA	TGA	640
ADAC009251-RA	TGA	1340
ADAC009082-RA	TGA	2080
ADAC009083-RA	TAA	69
ADAC000674-RA	TGA	83
ADAC004809-RA	TAA	303
ADAC004808-RA	TGA	270
ADAC004801-RA	TAG	470
ADAC004800-RA	TAG	345
ADAC004803-RA	TAG	147
ADAC004807-RB	TGA	94
ADAC004807-RA	TGA	94
ADAC004806-RA	TAA	741
ADAC001932-RA	TAA	955
ADAC006455-RA	TGA	849
ADAC005069-RA	TGA	530
ADAC005062-RA	TAA	890
ADAC005064-RA	TGA	362
ADAC005066-RA	TAG	71
ADAC004823-RA	TGA	211
ADAC004822-RA	TAG	547
ADAC004821-RA	TGA	97
ADAC004820-RA	TGA	36
ADAC004827-RA	TGA	112
ADAC004826-RA	TGA	58
ADAC004825-RA	TAG	34
ADAC004824-RA	TGA	128
ADAC004828-RA	TGA	107
ADAC008772-RA	TAG	230
ADAC008925-RA	TAA	510
ADAC009299-RA	TAG	22
ADAC009294-RA	TGA	15
ADAC009994-RA	TAA	987
ADAC005882-RA	TAG	650
ADAC005886-RA	TGA	2260
ADAC005083-RA	TGA	700
ADAC005080-RA	TAA	140
ADAC005086-RA	TAG	610
ADAC005085-RA	TGA	520
ADAC005089-RA	TGA	280
ADAC011106-RA	TAG	5
ADAC011108-RA	TAA	115
ADAC011109-RA	TAG	103
ADAC008762-RA	TAG	1290
ADAC008763-RA	TAG	87
ADAC008764-RA	TAG	802
ADAC008767-RA	TAG	1300
ADAC000593-RA	TAG	35
ADAC009419-RA	TAG	341
ADAC009416-RA	TAA	98
ADAC009316-RA	TAA	742
ADAC009317-RA	TAA	1684
ADAC009315-RA	TAG	2214
ADAC009311-RA	TAG	135
ADAC009232-RA	TAG	1384
ADAC004786-RA	TGA	1080
ADAC004789-RA	TAG	454
ADAC011127-RA	TAG	45
ADAC011120-RA	TGA	20
ADAC011123-RA	TAA	8
ADAC008782-RA	TAG	190
ADAC008784-RA	TGA	121
ADAC008788-RA	TGA	127
ADAC100455-RA	TGA	45
ADAC100457-RA	TAA	314
ADAC100453-RA	TAA	31
ADAC100459-RA	TAA	12
ADAC100458-RA	TGA	96
ADAC008206-RA	TAA	375
ADAC001136-RA	TGA	47
ADAC009843-RA	TAA	532
ADAC008941-RA	TAA	394
ADAC008942-RA	TAG	177
ADAC011149-RA	TGA	79
ADAC011147-RA	TGA	1337
ADAC011144-RA	TAA	21
ADAC011145-RA	TGA	83
ADAC011142-RA	TAG	85
ADAC011140-RA	TGA	15
ADAC000435-RA	TGA	1020
ADAC001936-RA	TGA	441
ADAC100479-RA	TAA	7
ADAC100472-RA	TAA	1401
ADAC002453-RA	TAA	275
ADAC009682-RA	TAA	11
ADAC009868-RA	TGA	231
ADAC009689-RA	TAG	2182
ADAC011160-RA	TGA	26
ADAC011161-RA	TAG	193
ADAC011167-RA	TAA	59
ADAC000455-RA	TAA	44
ADAC009473-RA	TAA	16
ADAC001915-RA	TAA	590
ADAC001918-RA	TGA	131
ADAC100495-RA	TAA	12
ADAC009115-RA	TGA	649
ADAC009118-RA	TAG	204
ADAC010008-RA	TAA	108
ADAC010004-RA	TGA	503
ADAC100536-RA	TGA	38
ADAC000470-RA	TAA	78
ADAC009396-RA	TGA	250
ADAC009825-RA	TGA	36
ADAC100519-RA	TGA	110
ADAC100514-RA	TAA	153
ADAC100514-RB	TAA	27
ADAC100514-RC	TAA	114
ADAC100516-RA	TAA	218
ADAC007617-RA	TAG	208
ADAC000492-RA	TAA	270
ADAC009705-RA	TAA	205
ADAC009964-RA	TGA	24
ADAC005920-RA	TGA	60
ADAC010046-RA	TAA	61
ADAC010047-RA	TAA	8
ADAC002275-RA	TAG	25
ADAC002277-RA	TAA	59
ADAC009725-RA	TAA	1300
ADAC010450-RA	TGA	368
ADAC002322-RA	TAA	20
ADAC009400-RA	TGA	880
ADAC009401-RA	TAA	760
ADAC002182-RA	TAA	81
ADAC002188-RA	TAA	199
ADAC008110-RA	TGA	29
ADAC007605-RA	TGA	721
ADAC100558-RA	TGA	190
ADAC100559-RA	TAG	189
ADAC100550-RA	TAG	434
ADAC100550-RB	TAA	1759
ADAC100551-RA	TAG	1931
ADAC100555-RA	TAA	99
ADAC100556-RA	TAA	131
ADAC100557-RA	TAA	76
ADAC000106-RA	TAA	1200
ADAC008827-RA	TAG	492
ADAC008829-RA	TAG	80
ADAC008173-RA	TAG	100
ADAC009883-RA	TAA	71
ADAC002747-RA	TAG	439
ADAC008768-RA	TAA	310
ADAC008153-RA	TAA	1350
ADAC005437-RA	TAA	135
ADAC005430-RA	TGA	185
ADAC005438-RA	TAG	739
ADAC009762-RA	TAA	170
ADAC005598-RA	TGA	284
