AEPI005594-RA	TGA	64
AEPI005595-RA	TAA	60
AEPI007739-RA	TGA	469
AEPI007730-RA	TAA	77
AEPI003439-RA	TAA	406
AEPI003345-RA	TAG	55
AEPI010592-RA	TAG	3
AEPI010591-RA	TAG	189
AEPI000858-RA	TAA	991
AEPI000859-RA	TAA	656
AEPI000852-RA	TAA	599
AEPI009124-RA	TAA	47
AEPI009127-RA	TAA	84
AEPI001103-RA	TAA	444
AEPI006039-RA	TAA	24
AEPI009697-RA	TGA	193
AEPI009691-RA	TAA	96
AEPI003432-RA	TAA	259
AEPI003435-RA	TAA	358
AEPI006102-RA	TAA	843
AEPI006103-RA	TGA	135
AEPI006454-RA	TAA	1210
AEPI007164-RA	TAG	66
AEPI005902-RA	TGA	12
AEPI015465-RA	TAG	6
AEPI015464-RA	TAG	33
AEPI015467-RA	TGA	286
AEPI015461-RA	TAG	371
AEPI015460-RA	TAG	88
AEPI015463-RB	TAG	40
AEPI015463-RA	TGA	108
AEPI015462-RA	TAA	1709
AEPI015469-RA	TAA	29
AEPI008059-RA	TGA	231
AEPI008053-RA	TAA	267
AEPI005011-RA	TGA	2058
AEPI005014-RA	TGA	49
AEPI001860-RA	TAG	56
AEPI008429-RA	TAA	197
AEPI000991-RA	TAA	87
AEPI000997-RA	TAG	77
AEPI000444-RA	TGA	1199
AEPI002107-RA	TAA	101
AEPI001718-RA	TAG	57
AEPI004620-RA	TAA	627
AEPI005576-RA	TGA	1302
AEPI003417-RA	TAA	48
AEPI008719-RA	TAA	97
AEPI000296-RA	TAG	18
AEPI000297-RA	TAA	46
AEPI009242-RA	TGA	294
AEPI009261-RA	TAA	44
AEPI002909-RA	TAA	52
AEPI001472-RA	TAA	280
AEPI001583-RA	TAA	179
AEPI006432-RA	TAG	399
AEPI006121-RA	TAA	93
AEPI006123-RA	TAA	270
AEPI006439-RA	TAA	1770
AEPI002730-RA	TAG	4
AEPI009554-RA	TAA	96
AEPI009555-RA	TAA	56
AEPI003061-RA	TGA	330
AEPI005963-RA	TAA	969
AEPI001457-RA	TAA	37
AEPI004382-RA	TAA	433
AEPI004385-RA	TAA	988
AEPI000453-RA	TGA	4
AEPI000451-RA	TAG	84
AEPI005384-RA	TAA	98
AEPI010126-RA	TAA	129
AEPI008445-RA	TAA	560
AEPI000468-RA	TAA	44
AEPI000466-RA	TAA	23
AEPI000463-RA	TAA	101
AEPI001809-RA	TAA	50
AEPI002382-RA	TGA	100
AEPI008121-RA	TAG	101
AEPI007775-RA	TAA	12
AEPI003381-RA	TGA	78
AEPI003473-RA	TAA	268
AEPI010661-RA	TAA	58
AEPI006419-RA	TAG	1518
AEPI006149-RA	TGA	300
AEPI006411-RA	TAA	1010
AEPI006412-RA	TAA	58
AEPI006413-RA	TGA	268
AEPI006414-RA	TAA	242
AEPI006415-RB	TAA	39
AEPI006415-RA	TAA	991
AEPI006417-RA	TAG	1192
AEPI010780-RA	TAA	81
AEPI009523-RA	TGA	75
AEPI010367-RA	TGA	57
AEPI008012-RA	TAA	99
AEPI005057-RA	TAG	72
AEPI005050-RA	TAG	363
AEPI005058-RA	TAA	80
AEPI015312-RA	TAA	560
AEPI015311-RA	TAG	55
AEPI015316-RA	TAA	516
AEPI006621-RA	TAG	120
AEPI000481-RA	TAA	40
AEPI000482-RA	TAA	623
AEPI006083-RA	TAG	15
AEPI006087-RA	TAA	35
AEPI006086-RA	TAA	1493
AEPI006084-RA	TAA	224
AEPI001752-RA	TAG	29
AEPI002215-RA	TAA	321
AEPI007029-RA	TAA	83
AEPI008483-RA	TGA	18
AEPI010860-RA	TAG	393
AEPI002312-RA	TGA	29
AEPI004228-RA	TAG	805
AEPI004223-RA	TAG	89
AEPI004222-RA	TGA	33
AEPI009285-RA	TGA	176
AEPI009282-RA	TAA	447
AEPI014140-RA	TAA	334
AEPI010688-RA	TGA	165
AEPI000348-RA	TAA	104
AEPI006160-RA	TAA	178
AEPI006161-RA	TGA	210
AEPI006162-RA	TAA	112
AEPI006166-RA	TAA	81
AEPI004362-RA	TGA	235
AEPI004363-RA	TGA	53
AEPI008734-RA	TAA	88
AEPI010397-RA	TAA	110
AEPI004365-RA	TAA	97
AEPI007127-RA	TAA	1018
AEPI003023-RA	TAA	64
AEPI003020-RA	TAG	96
AEPI003028-RA	TAA	18
AEPI008032-RA	TAG	560
AEPI004607-RA	TGA	140
AEPI010101-RA	TGA	655
AEPI010100-RA	TAG	105
AEPI015489-RA	TAA	69
AEPI015482-RB	TAA	171
AEPI015482-RA	TAA	171
AEPI015481-RA	TGA	120
AEPI015487-RA	TAA	229
AEPI015486-RA	TAG	1880
AEPI015371-RA	TAG	70
AEPI015370-RA	TAA	248
AEPI015372-RA	TAA	2437
AEPI015378-RA	TAG	53
AEPI001519-RA	TAA	48
AEPI009754-RA	TAA	50
AEPI002240-RA	TAG	52
AEPI001775-RA	TGA	11
AEPI002699-RA	TAG	48
AEPI002525-RA	TGA	120
AEPI002279-RA	TGA	15
AEPI010848-RA	TAA	395
AEPI005998-RA	TAA	187
AEPI005999-RA	TAG	87
AEPI002988-RA	TAA	127
AEPI002982-RA	TAG	91
AEPI006787-RA	TAA	814
AEPI014432-RA	TGA	185
AEPI001189-RA	TAA	57
AEPI008347-RA	TGA	525
AEPI014338-RA	TGA	360
AEPI003291-RA	TGA	165
AEPI010633-RA	TGA	206
AEPI010636-RA	TGA	123
AEPI001173-RA	TAA	1
AEPI009542-RA	TAG	187
AEPI002207-RA	TGA	7
AEPI015255-RA	TGA	106
AEPI005898-RA	TAG	90
AEPI005094-RA	TGA	94
AEPI015358-RA	TGA	110
AEPI015354-RA	TAG	580
AEPI015353-RA	TAG	98
AEPI015352-RA	TGA	93
AEPI001576-RA	TGA	88
AEPI001577-RA	TAG	950
AEPI001574-RA	TAA	1120
AEPI001572-RA	TAA	56
AEPI008570-RA	TGA	98
AEPI003430-RA	TAA	79
AEPI004266-RA	TGA	85
AEPI011114-RA	TAA	56
AEPI010538-RA	TGA	56
AEPI002332-RA	TGA	256
AEPI000234-RA	TAG	696
AEPI002542-RA	TAA	924
AEPI000233-RA	TAA	25
AEPI002045-RA	TGA	67
AEPI009095-RA	TAG	321
AEPI010047-RA	TAG	42
AEPI003793-RA	TGA	293
AEPI007475-RA	TAA	63
AEPI005307-RA	TAG	1845
AEPI000176-RA	TGA	50
AEPI000793-RA	TAG	156
AEPI000794-RA	TGA	108
AEPI000796-RA	TAA	78
AEPI014390-RA	TGA	1198
AEPI015522-RA	TAA	73
AEPI015061-RA	TAA	21
AEPI003242-RA	TAA	6
AEPI007043-RA	TAG	26
AEPI007047-RA	TAA	239
AEPI003211-RA	TAA	100
AEPI015446-RA	TAA	316
AEPI001957-RA	TAG	94
AEPI005116-RA	TGA	97
AEPI005113-RA	TGA	122
AEPI015252-RA	TAA	571
AEPI015253-RA	TAA	195
AEPI015250-RA	TGA	9
AEPI015251-RA	TAG	116
AEPI000898-RA	TAA	65
AEPI000326-RA	TAG	30
AEPI002641-RA	TGA	59
AEPI006490-RA	TAG	58
AEPI006491-RA	TAA	1497
AEPI006493-RA	TAA	1618
AEPI001053-RA	TGA	72
AEPI001052-RA	TAA	112
AEPI007104-RA	TAA	48
AEPI002797-RD	TGA	787
AEPI002797-RE	TGA	208
AEPI002797-RA	TAA	331
AEPI002797-RB	TAG	454
AEPI002797-RC	TGA	170
AEPI002529-RA	TAA	96
AEPI008858-RA	TAA	186
AEPI003777-RA	TAA	446
AEPI008891-RA	TGA	52
AEPI009707-RA	TAA	44
AEPI015136-RA	TAA	102
AEPI010880-RA	TGA	101
AEPI009709-RA	TAA	108
AEPI015393-RA	TAA	307
AEPI015392-RA	TAA	19
AEPI015397-RA	TGA	116
AEPI015396-RA	TAA	168
AEPI015394-RA	TAA	106
AEPI009708-RA	TGA	61
AEPI010063-RA	TAA	39
AEPI005326-RA	TAA	394
AEPI010769-RA	TAG	237
AEPI006263-RA	TGA	6
AEPI006260-RA	TAA	93
AEPI004721-RA	TGA	77
AEPI003182-RA	TAA	101
AEPI002580-RA	TAG	25
AEPI002586-RA	TAG	342
AEPI004107-RA	TAG	36
AEPI005174-RA	TAG	110
AEPI000524-RA	TAG	113
AEPI000522-RA	TAG	49
AEPI010576-RA	TAG	188
AEPI015451-RA	TGA	371
AEPI015452-RA	TGA	530
AEPI015453-RA	TGA	66
AEPI015456-RA	TAA	88
AEPI001928-RA	TAG	70
AEPI001921-RA	TGA	129
AEPI009052-RA	TGA	49
AEPI002009-RA	TAG	464
AEPI001075-RA	TAA	4
AEPI010642-RA	TAG	534
AEPI001078-RA	TAA	167
AEPI009580-RA	TAG	185
AEPI006615-RA	TAG	101
AEPI007435-RA	TAA	310
AEPI007431-RA	TGA	79
AEPI007438-RA	TAA	103
AEPI003534-RA	TAG	80
AEPI009875-RA	TGA	125
AEPI015511-RA	TGA	2062
AEPI015510-RA	TAG	2413
AEPI015513-RA	TAG	26
AEPI015512-RA	TGA	718
AEPI015515-RA	TAA	14
AEPI015517-RA	TGA	68
AEPI006069-RA	TAA	98
AEPI006068-RA	TAG	673
AEPI006061-RA	TAA	176
AEPI004754-RA	TGA	134
AEPI011172-RA	TAG	12
AEPI004065-RA	TGA	76
AEPI005481-RA	TAA	66
AEPI002563-RA	TGA	95
AEPI002565-RA	TGA	104
AEPI004286-RA	TGA	59
AEPI005152-RA	TGA	52
AEPI006124-RA	TAG	489
AEPI006124-RB	TAG	489
AEPI000056-RA	TGA	15
AEPI015216-RA	TAA	130
AEPI004531-RA	TAA	87
AEPI014039-RA	TGA	740
AEPI004534-RA	TAA	23
AEPI001671-RA	TAG	26
AEPI010950-RA	TAA	104
AEPI001012-RA	TAA	94
AEPI001018-RA	TAA	78
AEPI007416-RA	TGA	1
AEPI007146-RA	TGA	12
AEPI010909-RA	TAA	101
AEPI004899-RA	TAG	41
AEPI010907-RA	TAG	93
AEPI005367-RA	TAA	13
AEPI011234-RA	TGA	77
AEPI011237-RA	TGA	155
AEPI011237-RB	TGA	155
AEPI015533-RA	TAG	197
AEPI015532-RA	TGA	50
AEPI015531-RA	TAA	49
AEPI015530-RA	TGA	9
AEPI015537-RA	TGA	576
AEPI015536-RA	TAA	61
AEPI015534-RA	TAA	30
AEPI015539-RA	TGA	127
AEPI015538-RA	TAG	5
AEPI001243-RA	TAA	296
AEPI000269-RA	TAA	497
AEPI000261-RA	TGA	86
AEPI000267-RA	TGA	227
AEPI003647-RA	TGA	6
AEPI007064-RA	TAA	40
AEPI007609-RA	TAA	96
AEPI004801-RA	TAA	823
AEPI000077-RA	TAA	321
AEPI000070-RA	TAA	233
AEPI010468-RA	TGA	133
AEPI010467-RA	TAA	270
AEPI010464-RA	TAG	85
AEPI001650-RA	TAG	101
AEPI008751-RA	TAG	164
AEPI000897-RA	TGA	53
AEPI000893-RA	TAA	455
AEPI006380-RA	TAA	46
AEPI006382-RA	TAA	1241
AEPI006383-RA	TGA	569
AEPI007385-RA	TGA	103
AEPI003716-RA	TGA	102
AEPI007165-RA	TAA	175
AEPI004127-RA	TGA	88
AEPI004125-RA	TAG	71
AEPI004122-RA	TAA	52
AEPI009382-RA	TGA	238
AEPI005830-RA	TAG	59
AEPI011036-RA	TAA	104
AEPI009830-RA	TAG	93
AEPI010076-RA	TAG	69
AEPI008125-RA	TAA	2035
AEPI000196-RA	TAA	93
AEPI008261-RA	TGA	21
AEPI000194-RA	TAG	6
AEPI006711-RA	TAA	96
AEPI006715-RA	TAG	45
AEPI009602-RA	TAG	11
AEPI006974-RA	TGA	41
AEPI006970-RA	TAA	101
AEPI002933-RA	TGA	67
AEPI004116-RA	TAA	393
AEPI004713-RA	TAG	60
AEPI005446-RA	TGA	5
AEPI015034-RA	TAA	9
AEPI015032-RA	TAA	14
AEPI015033-RA	TAA	23
AEPI004823-RA	TAA	475
AEPI004827-RA	TGA	116
AEPI000013-RA	TAA	17
AEPI015447-RA	TGA	183
AEPI005863-RA	TAA	3
AEPI015015-RA	TAG	8
AEPI015442-RB	TAA	4506
AEPI015442-RA	TAA	4506
AEPI015440-RA	TGA	616
AEPI010443-RA	TAA	80
AEPI001631-RA	TGA	135
AEPI000908-RA	TAA	26
AEPI000907-RA	TAG	227
AEPI009037-RA	TAA	159
AEPI006609-RA	TAG	57
AEPI003908-RA	TAG	29
AEPI003901-RA	TAA	101
AEPI003900-RA	TAA	137
AEPI006360-RA	TAA	12
AEPI006503-RA	TGA	1780
AEPI002467-RA	TAG	88
AEPI010995-RA	TGA	217
AEPI003598-RA	TGA	90
AEPI010993-RA	TAG	604
AEPI015285-RA	TAG	1308
AEPI005859-RA	TAG	44
AEPI007069-RA	TAA	268
AEPI011018-RA	TAA	75
AEPI002880-RA	TAA	596
AEPI002888-RA	TAA	167
AEPI008108-RA	TGA	270
AEPI008100-RA	TAA	164
AEPI010279-RA	TAA	112
AEPI010277-RA	TAA	1060
AEPI008249-RA	TGA	94
AEPI008247-RA	TAG	635
AEPI000731-RA	TAA	93
AEPI000730-RA	TAG	167
AEPI000735-RA	TAA	59
AEPI006772-RA	TAG	58
AEPI006190-RA	TAG	8
AEPI006194-RA	TAA	84
AEPI005467-RA	TGA	96
AEPI000693-RA	TGA	176
AEPI015014-RA	TAA	20
AEPI004841-RA	TAA	52
AEPI004843-RA	TAA	246
AEPI000036-RA	TAA	166
AEPI008667-RA	TGA	87
AEPI006428-RA	TAG	2052
AEPI010420-RA	TGA	244
AEPI000217-RA	TGA	19
AEPI001616-RA	TAA	118
AEPI001615-RA	TAA	267
AEPI000967-RA	TAG	87
AEPI000963-RA	TAA	33
AEPI003923-RA	TAG	5
AEPI003929-RA	TAG	98
AEPI006344-RA	TAG	418
AEPI006345-RA	TAA	177
AEPI006340-RA	TAA	102
AEPI006343-RA	TAA	349
AEPI006349-RA	TAG	2094
AEPI002195-RA	TGA	263
AEPI003825-RA	TAA	302
AEPI003822-RA	TGA	453
AEPI007347-RA	TAA	97
AEPI007344-RA	TAA	107
AEPI008836-RA	TAG	554
AEPI003314-RA	TAA	292
AEPI003315-RA	TAG	102
AEPI003316-RB	TGA	230
AEPI003316-RC	TGA	230
AEPI003316-RA	TGA	147
AEPI003316-RF	TGA	147
AEPI003316-RD	TAG	582
AEPI003316-RE	TAG	582
AEPI005876-RA	TAG	82
AEPI005875-RA	TAG	116
AEPI015395-RA	TAA	107
AEPI011297-RA	TGA	54
AEPI005254-RA	TAA	59
AEPI005259-RA	TGA	377
AEPI010214-RA	TAA	95
AEPI008227-RA	TAA	98
AEPI006757-RA	TAG	110
AEPI006751-RA	TAG	227
AEPI003659-RA	TAG	183
AEPI003129-RA	TAA	144
AEPI007667-RA	TAA	4
AEPI010107-RA	TAA	103
AEPI004863-RA	TAA	96
AEPI004319-RA	TAA	257
AEPI010408-RA	TGA	1429
AEPI014449-RA	TAA	172
AEPI001095-RA	TAA	102
AEPI001891-RA	TAA	71
AEPI001893-RA	TAA	62
AEPI000882-RA	TGA	14
AEPI001899-RA	TAG	51
AEPI003944-RA	TAA	29
AEPI000941-RA	TAA	79
AEPI000942-RA	TAG	56
AEPI003802-RA	TGA	24
AEPI008784-RA	TGA	29
AEPI004679-RA	TAA	72
AEPI006818-RA	TAA	32
AEPI006814-RA	TAA	23
AEPI004414-RA	TAA	5
AEPI004410-RA	TAA	75
AEPI006480-RA	TGA	1077
AEPI009899-RA	TAG	414
AEPI000777-RA	TAA	768
AEPI000773-RA	TAA	60
AEPI010093-RA	TAG	121
AEPI001932-RA	TAA	55
AEPI006125-RA	TAA	112
AEPI009239-RA	TGA	77
AEPI009232-RA	TAG	317
AEPI009236-RA	TAA	84
AEPI014263-RA	TAA	127
AEPI001429-RA	TAA	96
AEPI009411-RA	TAG	27
AEPI005968-RA	TAA	109
AEPI004880-RA	TAA	370
AEPI001063-RA	TAA	70
AEPI005427-RA	TAA	87
AEPI005939-RA	TAA	80
AEPI010396-RA	TAG	231
AEPI004339-RA	TAG	99
AEPI009939-RA	TGA	293
AEPI005684-RA	TAA	114
AEPI015419-RA	TGA	2971
AEPI015417-RA	TGA	105
AEPI003969-RA	TAG	185
AEPI004815-RA	TAA	24
AEPI008410-RA	TAG	1767
AEPI000433-RA	TAA	49
AEPI002159-RA	TAG	1001
AEPI002489-RA	TAG	67
AEPI009454-RA	TAG	90
AEPI009453-RA	TAA	193
AEPI011325-RA	TAG	710
AEPI003358-RA	TAG	100
AEPI005747-RA	TAA	88
AEPI009139-RA	TAA	343
AEPI001118-RA	TAA	43
AEPI001112-RA	TAG	126
AEPI001116-RA	TAA	221
AEPI001117-RA	TAA	34
AEPI006469-RA	TGA	188
AEPI006468-RA	TAG	236
AEPI006460-RA	TAG	3748
AEPI006465-RA	TAA	27
AEPI006464-RA	TGA	272
AEPI002740-RA	TAA	314
AEPI003163-RA	TAA	182
AEPI006418-RA	TAA	94
AEPI009704-RA	TAA	172
AEPI005914-RA	TAG	72
AEPI015476-RA	TAA	15
AEPI015474-RA	TGA	51
AEPI015475-RA	TAA	1367
AEPI015473-RA	TGA	668
AEPI015470-RA	TAA	430
AEPI015471-RA	TAG	228
AEPI015478-RA	TAG	265
AEPI001327-RA	TAA	24
AEPI000821-RA	TAG	1165
AEPI000637-RA	TAA	100
AEPI001586-RA	TAA	930
AEPI001859-RA	TAG	147
AEPI001589-RA	TAA	102
AEPI001588-RA	TAA	86
AEPI003980-RA	TAA	94
AEPI003983-RA	TAG	81
AEPI000985-RA	TAG	82
AEPI002178-RA	TAA	29
AEPI002170-RA	TAA	5
AEPI002176-RA	TAG	156
AEPI002175-RA	TAA	101
AEPI006855-RA	TAA	30
AEPI009478-RA	TAA	51
AEPI005589-RA	TGA	664
AEPI005584-RA	TAA	2147
AEPI005760-RA	TAA	86
AEPI005767-RA	TGA	189
AEPI008186-RA	TAG	67
AEPI010589-RA	TAA	42
AEPI009271-RA	TAG	10
AEPI003666-RA	TAG	778
AEPI009114-RA	TGA	15
AEPI009520-RA	TAA	94
AEPI001468-RA	TAA	100
AEPI001409-RA	TAA	77
AEPI006442-RA	TAA	401
AEPI006441-RA	TAA	66
AEPI006448-RA	TAA	200
AEPI002726-RA	TGA	33
AEPI004499-RA	TAA	92
AEPI004494-RA	TAA	13
AEPI005976-RA	TAA	63
AEPI005024-RA	TAA	96
AEPI015458-RA	TGA	201
AEPI000615-RA	TAA	39
AEPI015454-RA	TGA	984
AEPI015455-RA	TGA	60
AEPI010308-RA	TAA	215
AEPI015407-RA	TGA	87
AEPI002115-RA	TAG	5
AEPI001709-RA	TGA	73
AEPI009495-RA	TAA	45
AEPI009499-RA	TAA	46
AEPI004964-RA	TAA	98
AEPI005567-RA	TAA	731
AEPI005568-RA	TAA	123
AEPI000284-RA	TAA	100
AEPI001692-RA	TAA	100
AEPI001923-RA	TAG	12
AEPI005982-RA	TAG	59
AEPI014132-RA	TAG	33
AEPI000863-RA	TAA	570
AEPI000867-RA	TAG	38
AEPI000866-RA	TGA	35
AEPI000865-RA	TAA	452
AEPI000864-RA	TAA	1330
AEPI000869-RA	TAG	50
AEPI010650-RA	TAA	132
AEPI005807-RA	TAG	105
AEPI009428-RA	TAA	261
AEPI006133-RA	TAA	223
AEPI006131-RA	TAG	2735
AEPI006134-RA	TAA	530
AEPI006427-RA	TAA	32
AEPI010354-RA	TGA	177
AEPI002704-RA	TAA	27
AEPI002706-RA	TAA	88
AEPI003071-RA	TAA	90
AEPI010495-RA	TAG	102
AEPI004521-RA	TAG	7
AEPI005045-RA	TAG	9
AEPI008467-RA	TAG	1145
AEPI009850-RA	TAG	607
AEPI000493-RA	TAA	139
AEPI000495-RA	TAA	93
AEPI006092-RA	TAA	485
AEPI006093-RA	TGA	290
AEPI001728-RA	TGA	37
AEPI007761-RA	TAA	40
AEPI007763-RA	TGA	78
AEPI003442-RA	TAA	47
AEPI005541-RA	TGA	40
AEPI004238-RA	TAA	67
AEPI004234-RA	TGA	120
AEPI005727-RA	TAA	11
AEPI000802-RA	TGA	70
AEPI007234-RA	TAG	87
AEPI006158-RA	TAA	203
AEPI006409-RA	TAA	133
AEPI006407-RA	TGA	160
AEPI006157-RA	TAA	133
AEPI006404-RA	TAA	17
AEPI006401-RA	TAA	1166
AEPI006400-RA	TAG	547
AEPI004194-RA	TAA	60
AEPI015433-RA	TGA	94
AEPI015430-RA	TAA	273
AEPI009736-RA	TAA	2060
AEPI015437-RA	TAG	724
AEPI009737-RA	TAG	329
AEPI015434-RA	TGA	177
AEPI004192-RA	TAA	110
AEPI008649-RA	TAA	760
AEPI008647-RA	TAA	217
AEPI004000-RA	TAG	11
AEPI006156-RA	TAG	114
AEPI004562-RA	TAG	363
AEPI001360-RA	TGA	1006
AEPI004560-RA	TAA	109
AEPI005067-RA	TAA	385
AEPI000650-RA	TGA	52
AEPI000121-RA	TAG	9
AEPI000659-RA	TGA	14
AEPI015495-RA	TAA	94
AEPI015490-RA	TAG	49
AEPI015493-RA	TGA	945
AEPI014362-RA	TAG	1083
AEPI001299-RA	TAG	100
AEPI004736-RA	TAA	86
AEPI004735-RA	TAA	33
AEPI003603-RA	TAA	90
AEPI004920-RA	TAA	598
AEPI005523-RA	TGA	15
AEPI004217-RA	TGA	90
AEPI004211-RA	TAA	58
AEPI003671-RA	TAA	87
AEPI009299-RA	TGA	56
AEPI003677-RA	TAA	736
AEPI009519-RA	TAG	251
AEPI010691-RA	TAA	98
AEPI002273-RA	TGA	82
AEPI010293-RA	TAG	79
AEPI006320-RA	TGA	79
AEPI001413-RA	TGA	71
AEPI006176-RA	TAA	66
AEPI006175-RA	TAG	122
AEPI000944-RA	TAA	60
AEPI002072-RA	TAA	104
AEPI009574-RA	TAG	104
AEPI009579-RA	TAA	95
AEPI010031-RA	TAG	73
AEPI004029-RA	TAA	57
AEPI007752-RA	TAA	11
AEPI010999-RA	TAG	142
AEPI010732-RA	TGA	101
AEPI001765-RA	TAA	184
AEPI008569-RA	TGA	16
AEPI003485-RA	TAG	68
AEPI003480-RA	TAA	283
AEPI009784-RA	TAA	103
AEPI005507-RA	TGA	198
AEPI001917-RA	TAG	113
AEPI004275-RA	TGA	126
AEPI004272-RA	TAG	119
AEPI004273-RA	TGA	83
AEPI011106-RA	TAA	85
AEPI002518-RA	TAG	184
AEPI007924-RA	TAG	89
AEPI002994-RA	TGA	42
AEPI002245-RA	TAA	64
AEPI000597-RA	TAG	67
AEPI000595-RA	TAA	6
AEPI004253-RA	TAA	356
AEPI003375-RA	TAG	77
AEPI002058-RA	TAA	76
AEPI002323-RA	TAA	1157
AEPI004893-RA	TAG	43
AEPI015361-RA	TAA	198
AEPI005311-RA	TAG	98
AEPI002291-RA	TAA	318
AEPI000165-RA	TGA	35
AEPI011016-RA	TAG	1639
AEPI000789-RA	TAA	1803
AEPI001561-RA	TGA	102
AEPI009766-RA	TAA	369
AEPI015286-RA	TAA	92
AEPI004096-RA	TAA	59
AEPI008547-RA	TAG	228
AEPI007255-RA	TAG	661
AEPI007785-RA	TAA	84
AEPI007225-RA	TAA	407
AEPI007885-RA	TAA	89
AEPI011122-RA	TAA	304
AEPI001520-RA	TGA	264
AEPI010527-RA	TGA	96
AEPI001952-RA	TAA	63
AEPI001958-RA	TAA	99
AEPI008376-RA	TAG	79
AEPI000315-RA	TAA	96
AEPI000319-RA	TAA	69
AEPI009728-RA	TAG	8
AEPI015429-RA	TAA	74
AEPI015428-RA	TAG	1388
AEPI015421-RA	TGA	933
AEPI009725-RA	TAA	426
AEPI001042-RA	TAG	20
AEPI015423-RA	TAA	235
AEPI015422-RA	TAG	244
AEPI015424-RA	TAG	159
AEPI007449-RA	TAG	98
AEPI003561-RA	TAA	323
AEPI004068-RA	TAG	286
AEPI010095-RA	TAA	54
AEPI015127-RA	TAA	3
AEPI015129-RA	TGA	22
AEPI000141-RA	TAA	70
AEPI015384-RA	TAA	253
AEPI015385-RA	TGA	322
AEPI015386-RA	TAA	214
AEPI015387-RA	TAA	148
AEPI015389-RA	TAG	90
AEPI009738-RA	TGA	810
AEPI002810-RA	TAG	79
AEPI002811-RA	TAA	88
AEPI002813-RA	TGA	27
AEPI001239-RA	TAA	14
AEPI009352-RA	TGA	228
AEPI006271-RA	TAA	101
AEPI006275-RA	TAG	60
AEPI002572-RA	TGA	170
AEPI003227-RA	TAA	27
AEPI011144-RA	TGA	101
AEPI004922-RA	TAA	126
AEPI004922-RB	TAG	90
AEPI004922-RC	TAA	61
AEPI015450-RA	TGA	510
AEPI000550-RA	TAA	99
AEPI015240-RA	TGA	1013
AEPI000088-RA	TAG	84
AEPI008922-RA	TAA	90
AEPI006330-RA	TAG	2163
AEPI000336-RA	TAA	46
AEPI001421-RA	TAG	99
AEPI000502-RA	TAA	138
AEPI006487-RA	TGA	116
AEPI006486-RA	TAA	114
AEPI006485-RA	TAA	297
AEPI006483-RA	TGA	62
AEPI006482-RA	TGA	27
AEPI006488-RA	TAA	669
AEPI001689-RA	TAA	807
AEPI001682-RA	TAA	670
AEPI015215-RA	TAA	222
AEPI011308-RA	TAA	357
AEPI009712-RA	TAG	446
AEPI010008-RA	TAG	710
AEPI009710-RA	TAA	168
AEPI008885-RA	TAG	80
AEPI008884-RA	TGA	81
AEPI008888-RA	TAA	83
AEPI004727-RA	TAG	882
AEPI003508-RA	TAA	714
AEPI009716-RA	TAG	84
AEPI010976-RA	TAA	6
AEPI009714-RA	TAA	200
AEPI005356-RA	TAG	184
AEPI002921-RA	TGA	234
AEPI015508-RA	TAA	906
AEPI015500-RA	TAG	219
AEPI015501-RA	TAG	165
AEPI001218-RA	TGA	16
AEPI000510-RA	TAG	39
AEPI006078-RA	TAA	99
AEPI006076-RA	TGA	164
AEPI006077-RA	TAA	189
AEPI006075-RA	TAG	106
AEPI006073-RA	TAG	30
AEPI007219-RA	TAA	64
AEPI009672-RA	TGA	188
AEPI009674-RA	TAA	160
AEPI009676-RA	TGA	42
AEPI004744-RA	TAA	9
AEPI006925-RA	TGA	4
AEPI006923-RA	TAA	104
AEPI002590-RA	TGA	46
AEPI002594-RA	TAG	171
AEPI004298-RA	TAG	25
AEPI010301-RA	TAA	167
AEPI000534-RA	TGA	71
AEPI000530-RA	TAA	54
AEPI008337-RA	TAG	431
AEPI008339-RA	TAA	255
AEPI006055-RA	TAA	41
AEPI001910-RA	TAG	22
AEPI001664-RA	TAA	577
AEPI001006-RA	TAG	95
AEPI001007-RA	TGA	290
AEPI003369-RA	TAA	9
AEPI002294-RA	TAA	893
AEPI015480-RA	TAG	83
AEPI015485-RA	TAG	3480
AEPI015484-RA	TGA	643
AEPI010996-RA	TGA	706
AEPI003746-RA	TAG	48
AEPI007153-RA	TAA	391
AEPI007156-RA	TGA	544
AEPI007157-RA	TAA	579
AEPI010690-RA	TAA	92
AEPI010918-RA	TAG	47
AEPI010911-RA	TAA	4
AEPI001395-RA	TGA	82
AEPI010994-RA	TAG	658
AEPI015529-RA	TAA	91
AEPI015524-RA	TAA	496
AEPI015525-RA	TAG	83
AEPI015526-RA	TAG	218
AEPI015527-RA	TGA	603
AEPI015523-RA	TAG	154
AEPI009342-RA	TAG	9
AEPI000276-RA	TAA	44
AEPI001493-RA	TGA	192
AEPI006058-RA	TAA	572
AEPI006059-RA	TAA	225
AEPI007426-RA	TAA	1056
AEPI005937-RA	TAA	94
AEPI004766-RA	TAG	91
AEPI002601-RA	TGA	70
AEPI002604-RA	TAA	96
AEPI005207-RA	TAG	38
AEPI009936-RA	TAA	88
AEPI006544-RA	TAA	265
AEPI008732-RA	TGA	71
AEPI005639-RA	TAG	955
AEPI005639-RB	TAG	1256
AEPI005639-RC	TGA	529
AEPI005144-RA	TGA	165
AEPI001642-RA	TAG	7
AEPI009008-RA	TAG	128
AEPI009005-RA	TGA	60
AEPI001028-RA	TAG	161
AEPI001022-RA	TAA	459
AEPI007390-RA	TAA	7
AEPI007179-RA	TAA	123
AEPI003097-RA	TGA	3308
AEPI011082-RA	TGA	51
AEPI011228-RA	TGA	122
AEPI015544-RA	TGA	88
AEPI015545-RA	TAA	109
AEPI015542-RA	TAG	1669
AEPI015543-RA	TAA	59
AEPI002966-RA	TAA	206
AEPI015444-RA	TGA	2486
AEPI015063-RA	TAA	86
AEPI015062-RA	TGA	95
AEPI002216-RA	TAG	359
AEPI015046-RA	TAG	246
AEPI003287-RA	TAG	511
AEPI005613-RA	TAA	101
AEPI005615-RA	TAG	66
AEPI015228-RA	TGA	1359
AEPI015226-RA	TAA	358
AEPI015224-RA	TAA	37
AEPI000395-RA	TAA	403
AEPI000395-RB	TAA	403
AEPI008938-RA	TAG	90
AEPI004637-RA	TAA	93
AEPI000040-RA	TAG	4
AEPI000043-RA	TAA	71
AEPI000512-RA	TAA	569
AEPI009025-RA	TGA	6
AEPI006396-RA	TAA	338
AEPI006395-RA	TAA	448
AEPI006392-RA	TGA	12
AEPI006391-RA	TGA	6
AEPI003876-RA	TAG	61
AEPI004134-RA	TAA	77
AEPI005840-RA	TAA	79
AEPI005841-RA	TAA	83
AEPI011027-RA	TAG	89
AEPI008137-RA	TGA	5
AEPI006188-RA	TAA	100
AEPI002645-RA	TGA	125
AEPI009613-RA	TAG	13
AEPI001393-RA	TAG	96
AEPI001391-RA	TAA	77
AEPI007584-RA	TAA	52
AEPI015164-RA	TAA	1
AEPI015166-RA	TAA	37
AEPI004581-RA	TAA	95
AEPI004589-RA	TAA	101
AEPI005085-RA	TAA	21
AEPI002372-RA	TAG	7
AEPI010459-RA	TAA	50
AEPI000911-RA	TGA	122
AEPI000910-RA	TAG	136
AEPI010941-RA	TAG	72
AEPI006371-RA	TGA	930
AEPI006373-RA	TGA	185
AEPI006375-RA	TAG	99
AEPI006379-RA	TGA	60
AEPI003852-RA	TAA	110
AEPI006511-RA	TAG	408
AEPI006513-RA	TAA	1160
AEPI011070-RA	TAA	46
AEPI010192-RA	TAA	796
AEPI004118-RA	TAA	587
AEPI011007-RA	TAA	196
AEPI011006-RA	TAG	308
AEPI008116-RA	TAA	1232
AEPI009374-RA	TGA	196
AEPI010202-RA	TAA	130
AEPI009377-RA	TAA	63
AEPI006038-RA	TGA	1274
AEPI000219-RA	TGA	161
AEPI006742-RA	TAA	996
AEPI006745-RA	TAA	36
AEPI006748-RA	TAA	32
AEPI001163-RA	TAG	1058
AEPI003352-RA	TAA	28
AEPI003897-RA	TAA	6
AEPI002635-RA	TAG	485
AEPI002637-RA	TAA	57
AEPI005745-RA	TAA	95
AEPI003136-RA	TGA	125
AEPI008716-RA	TAA	24
AEPI004878-RA	TAG	435
AEPI004875-RA	TGA	255
AEPI005692-RA	TAG	37
AEPI005473-RA	TAA	96
AEPI010435-RA	TAA	21
AEPI000975-RA	TAA	658
AEPI000976-RA	TAA	17
AEPI007905-RA	TGA	47
AEPI015400-RA	TGA	16
AEPI001080-RA	TAG	8
AEPI015408-RA	TAA	218
AEPI001885-RA	TGA	8
AEPI006359-RA	TGA	110
AEPI003950-RA	TAA	172
AEPI006353-RA	TAA	209
AEPI006351-RA	TAA	412
AEPI006356-RA	TAA	534
AEPI009790-RA	TAA	92
AEPI007484-RA	TAA	176
AEPI007485-RA	TGA	5
AEPI006540-RA	TAG	340
AEPI009224-RA	TAG	23
AEPI009164-RA	TAA	11
AEPI007814-RA	TAA	93
AEPI001847-RA	TGA	206
AEPI004892-RA	TAA	88
AEPI015289-RA	TAG	139
AEPI010148-RA	TAA	74
AEPI015239-RA	TAA	580
AEPI010141-RA	TAA	117
AEPI014088-RA	TGA	8
AEPI004806-RA	TAA	283
AEPI003486-RA	TAA	59
AEPI003487-RA	TGA	86
AEPI003972-RA	TAA	863
AEPI003974-RA	TAA	101
AEPI006339-RA	TAA	736
AEPI006338-RA	TGA	326
AEPI006337-RA	TAG	370
AEPI006331-RA	TAA	720
AEPI006333-RA	TAA	938
AEPI006332-RA	TAG	114
AEPI007843-RA	TAA	282
AEPI000952-RA	TGA	69
AEPI007847-RA	TAA	366
AEPI008795-RA	TGA	97
AEPI002142-RA	TAG	39
AEPI007313-RA	TAA	46
AEPI004668-RA	TAG	21
AEPI006524-RA	TGA	343
AEPI011046-RA	TAA	97
AEPI008155-RA	TAA	93
AEPI001434-RA	TAA	210
AEPI002160-RA	TAA	100
AEPI006477-RA	TAA	2760
AEPI002771-RA	TAA	13
AEPI002770-RA	TAG	98
AEPI002775-RA	TAG	52
AEPI010987-RA	TAA	104
AEPI002348-RA	TAA	45
AEPI010389-RA	TAA	202
AEPI011096-RA	TAA	71
AEPI001598-RA	TGA	14
AEPI001594-RA	TAG	213
AEPI001595-RA	TAA	950
AEPI001596-RA	TGA	295
AEPI001597-RA	TAA	170
AEPI001590-RA	TAG	58
AEPI001591-RA	TAA	58
AEPI001592-RA	TAA	394
AEPI008401-RA	TGA	38
AEPI000423-RA	TAA	17
AEPI007994-RA	TAA	31
AEPI002169-RA	TGA	114
AEPI009467-RA	TAA	740
AEPI011193-RA	TAA	6
AEPI004643-RA	TGA	1174
