AMAM000624-RA	TAA	1071
AMAM019176-RA	TGA	152
AMAM012847-RA	TAG	194
AMAM022827-RA	TGA	284
AMAM018373-RA	TGA	20
AMAM011386-RA	TGA	170
AMAM012112-RA	TAG	2
AMAM010695-RA	TAG	17
AMAM010695-RB	TAG	17
AMAM014031-RA	TGA	10
AMAM011634-RA	TAG	1
AMAM014484-RA	TGA	185
AMAM018821-RA	TGA	34
AMAM010741-RA	TGA	137
AMAM010634-RA	TGA	36
AMAM009172-RA	TAG	304
AMAM004171-RA	TAG	64
AMAM016961-RA	TAA	632
AMAM011124-RA	TAA	81
AMAM004439-RA	TAA	8
AMAM003625-RA	TGA	36
AMAM024546-RA	TAA	1
AMAM021277-RA	TGA	284
AMAM002193-RA	TGA	24
AMAM024504-RA	TAA	3
AMAM024503-RA	TAA	3
AMAM017301-RA	TGA	158
AMAM014023-RA	TGA	1265
AMAM022520-RA	TAG	159
AMAM021569-RA	TGA	190
AMAM008526-RA	TGA	33
AMAM024499-RA	TAA	1
AMAM005062-RA	TAG	45
AMAM024160-RA	TGA	84
AMAM008660-RA	TAA	274
