ACUA009692-RA	TAA	156
ACUA014337-RA	TAG	156
ACUA016840-RA	TGA	129
ACUA017716-RA	TAG	70
ACUA021342-RA	TGA	111
ACUA025450-RA	TGA	310
ACUA029108-RA	TAA	201
ACUA029109-RA	TAA	314
ACUA029105-RA	TAG	816
ACUA029106-RA	TAA	46
ACUA029107-RA	TAA	210
ACUA029100-RA	TAA	183
ACUA029102-RA	TAA	77
ACUA012928-RA	TGA	70
ACUA012928-RB	TGA	8
ACUA005435-RA	TGA	47
ACUA029199-RA	TGA	112
ACUA029196-RA	TAA	432
ACUA021699-RB	TAA	290
ACUA021699-RA	TAA	89
ACUA001783-RA	TGA	24
ACUA019750-RA	TAG	45
ACUA000279-RA	TAA	265
ACUA029162-RA	TAA	770
ACUA029162-RB	TAA	770
ACUA029169-RA	TAA	184
ACUA015991-RA	TAA	1010
ACUA022557-RA	TAA	117
ACUA005194-RA	TAA	180
ACUA026106-RA	TAG	48
ACUA014905-RA	TAA	782
ACUA005222-RA	TAA	115
ACUA015614-RA	TGA	45
ACUA024233-RB	TAA	470
ACUA024233-RA	TAA	470
ACUA029146-RA	TAA	26
ACUA013127-RA	TAA	361
ACUA029203-RA	TAA	437
ACUA027308-RA	TAA	161
ACUA001122-RB	TAA	11
ACUA003626-RA	TAA	4
ACUA029134-RA	TGA	66
ACUA025631-RA	TAA	92
ACUA029184-RA	TAA	229
ACUA029186-RA	TAG	377
ACUA029187-RA	TGA	130
ACUA029180-RA	TAA	3
ACUA029182-RA	TAA	80
ACUA029183-RA	TAG	273
ACUA029188-RA	TAA	165
ACUA004396-RA	TAG	16
ACUA003704-RA	TGA	86
ACUA023910-RA	TGA	216
ACUA013164-RA	TGA	189
ACUA023660-RA	TAA	104
ACUA002153-RA	TGA	292
ACUA029040-RA	TAA	7
ACUA029042-RA	TAA	21
ACUA004875-RA	TAG	1262
ACUA018206-RA	TAG	28
ACUA022392-RA	TAG	362
ACUA019259-RB	TAA	227
ACUA019259-RA	TAG	16
ACUA016728-RA	TAA	610
ACUA029032-RA	TAA	1
ACUA027095-RA	TAA	960
ACUA025946-RA	TAA	928
ACUA016914-RA	TAG	90
ACUA020036-RA	TGA	239
ACUA022050-RA	TAG	32
ACUA026296-RA	TAA	176
ACUA029028-RA	TAG	638
ACUA029023-RA	TAG	326
ACUA029022-RA	TAA	115
ACUA016764-RA	TGA	55
ACUA017384-RA	TGA	598
ACUA023992-RA	TAA	200
ACUA007934-RA	TAA	392
ACUA013354-RA	TAA	168
ACUA010995-RA	TAG	365
ACUA029205-RA	TAA	126
ACUA029204-RA	TGA	130
ACUA029201-RA	TAA	471
ACUA029200-RA	TAG	356
ACUA029209-RA	TAA	4
ACUA014483-RB	TAA	151
ACUA006909-RA	TAA	603
ACUA010598-RA	TAG	11
ACUA018782-RA	TAA	38
ACUA012525-RA	TAA	872
ACUA010784-RA	TGA	182
ACUA003604-RA	TAA	144
ACUA029085-RA	TGA	496
ACUA002003-RA	TAA	92
ACUA027466-RA	TAA	156
ACUA000094-RA	TAA	2217
ACUA000094-RC	TAA	4816
ACUA000094-RB	TGA	1039
ACUA029176-RA	TAA	41
ACUA005709-RA	TAG	90
ACUA016872-RA	TAA	169
ACUA019666-RA	TAA	42
ACUA014182-RA	TAA	760
ACUA002874-RA	TAG	69
ACUA029131-RA	TAG	196
ACUA029130-RA	TAA	838
ACUA029135-RA	TAG	235
ACUA026582-RA	TAA	848
ACUA026582-RC	TAA	848
ACUA026582-RB	TAA	848
ACUA011397-RA	TAG	318
ACUA022937-RA	TAG	91
ACUA013703-RA	TAG	318
ACUA015150-RA	TAA	47
ACUA029141-RA	TGA	31
ACUA011850-RA	TAA	460
ACUA029113-RA	TAA	31
ACUA029112-RA	TAG	320
ACUA029111-RA	TGA	149
ACUA029110-RA	TAA	68
ACUA029116-RA	TAA	74
ACUA029114-RA	TAG	238
ACUA029118-RA	TAA	52
ACUA016169-RA	TAA	2020
ACUA009026-RA	TAA	93
ACUA016421-RA	TAA	176
ACUA007971-RA	TAG	491
ACUA007971-RB	TAG	491
ACUA008046-RA	TAG	886
ACUA005468-RA	TAA	23
ACUA029172-RA	TAG	254
ACUA029179-RA	TAG	266
ACUA029178-RA	TGA	127
ACUA010116-RA	TAA	26
ACUA005552-RA	TAA	501
ACUA007952-RA	TAA	224
ACUA026923-RA	TGA	43
ACUA000697-RA	TAG	108
ACUA012875-RA	TAA	135
ACUA016711-RA	TGA	1346
ACUA005611-RA	TGA	162
ACUA029156-RA	TAA	86
ACUA029154-RA	TAA	153
ACUA029153-RA	TGA	80
ACUA029151-RA	TAA	134
ACUA029150-RA	TAA	19
ACUA015087-RA	TAA	54
ACUA021334-RA	TAA	32
ACUA023106-RA	TGA	266
ACUA014647-RA	TGA	332
ACUA029193-RA	TGA	36
ACUA029191-RA	TAG	9
ACUA029195-RA	TAA	1486
ACUA029194-RA	TAG	73
ACUA029026-RA	TAA	7
ACUA029020-RA	TAA	6
ACUA009930-RA	TGA	218
ACUA010997-RA	TAA	165
ACUA011083-RA	TAA	98
ACUA009992-RA	TGA	105
ACUA025719-RA	TAA	95
ACUA014601-RA	TGA	227
ACUA028400-RA	TAA	18
ACUA010269-RA	TAA	166
ACUA028348-RA	TGA	1647
ACUA013093-RA	TAG	159
ACUA009324-RA	TAA	63
ACUA006897-RA	TAA	81
ACUA006239-RA	TAG	42
ACUA024098-RA	TAA	400
ACUA025263-RA	TAA	13
ACUA013444-RA	TAA	246
ACUA016572-RA	TGA	363
ACUA021794-RA	TAG	370
ACUA006584-RA	TAA	75
ACUA010779-RA	TAA	37
ACUA029098-RA	TAG	340
ACUA029099-RA	TAA	137
ACUA029093-RA	TGA	180
ACUA009282-RA	TAA	178
ACUA006644-RA	TAA	108
ACUA012509-RA	TAA	586
ACUA012509-RC	TGA	825
ACUA012509-RB	TAG	120
ACUA002825-RA	TAG	417
ACUA002855-RA	TAG	251
ACUA008559-RA	TAA	118
ACUA024598-RA	TGA	93
ACUA009516-RA	TAA	80
ACUA015432-RA	TGA	27
ACUA027599-RA	TAA	6
ACUA012041-RA	TAA	160
ACUA022730-RA	TGA	559
ACUA015592-RA	TAA	219
ACUA014506-RA	TAA	82
ACUA004048-RA	TAA	73
ACUA004048-RB	TAA	73
ACUA029129-RA	TAG	97
ACUA029123-RA	TAA	116
ACUA029127-RA	TAA	38
ACUA029132-RA	TAG	93
ACUA029136-RA	TAA	212
ACUA010677-RA	TAG	1
ACUA003049-RA	TAA	344
ACUA003049-RB	TAA	344
