AMEC001637-RA	TGA	81
AMEC005676-RA	TAG	57
AMEC019058-RA	TAA	30
AMEC012167-RA	TGA	154
AMEC012103-RA	TGA	93
AMEC023125-RA	TAA	54
AMEC003489-RA	TAA	420
AMEC000902-RA	TGA	113
AMEC018462-RA	TGA	73
AMEC003151-RA	TAG	19
AMEC000921-RA	TAG	36
AMEC023261-RA	TAG	125
AMEC019283-RA	TGA	119
AMEC019756-RA	TGA	90
AMEC006156-RA	TGA	24
AMEC014159-RA	TGA	318
AMEC002659-RA	TAG	48
AMEC000731-RA	TGA	444
AMEC019265-RA	TAA	96
AMEC019183-RA	TAA	558
AMEC019911-RA	TGA	367
AMEC017035-RA	TGA	6
AMEC008147-RA	TAG	42
AMEC017706-RA	TAA	3
AMEC001974-RA	TGA	81
AMEC005074-RA	TAA	47
AMEC014779-RA	TAG	161
AMEC017152-RA	TGA	385
AMEC023191-RA	TAA	21
AMEC023331-RA	TGA	1
AMEC023337-RA	TAA	287
AMEC007629-RA	TAA	210
AMEC016501-RA	TAA	132
AMEC009079-RA	TAA	54
AMEC006672-RA	TAG	681
AMEC011775-RA	TGA	45
AMEC023352-RA	TGA	29
AMEC018436-RA	TGA	123
AMEC004891-RA	TAA	243
AMEC004507-RA	TAG	117
AMEC011362-RA	TAA	108
AMEC013805-RA	TAG	4
AMEC000206-RA	TGA	1356
AMEC021281-RA	TAA	56
AMEC005641-RA	TGA	87
AMEC012771-RA	TAG	453
AMEC023131-RA	TAG	18
AMEC012042-RA	TAG	17
AMEC017088-RA	TAA	20
AMEC006187-RA	TAG	291
AMEC017559-RA	TAG	9
AMEC001519-RA	TAG	107
AMEC006449-RA	TGA	48
AMEC000462-RA	TGA	5
AMEC023130-RA	TAA	13
AMEC004404-RA	TGA	216
AMEC018140-RA	TAG	75
AMEC001178-RA	TGA	665
AMEC017558-RA	TAA	45
AMEC011002-RA	TAG	103
AMEC023329-RA	TAG	85
AMEC008267-RA	TAA	30
AMEC022136-RA	TGA	100
AMEC021125-RA	TGA	146
