KNC20783	TAG	293
KNC24554	TAA	14
KNC24549	TAG	406
KNC24550	TAG	14
KNC31197	TAA	704
KNC31198	TAA	186
KNC31201	TAA	9833
KNC31199	TAA	173
KNC31204	TAA	366
KNC31205	TAA	156
KNC31203	TAG	7327
KNC31183	TAA	135
KNC24920	TAG	181
KNC24922	TAA	302
KNC25425	TAA	494
KNC30817	TAA	388
KNC30021	TAG	1425
KNC21887	TAA	283
KNC30022	TAA	633
KNC30020	TGA	267
KNC24827	TAA	7
KNC24849	TGA	544
KNC24857	TAG	665
KNC24863	TAG	2971
KNC24861	TAA	176
KNC24862	TAA	360
KNC26729	TAA	590
KNC24142	TGA	285
KNC24277	TAA	25
KNC26722	TAA	688
KNC26727	TAA	413
KNC26713	TGA	65
KNC34696	TAA	565
KNC29221	TGA	2529
KNC21648	TGA	71
KNC33384	TGA	88
KNC33386	TGA	812
KNC33415	TAA	1326
KNC33377	TAG	893
KNC33388	TAA	62
KNC24548	TAA	443
KNC21655	TAA	54
KNC23203	TAA	1786
KNC22363	TAA	1026
KNC29801	TAA	39
KNC29796	TAG	191
KNC23488	TAG	141
KNC23489	TGA	75
KNC23486	TAA	100
KNC23485	TAA	457
KNC23482	TAA	818
KNC23483	TGA	1462
KNC23481	TAA	251
KNC23030	TAA	6
KNC23023	TAA	625
KNC23021	TAA	2124
KNC23022	TAA	2711
KNC23754	TAG	46
KNC23750	TAA	54
KNC23751	TAA	357
KNC23755	TGA	263
KNC23756	TGA	36
KNC31796	TAA	664
KNC31797	TAA	160
KNC31795	TAA	81
KNC31788	TAA	123
KNC21835	TGA	423
KNC33367	TAA	11567
KNC24115	TAA	366
KNC21843	TAA	299
KNC21840	TAA	84
KNC21841	TAA	469
KNC21838	TAG	984
KNC21839	TAG	149
KNC21836	TAA	62
KNC21837	TAA	520
KNC33651	TAA	113
KNC33648	TAA	300
KNC33649	TAA	849
KNC26069	TAG	188
KNC21016	TAA	59
KNC21017	TAA	721
KNC34063	TAG	610
KNC32581	TAA	798
KNC32512	TAA	20
KNC32516	TAA	434
KNC28822	TGA	726
KNC32508	TAA	233
KNC32582	TAA	182
KNC32509	TAG	439
KNC32507	TAG	14
KNC28827	TAA	367
KNC22014	TGA	253
KNC34548	TAA	21
KNC34549	TGA	52
KNC23739	TAA	167
KNC23736	TAG	211
KNC23742	TAA	1621
KNC23743	TAA	34
KNC23741	TAA	73
KNC23744	TGA	1146
KNC23745	TAA	1519
KNC33772	TAG	451
KNC23282	TAA	725
KNC23281	TAG	24
KNC33777	TAA	473
KNC33780	TAA	57
KNC23295	TGA	301
KNC27700	TAA	216
KNC28823	TGA	865
KNC27786	TAG	139
KNC27798	TGA	600
KNC34706	TAA	62
KNC34700	TAA	201
KNC34699	TAA	255
KNC34704	TAG	2773
KNC34702	TAA	78
KNC30275	TAA	138
KNC30457	TAG	170
KNC21155	TAA	769
KNC30460	TAG	391
KNC26946	TAA	1006
KNC25029	TAA	1176
KNC24991	TAA	670
KNC25006	TAA	9686
KNC25027	TAA	30
KNC30564	TAA	125
KNC25033	TAG	1724
KNC30565	TAA	55
KNC21006	TAA	23
KNC20825	TAG	2555
KNC31508	TGA	223
KNC31498	TAA	362
KNC31499	TAA	1538
KNC32431	TAA	181
KNC31495	TAG	2473
KNC32426	TGA	2404
KNC26915	TAG	1787
KNC26913	TGA	108
KNC26877	TAA	177
KNC25172	TAA	13
KNC25192	TAG	80
KNC32631	TGA	1662
KNC31640	TAA	1683
KNC31339	TGA	2357
KNC31637	TAG	497
KNC31638	TGA	4067
KNC21534	TAA	585
KNC21532	TAA	224
KNC23533	TAA	397
KNC34164	TGA	53
KNC28202	TAA	490
KNC21102	TAA	609
KNC32384	TAA	251
KNC34064	TAG	1586
KNC28100	TAA	875
KNC29866	TGA	15
KNC29881	TAG	78
KNC29883	TAA	17
KNC28200	TAA	3480
KNC31312	TAA	813
KNC31600	TAG	1686
KNC26016	TAA	12
KNC21441	TAA	611
KNC31521	TAA	3281
KNC27480	TAA	701
KNC31436	TAA	1050
KNC28271	TAA	960
KNC28269	TAA	507
KNC28270	TAA	726
KNC28267	TAA	4
KNC32966	TAA	843
KNC28882	TAA	692
KNC32978	TAG	1147
KNC23391	TAA	136
KNC32972	TAA	595
KNC32970	TGA	188
KNC23392	TGA	101
KNC34126	TAA	260
KNC23395	TAG	438
KNC29978	TAA	788
KNC23396	TGA	9
KNC29482	TGA	90
KNC23394	TAA	1052
KNC27469	TGA	576
KNC23985	TAA	122
KNC24109	TAA	548
KNC31114	TGA	206
KNC32769	TAA	178
KNC28868	TAA	45
KNC28872	TAA	2397
KNC30569	TAG	359
KNC28865	TAG	445
KNC28437	TAA	268
KNC25447	TGA	205
KNC23233	TGA	699
KNC23234	TAA	229
KNC34288	TGA	11
KNC27081	TAG	45
KNC22628	TAA	977
KNC25509	TAG	1119
KNC25452	TAG	33
KNC25450	TAG	37
KNC27981	TAA	3194
KNC20787	TAA	560
KNC20785	TAA	585
KNC20791	TAA	17
KNC20792	TAA	563
KNC20789	TAA	758
KNC20794	TAA	174
KNC27569	TAG	533
KNC27577	TAA	270
KNC27575	TAA	66
KNC27573	TAG	121
KNC27571	TAA	93
KNC26705	TGA	20
KNC26701	TAA	216
KNC26750	TAA	758
KNC26699	TGA	1133
KNC26700	TAG	23
KNC30135	TGA	135
KNC24843	TGA	1089
KNC31994	TAA	46
KNC31999	TAA	710
KNC31998	TGA	834
KNC31231	TAA	188
KNC31221	TAA	219
KNC24159	TAA	119
KNC31224	TAA	3338
KNC25136	TGA	35
KNC33390	TAA	239
KNC33392	TAA	113
KNC33393	TGA	176
KNC33450	TAA	58
KNC33448	TAA	428
KNC26022	TAG	1204
KNC25134	TAA	812
KNC22355	TAA	76
KNC22356	TAA	880
KNC22360	TAA	556
KNC22357	TAA	1151
KNC22358	TAA	475
KNC20666	TAA	29
KNC20664	TAA	459
KNC20665	TAG	50
KNC20670	TAA	468
KNC20663	TAA	62
KNC33370	TAA	1005
KNC32938	TAA	9
KNC23028	TAA	6914
KNC23018	TAA	3057
KNC23020	TAA	1494
KNC33363	TAA	1070
KNC21513	TAA	4064
KNC23760	TAA	522
KNC23758	TAA	305
KNC23759	TAA	1968
KNC23763	TAA	60
KNC23765	TAA	465
KNC23762	TAG	258
KNC25138	TAG	842
KNC34786	TAA	656
KNC34783	TAA	1207
KNC34784	TAA	1699
KNC21833	TAA	333
KNC21825	TAG	325
KNC24515	TAA	230
KNC21856	TAA	189
KNC21827	TAA	665
KNC24509	TAA	924
KNC32706	TGA	401
KNC26380	TAA	403
KNC27437	TAA	17
KNC27396	TAG	871
KNC27433	TAA	54
KNC27395	TAA	1074
KNC27432	TAA	115
KNC27394	TAA	847
KNC27431	TGA	1019
KNC33048	TAA	290
KNC31704	TAA	1654
KNC24755	TAA	48
KNC31705	TAA	2687
KNC33051	TGA	229
KNC23957	TAA	291
KNC33743	TAA	1097
KNC32379	TAG	671
KNC32014	TAA	13
KNC24773	TAA	477
KNC33049	TAA	127
KNC23589	TAA	2615
KNC23586	TAA	76
KNC23582	TAA	1035
KNC23583	TAG	9051
KNC23590	TGA	4398
KNC27477	TGA	552
KNC23279	TGA	1121
KNC22411	TAA	483
KNC33000	TGA	968
KNC33001	TGA	874
KNC32998	TGA	167
KNC32999	TAA	1950
KNC32994	TAA	294
KNC32995	TGA	1310
KNC34149	TAA	14
KNC34138	TAA	372
KNC34137	TGA	610
KNC34135	TAG	1043
KNC34132	TAG	285
KNC34133	TAA	2483
KNC28674	TGA	1831
KNC30555	TAG	627
KNC28673	TAA	110
KNC32439	TAA	39
KNC32441	TAA	1111
KNC32442	TAA	438
KNC34848	TAA	238
KNC34846	TAA	542
KNC34851	TGA	291
KNC34852	TAG	2891
KNC25164	TAG	4855
KNC25157	TAA	40
KNC25155	TAG	89
KNC22683	TGA	34
KNC22681	TAA	659
KNC22658	TAA	2310
KNC22656	TAA	1050
KNC22653	TGA	415
KNC33235	TGA	517
KNC30238	TAA	1137
KNC25999	TAA	975
KNC23971	TGA	1002
KNC29151	TAA	84
KNC31849	TGA	207
KNC29167	TAA	169
KNC28282	TAG	3114
KNC26954	TAG	189
KNC26945	TAA	41
KNC29144	TGA	97
KNC29148	TAA	81
KNC29149	TAA	115
KNC29146	TAA	114
KNC28277	TAA	562
KNC24005	TAA	45
KNC24002	TAG	11
KNC31681	TAA	144
KNC31709	TAA	1013
KNC31708	TAA	106
KNC31707	TAA	988
KNC31512	TGA	1555
KNC31516	TGA	151
KNC31513	TAA	3552
KNC31514	TAA	289
KNC29157	TGA	78
KNC29156	TAG	69
KNC29168	TAA	34
KNC29153	TAA	21
KNC29159	TAA	68
KNC26236	TAA	409
KNC26235	TAG	24
KNC31654	TGA	8
KNC31652	TAA	304
KNC25913	TAA	1371
KNC33172	TAA	13
KNC23685	TAA	428
KNC22481	TAA	198
KNC22483	TAA	807
KNC23190	TGA	4399
KNC31394	TGA	83
KNC31392	TAA	443
KNC23683	TGA	4889
KNC31395	TAG	86
KNC23684	TAA	456
KNC30248	TAA	107
KNC29758	TAG	909
KNC28915	TAG	1182
KNC28931	TGA	4032
KNC28930	TAA	362
KNC28916	TAG	40
KNC30196	TAA	1566
KNC28921	TAA	323
KNC32240	TAA	1013
KNC32227	TAG	331
KNC32228	TGA	88
KNC32229	TAA	665
KNC28048	TGA	842
KNC32230	TAA	1503
KNC33998	TAA	523
KNC22896	TAG	80
KNC28050	TGA	351
KNC32243	TAA	958
KNC23164	TAA	446
KNC23157	TAA	244
KNC23155	TAG	855
KNC32242	TAA	689
KNC23162	TAA	71
KNC23159	TAA	230
KNC31651	TAA	160
KNC27769	TAG	160
KNC33275	TAG	150
KNC33173	TAA	28
KNC30800	TGA	457
KNC30801	TAA	1097
KNC30799	TAA	374
KNC30803	TAA	367
KNC29391	TGA	570
KNC29395	TGA	607
KNC20898	TGA	1243
KNC24114	TAA	76
KNC33155	TAA	1850
KNC24118	TAA	617
KNC33160	TGA	1984
KNC24116	TGA	21
KNC33161	TAA	183
KNC24117	TAA	454
KNC33158	TAA	375
KNC31104	TAA	188
KNC22988	TAG	642
KNC22430	TAG	736
KNC33279	TAA	944
KNC31105	TAA	274
KNC24974	TAG	109
KNC25479	TAA	68
KNC25480	TAA	2728
KNC25486	TGA	2289
KNC21286	TAA	104
KNC34060	TAA	260
KNC31102	TGA	2894
KNC26068	TAA	332
KNC25732	TAA	493
KNC25731	TAA	51
KNC25758	TAA	278
KNC25734	TAA	357
KNC26717	TAA	269
KNC26720	TAA	3414
KNC26718	TGA	2003
KNC26715	TAA	1087
KNC29995	TAG	7357
KNC22068	TGA	42
KNC28750	TAA	1111
KNC34062	TAA	587
KNC22066	TAA	346
KNC29994	TAA	18
KNC30501	TAA	71
KNC31100	TAA	201
KNC30500	TAA	155
KNC28751	TAA	80
KNC30002	TGA	53
KNC29133	TGA	1179
KNC29134	TAA	23
KNC29132	TGA	10
KNC30416	TAA	640
KNC28756	TAG	3685
KNC25986	TAA	836
KNC25989	TAA	59
KNC25990	TAG	1258
KNC25605	TAA	1394
KNC25606	TAG	1029
KNC25994	TAA	17
KNC30917	TAG	1417
KNC33400	TAA	730
KNC30919	TAA	514
KNC30915	TAG	291
KNC31653	TAA	466
KNC25948	TAA	39
KNC29145	TGA	77
KNC21921	TAA	19
KNC21920	TAG	543
KNC27161	TAA	220
KNC27162	TAA	643
KNC27181	TGA	82
KNC27179	TAA	1442
KNC27169	TAA	2227
KNC32743	TGA	118
KNC32076	TAA	2161
KNC32069	TGA	114
KNC21496	TAA	28
KNC34662	TGA	1165
KNC25218	TGA	694
KNC25216	TAA	75
KNC21850	TAA	391
KNC21851	TAA	483
KNC21846	TGA	1220
KNC25215	TAA	6
KNC25213	TAG	204
KNC25210	TAA	243
KNC31934	TGA	1107
KNC31935	TGA	1184
KNC25211	TAA	14
KNC31923	TAG	871
KNC31932	TAG	4508
KNC31924	TAA	98
KNC31928	TGA	1368
KNC31927	TGA	467
KNC21601	TAG	7
KNC26351	TAA	21
KNC26352	TAG	2232
KNC26345	TAA	271
KNC26353	TAA	36
KNC25350	TAG	4259
KNC24278	TGA	213
KNC25351	TAA	1106
KNC25389	TAG	3287
KNC25356	TAA	1075
KNC25354	TAA	22
KNC25355	TAA	1342
KNC28431	TAA	800
KNC27067	TAA	93
KNC27061	TAA	941
KNC27062	TAA	908
KNC27059	TAA	739
KNC27064	TAG	710
KNC21623	TAA	5
KNC32189	TAA	91
KNC32190	TAA	558
KNC23984	TAG	118
KNC33987	TGA	211
KNC33984	TAG	74
KNC20774	TAA	1403
KNC20772	TGA	1601
KNC20778	TAG	1159
KNC25968	TAG	862
KNC34150	TAG	60
KNC25965	TAA	30
KNC25966	TAG	102
KNC25967	TAA	810
KNC27601	TAG	63
KNC27602	TAA	33
KNC28497	TGA	44
KNC27603	TAG	341
KNC21212	TAA	83
KNC24707	TAA	510
KNC21206	TAA	425
KNC21207	TAA	3063
KNC21204	TAG	1560
KNC21209	TGA	408
KNC25189	TAA	2425
KNC25190	TAA	54
KNC25194	TAA	30
KNC25187	TAA	299
KNC25185	TAA	588
KNC25186	TAA	144
KNC22650	TAA	170
KNC22648	TAA	110
KNC22646	TAG	113
KNC22645	TGA	956
KNC24823	TAA	2668
KNC24824	TAG	45
KNC32156	TAA	280
KNC32154	TAG	1295
KNC32161	TAA	606
KNC32158	TAA	64
KNC32159	TAA	841
KNC32162	TAA	336
KNC29516	TAA	797
KNC21787	TAA	381
KNC21302	TGA	102
KNC33209	TAA	346
KNC33207	TGA	1247
KNC33208	TAA	191
KNC33205	TAG	389
KNC33206	TAA	322
KNC33204	TAA	1171
KNC25658	TAG	21
KNC25659	TAG	28
KNC33052	TAA	245
KNC26545	TAG	4730
KNC26543	TGA	327
KNC22547	TGA	510
KNC22548	TAA	151
KNC30688	TGA	577
KNC30686	TGA	61
KNC30636	TAA	1020
KNC30691	TAA	2688
KNC30689	TAA	4904
KNC30685	TAG	126
KNC29186	TAA	443
KNC29189	TGA	97
KNC29190	TAG	389
KNC29187	TAA	676
KNC29188	TAG	885
KNC21442	TAA	3241
KNC21405	TAA	2167
KNC21444	TAA	1710
KNC21368	TAG	1082
KNC21357	TGA	2071
KNC21403	TAA	153
KNC23842	TAG	559
KNC23843	TAG	1133
KNC33874	TAA	678
KNC33868	TAA	858
KNC26184	TAA	145
KNC26227	TAA	254
KNC26228	TAG	2672
KNC26225	TAA	81
KNC28744	TAA	1072
KNC26230	TAA	110
KNC28745	TAA	47
KNC25679	TAG	115
KNC24586	TAA	157
KNC21298	TGA	129
KNC31641	TGA	11
KNC25955	TAA	1456
KNC32603	TAA	98
KNC25956	TAA	465
KNC27985	TAG	763
KNC32583	TAA	214
KNC31262	TAG	958
KNC27983	TAA	1386
KNC33773	TAA	112
KNC23981	TAA	7
KNC22698	TAA	22
KNC28110	TGA	129
KNC33771	TAA	1924
KNC26161	TGA	349
KNC33775	TAA	652
KNC28442	TAA	19
KNC33779	TGA	746
KNC32761	TAA	131
KNC32650	TAA	81
KNC32654	TAA	2702
KNC32655	TAA	429
KNC24795	TAA	3438
KNC32651	TAA	79
KNC29278	TAA	28
KNC29276	TAA	345
KNC29273	TAA	242
KNC29272	TAA	185
KNC28780	TGA	1161
KNC29270	TAA	318
KNC27448	TAA	82
KNC27446	TAA	811
KNC27443	TAA	300
KNC27441	TAA	575
KNC27429	TAA	1477
KNC28778	TAG	2311
KNC28779	TAA	1834
KNC25493	TAA	907
KNC34022	TAA	630
KNC25503	TAG	1755
KNC25737	TAA	1157
KNC25763	TAA	1332
KNC25762	TAA	2197
KNC25760	TGA	1522
KNC25770	TGA	717
KNC25736	TAA	749
KNC20907	TAG	158
KNC20909	TAA	356
KNC26706	TAA	906
KNC24398	TAA	63
KNC24396	TGA	1143
KNC24413	TGA	1627
KNC25105	TAA	280
KNC25119	TAA	54
KNC25118	TAA	104
KNC25114	TAA	356
KNC28447	TAA	175
KNC28448	TAA	15
KNC26438	TAA	188
KNC21760	TAG	499
KNC23970	TAG	761
KNC26015	TAG	74
KNC31195	TAA	65
KNC31196	TAA	149
KNC31194	TAA	771
KNC31314	TGA	423
KNC31193	TAA	624
KNC31165	TGA	260
KNC26001	TGA	76
KNC26002	TGA	26
KNC32138	TAA	592
KNC22001	TAA	196
KNC21918	TAG	31
KNC21919	TGA	36
KNC21917	TAG	803
KNC22003	TAA	1524
KNC21915	TAA	144
KNC24906	TAA	545
KNC24907	TAG	3252
KNC24911	TAA	19
KNC24909	TAA	196
KNC31878	TAA	847
KNC25597	TAA	66
KNC32372	TGA	402
KNC32370	TAG	11
KNC33270	TAA	750
KNC33269	TAA	20
KNC33266	TAA	136
KNC33128	TAG	395
KNC28501	TAA	336
KNC24196	TAA	372
KNC24197	TGA	569
KNC24190	TAA	269
KNC24188	TGA	419
KNC24194	TAG	82
KNC24192	TAG	298
KNC24193	TAA	608
KNC27922	TAA	664
KNC27921	TAA	64
KNC30329	TAA	166
KNC30094	TGA	1475
KNC30331	TAA	294
KNC30335	TGA	209
KNC25137	TGA	550
KNC25382	TAA	8
KNC25381	TAA	617
KNC25379	TAA	2498
KNC25376	TAA	649
KNC25377	TAG	163
KNC29818	TGA	98
KNC29819	TAA	327
KNC29816	TAG	917
KNC29375	TGA	422
KNC33236	TAA	1007
KNC22449	TAA	67
KNC23288	TAA	877
KNC23290	TAA	2107
KNC21621	TAA	277
KNC21619	TAA	1321
KNC32252	TAA	34
KNC22624	TAA	682
KNC29673	TAA	705
KNC30598	TAA	52
KNC29671	TAA	360
KNC29676	TAA	65
KNC24946	TAA	1248
KNC23532	TGA	1550
KNC22562	TAA	161
KNC22559	TAA	1244
KNC22557	TAA	414
KNC23538	TAG	795
KNC25068	TGA	207
KNC25044	TAG	2464
KNC25069	TAA	1103
KNC25004	TAA	14
KNC29082	TAA	80
KNC20826	TAA	347
KNC33844	TAA	786
KNC22962	TAA	499
KNC25242	TGA	1064
KNC27135	TGA	145
KNC32028	TAA	1334
KNC24767	TAA	807
KNC22958	TAA	135
KNC32124	TAA	52
KNC22948	TGA	1854
KNC32121	TAA	2261
KNC32125	TAA	1687
KNC32128	TAG	4197
KNC24170	TAA	63
KNC23531	TGA	372
KNC29196	TAA	197
KNC29197	TAA	1478
KNC23535	TAA	1879
KNC22862	TGA	3830
KNC33081	TAG	19
KNC33085	TGA	3616
KNC33083	TAA	221
KNC33084	TAG	230
KNC33089	TAA	468
KNC31243	TAA	705
KNC21099	TAA	6265
KNC30744	TGA	554
KNC30742	TAA	1195
KNC31246	TAG	2388
KNC30740	TAA	17
KNC30728	TAA	240
KNC30701	TAA	550
KNC30245	TAA	248
KNC30243	TAA	13
KNC30244	TAA	1091
KNC30241	TAA	1391
KNC30242	TGA	2058
KNC28825	TGA	2624
KNC25696	TAA	630
KNC25699	TAA	1612
KNC25712	TAA	844
KNC22727	TGA	4576
KNC22728	TAA	61
KNC22721	TGA	952
KNC22722	TAA	318
KNC26893	TAG	961
KNC22729	TAA	55
KNC23929	TGA	28
KNC28395	TAA	130
KNC23928	TAG	569
KNC27323	TAG	1231
KNC27321	TAG	272
KNC27322	TAG	21
KNC27297	TAG	1002
KNC22539	TAA	67
KNC28426	TAG	983
KNC22546	TAA	420
KNC22543	TGA	89
KNC22540	TAA	64
KNC22619	TAG	2065
KNC29996	TAA	1087
KNC26652	TGA	1144
KNC26944	TAA	342
KNC27358	TGA	188
KNC28011	TAG	2532
KNC34833	TGA	75
KNC34829	TAG	103
KNC28007	TAA	60
KNC28010	TAA	15
KNC33866	TAA	1433
KNC33864	TAA	2300
KNC34831	TAA	73
KNC34832	TAG	199
KNC29260	TAA	405
KNC29266	TAA	1040
KNC27421	TGA	1152
KNC27425	TAA	161
KNC27424	TAA	172
KNC29992	TGA	7191
KNC33876	TAA	877
KNC26493	TAG	1674
KNC26463	TAA	64
KNC26464	TAA	204
KNC26461	TAA	151
KNC26490	TAA	1468
KNC31980	TAA	232
KNC29061	TAA	671
KNC30420	TAG	397
KNC33877	TAA	2797
KNC30419	TGA	214
KNC24565	TAA	97
KNC33879	TAA	1082
KNC34391	TGA	445
KNC26265	TAA	299
KNC34648	TAG	36
KNC26273	TAA	1200
KNC26274	TAA	2539
KNC26272	TAG	147
KNC26269	TAA	480
KNC26270	TAA	2080
KNC26267	TAG	107
KNC25778	TAA	374
KNC21702	TAA	234
KNC21699	TGA	16
KNC21697	TAA	1056
KNC21698	TAG	113
KNC32010	TGA	2203
KNC29439	TGA	107
KNC32006	TGA	263
KNC29437	TAG	3344
KNC29438	TGA	402
KNC29435	TAA	8
KNC29434	TGA	24
KNC29441	TAA	238
KNC29432	TAA	179
KNC26108	TAA	1385
KNC31864	TAA	5
KNC24451	TAA	72
KNC24478	TGA	183
KNC24455	TAA	824
KNC24452	TAA	612
KNC24453	TAA	623
KNC34605	TAA	96
KNC34608	TAA	41
KNC24429	TAA	18
KNC27715	TAA	283
KNC27710	TAA	432
KNC27711	TAA	813
KNC27708	TAA	1670
KNC27709	TAA	1380
KNC27093	TAA	74
KNC27094	TAA	18
KNC27099	TGA	37
KNC27098	TAA	1203
KNC33796	TAA	5017
KNC33816	TAA	113
KNC21108	TAA	594
KNC33918	TAA	1007
KNC29515	TAA	609
KNC29513	TAA	356
KNC29514	TAA	235
KNC31323	TAA	1325
KNC31289	TAA	126
KNC31319	TAA	418
KNC31320	TAA	999
KNC31317	TAA	144
KNC32329	TAA	262
KNC32328	TAA	1241
KNC21105	TAA	431
KNC26554	TAA	522
KNC21112	TAA	26
KNC26979	TAA	2407
KNC29751	TAA	37
KNC29771	TAA	719
KNC30036	TAA	1158
KNC30037	TAA	71
KNC25631	TAA	1591
KNC29749	TAA	3955
KNC24234	TAA	775
KNC24233	TAA	688
KNC24230	TAA	46
KNC24231	TAA	78
KNC29809	TAG	1715
KNC31702	TGA	870
KNC32640	TAA	795
KNC29810	TAA	325
KNC24564	TAA	1266
KNC25360	TAA	207
KNC25361	TGA	27
KNC25359	TGA	1630
KNC25363	TGA	182
KNC28878	TAA	78
KNC25371	TAA	372
KNC22927	TAA	59
KNC28879	TAA	430
KNC30323	TAG	637
KNC30320	TAA	145
KNC30318	TAA	206
KNC30319	TAG	29
KNC26432	TGA	58
KNC27841	TAA	142
KNC21239	TAA	80
KNC33471	TAA	497
KNC30594	TAG	279
KNC30845	TAA	117
KNC30843	TAA	1109
KNC30847	TAG	323
KNC30848	TAA	263
KNC30851	TAA	108
KNC30852	TAA	2434
KNC33183	TAA	138
KNC32491	TAA	755
KNC32487	TAA	153
KNC32489	TAA	922
KNC32490	TAA	1030
KNC23816	TGA	590
KNC23817	TAA	275
KNC23820	TAA	4204
KNC23818	TAA	900
KNC23819	TGA	223
KNC23823	TAA	47
KNC29617	TGA	46
KNC23214	TAA	129
KNC29850	TGA	550
KNC25057	TAA	2473
KNC26678	TGA	162
KNC21145	TAA	336
KNC21146	TAA	251
KNC25062	TAA	510
KNC24959	TAA	825
KNC23768	TGA	142
KNC28763	TAA	263
KNC28760	TAA	537
KNC28759	TAG	376
KNC23449	TAA	1136
KNC23749	TAA	19
KNC23771	TAA	672
KNC31548	TAA	562
KNC21389	TAA	266
KNC21387	TAA	635
KNC27807	TAA	508
KNC27808	TAA	15
KNC28651	TAA	1581
KNC30924	TAG	1903
KNC30908	TAA	39
KNC30909	TAA	29
KNC24032	TAA	311
KNC28653	TAA	3316
KNC27382	TAG	11
KNC30695	TAA	97
KNC30704	TGA	480
KNC30711	TAA	144
KNC30705	TAA	495
KNC27381	TAA	197
KNC25710	TAA	860
KNC25705	TGA	379
KNC27384	TAG	590
KNC21732	TAA	1812
KNC21733	TAA	3035
KNC21730	TAA	1246
KNC21731	TAA	1778
KNC21734	TAA	793
KNC21728	TAG	4247
KNC29192	TAA	70
KNC27679	TAA	801
KNC21907	TAA	580
KNC22297	TGA	623
KNC21910	TAA	222
KNC21935	TAA	986
KNC21931	TAA	341
KNC27680	TAG	112
KNC31026	TAA	169
KNC26115	TAA	96
KNC31025	TAA	62
KNC31023	TGA	727
KNC32238	TAG	8
KNC32255	TGA	24
KNC29588	TGA	44
KNC29589	TAA	1032
KNC26341	TAA	3
KNC27528	TGA	48
KNC30237	TAG	4189
KNC31437	TAA	430
KNC31438	TAG	150
KNC30982	TAA	273
KNC30233	TAA	150
KNC27305	TGA	1907
KNC27309	TAA	127
KNC23200	TGA	182
KNC29256	TAG	1899
KNC29254	TAA	371
KNC29251	TAA	1350
KNC29252	TAA	69
KNC29249	TAA	60
KNC33305	TGA	383
KNC24792	TGA	687
KNC33147	TGA	481
KNC33146	TAA	230
KNC33144	TGA	27
KNC33141	TAG	1563
KNC21584	TAA	852
KNC32980	TAA	13
KNC33139	TAA	847
KNC21308	TAA	27
KNC30186	TAA	412
KNC33140	TAA	433
KNC25054	TAA	4495
KNC28199	TAG	2277
KNC28059	TAA	590
KNC28056	TAG	897
KNC28206	TAA	126
KNC28057	TAA	2924
KNC21310	TAA	3723
KNC26258	TAA	4222
KNC26255	TAA	248
KNC26260	TAA	157
KNC21690	TGA	1518
KNC21687	TGA	253
KNC21688	TAG	128
KNC25914	TAA	341
KNC24740	TAA	36
KNC25911	TAA	111
KNC22900	TAA	55
KNC22897	TAA	1432
KNC22904	TAA	1163
KNC22901	TGA	2329
KNC22902	TAA	223
KNC21039	TAG	112
KNC24737	TAA	1328
KNC29695	TAA	2070
KNC24736	TAA	965
KNC34603	TAA	55
KNC34604	TAA	81
KNC34598	TAG	446
KNC34596	TAA	308
KNC34595	TAA	878
KNC31903	TAA	282
KNC24044	TAG	50
KNC27156	TAG	1119
KNC27157	TGA	1664
KNC27155	TAA	439
KNC32824	TAA	1046
KNC32822	TAA	528
KNC32821	TAA	826
KNC32819	TGA	18
KNC32820	TAA	7
KNC32825	TAA	405
KNC26383	TAG	114
KNC31256	TAA	584
KNC31257	TAA	1677
KNC31261	TAA	404
KNC31260	TAG	4349
KNC31252	TAA	523
KNC28109	TAA	351
KNC31254	TAA	197
KNC31255	TAA	934
KNC31824	TAG	166
KNC28775	TAG	809
KNC28772	TGA	738
KNC31826	TAA	399
KNC31336	TGA	679
KNC22818	TAA	80
KNC22820	TAA	271
KNC22821	TAA	1106
KNC32114	TAG	825
KNC21058	TGA	244
KNC25233	TAA	792
KNC32641	TGA	53
KNC22966	TGA	539
KNC32637	TAA	81
KNC32638	TGA	429
KNC32635	TAG	24
KNC32643	TAA	1684
KNC32634	TAA	246
KNC26206	TAG	47
KNC25374	TAG	1364
KNC25375	TAA	363
KNC33476	TGA	48
KNC30114	TAG	140
KNC30113	TAA	174
KNC30112	TAG	12
KNC30118	TAA	3008
KNC30111	TAA	471
KNC30312	TAA	589
KNC30316	TAA	105
KNC29214	TGA	223
KNC26396	TAA	39
KNC20620	TAA	377
KNC33733	TAA	95
KNC33734	TAA	405
KNC33735	TAA	733
KNC33736	TAG	209
KNC21894	TAA	142
KNC21015	TAA	309
KNC21897	TAA	376
KNC31667	TAA	918
KNC31668	TAA	127
KNC31665	TAG	305
KNC31666	TAA	12
KNC31669	TAA	349
KNC31670	TAG	2023
KNC31698	TAG	423
KNC20618	TAA	674
KNC33335	TAA	40
KNC30841	TAA	1238
KNC30820	TGA	118
KNC30821	TAA	729
KNC26339	TAA	1271
KNC27876	TAA	70
KNC22246	TGA	4
KNC30268	TGA	1261
KNC21307	TAA	19
KNC25053	TAA	1752
KNC25048	TAA	43
KNC25046	TAG	578
KNC25050	TAA	1173
KNC29685	TAA	171
KNC29694	TAA	897
KNC29693	TAA	3371
KNC22713	TAA	56
KNC20625	TAA	464
KNC26207	TAA	256
KNC26200	TAA	520
KNC26203	TGA	2586
KNC26204	TAA	156
KNC32622	TAG	235
KNC23085	TAA	5086
KNC32623	TAA	206
KNC22403	TAA	441
KNC22406	TGA	3557
KNC22404	TAA	148
KNC22391	TGA	585
KNC22407	TAA	940
KNC28118	TAG	290
KNC28119	TAA	92
KNC28117	TAA	327
KNC28115	TAA	325
KNC28112	TAG	177
KNC28113	TGA	3043
KNC34015	TAG	855
KNC28120	TAA	2449
KNC30693	TAA	383
KNC30717	TAG	2521
KNC30714	TAA	320
KNC34379	TAA	2488
KNC34377	TAA	1609
KNC34375	TAA	2285
KNC34376	TAA	497
KNC32559	TAA	17
KNC31673	TAG	262
KNC28564	TGA	993
KNC21244	TAG	1175
KNC31158	TAA	1212
KNC25630	TAA	458
KNC32561	TAA	313
KNC32562	TGA	155
KNC29338	TAA	64
KNC28730	TAA	11
KNC29336	TGA	196
KNC29337	TAG	138
KNC28731	TAA	589
KNC27540	TAA	119
KNC27544	TAA	469
KNC27542	TAA	2084
KNC21519	TAA	918
KNC27545	TAA	10
KNC33586	TAG	223
KNC33583	TAG	850
KNC24249	TGA	151
KNC24246	TAG	556
KNC24251	TAG	1024
KNC24483	TGA	4865
KNC25143	TAA	898
KNC27774	TGA	145
KNC30450	TAA	279
KNC34028	TAA	4428
KNC30622	TAA	804
KNC33977	TGA	233
KNC33764	TAG	1047
KNC21517	TAA	863
KNC34380	TGA	40
KNC33974	TGA	75
KNC34381	TAA	13
KNC24209	TAG	143
KNC27760	TAG	930
KNC23280	TAG	190
KNC27373	TAA	21
KNC26254	TAA	223
KNC34271	TGA	678
KNC30182	TAA	709
KNC26336	TGA	2907
KNC24568	TAA	1915
KNC21136	TAG	149
KNC26196	TGA	1036
KNC32261	TGA	608
KNC24818	TAA	425
KNC28859	TAA	117
KNC28874	TAA	28
KNC28861	TAA	1369
KNC28849	TAA	14
KNC28850	TAA	474
KNC30957	TAA	173
KNC30576	TGA	188
KNC24415	TAA	946
KNC24416	TGA	752
KNC30778	TAA	5648
KNC26938	TAA	918
KNC34384	TAA	123
KNC28935	TAG	768
KNC34006	TAA	148
KNC21060	TAA	66
KNC31302	TAA	674
KNC31299	TAA	340
KNC31219	TAA	199
KNC31217	TAA	299
KNC31218	TAA	5360
KNC28521	TAG	1188
KNC28522	TAA	5128
KNC28547	TAA	4521
KNC28518	TAA	203
KNC28519	TAA	2478
KNC28516	TAA	339
KNC28523	TGA	2347
KNC28524	TAA	435
KNC31065	TAA	269
KNC34259	TAA	588
KNC34261	TAA	57
KNC31061	TGA	81
KNC22809	TAA	11
KNC22817	TAA	1478
KNC22812	TGA	1182
KNC22813	TAG	2651
KNC22811	TAG	136
KNC27140	TGA	307
KNC27143	TGA	243
KNC27091	TGA	963
KNC27141	TAA	690
KNC22455	TAA	274
KNC22458	TGA	1060
KNC30675	TGA	89
KNC30670	TAG	4753
KNC30667	TAA	352
KNC30668	TGA	289
KNC30672	TAA	5885
KNC30673	TAA	175
KNC30671	TAA	1676
KNC30683	TAA	58
KNC32268	TAA	1644
KNC33776	TAA	237
KNC31818	TAA	993
KNC31805	TGA	789
KNC31803	TAA	59
KNC31832	TAA	1720
KNC31839	TAG	631
KNC28956	TAA	3243
KNC28985	TAA	184
KNC28969	TAG	1222
KNC28982	TAG	23
KNC28983	TGA	2439
KNC30173	TAA	62
KNC30167	TAA	790
KNC30164	TAG	476
KNC30165	TAG	78
KNC30171	TAA	80
KNC30168	TAG	1137
KNC30085	TGA	346
KNC30091	TAA	81
KNC30088	TAG	138
KNC30082	TAA	65
KNC30083	TAA	365
KNC21751	TAG	16
KNC21750	TAA	1076
KNC33958	TAG	17
KNC29610	TAA	169
KNC21011	TGA	804
KNC31664	TAG	140
KNC35001	TGA	979
KNC35000	TAA	1239
KNC21614	TAA	778
KNC32862	TAA	134
KNC32869	TAA	471
KNC32870	TAG	212
KNC32867	TAA	419
KNC32865	TAA	217
KNC32866	TAA	237
KNC32863	TAA	125
KNC32864	TAA	594
KNC20595	TAA	260
KNC20594	TAA	620
KNC20600	TAA	1562
KNC20597	TAA	197
KNC26516	TAA	313
KNC26514	TAA	2030
KNC26515	TAG	648
KNC26513	TAA	1380
KNC31078	TAA	406
KNC31079	TAA	280
KNC31075	TAA	21
KNC28337	TAA	613
KNC28333	TAA	65
KNC28331	TAA	111
KNC28329	TAA	54
KNC22571	TAG	304
KNC22146	TAA	712
KNC22572	TGA	292
KNC22573	TAA	51
KNC25042	TAA	2156
KNC24950	TGA	107
KNC25040	TAA	18
KNC25039	TAA	18
KNC32452	TAA	756
KNC32453	TAA	934
KNC32397	TAA	140
KNC32398	TAA	766
KNC32396	TAG	853
KNC32393	TAA	247
KNC24038	TAG	18
KNC29333	TAG	69
KNC22950	TGA	1919
KNC32108	TGA	99
KNC34194	TGA	236
KNC34198	TGA	1216
KNC34202	TAA	18
KNC34193	TAG	994
KNC23071	TAA	1603
KNC34199	TGA	80
KNC34200	TAA	103
KNC23083	TAG	734
KNC29579	TGA	377
KNC29507	TAA	1380
KNC29582	TGA	1784
KNC29580	TAA	337
KNC29581	TGA	6485
KNC29508	TAA	2368
KNC33699	TGA	896
KNC25959	TGA	899
KNC24368	TAG	1137
KNC24375	TAA	703
KNC24376	TAA	63
KNC24373	TAG	434
KNC24374	TAA	47
KNC24371	TAA	777
KNC24372	TGA	424
KNC24156	TAA	432
KNC33589	TAA	97
KNC34310	TGA	2205
KNC34303	TAA	1016
KNC34301	TAA	375
KNC34308	TAA	367
KNC34305	TAA	643
KNC24160	TAA	496
KNC28818	TAA	312
KNC26901	TAA	157
KNC29002	TAA	600
KNC20616	TAA	290
KNC21253	TGA	16
KNC21255	TAA	11
KNC21261	TAA	334
KNC21273	TGA	466
KNC21254	TAA	153
KNC28844	TGA	4012
KNC32110	TGA	161
KNC32112	TAA	6351
KNC32130	TAA	2559
KNC29244	TAA	74
KNC29241	TAA	28
KNC29242	TAA	330
KNC29239	TAA	895
KNC29240	TAA	419
KNC32177	TGA	669
KNC32184	TAA	3116
KNC32174	TGA	1377
KNC32175	TAA	2360
KNC33577	TAA	29
KNC33576	TGA	4755
KNC32150	TAA	29
KNC32147	TGA	1349
KNC24358	TAA	2590
KNC30430	TAA	109
KNC30428	TAA	1876
KNC28396	TAG	238
KNC29389	TGA	1510
KNC29407	TGA	393
KNC29400	TGA	115
KNC30109	TAA	12
KNC30073	TAA	207
KNC26841	TAA	236
KNC30107	TAA	58
KNC34894	TAA	890
KNC26828	TAA	1758
KNC26829	TAG	1795
KNC26847	TAA	10
KNC22088	TAA	260
KNC26798	TAA	2043
KNC24062	TAG	55
KNC24063	TGA	71
KNC30411	TAA	24
KNC30406	TGA	229
KNC30405	TAA	409
KNC30408	TAG	43
KNC30409	TAA	407
KNC30412	TAG	619
KNC26333	TAA	15
KNC26325	TAA	109
KNC26330	TAA	4
KNC28445	TAA	164
KNC24888	TAA	3378
KNC24885	TAA	645
KNC24886	TGA	3495
KNC24839	TAA	227
KNC24851	TAG	1092
KNC24852	TAA	293
KNC27560	TGA	57
KNC27558	TAA	1894
KNC27559	TGA	298
KNC27562	TAA	33
KNC32817	TAA	1863
KNC32812	TGA	72
KNC32811	TAG	36
KNC28232	TAA	2904
KNC28243	TGA	44
KNC28244	TAA	529
KNC28236	TAA	1834
KNC28237	TAA	1484
KNC26925	TGA	296
KNC26928	TAA	15
KNC28514	TAG	87
KNC28508	TAG	34
KNC28503	TAA	48
KNC29746	TAA	443
KNC29764	TAA	1745
KNC29745	TAG	311
KNC29743	TAG	517
KNC29759	TGA	988
KNC22854	TAA	157
KNC22850	TAA	2061
KNC22851	TAA	313
KNC22807	TAG	4221
KNC22804	TAA	356
KNC21464	TAA	2659
KNC24671	TAG	1024
KNC22478	TAA	105
KNC30655	TAG	3332
KNC30661	TAA	1143
KNC30662	TAA	258
KNC30659	TAG	1346
KNC30660	TAG	4326
KNC25517	TAA	21
KNC28443	TAA	339
KNC22519	TAA	27
KNC22503	TAA	141
KNC33379	TAA	1839
KNC33381	TGA	1187
KNC33387	TAA	3528
KNC33375	TAG	3351
KNC21807	TAA	355
KNC25335	TAG	45
KNC25332	TAA	193
KNC25333	TAA	69
KNC21810	TAA	50
KNC21808	TAA	183
KNC23574	TAA	7
KNC31786	TAA	1322
KNC31784	TAA	32
KNC31785	TAA	117
KNC23580	TAA	43
KNC22283	TGA	351
KNC21740	TAA	1344
KNC21741	TAA	258
KNC21739	TAA	94
KNC21744	TAA	76
KNC21743	TAA	543
KNC21746	TAA	231
KNC21747	TAG	3049
KNC25525	TGA	1137
KNC23991	TGA	1139
KNC31858	TAG	1127
KNC29857	TAA	68
KNC29858	TAA	960
KNC29855	TGA	641
KNC29856	TAA	1058
KNC23336	TAG	255
KNC31972	TAA	130
KNC26503	TAG	5379
KNC26508	TAA	1754
KNC26505	TGA	855
KNC26506	TAG	168
KNC27188	TAA	214
KNC27189	TAA	60
KNC27186	TAA	34
KNC27191	TAG	278
KNC30853	TGA	75
KNC30833	TAG	15
KNC30855	TGA	20
KNC22170	TGA	297
KNC32679	TAA	498
KNC32681	TAG	319
KNC32682	TAA	607
KNC31050	TGA	764
KNC22957	TAA	2066
KNC34214	TAA	239
KNC31763	TAA	1207
KNC34215	TAG	163
KNC33883	TAA	42
KNC31714	TGA	862
KNC21374	TAA	74
KNC22291	TGA	410
KNC31538	TAA	3490
KNC23325	TAA	855
KNC21373	TAA	15
KNC22290	TAA	808
KNC21446	TAA	557
KNC31593	TAA	123
KNC34186	TAA	1063
KNC34184	TAG	196
KNC34190	TAA	83
KNC34188	TAG	212
KNC29625	TGA	2144
KNC34182	TGA	448
KNC34183	TAG	118
KNC29618	TAA	89
KNC28593	TAA	36
KNC28594	TAA	751
KNC28591	TAA	388
KNC28592	TGA	3432
KNC24311	TAA	634
KNC24359	TAA	1548
KNC24360	TGA	625
KNC24363	TAA	7
KNC28166	TAG	611
KNC28167	TGA	255
KNC23853	TAG	203
KNC24367	TGA	221
KNC32020	TAA	676
KNC23854	TGA	839
KNC34297	TAA	310
KNC23857	TAA	7163
KNC34291	TAA	504
KNC34292	TAA	239
KNC21127	TAA	722
KNC21128	TGA	81
KNC33747	TAG	26
KNC28310	TGA	262
KNC31751	TAG	82
KNC30184	TAA	1287
KNC29505	TGA	149
KNC30189	TAA	3913
KNC29490	TAA	1024
KNC29541	TAG	797
KNC26107	TAA	1027
KNC20612	TAA	281
KNC33521	TAA	171
KNC31140	TAA	76
KNC31125	TAA	119
KNC30199	TAA	83
KNC31142	TAA	664
KNC31126	TAG	1151
KNC31127	TAA	85
KNC26870	TAG	24
KNC25941	TAA	1032
KNC25939	TAG	47
KNC26863	TAA	520
KNC32975	TAA	866
KNC28439	TAA	158
KNC30137	TAA	180
KNC32973	TAA	442
KNC27486	TAA	14
KNC28024	TAA	195
KNC28030	TAA	1113
KNC28027	TAA	229
KNC28028	TAA	1426
KNC28026	TAA	572
KNC33928	TAA	9
KNC29573	TAA	864
KNC33930	TAA	270
KNC33931	TAA	1220
KNC33934	TAA	158
KNC30217	TAA	418
KNC30220	TAG	733
KNC29979	TAG	503
KNC24512	TAA	858
KNC24510	TGA	1442
KNC26989	TGA	82
KNC26987	TAA	4169
KNC26991	TAA	342
KNC26992	TAA	48
KNC32852	TAA	109
KNC32859	TGA	130
KNC21828	TGA	98
KNC32853	TAG	77
KNC32854	TAA	22
KNC20952	TAA	90
KNC33554	TAG	317
KNC33555	TAA	799
KNC20949	TAA	102
KNC20950	TAA	535
KNC20948	TAA	1102
KNC33559	TAA	830
KNC33556	TAA	186
KNC24961	TGA	30
KNC28419	TAA	19
KNC22258	TAA	169
KNC22253	TAA	27
KNC22254	TAA	245
KNC24100	TAA	34
KNC24101	TAG	1068
KNC30525	TAG	159
KNC24099	TAG	160
KNC24092	TAA	1042
KNC24093	TAA	64
KNC30523	TAG	30
KNC21559	TAA	106
KNC21560	TGA	34
KNC21563	TAA	1386
KNC21561	TAA	234
KNC21562	TGA	1048
KNC21567	TAA	178
KNC27389	TAA	69
KNC26322	TAA	1786
KNC26323	TAA	429
KNC26319	TAG	49
KNC34863	TAA	769
KNC23316	TAG	860
KNC30812	TAA	342
KNC32799	TAA	44
KNC32803	TAA	109
KNC32804	TAA	647
KNC32807	TAA	64
KNC32800	TAG	1135
KNC28249	TAA	222
KNC28246	TAA	113
KNC28248	TAG	449
KNC28241	TAA	335
KNC28242	TGA	4030
KNC28226	TAA	259
KNC30600	TAA	271
KNC21311	TAA	840
KNC32878	TAA	880
KNC24036	TGA	522
KNC31249	TAA	2747
KNC31271	TAA	205
KNC31268	TAA	824
KNC31266	TGA	635
KNC28605	TAG	1242
KNC28606	TAG	1853
KNC28600	TAG	60
KNC34165	TAA	124
KNC27683	TAA	2419
KNC27681	TAA	190
KNC27682	TAA	631
KNC31028	TAA	845
KNC27685	TAA	1103
KNC26983	TGA	5072
KNC24035	TAA	55
KNC24127	TAG	462
KNC21451	TGA	585
KNC21448	TAA	379
KNC21404	TAA	1278
KNC21454	TAA	371
KNC21452	TAA	1124
KNC21453	TAA	212
KNC24660	TAA	726
KNC21076	TAG	5271
KNC30753	TAA	73
KNC30756	TGA	2273
KNC30754	TAA	1368
KNC30755	TAA	1993
KNC28157	TAG	3885
KNC29840	TAA	659
KNC26537	TGA	13
KNC26536	TAA	508
KNC26059	TGA	3869
KNC29841	TAA	570
KNC30516	TAA	1723
KNC30520	TAA	1324
KNC30246	TAA	739
KNC32617	TAA	333
KNC26041	TAA	21
KNC23664	TAA	6
KNC23661	TAA	15
KNC23662	TAG	2846
KNC23650	TAA	1486
KNC27942	TAG	1673
KNC24405	TGA	817
KNC27951	TAA	1660
KNC27948	TAA	4
KNC27949	TAA	73
KNC27946	TAA	292
KNC29670	TGA	1129
KNC29645	TAG	216
KNC24406	TAA	771
KNC29643	TAA	59
KNC29644	TAA	26
KNC29641	TAA	56
KNC28140	TAA	1150
KNC22230	TAA	2175
KNC22229	TGA	727
KNC34956	TAA	429
KNC28924	TAA	2402
KNC34628	TAA	486
KNC34627	TAA	405
KNC34630	TGA	194
KNC28928	TAA	219
KNC28922	TAG	228
KNC28927	TAA	15
KNC28193	TAA	899
KNC20589	TAA	107
KNC28191	TAA	1
KNC28472	TGA	106
KNC29686	TAA	5142
KNC23919	TAA	274
KNC23813	TGA	81
KNC23810	TAA	575
KNC23811	TAA	405
KNC23809	TAG	16
KNC29014	TAA	87
KNC29021	TAA	358
KNC29022	TAG	1102
KNC29019	TAG	1160
KNC29020	TAA	1655
KNC29017	TAA	43
KNC29018	TGA	457
KNC22276	TAA	660
KNC29016	TGA	262
KNC23231	TAA	344
KNC28158	TGA	18
KNC28151	TAG	684
KNC21551	TAA	909
KNC28161	TAG	912
KNC23495	TGA	39
KNC28164	TAA	323
KNC28163	TAA	3164
KNC28152	TAA	4082
KNC34005	TAG	1823
KNC32759	TAA	794
KNC21755	TAA	1255
KNC27864	TAA	259
KNC27865	TAG	44
KNC33613	TAA	248
KNC22732	TAG	228
KNC22733	TAA	4560
KNC27248	TAA	168
KNC27857	TAA	204
KNC25886	TGA	355
KNC21064	TAA	337
KNC21059	TAA	763
KNC29517	TAA	571
KNC22032	TAA	307
KNC29522	TAG	292
KNC30969	TAG	5437
KNC32563	TAA	702
KNC28623	TAA	3980
KNC28642	TGA	1236
KNC28625	TAG	52
KNC28626	TAA	476
KNC28639	TGA	190
KNC32568	TAA	424
KNC31129	TAA	777
KNC26397	TGA	52
KNC32566	TGA	29
KNC29748	TAA	802
KNC31130	TGA	2311
KNC31131	TAA	244
KNC24719	TAA	480
KNC34280	TAG	1517
KNC34281	TAA	14
KNC28716	TAA	164
KNC28721	TGA	253
KNC29753	TAG	138
KNC33553	TAG	187
KNC28015	TAA	182
KNC28016	TAA	9
KNC28020	TAG	184
KNC28021	TGA	451
KNC23265	TGA	232
KNC31338	TAA	657
KNC22324	TGA	2802
KNC27019	TGA	3164
KNC26985	TAA	411
KNC27016	TAA	347
KNC22695	TAA	307
KNC22696	TGA	12
KNC23546	TAG	67
KNC23551	TAG	854
KNC22325	TAG	194
KNC28677	TAA	389
KNC28678	TAA	132
KNC28722	TAA	379
KNC28726	TAG	308
KNC28725	TAG	454
KNC28675	TAA	245
KNC32746	TAA	318
KNC32747	TAA	269
KNC22315	TAG	854
KNC22316	TAA	259
KNC22319	TAA	320
KNC26817	TAA	374
KNC26816	TGA	973
KNC26805	TAA	13
KNC33016	TAA	85
KNC29347	TAA	420
KNC29345	TAA	623
KNC29356	TAA	432
KNC24834	TGA	144
KNC32615	TAA	869
KNC29634	TAA	153
KNC22887	TAA	92
KNC22888	TGA	1186
KNC22885	TAA	1268
KNC22886	TGA	89
KNC22892	TGA	130
KNC22889	TAA	926
KNC26521	TAA	385
KNC26522	TAA	339
KNC21077	TAA	2539
KNC34066	TGA	330
KNC24027	TAA	936
KNC24028	TGA	25
KNC24024	TAA	448
KNC31473	TAA	288
KNC31468	TAA	9
KNC31476	TAG	5
KNC31474	TAA	6
KNC31475	TGA	855
KNC30591	TAA	406
KNC30592	TAA	63
KNC30578	TAA	2459
KNC30581	TAA	1273
KNC22329	TAA	122
KNC28348	TGA	1279
KNC28353	TAG	749
KNC28558	TAA	1190
KNC28608	TAA	3639
KNC28511	TAG	851
KNC28607	TGA	692
KNC28346	TAA	2105
KNC32212	TGA	11440
KNC20837	TGA	1485
KNC20838	TAA	635
KNC32210	TAG	7
KNC25531	TAA	334
KNC25585	TAA	106
KNC25586	TAG	204
KNC25583	TAG	206
KNC25582	TAA	1552
KNC25533	TAA	330
KNC25534	TAG	794
KNC33337	TGA	186
KNC34004	TAG	248
KNC30679	TAA	3417
KNC30680	TAA	1526
KNC30716	TGA	2405
KNC30732	TAA	1829
KNC30681	TAA	2745
KNC30730	TAA	2996
KNC30666	TAA	6108
KNC30713	TAA	790
KNC22330	TAA	254
KNC27818	TAA	293
KNC27819	TGA	641
KNC32324	TAA	147
KNC32326	TAG	122
KNC22797	TAA	230
KNC22795	TGA	283
KNC22796	TAA	96
KNC22793	TAA	65
KNC20686	TAA	34
KNC22799	TAG	134
KNC33025	TAA	221
KNC24107	TAA	989
KNC24104	TAA	2688
KNC34529	TGA	581
KNC22089	TGA	587
KNC22092	TAG	80
KNC22093	TAA	17
KNC22099	TAA	15
KNC22097	TAA	23
KNC22091	TAA	71
KNC29684	TAA	2525
KNC26147	TAA	30
KNC26139	TAA	1238
KNC32279	TAG	867
KNC24593	TAA	147
KNC26145	TAA	267
KNC26146	TAA	1102
KNC26144	TAG	288
KNC26142	TAG	70
KNC26138	TAG	1673
KNC26140	TAG	3775
KNC26141	TAA	3063
KNC31931	TAA	183
KNC34722	TAG	53
KNC27281	TGA	2465
KNC31157	TAA	2192
KNC33249	TAG	196
KNC20634	TAG	85
KNC32950	TGA	27
KNC20632	TAA	497
KNC32951	TAA	1661
KNC32952	TAA	1630
KNC32956	TAA	130
KNC32955	TAG	2974
KNC32937	TAA	2543
KNC27941	TAG	1315
KNC27935	TAA	278
KNC27903	TAA	1497
KNC27902	TAA	4596
KNC27938	TGA	1041
KNC27939	TGA	734
KNC27937	TAA	1879
KNC29640	TAG	407
KNC30376	TAG	11
KNC30381	TAA	286
KNC29637	TAA	78
KNC29638	TAA	5
KNC30506	TAA	1541
KNC22207	TAG	1303
KNC22211	TAA	325
KNC22212	TGA	614
KNC23979	TAA	67
KNC24276	TGA	335
KNC34130	TAA	370
KNC27337	TAA	203
KNC27338	TGA	8920
KNC32347	TAA	553
KNC27342	TAA	2318
KNC27339	TAA	2739
KNC27340	TAG	50
KNC24621	TGA	47
KNC24622	TGA	119
KNC30560	TAA	93
KNC24619	TAA	38
KNC24620	TAA	182
KNC24618	TAA	280
KNC24615	TAA	2129
KNC24616	TAA	17
KNC24613	TAA	2002
KNC20583	TAA	906
KNC20579	TGA	948
KNC20571	TAA	709
KNC20586	TAG	553
KNC20581	TAG	129
KNC32046	TAG	1360
KNC32047	TGA	756
KNC23342	TAA	128
KNC23341	TAA	2261
KNC26654	TGA	3094
KNC25255	TGA	463
KNC29007	TAA	135
KNC29009	TAG	229
KNC29012	TAA	2340
KNC29004	TAA	67
KNC29010	TAA	759
KNC29011	TAG	291
KNC25253	TAA	29
KNC22065	TAA	3931
KNC22157	TAG	397
KNC22155	TAA	103
KNC22156	TAG	75
KNC22153	TAA	620
KNC24293	TAA	648
KNC33875	TAA	758
KNC26961	TAA	1794
KNC26967	TAA	286
KNC26966	TGA	1527
KNC31381	TAA	2621
KNC34853	TGA	38
KNC21224	TAA	1559
KNC21236	TAG	287
KNC21226	TAG	272
KNC24168	TGA	1193
KNC29344	TAA	2626
KNC23704	TAA	438
KNC31448	TAA	193
KNC31444	TAG	454
KNC29497	TGA	241
KNC29496	TAA	1180
KNC29493	TAA	928
KNC29494	TAA	847
KNC29491	TAG	582
KNC29492	TAG	83
KNC33403	TGA	473
KNC33404	TAA	108
KNC20984	TGA	280
KNC20985	TAA	8030
KNC33405	TAA	597
KNC33412	TAG	157
KNC33409	TAA	208
KNC33410	TAA	867
KNC27770	TGA	412
KNC25837	TAA	13
KNC25835	TAA	1947
KNC25836	TAA	1119
KNC25834	TAA	133
KNC25842	TAA	1755
KNC24722	TAA	287
KNC24723	TGA	129
KNC24728	TAA	669
KNC24729	TGA	25
KNC24317	TAA	768
KNC34247	TAA	258
KNC24315	TAG	155
KNC24312	TAA	2734
KNC27547	TGA	286
KNC24313	TAA	1452
KNC23197	TAA	128
KNC30084	TGA	62
KNC26917	TAA	37
KNC32327	TGA	882
KNC27001	TGA	1312
KNC27000	TAA	438
KNC27005	TAA	331
KNC33054	TAA	131
KNC33055	TAA	121
KNC26998	TAG	2394
KNC22702	TAG	269
KNC26182	TGA	7
KNC28742	TAG	1054
KNC28743	TAG	141
KNC28738	TGA	76
KNC26189	TAA	386
KNC31405	TAG	963
KNC25898	TAA	437
KNC31408	TAA	111
KNC31409	TAA	696
KNC33463	TAG	660
KNC32751	TAA	221
KNC28894	TAA	366
KNC28893	TAA	90
KNC28891	TAA	191
KNC28892	TAG	1405
KNC28888	TAG	893
KNC28885	TAA	150
KNC21674	TAA	760
KNC21685	TGA	71
KNC21497	TAA	222
KNC23601	TAA	447
KNC26802	TAA	282
KNC26777	TAA	359
KNC23407	TAA	1474
KNC28423	TAA	106
KNC28427	TGA	766
KNC25074	TAA	44
KNC25022	TAA	20
KNC25019	TAA	2048
KNC25020	TAA	297
KNC29454	TAG	1176
KNC34811	TAA	169
KNC28455	TAA	255
KNC31833	TAG	1534
KNC22987	TGA	84
KNC25140	TAG	1591
KNC27805	TAA	742
KNC27806	TGA	17
KNC25576	TAA	223
KNC27800	TGA	205
KNC27801	TAG	1088
KNC25570	TGA	78
KNC25569	TAA	232
KNC25575	TAA	2489
KNC25572	TAA	30
KNC29108	TAG	713
KNC30260	TAA	666
KNC29113	TGA	259
KNC22781	TAG	2938
KNC28052	TGA	337
KNC22783	TGA	1012
KNC22784	TAA	915
KNC22788	TAG	204
KNC31347	TAA	120
KNC29889	TGA	667
KNC29893	TAA	20
KNC29864	TAA	1253
KNC29872	TAA	1483
KNC29860	TAG	78
KNC22514	TAA	337
KNC27882	TAA	254
KNC27883	TAA	56
KNC27887	TGA	1786
KNC27890	TAG	488
KNC27888	TGA	716
KNC23145	TAA	1798
KNC23143	TAA	117
KNC23140	TGA	651
KNC23138	TGA	3884
KNC20731	TGA	81
KNC23192	TAA	3458
KNC25458	TAG	18
KNC27953	TAA	21
KNC27932	TAA	564
KNC27933	TAA	1413
KNC27931	TAA	192
KNC27928	TGA	2231
KNC27929	TAA	240
KNC27955	TGA	138
KNC25459	TGA	105
KNC30494	TGA	2790
KNC25457	TAA	88
KNC23940	TAA	66
KNC24625	TAA	1048
KNC24632	TAA	423
KNC24627	TAG	887
KNC32099	TAA	61
KNC24631	TAG	658
KNC29458	TAA	1956
KNC29456	TAA	169
KNC23508	TAG	7
KNC32355	TAA	1485
KNC23509	TAA	255
KNC26633	TAA	81
KNC26634	TAA	703
KNC26631	TAG	6249
KNC26629	TAA	757
KNC26630	TGA	425
KNC26662	TGA	1976
KNC22284	TAA	14
KNC26663	TAA	227
KNC26664	TGA	564
KNC22285	TAG	254
KNC26023	TAG	971
KNC31072	TAA	196
KNC31073	TAA	1002
KNC29158	TAA	31
KNC23515	TAA	484
KNC31650	TAA	699
KNC23516	TGA	150
KNC21115	TAG	31
KNC21116	TAA	387
KNC21121	TAA	309
KNC21119	TGA	706
KNC28253	TAA	358
KNC32287	TGA	62
KNC29160	TAG	114
KNC32288	TAA	204
KNC27231	TGA	351
KNC32088	TGA	2850
KNC27233	TAA	915
KNC27229	TGA	824
KNC27232	TAA	186
KNC27234	TAG	7
KNC27235	TAA	643
KNC29155	TGA	46
KNC33821	TAA	12
KNC34221	TAG	288
KNC34218	TGA	267
KNC34223	TAA	14
KNC30399	TAG	303
KNC23980	TAA	1718
KNC30400	TAA	391
KNC23856	TGA	4291
KNC22044	TAG	46
KNC22043	TAA	367
KNC24388	TAA	490
KNC21326	TAG	705
KNC22035	TAA	489
KNC22022	TAA	188
KNC25962	TAG	84
KNC24304	TAA	196
KNC24760	TAA	5577
KNC24761	TAG	884
KNC24309	TAG	483
KNC24310	TAG	75
KNC25026	TAG	4601
KNC30222	TAA	1650
KNC32873	TAG	68
KNC32874	TAG	4818
KNC33152	TAA	281
KNC34334	TAA	1053
KNC32263	TAG	3426
KNC33516	TAA	315
KNC32264	TAA	1240
KNC21555	TAG	2246
KNC33501	TAA	485
KNC32765	TGA	186
KNC21554	TAG	383
KNC32353	TAA	936
KNC32884	TAA	65
KNC21982	TAA	206
KNC21944	TGA	146
KNC21242	TAA	938
KNC22152	TAA	728
KNC26065	TAA	208
KNC22151	TGA	765
KNC21258	TAA	235
KNC22575	TAA	51
KNC23094	TAA	410
KNC28987	TAG	1570
KNC23102	TAA	906
KNC23099	TGA	7
KNC23096	TGA	75
KNC33619	TAA	152
KNC20756	TAG	712
KNC33545	TAA	354
KNC28713	TAA	136
KNC32565	TAA	171
KNC33548	TAA	202
KNC33551	TAA	437
KNC30942	TAG	473
KNC24184	TGA	21
KNC28717	TAA	42
KNC24696	TAA	203
KNC21002	TAA	712
KNC28209	TAA	1770
KNC21001	TAG	7
KNC24140	TAA	183
KNC29194	TAA	76
KNC27555	TAA	989
KNC20999	TGA	587
KNC33247	TGA	11488
KNC25043	TAA	84
KNC34726	TAG	163
KNC34723	TAA	289
KNC34724	TAG	745
KNC29198	TGA	148
KNC25810	TAA	142
KNC21467	TAA	1728
KNC21468	TAG	9
KNC21475	TAG	61
KNC21476	TGA	1932
KNC21473	TAA	421
KNC21471	TAA	63
KNC21470	TAA	1388
KNC33669	TAG	176
KNC33674	TAA	261
KNC33677	TAA	1548
KNC33678	TAA	543
KNC27727	TAA	126
KNC23050	TAA	276
KNC23059	TAA	482
KNC23054	TAA	106
KNC23051	TGA	327
KNC23057	TAG	692
KNC23056	TAA	949
KNC23410	TAG	5473
KNC23408	TAG	466
KNC23401	TGA	651
KNC23402	TAA	220
KNC23404	TGA	825
KNC25065	TAA	975
KNC25011	TGA	87
KNC21466	TAG	129
KNC32055	TAA	873
KNC32336	TAG	593
KNC24067	TAA	178
KNC20848	TAA	188
KNC21882	TGA	461
KNC20732	TGA	1144
KNC20758	TAA	281
KNC20759	TAA	414
KNC20735	TAA	8
KNC23511	TAA	156
KNC23510	TGA	1453
KNC20752	TAA	207
KNC34069	TAG	141
KNC34071	TAG	221
KNC31748	TAA	249
KNC21877	TAG	3346
KNC34935	TAA	709
KNC34934	TAA	14
KNC33513	TAA	11
KNC33500	TAA	78
KNC24971	TAA	462
KNC24972	TAA	24
KNC34916	TAA	654
KNC34917	TAA	281
KNC26557	TGA	470
KNC26558	TAA	1038
KNC26622	TGA	104
KNC26561	TAA	428
KNC26623	TAA	505
KNC26560	TGA	137
KNC26562	TAG	767
KNC26563	TAA	101
KNC24139	TAA	51
KNC33253	TAA	823
KNC24136	TGA	23
KNC33254	TAA	237
KNC34982	TGA	131
KNC34980	TAG	13
KNC34977	TAA	1105
KNC34978	TAA	510
KNC34983	TAA	100
KNC28975	TAA	86
KNC28976	TAA	100
KNC28959	TAA	667
KNC28979	TAA	1226
KNC28980	TGA	236
KNC32532	TAA	528
KNC32533	TGA	454
KNC32530	TAA	1157
KNC27872	TAA	484
KNC27747	TAA	719
KNC27881	TAA	361
KNC25293	TAG	20
KNC20728	TAA	326
KNC20727	TGA	214
KNC30108	TAA	14
KNC28288	TAA	904
KNC25264	TAA	326
KNC25265	TAA	900
KNC25261	TAA	395
KNC25260	TAA	835
KNC24769	TAA	127
KNC23617	TGA	882
KNC23622	TAA	1276
KNC23620	TAA	3322
KNC24148	TAG	490
KNC30804	TGA	620
KNC30805	TGA	677
KNC24770	TAA	735
KNC34032	TAG	370
KNC26656	TAA	2953
KNC26658	TAA	36
KNC31372	TAG	564
KNC33572	TAA	480
KNC28189	TAG	4038
KNC28182	TGA	2390
KNC28185	TAG	545
KNC28186	TAA	2493
KNC33849	TAA	501
KNC33850	TAA	136
KNC27879	TAA	1028
KNC26439	TAA	668
KNC26467	TAA	1136
KNC26468	TAA	1181
KNC26441	TAA	611
KNC26469	TAA	34
KNC26470	TAG	537
KNC27877	TAA	1159
KNC25512	TAA	108
KNC27744	TAA	603
KNC30278	TGA	1682
KNC21185	TAA	104
KNC32101	TAA	281
KNC21163	TAA	1191
KNC32105	TAG	681
KNC32104	TGA	1484
KNC22030	TAA	6799
KNC22011	TAA	203
KNC22029	TAA	919
KNC23867	TGA	156
KNC23866	TAG	1808
KNC33122	TAA	555
KNC23852	TAA	1274
KNC20721	TAA	266
KNC20730	TAG	248
KNC25795	TGA	130
KNC29739	TGA	122
KNC25787	TAA	156
KNC25788	TAA	570
KNC28711	TAG	575
KNC29736	TAG	502
KNC25790	TGA	1250
KNC33526	TGA	2098
KNC29737	TAG	326
KNC33527	TAA	94
KNC33332	TAA	102
KNC29742	TAA	283
KNC29740	TAG	60
KNC29747	TGA	400
KNC21928	TAG	1328
KNC21941	TAA	503
KNC28637	TAG	1899
KNC28638	TAA	1904
KNC28635	TAG	783
KNC28636	TAA	1382
KNC28633	TAA	3063
KNC28632	TAA	244
KNC29468	TAG	57
KNC31380	TGA	409
KNC33099	TGA	695
KNC33106	TAA	274
KNC33107	TAA	8
KNC33104	TAA	1867
KNC33103	TGA	232
KNC28704	TGA	586
KNC28705	TAA	40
KNC28699	TAA	75
KNC22368	TAG	104
KNC22365	TAG	227
KNC22366	TGA	2123
KNC21117	TAG	371
KNC31046	TGA	2139
KNC31047	TAG	175
KNC31039	TAA	723
KNC25655	TAA	3284
KNC31042	TAA	1143
KNC31045	TAA	753
KNC30865	TAA	1831
KNC30866	TAA	1440
KNC30862	TAG	344
KNC30859	TAG	1103
KNC30867	TAG	11
KNC34771	TAG	73
KNC34772	TAA	257
KNC31054	TAA	369
KNC31052	TAG	2152
KNC31055	TAG	127
KNC32690	TAA	247
KNC34103	TGA	55
KNC23063	TAA	359
KNC26822	TAG	222
KNC34098	TGA	304
KNC23061	TGA	1242
KNC23062	TAA	185
KNC34109	TGA	3210
KNC28800	TAA	35
KNC29065	TAA	91
KNC29066	TAA	1484
KNC30446	TAG	434
KNC29161	TAA	110
KNC28659	TAA	435
KNC30138	TGA	145
KNC30139	TAG	894
KNC27132	TGA	523
KNC27137	TAA	1350
KNC27138	TGA	917
KNC26578	TAA	1204
KNC26583	TAA	238
KNC26584	TAA	2086
KNC26581	TAA	2857
KNC32827	TGA	2883
KNC20845	TAA	26
KNC20846	TAA	1204
KNC20843	TGA	99
KNC20857	TAA	570
KNC20841	TAA	3
KNC20808	TAG	152
KNC20809	TAA	1336
KNC23016	TGA	105
KNC22993	TAG	62
KNC22994	TGA	159
KNC23000	TAA	16
KNC22997	TAA	1
KNC22996	TAG	11
KNC34690	TAA	585
KNC34717	TAG	53
KNC34688	TAA	1409
KNC34692	TAA	521
KNC31756	TGA	286
KNC31757	TGA	32
KNC31744	TGA	79
KNC31743	TAA	82
KNC25471	TGA	269
KNC22116	TAA	197
KNC25960	TAA	261
KNC31597	TGA	2093
KNC31598	TAA	773
KNC31596	TAA	695
KNC31594	TAG	1681
KNC31567	TGA	634
KNC31568	TGA	48
KNC21384	TAA	501
KNC21585	TAA	147
KNC21377	TAA	947
KNC21379	TAA	145
KNC21380	TAA	717
KNC33255	TAA	1541
KNC27734	TAA	277
KNC27740	TAA	13
KNC27741	TGA	1396
KNC27739	TAA	24
KNC27736	TAA	544
KNC27869	TAG	2115
KNC27870	TAG	86
KNC20619	TAA	338
KNC32427	TGA	852
KNC21262	TAG	1465
KNC20622	TAA	1693
KNC32428	TAA	2742
KNC20675	TAA	3514
KNC27730	TAA	876
KNC32106	TAA	109
KNC30502	TAA	930
KNC27731	TAA	265
KNC32600	TAA	639
KNC32592	TAA	645
KNC32595	TAA	3401
KNC32109	TAG	189
KNC23947	TAG	253
KNC25291	TAG	16
KNC25287	TAA	142
KNC25284	TAA	1136
KNC33324	TAA	53
KNC33323	TAG	3402
KNC33328	TAA	92
KNC33329	TAA	114
KNC33326	TGA	311
KNC32715	TAA	285
KNC32731	TAG	305
KNC25263	TAA	220
KNC23613	TAG	329
KNC23614	TAA	333
KNC32710	TAA	3509
KNC32178	TAA	5693
KNC32179	TAA	192
KNC28967	TGA	525
KNC23946	TAA	3999
KNC29045	TAA	381
KNC29043	TAA	17
KNC29041	TAA	75
KNC29039	TAA	18
KNC21260	TAA	492
KNC29951	TAA	707
KNC29952	TAA	2955
KNC29949	TAA	52
KNC29947	TAG	2046
KNC32307	TGA	1202
KNC32406	TAA	166
KNC32296	TAA	1616
KNC32309	TAA	1041
KNC23729	TGA	4424
KNC23724	TAA	687
KNC21191	TAA	377
KNC21180	TAA	153
KNC24701	TGA	333
KNC21183	TAA	1611
KNC28504	TAA	4728
KNC28585	TGA	764
KNC28582	TGA	526
KNC28583	TAA	192
KNC28586	TAA	125
KNC28587	TAG	1506
KNC25815	TGA	718
KNC25813	TAA	379
KNC25819	TAA	570
KNC25817	TGA	1449
KNC25818	TGA	1417
KNC25821	TAA	242
KNC27255	TGA	1012
KNC27254	TAA	31
KNC32151	TAA	561
KNC27249	TGA	10
KNC29511	TAG	894
KNC33837	TAA	335
KNC29099	TAA	226
KNC23182	TGA	422
KNC23183	TAA	271
KNC23180	TAA	80
KNC28914	TAA	115
KNC23179	TAA	2274
KNC30922	TAA	43
KNC20869	TAA	165
KNC21111	TAA	6
KNC34588	TAG	100
KNC34582	TAG	131
KNC32520	TAA	317
KNC30429	TAA	303
KNC21776	TAG	3322
KNC31414	TGA	629
KNC31413	TGA	256
KNC21774	TAA	128
KNC31953	TAA	262
KNC21109	TAG	1547
KNC33092	TAG	100
KNC33093	TGA	2980
KNC34226	TAA	1517
KNC33096	TAA	935
KNC34224	TAG	294
KNC34225	TGA	37
KNC22444	TAG	5
KNC22443	TAA	5732
KNC22442	TAA	160
KNC25148	TAA	167
KNC21106	TGA	886
KNC22417	TAA	415
KNC31483	TAA	248
KNC21107	TAA	34
KNC23444	TGA	250
KNC23442	TGA	522
KNC25902	TAA	213
KNC34760	TAA	3025
KNC34737	TGA	1129
KNC33686	TAA	623
KNC33687	TAG	297
KNC33691	TGA	130
KNC33688	TAG	522
KNC33689	TAA	139
KNC33694	TAA	547
KNC34482	TAA	111
KNC34483	TAA	272
KNC34476	TAA	261
KNC34477	TGA	39
KNC34106	TAA	569
KNC21113	TAA	921
KNC23065	TGA	40
KNC34105	TGA	103
KNC28770	TAA	218
KNC25692	TAA	1754
KNC24432	TAA	701
KNC32912	TAA	66
KNC32916	TAA	1076
KNC32922	TAA	173
KNC32914	TAA	152
KNC32921	TAA	547
KNC32910	TAA	189
KNC23708	TAG	46
KNC23713	TAA	14
KNC26568	TAA	424
KNC22083	TAA	2887
KNC26574	TAA	511
KNC26575	TGA	130
KNC26573	TAA	304
KNC26571	TAG	2111
KNC26570	TAA	25
KNC34421	TAA	289
KNC34418	TAA	570
KNC26073	TAA	326
KNC34677	TAA	18
KNC34684	TAA	14
KNC34681	TAA	1129
KNC34682	TAA	846
KNC25246	TAA	738
KNC34676	TAA	484
KNC31107	TGA	321
KNC25590	TAA	1309
KNC25596	TAG	497
KNC25593	TGA	345
KNC33746	TAA	819
KNC25139	TAA	1100
KNC21051	TAG	174
KNC21052	TAA	344
KNC21053	TGA	177
KNC33848	TGA	86
KNC33852	TAA	703
KNC33851	TAA	131
KNC22989	TAA	7
KNC31000	TAA	692
KNC32031	TAA	1000
KNC27050	TAA	15
KNC27813	TAA	236
KNC27814	TAA	548
KNC27812	TGA	63
KNC21371	TAA	278
KNC21370	TAG	109
KNC25899	TAA	1073
KNC25900	TAA	868
KNC30993	TAA	212
KNC25901	TAA	31
KNC24426	TAG	8345
KNC23221	TAA	269
KNC30012	TAA	27
KNC27956	TAA	1078
KNC23225	TAA	269
KNC33948	TAA	649
KNC28388	TAA	217
KNC28386	TAA	31
KNC28387	TAA	1803
KNC28385	TAA	822
KNC28383	TAA	673
KNC25276	TGA	96
KNC25275	TGA	75
KNC33316	TAA	407
KNC33317	TGA	1949
KNC33315	TAA	441
KNC33312	TAA	498
KNC33310	TAG	449
KNC33311	TAA	79
KNC23949	TAA	212
KNC23950	TGA	491
KNC33169	TAA	199
KNC23631	TGA	407
KNC28655	TGA	235
KNC22062	TAG	1202
KNC22061	TAG	708
KNC24060	TAA	4
KNC24061	TAG	363
KNC22033	TAA	345
KNC33503	TAA	1303
KNC31083	TGA	62
KNC32356	TAA	50
KNC33858	TAA	330
KNC33855	TGA	1859
KNC33856	TAA	548
KNC31384	TAA	2589
KNC29940	TAA	104
KNC29941	TAG	190
KNC29943	TGA	225
KNC29945	TAA	15
KNC29946	TAA	28
KNC29942	TAA	61
KNC31389	TAA	532
KNC29957	TAG	26
KNC29926	TAA	279
KNC26243	TAA	189
KNC31388	TAA	253
KNC24558	TAG	13
KNC24562	TAA	60
KNC24560	TAA	28
KNC26832	TAA	1251
KNC26244	TGA	36
KNC26245	TAA	399
KNC23188	TAA	504
KNC21582	TGA	902
KNC24889	TAG	852
KNC30274	TAG	114
KNC24878	TAA	1296
KNC24880	TAA	637
KNC24874	TAA	205
KNC24875	TAG	808
KNC22176	TAA	301
KNC22121	TAA	953
KNC23213	TAA	212
KNC22177	TAG	73
KNC29780	TAG	138
KNC23210	TAA	1764
KNC32949	TAA	2647
KNC21669	TAA	15
KNC21643	TAG	215
KNC21673	TAA	9
KNC21672	TAG	106
KNC32060	TAG	468
KNC34445	TAG	2405
KNC23211	TAA	68
KNC22137	TAA	41
KNC21509	TAA	85
KNC34450	TAA	801
KNC34456	TGA	103
KNC34453	TAG	78
KNC34441	TAG	151
KNC34447	TAA	667
KNC34444	TAA	301
KNC34448	TAA	484
KNC34237	TAA	288
KNC34235	TAG	982
KNC34236	TGA	402
KNC34233	TAG	236
KNC34232	TAG	3830
KNC34231	TAA	333
KNC29369	TAA	1802
KNC23040	TAG	1695
KNC23039	TGA	7021
KNC23049	TAA	1779
KNC23038	TAA	256
KNC23048	TAA	381
KNC23036	TAA	2290
KNC23037	TAG	1902
KNC26591	TGA	597
KNC23461	TAA	2686
KNC23459	TAA	609
KNC23460	TAA	3519
KNC23457	TAA	15
KNC23455	TAG	19
KNC23454	TAA	325
KNC27046	TAG	23
KNC27043	TAA	1968
KNC27044	TAA	893
KNC34748	TAG	15
KNC34749	TAA	1449
KNC34752	TAA	2598
KNC34753	TAA	1057
KNC29414	TAA	816
KNC22421	TAA	69
KNC21799	TGA	257
KNC22419	TAA	100
KNC22420	TAG	46
KNC22424	TAG	207
KNC34472	TAG	303
KNC34473	TAA	5134
KNC31431	TAA	1683
KNC32173	TAA	388
KNC25953	TAA	1452
KNC26149	TGA	236
KNC31429	TAA	63
KNC34543	TAA	10
KNC34545	TAA	814
KNC34541	TAA	195
KNC34547	TGA	28
KNC22110	TAA	24
KNC21289	TAA	7
KNC23706	TAA	283
KNC23707	TAA	1534
KNC23700	TAA	1123
KNC23735	TGA	1123
KNC20975	TAA	409
KNC20968	TAA	781
KNC20977	TAA	1739
KNC33769	TAA	93
KNC21290	TAG	480
KNC33767	TAA	1279
KNC20925	TAA	107
KNC26724	TAA	4538
KNC34673	TAA	521
KNC34670	TAA	1389
KNC34658	TGA	144
KNC34656	TAG	72
KNC34657	TAA	729
KNC34655	TAA	847
KNC34654	TGA	81
KNC34523	TAA	1357
KNC30468	TAG	1396
KNC21069	TAA	463
KNC24542	TAA	1330
KNC33185	TAG	22
KNC32035	TAA	1341
KNC32026	TAA	1397
KNC25005	TAA	313
KNC24958	TAA	72
KNC24951	TAA	343
KNC24952	TAA	410
KNC24956	TAA	608
KNC24957	TAA	1237
KNC24955	TAA	2628
KNC32380	TAA	45
KNC31561	TAA	935
KNC31559	TAA	2065
KNC31533	TAA	130
KNC31534	TAA	2203
KNC32388	TGA	119
KNC32386	TGA	3987
KNC32387	TGA	93
KNC26907	TAG	1122
KNC26908	TAG	393
KNC26904	TAA	428
KNC26902	TAA	93
KNC26909	TGA	233
KNC26910	TAA	1331
KNC21540	TAA	566
KNC27994	TAG	182
KNC34904	TAA	1556
KNC34905	TAG	879
KNC21546	TAA	170
KNC21547	TAA	108
KNC21542	TGA	715
KNC21361	TAA	1535
KNC21358	TGA	596
KNC21364	TAA	11
KNC21363	TAA	17
KNC21822	TAA	273
KNC21819	TGA	150
KNC21818	TAA	69
KNC21815	TAA	14
KNC21816	TGA	256
KNC21823	TGA	590
KNC23540	TAA	18
KNC29722	TAA	74
KNC31734	TAA	501
KNC31385	TAA	210
KNC34201	TGA	614
KNC21431	TAA	1595
KNC34986	TAA	358
KNC34945	TGA	31
KNC28275	TAA	2221
KNC28276	TGA	691
KNC29150	TAA	21
KNC21445	TAA	1250
KNC28280	TAG	259
KNC28283	TAA	432
KNC34180	TGA	166
KNC21426	TAA	28
KNC34153	TGA	1745
KNC34155	TAA	552
KNC31399	TGA	1921
KNC30794	TGA	76
KNC30795	TGA	286
KNC26940	TAA	121
KNC30793	TAA	896
KNC30790	TAA	86
KNC25231	TGA	230
KNC24287	TAG	99
KNC24279	TAA	46
KNC24283	TGA	99
KNC24284	TAA	152
KNC23230	TAA	317
KNC24281	TAG	16
KNC31615	TAA	662
KNC25506	TAG	3778
KNC25507	TAA	264
KNC32280	TGA	5598
KNC29931	TAA	255
KNC29927	TGA	249
KNC26248	TAA	187
KNC31885	TAA	728
KNC27697	TGA	1166
KNC20764	TGA	726
KNC28133	TAG	61
KNC32377	TAA	648
KNC31278	TAA	97
KNC31285	TAA	3331
KNC31274	TAA	225
KNC31283	TAA	3255
KNC31288	TAG	514
KNC31280	TGA	336
KNC27583	TAA	389
KNC27586	TAG	1002
KNC28138	TAA	547
KNC27579	TAA	229
KNC28474	TGA	4908
KNC22941	TGA	128
KNC24869	TGA	48
KNC24867	TAG	193
KNC27258	TGA	1966
KNC24475	TAA	130
KNC24461	TAA	59
KNC24460	TAA	110
KNC24458	TAG	1466
KNC24459	TAG	256
KNC29713	TAG	1386
KNC31297	TAA	2466
KNC31244	TGA	161
KNC31248	TAA	77
KNC31208	TAA	1535
KNC33451	TGA	224
KNC23467	TAG	75
KNC23478	TAA	892
KNC23479	TAG	453
KNC28074	TAA	1210
KNC20726	TGA	225
KNC32251	TAA	128
KNC28072	TAG	153
KNC20723	TAA	10
KNC21973	TAA	347
KNC21975	TGA	132
KNC21976	TGA	49
KNC23968	TAA	26
KNC28084	TAA	155
KNC23770	TAG	270
KNC23767	TAA	46
KNC23451	TAA	82
KNC23465	TAA	242
KNC27692	TAG	402
KNC31791	TAA	560
KNC31041	TGA	503
KNC34741	TAA	1883
KNC34738	TGA	101
KNC34745	TAA	509
KNC34743	TAG	85
KNC24112	TAA	218
KNC24110	TAG	77
KNC24111	TAA	177
KNC24504	TAA	44
KNC21795	TAA	888
KNC24506	TAA	1438
KNC21793	TAA	608
KNC21790	TGA	147
KNC21791	TGA	58
KNC21035	TAA	10
KNC21031	TAA	192
KNC33228	TAA	1650
KNC30461	TAA	1646
KNC21199	TAA	30
KNC21198	TAA	1212
KNC27391	TGA	104
KNC31451	TGA	1595
KNC32067	TAA	268
KNC32478	TAA	3117
KNC32476	TGA	213
KNC26850	TGA	432
KNC23807	TAG	163
KNC23808	TAA	21
KNC23307	TAA	42
KNC23303	TAG	15
KNC23304	TAA	4573
KNC26835	TGA	463
KNC31469	TGA	1470
KNC30286	TAA	44
KNC27781	TAA	62
KNC26368	TAA	275
KNC30424	TAA	38
KNC34146	TGA	704
KNC34147	TAA	707
KNC34139	TAA	370
KNC34140	TAA	239
KNC34145	TAA	198
KNC34148	TAA	1659
KNC34143	TGA	1233
KNC23877	TAG	570
KNC23878	TAA	668
KNC23875	TAA	564
KNC23876	TAG	1203
KNC23873	TAA	4
KNC32415	TGA	335
KNC32412	TAA	108
KNC32410	TAA	1892
KNC32411	TAA	5444
KNC32409	TAA	105
KNC32416	TAA	507
KNC23110	TAA	40
KNC26896	TAA	301
KNC26897	TAA	521
KNC26898	TGA	373
KNC26888	TAG	56
KNC31337	TAA	237
KNC34779	TGA	419
KNC30863	TAA	226
KNC24939	TAA	1121
KNC24937	TAG	157
KNC34777	TGA	182
KNC26210	TAA	1144
KNC34775	TAA	544
KNC34770	TAA	466
KNC34773	TAA	586
KNC31081	TAA	69
KNC31545	TAA	1708
KNC31607	TAA	178
KNC30160	TGA	721
KNC31156	TAG	598
KNC31132	TGA	1701
KNC31154	TAA	99
KNC25099	TAA	85
KNC24010	TAG	1060
KNC23990	TAA	26
KNC31155	TAG	1583
KNC23995	TAA	138
KNC23996	TAA	487
KNC23994	TAA	763
KNC28205	TAG	562
KNC31537	TAA	4554
KNC31711	TAA	873
KNC31712	TAA	18
KNC21354	TAA	326
KNC21355	TAA	92
KNC31589	TAA	1982
KNC31539	TGA	10
KNC31592	TAA	184
KNC21401	TAA	74
KNC21399	TGA	1129
KNC31591	TAG	912
KNC29136	TAA	176
KNC29141	TAA	76
KNC29140	TAG	301
KNC29169	TAA	1532
KNC29138	TAA	321
KNC26691	TGA	612
KNC26524	TAA	162
KNC32694	TAA	10
KNC26690	TAA	4
KNC22489	TAA	654
KNC22487	TAA	49
KNC32693	TAA	283
KNC26239	TGA	1008
KNC32699	TAA	90
KNC28923	TAG	1589
KNC28920	TAA	135
KNC27376	TAA	272
KNC32696	TAA	6
KNC27387	TAA	3663
KNC27377	TGA	2424
KNC24825	TAA	215
KNC28493	TAA	64
KNC23105	TAA	716
KNC20669	TAA	1154
KNC27596	TAA	9
KNC29235	TAA	809
KNC29236	TAA	175
KNC27405	TAA	62
KNC27417	TGA	1278
KNC27403	TAA	518
KNC27402	TAA	1294
KNC20914	TAA	185
KNC20916	TAG	296
KNC20917	TGA	1487
KNC20930	TAA	66
KNC27612	TAG	254
KNC27726	TAA	7679
KNC34099	TAG	1506
KNC25227	TAG	456
KNC34873	TAA	45
KNC34273	TAA	328
KNC25488	TAA	387
KNC25497	TGA	1074
KNC25496	TAA	119
KNC25490	TAA	527
KNC25224	TAG	278
KNC23572	TGA	557
KNC25754	TAA	334
KNC25772	TAA	849
KNC25757	TAG	1185
KNC25753	TAA	52
KNC25774	TAA	293
KNC26741	TAA	372
KNC26736	TAA	395
KNC26733	TAA	890
KNC26740	TAA	654
KNC26737	TAA	79
KNC25222	TAA	45
KNC30509	TAA	4341
KNC31721	TAA	47
KNC30504	TAA	1129
KNC31884	TAG	227
KNC30513	TAA	1020
KNC31988	TAA	530
KNC31989	TAA	2135
KNC25223	TAG	827
KNC31992	TAA	123
KNC31990	TAA	844
KNC31310	TAA	525
KNC31230	TAA	416
KNC31308	TAA	4
KNC31309	TGA	2528
KNC31307	TAA	821
KNC31213	TAA	916
KNC33422	TAA	8
KNC33420	TGA	139
KNC33425	TAA	32
KNC33426	TGA	9
KNC33423	TAA	415
KNC33424	TAA	1977
KNC33429	TAG	180
KNC33431	TAA	1641
KNC21588	TAA	202
KNC33878	TAG	383
KNC21586	TAA	48
KNC22347	TAA	154
KNC22348	TAA	80
KNC22346	TAA	1587
KNC31719	TAA	1950
KNC23475	TAA	21
KNC23476	TAA	1017
KNC23470	TGA	771
KNC34649	TAA	166
KNC21929	TGA	402
KNC21967	TGA	2100
KNC21966	TAA	827
KNC21989	TAA	282
KNC23633	TAA	239
KNC27172	TAA	917
KNC23773	TAG	731
KNC23774	TAG	398
KNC29701	TGA	495
KNC29702	TAA	265
KNC29700	TAA	723
KNC29707	TAG	1542
KNC33730	TAA	758
KNC26021	TAA	348
KNC26019	TAG	47
KNC32084	TAA	1166
KNC32082	TAG	858
KNC27047	TAG	556
KNC29475	TAA	580
KNC32365	TGA	815
KNC22873	TAG	1089
KNC23321	TAG	2456
KNC29430	TAA	173
KNC25387	TAG	155
KNC32323	TAG	66
KNC22383	TAA	2606
KNC33038	TAA	758
KNC26665	TAA	1140
KNC33727	TAA	337
KNC33725	TAA	568
KNC33726	TAA	688
KNC33731	TAA	44
KNC33732	TGA	296
KNC22384	TAG	37
KNC27195	TAA	442
KNC26666	TAA	291
KNC20995	TAA	41
KNC31093	TAG	107
KNC29382	TAA	562
KNC27915	TAA	619
KNC30777	TAA	109
KNC23521	TAA	207
KNC23522	TAA	93
KNC30144	TAG	1249
KNC23527	TAG	383
KNC23526	TAA	246
KNC23398	TAA	1369
KNC23399	TAA	372
KNC23397	TGA	201
KNC31030	TAA	339
KNC23191	TAA	490
KNC33459	TAG	832
KNC30769	TAA	100
KNC33002	TAA	178
KNC33781	TGA	26
KNC20806	TAG	448
KNC33004	TAA	131
KNC23278	TAA	290
KNC33007	TAA	660
KNC33008	TAA	102
KNC33006	TGA	854
KNC28174	TAA	276
KNC25973	TAA	2338
KNC25974	TAA	74
KNC24537	TAA	3243
KNC24538	TGA	19
KNC30549	TAG	1780
KNC30553	TAA	1492
KNC30546	TAA	263
KNC30771	TAA	105
KNC32402	TAA	195
KNC32405	TAA	449
KNC24704	TGA	980
KNC32399	TAA	54
KNC25195	TAA	479
KNC25196	TAA	249
KNC25199	TAA	7
KNC25174	TAG	106
KNC25201	TAA	643
KNC21327	TAA	18
KNC21331	TAA	83
KNC22676	TAA	16
KNC22673	TAA	374
KNC22671	TAA	207
KNC21280	TGA	385
KNC22680	TAG	48
KNC21552	TAA	109
KNC31843	TAG	2814
KNC25940	TGA	1770
KNC24012	TGA	1509
KNC25690	TAG	142
KNC25691	TGA	594
KNC23974	TAA	460
KNC32828	TAA	890
KNC26949	TAG	256
KNC26948	TAA	1297
KNC21610	TAA	9871
KNC32320	TAA	76
KNC28296	TAA	421
KNC28302	TAA	466
KNC28303	TGA	552
KNC28300	TAA	8
KNC30652	TAA	1325
KNC30616	TAA	6516
KNC30615	TAA	648
KNC30654	TAA	385
KNC30614	TAA	1130
KNC25453	TAA	110
KNC25454	TAG	20
KNC33193	TAG	119
KNC33191	TAA	1013
KNC33192	TAA	63
KNC31581	TGA	324
KNC31579	TAA	836
KNC31580	TAA	1451
KNC31577	TAA	270
KNC31578	TAA	5542
KNC31576	TGA	495
KNC28998	TGA	920
KNC31583	TAA	165
KNC31951	TAG	355
KNC32644	TAA	23
KNC26240	TGA	645
KNC33853	TAA	626
KNC33854	TAG	1841
KNC28402	TGA	224
KNC32945	TAA	61
KNC32946	TAA	1041
KNC32941	TAA	297
KNC22264	TAA	22
KNC32983	TAA	685
KNC22250	TAA	108
KNC23978	TGA	83
KNC21161	TGA	93
KNC28451	TAA	76
KNC34890	TGA	199
KNC25064	TGA	554
KNC22081	TAG	85
KNC23841	TAA	789
KNC23839	TGA	62
KNC33178	TAA	475
KNC24075	TAA	8
KNC33180	TAG	264
KNC23836	TGA	196
KNC33187	TAA	542
KNC33188	TAA	1967
KNC24072	TAG	38
KNC33182	TGA	1461
KNC28139	TAA	2261
KNC23834	TAA	34
KNC23835	TAA	5015
KNC21154	TAA	33
KNC29324	TAA	965
KNC29325	TAG	174
KNC29322	TAG	143
KNC29323	TAA	187
KNC29328	TAA	459
KNC29329	TAA	645
KNC29326	TAA	233
KNC29404	TAG	638
KNC28137	TAA	3437
KNC29446	TAA	148
KNC20919	TAA	88
KNC20906	TAA	453
KNC26232	TAG	349
KNC33869	TAA	137
KNC28912	TGA	1280
KNC25680	TAA	151
KNC33284	TAA	26
KNC20991	TAA	653
KNC25751	TAA	5
KNC25752	TGA	7
KNC25781	TGA	32
KNC26710	TGA	103
KNC26711	TAA	141
KNC26746	TAA	64
KNC26744	TAA	188
KNC26745	TAA	140
KNC26748	TAG	852
KNC25096	TAA	2408
KNC25103	TAA	97
KNC25109	TGA	1757
KNC25104	TAA	141
KNC32021	TGA	371
KNC21334	TAA	201
KNC26010	TAA	17
KNC26009	TAA	45
KNC26013	TAA	21
KNC25983	TAA	88
KNC21338	TAA	10
KNC33413	TAA	191
KNC30901	TAA	223
KNC33419	TAA	18
KNC33417	TAA	309
KNC25228	TAA	408
KNC25229	TAA	290
KNC34430	TAG	4174
KNC34431	TGA	192
KNC31014	TAA	33
KNC34437	TAA	2845
KNC23530	TGA	7071
KNC21957	TAA	16
KNC21958	TAG	10
KNC32338	TAA	5332
KNC21961	TAG	697
KNC31844	TAA	135
KNC21964	TAA	79
KNC23545	TAG	84
KNC24282	TGA	190
KNC27176	TAA	783
KNC27175	TAA	99
KNC27163	TAA	1730
KNC27164	TAA	189
KNC27165	TAA	334
KNC27166	TGA	608
KNC28312	TAA	87
KNC24894	TAA	3286
KNC24895	TAA	469
KNC31015	TAA	1977
KNC31013	TGA	14
KNC20719	TAA	46
KNC31011	TAA	162
KNC28058	TAA	283
KNC23543	TAA	372
KNC31915	TAA	589
KNC31916	TAG	209
KNC33060	TAA	61
KNC30542	TAA	1141
KNC30543	TAA	310
KNC32079	TGA	379
KNC30541	TAA	1376
KNC22127	TAA	69
KNC27966	TAA	3342
KNC27967	TAG	496
KNC27974	TAG	229
KNC27975	TAA	2875
KNC27972	TAA	1426
KNC27973	TGA	84
KNC30370	TAG	11
KNC27610	TAA	47
KNC27609	TGA	24
KNC33156	TAG	470
KNC25367	TAA	1672
KNC25402	TGA	1025
KNC33157	TAA	1017
KNC29822	TAA	84
KNC29823	TAA	41
KNC29829	TGA	254
KNC29826	TGA	235
KNC27078	TGA	175
KNC27079	TAA	1716
KNC28432	TAG	96
KNC27072	TAG	61
KNC27073	TAA	403
KNC27071	TAA	783
KNC33365	TAA	312
KNC28392	TGA	2539
KNC29651	TAG	1039
KNC29658	TGA	742
KNC29659	TAG	274
KNC29654	TAA	1098
KNC29655	TAG	42
KNC29653	TAA	584
KNC33986	TAA	991
KNC33991	TAA	57
KNC33988	TAA	687
KNC33990	TGA	28
KNC33995	TAA	22
KNC20802	TAA	546
KNC20798	TGA	1503
KNC20795	TGA	274
KNC20796	TAA	424
KNC20803	TAA	462
KNC20804	TAG	392
KNC24998	TAG	174
KNC24996	TAA	255
KNC24994	TAG	1749
KNC24993	TAA	5165
KNC28486	TAA	186
KNC28487	TAA	905
KNC28484	TAA	716
KNC25000	TAG	636
KNC27568	TAG	172
KNC21210	TAA	133
KNC21218	TAA	3680
KNC21219	TAA	926
KNC21217	TAA	1436
KNC21211	TAA	120
KNC25178	TAA	155
KNC25179	TAA	726
KNC25168	TAA	3025
KNC25166	TAA	343
KNC25165	TAA	167
KNC21578	TAA	297
KNC22663	TGA	2068
KNC22662	TAG	494
KNC22667	TGA	1193
KNC22668	TAA	529
KNC22665	TAA	144
KNC22105	TAA	405
KNC20678	TAA	78
KNC32166	TAA	429
KNC32167	TAG	608
KNC20676	TAG	1714
KNC20677	TAA	155
KNC31556	TGA	493
KNC31555	TAA	692
KNC31585	TAA	1059
KNC33213	TAA	601
KNC33117	TAA	36
KNC22531	TAA	456
KNC22536	TAG	585
KNC22533	TAA	324
KNC22534	TAG	174
KNC22107	TAA	930
KNC30640	TAA	1580
KNC30643	TGA	8258
KNC30644	TAA	518
KNC30641	TAA	58
KNC30642	TGA	4787
KNC30623	TAG	1239
KNC30624	TAA	62
KNC29178	TAA	476
KNC21438	TAA	1465
KNC21439	TAG	967
KNC29182	TAA	1482
KNC21436	TAA	433
KNC21437	TAA	2217
KNC22764	TAA	701
KNC22766	TAA	468
KNC22767	TAG	452
KNC24525	TAA	528
KNC24524	TAA	898
KNC26150	TAG	6430
KNC26153	TAG	201
KNC29623	TAA	621
KNC29621	TAA	1294
KNC34823	TGA	252
KNC34830	TAA	2045
KNC34822	TAA	89
KNC24292	TAA	281
KNC32727	TAA	47
KNC29318	TAA	190
KNC29315	TAA	424
KNC29316	TGA	4053
KNC29313	TAA	341
KNC29314	TAG	702
KNC32726	TAA	68
KNC29312	TAA	17506
KNC24275	TAA	133
KNC32729	TGA	1886
KNC24272	TAA	120
KNC27393	TAA	467
KNC27392	TAG	16
KNC29821	TAG	158
KNC27295	TAA	271
KNC21114	TGA	895
KNC28463	TAG	3239
KNC28171	TAG	2490
KNC21657	TAA	5722
KNC28169	TAG	186
KNC29730	TAA	195
KNC22915	TAA	6
KNC29728	TAA	325
KNC29449	TAA	1995
KNC24391	TAA	2235
KNC24392	TGA	924
KNC24393	TAG	129
KNC24390	TAA	696
KNC29727	TGA	126
KNC28434	TAA	75
KNC29724	TAA	213
KNC28435	TAA	122
KNC24473	TAA	405
KNC24474	TAA	629
KNC24471	TGA	1057
KNC24472	TAG	142
KNC20878	TGA	393
KNC20870	TAA	319
KNC20876	TAG	286
KNC27764	TGA	2636
KNC27720	TAA	368
KNC29129	TAA	342
KNC27102	TGA	12
KNC27111	TGA	357
KNC33819	TAA	329
KNC33818	TGA	231
KNC33820	TAG	71
KNC31292	TAA	518
KNC26014	TAA	957
KNC31167	TAA	198
KNC31235	TAA	1098
KNC31234	TAA	1775
KNC32339	TAG	12155
KNC32340	TAA	1944
KNC32342	TAA	698
KNC32337	TAA	340
KNC32341	TAA	1847
KNC27763	TAA	248
KNC32345	TAA	4852
KNC32325	TAA	144
KNC32344	TAA	2401
KNC31977	TGA	970
KNC31983	TAA	857
KNC31976	TAA	1727
KNC32529	TGA	223
KNC32989	TAA	401
KNC29768	TAA	112
KNC24941	TAA	112
KNC32990	TAG	74
KNC27489	TAA	700
KNC32987	TAA	1017
KNC32985	TAG	3839
KNC32986	TAA	314
KNC29741	TAA	1198
KNC32984	TAA	315
KNC25003	TAA	125
KNC24226	TAA	179
KNC24227	TAA	759
KNC25615	TAG	2494
KNC31909	TAA	48
KNC31922	TGA	114
KNC25433	TAA	208
KNC31906	TAA	2668
KNC23326	TGA	62
KNC29833	TAG	136
KNC29834	TGA	10
KNC29831	TAG	130
KNC29832	TAG	279
KNC29835	TGA	1248
KNC30062	TGA	57
KNC30369	TAA	264
KNC30063	TAA	1423
KNC30064	TAA	456
KNC30363	TGA	378
KNC30360	TAA	225
KNC30367	TAA	1397
KNC30365	TAA	1270
KNC25558	TAA	954
KNC25417	TAG	4440
KNC24497	TAA	821
KNC30881	TAG	73
KNC23796	TGA	193
KNC25556	TAA	346
KNC23793	TAA	508
KNC33281	TAA	40
KNC20889	TAA	297
KNC22589	TAA	618
KNC22587	TGA	1819
KNC22588	TGA	227
KNC22594	TAG	1918
KNC21149	TAA	77
KNC21150	TAA	65
KNC24986	TGA	369
KNC24989	TAA	1657
KNC24990	TGA	2563
KNC24633	TAA	9
KNC25170	TAG	16
KNC24400	TAA	355
KNC32116	TAA	106
KNC25176	TAA	356
KNC25177	TGA	599
KNC30824	TGA	433
KNC30822	TGA	1058
KNC28371	TAA	128
KNC30828	TAG	87
KNC34781	TAA	3271
KNC34041	TAA	556
KNC34768	TGA	3370
KNC31111	TGA	26
KNC20613	TAA	1520
KNC30198	TAA	610
KNC33522	TAA	58
KNC20720	TGA	199
KNC22393	TAA	930
KNC28619	TAA	2109
KNC28620	TAA	182
KNC28617	TAA	55
KNC28618	TAA	1509
KNC28621	TAA	1345
KNC30897	TAA	711
KNC30893	TGA	587
KNC30891	TAG	94
KNC30892	TAA	171
KNC30726	TAA	3445
KNC30727	TAA	1285
KNC30724	TAA	7893
KNC30725	TAA	1596
KNC30720	TGA	2671
KNC25935	TAA	2019
KNC23848	TAA	1132
KNC23849	TAA	1193
KNC23847	TAA	573
KNC23833	TAG	981
KNC23845	TAA	933
KNC23832	TAA	1857
KNC23844	TGA	1128
KNC21770	TAA	1338
KNC21771	TGA	815
KNC21768	TAG	1375
KNC21765	TAA	1134
KNC21773	TAA	2683
KNC27315	TAA	250
KNC27316	TAA	544
KNC27319	TGA	4522
KNC27303	TAG	955
KNC25938	TGA	141
KNC27313	TAA	60
KNC26529	TGA	62
KNC22307	TAA	1025
KNC22305	TGA	24
KNC22306	TGA	707
KNC22309	TAA	283
KNC22310	TAA	436
KNC22122	TAG	152
KNC25678	TGA	12
KNC27261	TAA	15
KNC29089	TGA	1715
KNC27262	TGA	161
KNC27513	TAA	1620
KNC27514	TAA	4772
KNC32976	TAA	363
KNC21138	TAG	596
KNC27512	TAA	189
KNC27510	TAG	436
KNC27507	TAG	5325
KNC27506	TAA	290
KNC27998	TAA	1422
KNC28001	TAA	4879
KNC28004	TAA	162
KNC28006	TAA	380
KNC27635	TAA	16
KNC27260	TAA	795
KNC29303	TAA	128
KNC29304	TGA	304
KNC29302	TAG	467
KNC29307	TAA	40
KNC29305	TGA	648
KNC30938	TAG	705
KNC27415	TGA	194
KNC27458	TAA	57
KNC27459	TAA	4041
KNC27456	TAG	37
KNC27413	TAA	48
KNC21576	TAA	21
KNC26462	TAA	535
KNC26466	TAG	3375
KNC26457	TAA	442
KNC26447	TGA	2621
KNC26455	TAG	648
KNC26445	TAG	630
KNC30936	TAG	377
KNC34096	TAG	1015
KNC21599	TAA	77
KNC21600	TAA	440
KNC26296	TAA	44
KNC26297	TGA	112
KNC21664	TAA	626
KNC25918	TAA	49
KNC21659	TGA	471
KNC22914	TAG	180
KNC22911	TAA	70
KNC22907	TAA	782
KNC22908	TAA	140
KNC23681	TAA	1887
KNC33937	TAA	2522
KNC31895	TAA	333
KNC34816	TAG	166
KNC34817	TAA	1555
KNC34577	TAA	1456
KNC34578	TAA	81
KNC34575	TAA	54
KNC34576	TAA	734
KNC34572	TAA	156
KNC24049	TAA	998
KNC24047	TAG	485
KNC24048	TAA	2752
KNC21572	TAA	284
KNC24051	TGA	476
KNC27127	TAA	90
KNC27128	TAG	6
KNC21580	TAA	79
KNC33806	TAA	899
KNC31253	TAA	542
KNC31286	TAA	8
KNC31238	TAA	709
KNC31239	TAA	741
KNC31291	TAA	1349
KNC31241	TAA	3124
KNC31322	TAA	394
KNC26601	TAA	3406
KNC31837	TAG	134
KNC31835	TAG	313
KNC31836	TAA	3179
KNC31834	TAA	353
KNC26587	TAA	323
KNC26602	TAA	2076
KNC26590	TAA	117
KNC26588	TAA	1837
KNC26589	TAA	380
KNC24828	TAA	1463
KNC30026	TAA	855
KNC28102	TAA	429
KNC25395	TAG	179
KNC25393	TAG	237
KNC25392	TAG	57
KNC25390	TGA	2346
KNC34129	TAA	460
KNC30127	TAG	1020
KNC27222	TGA	547
KNC30124	TAA	128
KNC30071	TAA	567
KNC30072	TAA	70
KNC30069	TAG	463
KNC30358	TGA	1269
KNC30359	TAA	68
KNC30357	TAG	833
KNC30353	TAA	449
KNC30351	TGA	1107
KNC30352	TAG	455
KNC30356	TAA	1969
KNC30350	TAA	28
KNC30354	TAA	946
KNC30355	TGA	7
KNC32262	TAA	774
KNC26050	TAA	352
KNC26048	TAA	77
KNC26047	TAA	196
KNC32266	TAA	542
KNC28440	TAA	376
KNC26990	TAA	1481
KNC24490	TGA	835
KNC25957	TAA	995
KNC32475	TAA	952
KNC32499	TAG	1037
KNC32472	TAA	544
KNC32275	TAA	628
KNC28067	TGA	1669
KNC28081	TAG	877
KNC28078	TAG	377
KNC29627	TAG	558
KNC25643	TAA	79
KNC29635	TGA	9
KNC29636	TAA	748
KNC25644	TAA	85
KNC29631	TAA	3556
KNC29632	TAA	1539
KNC29629	TAA	1580
KNC29630	TAA	9
KNC21277	TAG	72
KNC24134	TAA	533
KNC21275	TGA	12
KNC21291	TAA	1788
KNC24980	TGA	160
KNC24978	TGA	3639
KNC24975	TAA	1950
KNC25092	TAA	1233
KNC28749	TAA	470
KNC28754	TAA	1712
KNC28752	TAG	43
KNC28755	TAA	683
KNC25985	TAA	2529
KNC31279	TAA	945
KNC24137	TAA	359
KNC29956	TAA	311
KNC30206	TAA	727
KNC30782	TAA	1596
KNC26610	TGA	68
KNC30781	TAG	293
KNC26577	TAA	15
KNC33961	TGA	471
KNC32140	TAA	1006
KNC24764	TAA	15
KNC32136	TAA	834
KNC26607	TAA	168
KNC31036	TGA	94
KNC26576	TAA	196
KNC28144	TAA	94
KNC28122	TAA	249
KNC28142	TAA	77
KNC28143	TAG	4859
KNC28147	TAA	672
KNC25949	TAG	189
KNC25950	TAA	126
KNC30632	TAA	862
KNC30635	TAA	209
KNC30633	TAA	481
KNC30694	TAA	74
KNC25702	TGA	151
KNC21757	TAG	162
KNC21763	TAG	813
KNC21764	TAA	4959
KNC21762	TAA	58
KNC29176	TGA	223
KNC21999	TAA	153
KNC29177	TAA	98
KNC21914	TAA	428
KNC21987	TAA	198
KNC21988	TGA	139
KNC21952	TGA	75
KNC21953	TAA	1911
KNC28416	TAA	3050
KNC28413	TAA	86
KNC31152	TAA	285
KNC31150	TAA	237
KNC31148	TAA	422
KNC31146	TAG	3801
KNC21612	TGA	66
KNC29280	TAG	62
KNC27497	TGA	2363
KNC27495	TAA	110
KNC27499	TGA	560
KNC27503	TAA	7
KNC20639	TAA	1737
KNC20640	TAA	1040
KNC24238	TGA	877
KNC27361	TAA	358
KNC24237	TAG	697
KNC22770	TGA	428
KNC24242	TAA	94
KNC24243	TAA	1127
KNC34663	TAA	304
KNC24203	TAA	2089
KNC24204	TAA	112
KNC24200	TAA	1414
KNC24201	TAA	110
KNC31861	TAA	673
KNC31862	TGA	660
KNC31859	TAA	156
KNC31860	TGA	1562
KNC31867	TAA	67
KNC21566	TAA	4730
KNC21624	TAA	2224
KNC26292	TAA	2577
KNC26288	TAA	804
KNC26285	TAG	275
KNC26286	TAA	88
KNC26293	TAA	862
KNC24591	TAA	25
KNC34268	TAG	420
KNC21124	TAA	1369
KNC33789	TAA	182
KNC30191	TAA	108
KNC30180	TAA	145
KNC30193	TAA	1187
KNC25933	TAA	121
KNC30178	TAA	1672
KNC20997	TAG	78
KNC26420	TAA	737
KNC31031	TAA	920
KNC24745	TAG	2100
KNC34563	TAA	360
KNC34566	TAG	761
KNC34567	TGA	331
KNC25244	TAA	475
KNC34568	TAA	21
KNC32205	TAA	2495
KNC32206	TAA	861
KNC32204	TGA	173
KNC32187	TGA	563
KNC32207	TAA	138
KNC32208	TAA	327
KNC32203	TAA	540
KNC27107	TAG	2339
KNC27119	TAG	18
KNC27114	TAA	57
KNC27105	TGA	1539
KNC34012	TAA	1160
KNC34014	TAG	823
KNC27987	TAA	552
KNC27979	TAA	109
KNC33761	TAA	2718
KNC27991	TAA	352
KNC26007	TGA	3913
KNC26005	TAA	1273
KNC26006	TAA	1843
KNC27990	TAA	84
KNC31237	TGA	304
KNC31179	TAA	2242
KNC31178	TAA	858
KNC28106	TAA	97
KNC31175	TAA	2421
KNC28795	TAA	282
KNC28794	TAA	255
KNC28791	TAA	1320
KNC28789	TAG	74
KNC28797	TAG	2
KNC22180	TAA	270
KNC22843	TAG	383
KNC22848	TAA	2267
KNC25951	TGA	203
KNC29079	TGA	1085
KNC31808	TAA	329
KNC31813	TAA	2666
KNC22952	TAA	2079
KNC32667	TAA	8
KNC32658	TAG	20
KNC29602	TAA	574
KNC25412	TAA	3243
KNC25410	TAA	1812
KNC25416	TGA	7
KNC25413	TAA	65
KNC32126	TGA	4844
KNC30348	TAA	12
KNC30101	TAA	210
KNC30339	TAA	1563
KNC26382	TAA	129
KNC32881	TAA	151
KNC28768	TAG	32
KNC23181	TAA	408
KNC32845	TAA	1389
KNC32844	TAA	572
KNC26481	TAA	261
KNC26482	TAG	638
KNC26487	TAA	2007
KNC26488	TGA	298
KNC26485	TAA	445
KNC26486	TAA	420
KNC26479	TGA	2730
KNC32725	TAA	297
KNC27352	TAA	1268
KNC28326	TAG	1617
KNC28327	TAA	527
KNC28328	TAG	500
KNC22198	TAA	7
KNC26920	TAG	2692
KNC23781	TAA	299
KNC24963	TAA	219
KNC24964	TAA	1335
KNC24967	TAA	405
KNC24965	TAA	3095
KNC24966	TAG	45
KNC24970	TAA	1361
KNC29683	TAA	322
KNC29688	TGA	484
KNC29687	TAA	1846
KNC26222	TAA	37
KNC26217	TGA	249
KNC31004	TAA	52
KNC23080	TAA	21
KNC23081	TAA	1041
KNC23079	TAG	156
KNC23074	TGA	3294
KNC23077	TAA	1210
KNC23076	TAA	1085
KNC29575	TGA	117
KNC29551	TAA	1431
KNC29552	TAA	1109
KNC29550	TGA	977
KNC29503	TAA	1170
KNC30596	TAA	963
KNC30597	TAA	731
KNC20654	TAA	655
KNC24330	TAA	208
KNC24334	TAA	246
KNC24331	TAA	321
KNC24332	TAG	226
KNC24338	TAA	316
KNC28225	TGA	612
KNC34355	TAG	274
KNC34359	TAA	172
KNC34357	TAA	135
KNC34358	TGA	1103
KNC34362	TAA	1761
KNC30067	TAA	2298
KNC30068	TAA	120
KNC27856	TAA	74
KNC20628	TAG	730
KNC20629	TAA	280
KNC20627	TAA	2112
KNC20636	TAA	611
KNC20635	TAG	736
KNC20633	TAG	522
KNC20630	TGA	1308
KNC21250	TAA	914
KNC21252	TGA	127
KNC25909	TAA	33
KNC21270	TGA	909
KNC25618	TGA	21
KNC29296	TAG	100
KNC29293	TAG	186
KNC29294	TGA	248
KNC29299	TAA	651
KNC29300	TAA	60
KNC29297	TAA	180
KNC29298	TGA	151
KNC27520	TAA	1649
KNC27517	TAA	1677
KNC27492	TGA	767
KNC27516	TGA	156
KNC33608	TGA	323
KNC26173	TAA	102
KNC26175	TAG	657
KNC26176	TAA	178
KNC31449	TAA	25
KNC25154	TAA	450
KNC22620	TAA	1344
KNC28407	TAA	1947
KNC28406	TAA	3732
KNC28404	TAA	5074
KNC28933	TAA	455
KNC28409	TAA	79
KNC28410	TAA	1691
KNC25892	TAG	1111
KNC28884	TAA	935
KNC33231	TAA	77
KNC33232	TAA	361
KNC33057	TAG	905
KNC26833	TAA	587
KNC26845	TAA	2495
KNC26839	TAA	694
KNC26844	TAA	9
KNC26843	TAA	670
KNC33094	TAA	753
KNC22552	TAA	131
KNC22553	TAA	1190
KNC33234	TAG	472
KNC26427	TAA	347
KNC33237	TAA	221
KNC33238	TAA	587
KNC26282	TAG	261
KNC32290	TAA	368
KNC28580	TAA	68
KNC32292	TAA	48
KNC28581	TAG	1291
KNC30415	TAA	60
KNC30401	TAA	368
KNC29757	TAA	179
KNC26308	TAG	2414
KNC26309	TGA	1155
KNC26314	TAA	89
KNC26313	TAA	468
KNC26311	TAA	673
KNC29754	TAA	520
KNC24881	TAA	320
KNC24882	TAA	3829
KNC34017	TAA	314
KNC20754	TAA	783
KNC20755	TGA	969
KNC28601	TAA	746
KNC28602	TAA	263
KNC27554	TGA	24
KNC32278	TAG	1131
KNC27768	TAA	608
KNC32788	TAA	276
KNC32792	TAG	91
KNC32793	TAA	64
KNC32791	TAG	528
KNC32796	TAG	229
KNC32797	TAG	107
KNC32795	TAA	1106
KNC24410	TAA	834
KNC24389	TGA	50
KNC24422	TGA	246
KNC30611	TGA	98
KNC30606	TAA	451
KNC26942	TAA	1092
KNC26933	TAA	1963
KNC26931	TGA	80
KNC26934	TAA	8
KNC26935	TAG	9
KNC22630	TAA	446
KNC31169	TAA	1946
KNC31170	TAA	63
KNC31226	TAG	30
KNC31182	TGA	49
KNC31209	TAA	2330
KNC31210	TAA	1294
KNC28529	TAA	3550
KNC28528	TAA	657
KNC28525	TAA	552
KNC28526	TAA	717
KNC28559	TGA	441
KNC29735	TAA	684
KNC31070	TGA	1523
KNC31068	TGA	196
KNC28788	TGA	463
KNC32829	TAG	4583
KNC22833	TAA	401
KNC22801	TAA	192
KNC22838	TAA	27
KNC22836	TAA	1792
KNC22837	TAA	8
KNC21527	TAA	592
KNC26039	TAA	61
KNC27131	TAA	1205
KNC27133	TAA	637
KNC25562	TAA	31
KNC27139	TAA	317
KNC25563	TAA	345
KNC22475	TGA	724
KNC22473	TGA	929
KNC30746	TAA	149
KNC30749	TAA	910
KNC30750	TAA	275
KNC30665	TAA	1373
KNC30747	TAA	128
KNC30664	TAA	1257
KNC23043	TAA	292
KNC23029	TAA	70
KNC23041	TAG	33
KNC23042	TGA	369
KNC23047	TAA	66
KNC23044	TAA	75
KNC29859	TAA	669
KNC22963	TAA	10502
KNC21858	TAA	97
KNC28966	TGA	516
KNC21865	TAA	1769
KNC21866	TAA	826
KNC21863	TAA	615
KNC21864	TAA	1824
KNC21861	TAG	870
KNC21862	TAG	266
KNC21859	TAA	229
KNC32758	TAG	328
KNC31636	TAA	2772
KNC30080	TAA	47
KNC30079	TAA	243
KNC21782	TAA	793
KNC30077	TAA	374
KNC21803	TAA	1166
KNC21332	TAA	978
KNC31720	TAA	181
KNC29674	TAG	1334
KNC35005	TGA	2495
KNC35006	TAG	550
KNC35003	TAA	745
KNC32836	TAA	741
KNC32835	TAA	147
KNC27914	TAA	7
KNC20994	TAA	32
KNC31970	TAA	95
KNC24804	TGA	1056
KNC26476	TAA	570
KNC26477	TGA	1212
KNC26474	TAA	688
KNC26471	TAA	4
KNC26472	TAG	27
KNC32018	TAA	13
KNC30870	TAA	140
KNC30875	TAA	206
KNC30874	TGA	920
KNC32022	TAG	221
KNC32023	TAA	794
KNC22136	TAA	1089
KNC22133	TAA	329
KNC22131	TAA	332
KNC22132	TAA	5175
KNC32422	TGA	1978
KNC32418	TAA	50
KNC32419	TAG	792
KNC32390	TAA	287
KNC32391	TAA	113
KNC32444	TAA	341
KNC32420	TAG	14
KNC30049	TGA	245
KNC32025	TAG	309
KNC24387	TAG	272
KNC23491	TAA	193
KNC22598	TAA	2753
KNC34177	TGA	23
KNC34178	TAA	421
KNC22602	TAA	3601
KNC22601	TAA	738
KNC29561	TGA	37
KNC29564	TAA	1298
KNC29565	TAG	1395
KNC29563	TAG	621
KNC20697	TAA	499
KNC29556	TAA	580
KNC26854	TAA	391
KNC20700	TAA	491
KNC24322	TAA	2867
KNC24320	TGA	901
KNC24327	TAA	67
KNC24328	TAA	989
KNC28141	TGA	1892
KNC28173	TAA	2274
KNC27329	TAA	11
KNC34351	TAA	679
KNC34352	TAA	563
KNC34350	TAA	1438
KNC34347	TAG	23
KNC34346	TAA	201
KNC34353	TAA	611
KNC34354	TAA	4
KNC27766	TAA	2238
KNC31618	TGA	226
KNC27772	TAA	310
KNC22163	TAA	495
KNC34814	TGA	1608
KNC22565	TAA	1302
KNC31620	TAA	2395
KNC31621	TAA	1012
KNC29201	TGA	453
KNC32231	TAG	502
KNC26546	TAA	168
KNC30204	TGA	1705
KNC30202	TGA	1099
KNC25855	TAA	88
KNC25848	TGA	3697
KNC25620	TAA	79
KNC25851	TAG	421
KNC23109	TAA	207
KNC27022	TAA	986
KNC27023	TGA	1289
KNC27021	TAA	718
KNC34850	TAG	2097
KNC34813	TAG	420
KNC21010	TAA	64
KNC29289	TAA	38
KNC29290	TAA	2523
KNC33609	TAA	118
KNC33604	TAA	60
KNC33602	TAA	9
KNC23926	TAG	2443
KNC32164	TGA	2111
KNC33946	TGA	579
KNC32890	TAG	392
KNC29094	TAA	156
KNC29409	TAA	529
KNC29427	TGA	918
KNC31870	TAG	1570
KNC32887	TAA	499
KNC31731	TAA	59
KNC31730	TGA	43
KNC32888	TAA	84
KNC20939	TAA	34
KNC20940	TAA	154
KNC20943	TAA	127
KNC20941	TAA	122
KNC20942	TAG	148
KNC26113	TAA	283
KNC30426	TAA	1393
KNC30438	TAA	505
KNC30439	TAG	143
KNC30443	TAA	156
KNC30441	TGA	186
KNC30442	TAA	109
KNC24088	TAG	730
KNC24089	TAA	140
KNC24496	TAA	1042
KNC29354	TGA	4
KNC29355	TAG	22
KNC21568	TAG	578
KNC21569	TGA	165
KNC26300	TAA	57
KNC26299	TAA	179
KNC26304	TAA	744
KNC26302	TAA	353
KNC26303	TAA	56
KNC26306	TAA	1474
KNC26307	TAA	61
KNC28567	TGA	4282
KNC21717	TGA	94
KNC25958	TAA	123
KNC21711	TAA	227
KNC34809	TAA	142
KNC21714	TAG	88
KNC21713	TAA	444
KNC32786	TAG	42
KNC32802	TAA	200
KNC32784	TAA	1625
KNC32785	TAA	1695
KNC32783	TAA	881
KNC22334	TAA	665
KNC25694	TAA	541
KNC30890	TGA	468
KNC28231	TAA	1356
KNC28228	TAA	232
KNC28219	TAA	649
KNC28227	TGA	51
KNC28210	TAG	570
KNC28224	TAG	71
KNC28229	TAA	165
KNC32628	TAA	132
KNC28578	TGA	623
KNC28579	TAA	1673
KNC28543	TAA	528
KNC28551	TGA	1220
KNC28554	TAA	183
KNC28546	TAG	528
KNC21339	TGA	38
KNC25952	TAA	134
KNC23675	TAA	383
KNC22823	TAA	508
KNC22828	TAA	518
KNC22829	TAG	1419
KNC22826	TGA	55
KNC22830	TGA	42
KNC22831	TAA	850
KNC33755	TAA	25
KNC21390	TAA	1819
KNC21393	TAG	393
KNC21409	TAA	189
KNC21397	TAA	2475
KNC24659	TGA	29
KNC24651	TGA	329
KNC24652	TAA	166
KNC24654	TAA	343
KNC24655	TAA	375
KNC24658	TAA	1001
KNC30735	TGA	529
KNC30736	TAA	1902
KNC30677	TAA	337
KNC30738	TAA	930
KNC30737	TAA	205
KNC30625	TAG	4163
KNC30626	TAA	22
KNC26525	TAG	2014
KNC26526	TAA	36
KNC26530	TAA	133
KNC28398	TAA	840
KNC26532	TAG	168
KNC25342	TAA	681
KNC25341	TAA	610
KNC24247	TGA	1041
KNC25339	TAA	1371
KNC25337	TAA	25
KNC25338	TAA	1793
KNC34938	TGA	159
KNC33478	TAG	454
KNC23567	TAA	2464
KNC23568	TGA	124
KNC30175	TAA	170
KNC32610	TAA	81
KNC22106	TAA	189
KNC32613	TAA	1158
KNC32029	TAA	1178
KNC33484	TGA	1720
KNC32614	TAA	913
KNC33797	TAA	72
KNC23202	TAG	688
KNC26155	TAG	6
KNC32612	TAA	72
KNC27908	TGA	1890
KNC27917	TAG	243
KNC27907	TGA	729
KNC27911	TAA	1594
KNC28465	TGA	828
KNC27904	TAA	808
KNC29668	TGA	4566
KNC29662	TAA	493
KNC29666	TAA	1048
KNC29664	TAA	939
KNC29665	TAA	113
KNC27220	TAA	69
KNC27221	TAA	119
KNC27216	TAA	859
KNC27215	TGA	2222
KNC27212	TAA	2075
KNC30300	TAA	1405
KNC22213	TAA	1219
KNC32616	TAA	8
KNC22216	TAA	163
KNC25527	TAA	940
KNC31938	TAA	12
KNC32451	TAA	354
KNC32447	TAA	346
KNC25653	TAA	72
KNC28686	TAA	130
KNC32300	TAA	2113
KNC25221	TAA	152
KNC33538	TGA	1666
KNC28658	TAA	429
KNC32319	TAG	197
KNC33480	TGA	338
KNC33090	TAA	815
KNC33843	TGA	3270
KNC32467	TGA	485
KNC33087	TAG	380
KNC28767	TAA	1261
KNC33088	TAA	757
KNC32471	TAG	26
KNC32469	TGA	744
KNC23783	TAA	3149
KNC23784	TAA	67
KNC23788	TGA	17
KNC23785	TGA	137
KNC23786	TAA	1140
KNC23789	TAA	1686
KNC23790	TAA	1445
KNC34171	TGA	4696
KNC34172	TGA	1787
KNC34168	TGA	1399
KNC26762	TAA	57
KNC26763	TAA	74
KNC28542	TAA	185
KNC32343	TAA	624
KNC28131	TAA	1691
KNC28132	TAA	1258
KNC28129	TAG	610
KNC28127	TAG	71
KNC28128	TAA	19
KNC24288	TGA	291
KNC28124	TAA	1068
KNC30741	TAA	3694
KNC34337	TGA	8
KNC34336	TAA	484
KNC20692	TAA	1168
KNC22772	TGA	272
KNC22777	TAA	127
KNC22778	TGA	2196
KNC22775	TGA	871
KNC22776	TAA	282
KNC22773	TAG	453
KNC30914	TAA	43
KNC29548	TAG	20
KNC29549	TAA	48
KNC29525	TAA	1241
KNC29546	TAG	1159
KNC29547	TAA	909
KNC29545	TAA	1442
KNC30227	TGA	150
KNC28643	TAA	613
KNC28664	TAA	1762
KNC28662	TAA	1307
KNC28663	TAA	128
KNC28661	TAA	3112
KNC31160	TAA	533
KNC31128	TGA	8
KNC31163	TAA	312
KNC26861	TAG	166
KNC26859	TAA	916
KNC25927	TGA	729
KNC25925	TAG	77
KNC25926	TGA	48
KNC25931	TAA	689
KNC25932	TAA	20
KNC30129	TAA	28
KNC30130	TAA	126
KNC30128	TAA	278
KNC30133	TGA	1058
KNC24068	TGA	1269
KNC24069	TAG	676
KNC33596	TAA	1629
KNC33595	TAA	17
KNC33594	TAA	56
KNC27200	TGA	123
KNC27201	TGA	61
KNC27197	TAG	349
KNC27194	TAG	996
KNC29642	TAA	102
KNC25241	TAG	230
KNC25247	TGA	257
KNC27039	TGA	184
KNC27007	TGA	319
KNC27037	TAG	4659
KNC27038	TGA	1328
KNC27009	TAA	1096
KNC31881	TAG	199
KNC29902	TGA	57
KNC29906	TAA	6
KNC33537	TAG	154
KNC28687	TAA	306
KNC28684	TGA	217
KNC28679	TAG	30
KNC28683	TAG	703
KNC28688	TAA	563
KNC28682	TAG	1372
KNC28680	TAA	293
KNC33542	TGA	964
KNC33540	TAA	131
KNC33541	TAA	152
KNC22313	TAA	827
KNC22314	TGA	106
KNC22300	TAG	97
KNC22301	TAG	342
KNC22295	TAA	30
KNC22323	TAA	125
KNC22298	TGA	80
KNC28319	TAA	244
KNC24831	TAG	62
KNC31879	TAG	3995
KNC31880	TAA	1102
KNC22104	TAA	1104
KNC29046	TGA	71
KNC23671	TAA	177
KNC33080	TAG	643
KNC22446	TAA	87
KNC34205	TAA	5209
KNC34206	TAA	650
KNC34204	TAA	47
KNC34209	TAA	45
KNC34207	TAA	106
KNC24016	TAA	485
KNC24017	TAA	402
KNC24015	TAA	112
KNC24022	TAA	1527
KNC28215	TAA	117
KNC28223	TAG	1631
KNC28221	TAA	502
KNC34423	TAG	226
KNC34424	TAA	56
KNC33353	TAG	474
KNC33355	TAG	196
KNC33349	TAA	1496
KNC33358	TAG	144
KNC33350	TAA	943
KNC31191	TAA	407
KNC31186	TAA	282
KNC31185	TGA	1106
KNC31189	TAA	350
KNC31190	TGA	108
KNC28573	TGA	199
KNC28571	TGA	248
KNC28570	TAA	1663
KNC28576	TAA	349
KNC22401	TAA	22
KNC32963	TAA	568
KNC23005	TAG	1005
KNC25541	TAA	690
KNC25547	TAG	116
KNC25540	TAA	31
KNC25549	TGA	1463
KNC25546	TAG	1914
KNC30763	TAA	5890
KNC30764	TAA	2580
KNC30645	TAA	1130
KNC30733	TAA	164
KNC30759	TAA	263
KNC27836	TAG	49
KNC27820	TAA	2248
KNC27821	TAG	135
KNC27815	TGA	203
KNC22188	TAA	422
KNC22187	TAA	88
KNC26055	TAG	17
KNC26056	TAG	2208
KNC26053	TGA	15
KNC26057	TAA	435
KNC30514	TGA	785
KNC25235	TAA	165
KNC23356	TAA	609
KNC25613	TAA	126
KNC29982	TGA	674
KNC24768	TAG	78
KNC26125	TGA	35
KNC26128	TAA	2487
KNC26129	TAA	307
KNC26127	TGA	53
KNC26130	TAA	6868
KNC26131	TAA	2545
KNC31643	TAA	8
KNC23658	TAA	103
KNC23653	TAA	1425
KNC23652	TAA	784
KNC23655	TAA	1372
KNC27892	TGA	4140
KNC27900	TGA	790
KNC27901	TAA	1460
KNC27898	TAA	818
KNC27899	TAA	128
KNC27896	TAA	4416
KNC27897	TGA	47
KNC27894	TAG	40
KNC24057	TAA	9
KNC30386	TAA	928
KNC30384	TAA	23
KNC30385	TAA	23
KNC30391	TAG	39
KNC33050	TGA	861
KNC22866	TAA	230
KNC34040	TAG	303
KNC21625	TAA	74
KNC28008	TAA	711
KNC27351	TAA	1835
KNC34625	TAA	69
KNC34623	TAA	988
KNC34624	TAA	194
KNC20569	TAA	757
KNC20570	TGA	1611
KNC20564	TAA	954
KNC20561	TAA	429
KNC20562	TAA	288
KNC20565	TGA	677
KNC23913	TGA	613
KNC23918	TAA	61
KNC23911	TAA	93
KNC23912	TAG	8254
KNC32619	TAA	4065
KNC29028	TAA	2804
KNC25745	TAG	50
KNC25743	TAA	79
KNC29026	TAA	350
KNC33970	TAG	176
KNC21278	TAA	700
KNC28213	TAA	198
KNC33976	TAG	39
KNC21281	TAA	243
KNC30925	TAA	91
KNC30929	TAA	2
KNC26980	TAA	938
KNC33975	TAA	300
KNC21282	TAA	807
KNC21296	TAA	129
KNC21229	TAA	2123
KNC30065	TAA	1421
KNC21223	TAG	5096
KNC22398	TAG	526
KNC30066	TAG	1119
KNC30059	TAA	305
KNC27621	TAA	97
KNC29531	TAG	428
KNC31174	TAA	561
KNC31315	TGA	253
KNC29536	TAA	1737
KNC31228	TAG	2505
KNC31229	TGA	751
KNC31172	TAA	1865
KNC31227	TAA	1207
KNC31171	TAA	419
KNC30951	TAA	8
KNC30948	TAA	528
KNC33436	TAG	461
KNC33442	TAA	915
KNC33440	TAA	897
KNC33437	TAA	2266
KNC33438	TAA	178
KNC31486	TAA	819
KNC34323	TAA	27
KNC34324	TGA	81
KNC34331	TAA	84
KNC34327	TAA	7
KNC34328	TAG	76
KNC34326	TAA	357
KNC33354	TGA	362
KNC33351	TAA	46
KNC28041	TAA	2575
KNC28039	TAA	75
KNC28042	TAA	310
KNC28804	TGA	149
KNC28471	TAA	155
KNC32900	TAG	677
KNC23355	TAG	10
KNC27034	TAA	175
KNC27035	TAG	414
KNC27027	TAA	920
KNC23801	TAA	149
KNC22685	TAG	27
KNC26195	TGA	569
KNC23799	TAG	87
KNC28746	TAA	13
KNC28747	TGA	677
KNC28689	TAA	64
KNC32740	TAA	780
KNC32741	TAA	137
KNC29037	TAA	720
KNC28159	TGA	863
KNC28897	TAA	86
KNC28902	TGA	296
KNC28903	TGA	21
KNC33703	TGA	3972
KNC28901	TAA	124
KNC28895	TGA	843
KNC28896	TGA	155
KNC26791	TAA	126
KNC26790	TAA	295
KNC26785	TGA	20
KNC26786	TAA	64
KNC21651	TAA	12
KNC21652	TAA	6
KNC21646	TGA	34
KNC26794	TAA	21
KNC29431	TAA	30
KNC22883	TGA	1106
KNC22884	TAA	72
KNC22584	TAA	1685
KNC22577	TAA	408
KNC30566	TGA	1001
KNC30601	TAA	565
KNC21421	TAA	91
KNC28863	TAA	752
KNC30574	TAA	524
KNC30573	TAA	43
KNC21417	TAA	300
KNC32201	TGA	4754
KNC32198	TAG	972
KNC32196	TAA	7
KNC32193	TGA	206
KNC32194	TGA	351
KNC27790	TAG	89
KNC25545	TAG	105
KNC27788	TAA	763
KNC27789	TAA	628
KNC34070	TAA	841
KNC34082	TGA	1364
KNC34079	TAA	130
KNC27676	TAA	972
KNC34080	TAA	1481
KNC34081	TGA	905
KNC30256	TGA	1067
KNC26237	TAA	204
KNC30651	TAA	1774
KNC30619	TAG	126
KNC30650	TAA	5467
KNC30699	TAA	843
KNC30649	TAA	1689
KNC28062	TAA	307
KNC22761	TAA	350
KNC22753	TAA	87
KNC28460	TAA	122
KNC22930	TAA	493
KNC27656	TAA	1231
KNC22929	TAA	35
KNC33031	TGA	598
KNC29361	TAG	51
KNC28415	TAG	358
KNC29886	TAG	302
KNC29898	TAG	1464
KNC26122	TAA	372
KNC26136	TAG	2243
KNC22500	TAG	68
KNC26134	TGA	1610
KNC32602	TAA	246
KNC27283	TAA	410
KNC27288	TAA	342
KNC27277	TAG	552
KNC33336	TAA	422
KNC27867	TAG	1035
KNC32932	TAA	494
KNC32929	TAG	551
KNC32927	TAA	3237
KNC32926	TAA	36
KNC32934	TAA	122
KNC29519	TGA	400
KNC28461	TAG	106
KNC27961	TAA	643
KNC29518	TAA	905
KNC27964	TAA	1001
KNC27962	TAA	2442
KNC22031	TAG	55
KNC23120	TAA	375
KNC32620	TAA	211
KNC34882	TAA	1
KNC28411	TAA	162
KNC32689	TAA	87
KNC22390	TAG	237
KNC28391	TAA	4021
KNC33021	TGA	1027
KNC33111	TAA	130
KNC24599	TAA	92
KNC24602	TAA	795
KNC24603	TAA	24
KNC24600	TGA	54
KNC24601	TGA	289
KNC20576	TAA	823
KNC20610	TAG	1663
KNC20609	TAA	151
KNC20608	TAG	51
KNC20611	TGA	467
KNC29484	TAA	336
KNC31393	TGA	390
KNC26118	TAA	91
KNC26645	TAA	922
KNC26649	TAA	3751
KNC26650	TGA	280
KNC32002	TAA	209
KNC29033	TAA	4338
KNC29034	TAA	219
KNC29031	TAA	207
KNC29032	TAA	286
KNC29029	TAG	1170
KNC22141	TAA	147
KNC29059	TAA	70
KNC29060	TGA	553
KNC22452	TAA	114
KNC25448	TAA	42
KNC20652	TAG	1515
KNC26975	TAA	106
KNC26972	TAA	154
KNC28201	TAA	1136
KNC25445	TGA	330
KNC26424	TGA	66
KNC27230	TAG	79
KNC27239	TAA	573
KNC21222	TAA	8
KNC21232	TGA	8
KNC22448	TAG	178
KNC28459	TAA	1270
KNC26402	TAA	54
KNC26411	TAA	80
KNC21158	TAA	2833
KNC21148	TAG	603
KNC22038	TGA	1700
KNC22037	TGA	70
KNC22034	TAA	287
KNC22036	TAA	217
KNC22009	TAA	1700
KNC22010	TAA	1036
KNC24985	TAA	3273
KNC32063	TAA	2243
KNC32064	TAA	28
KNC24347	TGA	4012
KNC24348	TAA	595
KNC24340	TAA	254
KNC24345	TGA	970
KNC24343	TAA	1020
KNC30234	TGA	231
KNC30240	TAG	818
KNC25871	TAA	2801
KNC25876	TAA	1756
KNC25875	TAA	66
KNC25877	TAA	567
KNC24742	TGA	1334
KNC24741	TAA	45
KNC24750	TAG	1199
KNC24739	TAA	117
KNC24735	TAA	323
KNC24126	TGA	189
KNC24124	TAG	26
KNC29451	TAG	126
KNC26116	TAA	13
KNC28456	TAA	19
KNC29452	TAA	276
KNC20988	TAA	289
KNC30979	TGA	1002
KNC30980	TAA	1405
KNC30978	TAA	835
KNC32459	TGA	2370
KNC33701	TAA	18
KNC32330	TGA	1310
KNC24899	TAA	315
KNC24891	TAG	595
KNC23114	TAA	14
KNC23115	TAA	908
KNC24905	TGA	584
KNC26169	TAA	1099
KNC26166	TAA	82
KNC26167	TAA	99
KNC28735	TAA	1250
KNC28732	TAA	1036
KNC26170	TAA	999
KNC28691	TGA	21
KNC28692	TAG	414
KNC24484	TAA	69
KNC24482	TAA	552
KNC29217	TAG	18
KNC33535	TAA	406
KNC33534	TAA	1005
KNC32053	TAA	129
KNC25266	TAA	422
KNC24485	TAG	10
KNC34249	TAG	123
KNC24205	TAA	4295
KNC24206	TAA	741
KNC24213	TAA	903
KNC24211	TAA	4377
KNC24212	TAA	52
KNC24210	TAA	146
KNC28458	TGA	4675
KNC29215	TAA	379
KNC29216	TAA	13
KNC24575	TAA	430
KNC24579	TAA	228
KNC24581	TAG	11
KNC24582	TGA	664
KNC21873	TAA	40
KNC24434	TAA	1288
KNC21488	TGA	707
KNC24433	TGA	185
KNC34496	TGA	1259
KNC24428	TAA	404
KNC34489	TAA	936
KNC34490	TAA	78
KNC34488	TAA	161
KNC34492	TAG	117
KNC24436	TGA	6
KNC21023	TAA	462
KNC23385	TAA	622
KNC23382	TAA	1453
KNC23381	TAA	39
KNC23378	TAG	8
KNC23376	TAA	183
KNC25091	TAG	686
KNC25085	TGA	2406
KNC25073	TAA	2482
KNC25083	TAA	98
KNC25088	TAA	842
KNC25089	TAA	683
KNC25087	TGA	2802
KNC32333	TAA	6056
KNC23357	TAA	1200
KNC23331	TAA	20
KNC27483	TGA	1265
KNC28936	TGA	64
KNC20736	TAA	550
KNC20737	TGA	1176
KNC20747	TAA	389
KNC20748	TAG	1071
KNC20749	TAG	3824
KNC20746	TAA	3463
KNC20744	TAA	131
KNC22281	TGA	821
KNC20743	TGA	679
KNC30522	TAA	7
KNC31758	TAG	474
KNC31745	TGA	664
KNC31754	TAA	253
KNC31742	TGA	181
KNC31752	TAA	122
KNC31753	TAG	1491
KNC31750	TAA	386
KNC31741	TAA	668
KNC29104	TAA	1501
KNC26103	TGA	57
KNC33751	TGA	591
KNC33753	TAG	39
KNC33749	TAA	211
KNC32354	TAA	199
KNC23676	TAA	1838
KNC30944	TGA	59
KNC22743	TGA	12
KNC22750	TGA	10
KNC22751	TAG	79
KNC22749	TAA	96
KNC32351	TAA	308
KNC21342	TGA	480
KNC32349	TAA	491
KNC24753	TAA	498
KNC32350	TAG	72
KNC29885	TAA	677
KNC29878	TGA	619
KNC29888	TAA	224
KNC34957	TAA	71
KNC34955	TAG	533
KNC34961	TAG	182
KNC34962	TAG	485
KNC30497	TAA	6862
KNC24743	TAA	68
KNC32551	TAA	2644
KNC32549	TAA	41
KNC32554	TAA	611
KNC27863	TAA	749
KNC27860	TAG	109
KNC24299	TAA	890
KNC24298	TGA	482
KNC23151	TGA	480
KNC23148	TAG	29
KNC23146	TAA	582
KNC23147	TAG	156
KNC32924	TAA	82
KNC32925	TAA	1997
KNC33394	TGA	3237
KNC24757	TAA	1109
KNC34043	TAA	649
KNC22954	TAA	3996
KNC31316	TAA	1308
KNC32312	TGA	255
KNC32313	TGA	583
KNC31324	TAA	563
KNC32304	TAG	6
KNC24609	TAA	74
KNC24595	TAA	62
KNC32297	TAG	165
KNC21351	TAG	365
KNC27086	TAA	70
KNC27088	TGA	47
KNC24610	TAG	12
KNC33246	TAA	583
KNC21349	TAA	90
KNC26635	TGA	2299
KNC26636	TGA	1422
KNC32332	TAA	5223
KNC26643	TAA	918
KNC26644	TAA	241
KNC26641	TAA	234
KNC26642	TAA	1170
KNC26639	TAA	1049
KNC26640	TAA	2207
KNC26638	TAA	1070
KNC32745	TAG	174
KNC21720	TGA	37
KNC31760	TGA	901
KNC32335	TAA	9
KNC22627	TAA	36
KNC28785	TAA	312
KNC26555	TAA	158
KNC29360	TAA	4
KNC24175	TAA	63
KNC26498	TGA	1263
KNC26442	TAG	1044
KNC26444	TAG	440
KNC26448	TAA	89
KNC28991	TGA	1164
KNC28992	TGA	1575
KNC25240	TAA	727
KNC32094	TAA	285
KNC32092	TAA	348
KNC32091	TAA	2143
KNC34533	TAA	49
KNC34534	TAG	805
KNC22050	TAA	44
KNC22051	TGA	339
KNC22048	TAA	795
KNC23885	TGA	2149
KNC23881	TAA	30
KNC23879	TAA	652
KNC23887	TGA	273
KNC23894	TAA	412
KNC24763	TAA	1316
KNC28669	TAG	1151
KNC33129	TAA	837
KNC33130	TAA	966
KNC33132	TAA	2021
KNC33137	TAA	540
KNC34365	TAA	304
KNC34373	TAG	216
KNC34371	TAA	124
KNC34372	TAA	64
KNC34370	TAA	1926
KNC24730	TAA	585
KNC24734	TAA	716
KNC24732	TAA	1418
KNC24055	TAG	191
KNC29212	TAA	174
KNC22977	TAA	1425
KNC29207	TAG	268
KNC22979	TAA	508
KNC29208	TAG	52
KNC29206	TAA	53
KNC21956	TAA	58
KNC23688	TAA	199
KNC21954	TGA	635
KNC27594	TGA	859
KNC27592	TAG	438
KNC23953	TGA	31
KNC29348	TGA	671
KNC31378	TAG	487
KNC31379	TGA	1476
KNC31376	TAA	1599
KNC31375	TAA	80
KNC31373	TAA	327
KNC33126	TAA	12
KNC33123	TAA	1161
KNC28709	TAA	1109
KNC28694	TAA	234
KNC33528	TAA	1178
KNC33529	TAA	795
KNC28706	TGA	97
KNC33525	TAA	657
KNC33531	TAG	113
KNC25559	TAA	104
KNC25557	TAG	260
KNC28781	TAG	25
KNC28622	TAA	1314
KNC30840	TAA	545
KNC33256	TAA	320
KNC21482	TAA	1572
KNC21478	TAA	189
KNC21479	TAA	1246
KNC21486	TAA	324
KNC33643	TGA	73
KNC33640	TAA	11
KNC33641	TAA	923
KNC33635	TAA	112
KNC32712	TAA	1375
KNC32713	TGA	2273
KNC25072	TAA	1257
KNC32711	TAG	167
KNC32708	TAA	84
KNC32709	TAG	275
KNC28839	TAA	81
KNC28837	TAA	266
KNC28835	TAG	52
KNC28836	TAA	143
KNC28831	TGA	310
KNC28832	TAA	196
KNC23733	TAA	459
KNC24594	TGA	9
KNC25080	TGA	246
KNC25037	TGA	428
KNC25079	TAG	1074
KNC25036	TAA	1961
KNC25078	TAA	548
KNC25076	TAA	22
KNC21753	TAA	606
KNC21221	TAA	430
KNC21754	TAA	4333
KNC28293	TAG	210
KNC22524	TAA	631
KNC33014	TAA	1111
KNC33011	TAA	365
KNC22659	TGA	328
KNC26618	TAG	1012
KNC26615	TAA	276
KNC27057	TAA	7
KNC27056	TAA	2432
KNC27054	TGA	10
KNC20823	TAA	201
KNC20832	TAG	2374
KNC20833	TAG	987
KNC20819	TGA	231
KNC20831	TAA	1659
KNC20830	TAA	674
KNC23009	TAA	208
KNC23010	TAA	617
KNC32722	TAG	997
KNC23003	TAA	589
KNC23001	TAA	827
KNC23002	TAA	538
KNC29044	TAA	154
KNC29813	TGA	2033
KNC23494	TAG	4639
KNC23504	TAA	1901
KNC23505	TAA	257
KNC23502	TAG	950
KNC23500	TAA	193
KNC23501	TAA	501
KNC23498	TAA	184
KNC23153	TAA	62
KNC25942	TGA	5051
KNC25238	TAA	268
KNC34911	TAG	216
KNC34907	TAA	4876
KNC34906	TGA	352
KNC34908	TAG	21
KNC34909	TAA	719
KNC22117	TAA	2133
KNC34929	TGA	378
KNC22119	TAA	575
KNC26597	TAA	1006
KNC26593	TGA	111
KNC26594	TGA	961
KNC31527	TAG	847
KNC31524	TAA	292
KNC31525	TAG	942
KNC31587	TAA	3898
KNC31529	TAA	7596
KNC25812	TAA	104
KNC31493	TAA	330
KNC31507	TGA	2338
KNC31883	TAA	303
KNC21065	TAA	219
KNC21066	TGA	1744
KNC21075	TAA	494
KNC34946	TGA	278
KNC21430	TAA	94
KNC34952	TAA	29
KNC34949	TAA	66
KNC28971	TAA	1083
KNC28972	TAA	553
KNC28965	TAA	1857
KNC28974	TAA	2502
KNC28962	TAG	1232
KNC28963	TGA	2705
KNC28960	TAG	808
KNC27852	TAA	800
KNC27850	TGA	16
KNC27854	TAG	113
KNC27855	TAA	355
KNC20711	TGA	60
KNC20712	TAG	1025
KNC20710	TGA	175
KNC20704	TAA	1298
KNC33071	TAA	425
KNC33075	TAA	1148
KNC33072	TAG	359
KNC33073	TAA	264
KNC25329	TAA	6
KNC25328	TAA	260
KNC25326	TGA	80
KNC33295	TAA	2908
KNC33296	TAA	9
KNC33303	TAA	6323
KNC33304	TAA	862
KNC33302	TAG	903
KNC33300	TAG	804
KNC33297	TAA	1862
KNC33298	TGA	11
KNC34854	TAA	114
KNC34855	TGA	66
KNC23354	TAG	1121
KNC31470	TAA	71
KNC28876	TAA	327
KNC23624	TGA	8
KNC31471	TAA	369
KNC23607	TAG	2247
KNC29574	TAA	354
KNC31442	TAA	138
KNC28365	TAG	517
KNC28370	TAA	27
KNC25466	TAA	259
KNC25467	TAA	1568
KNC32058	TAA	130
KNC32050	TGA	40
KNC32048	TAA	555
KNC25463	TGA	127
KNC27623	TAA	257
KNC25460	TAA	329
KNC27624	TAA	5
KNC25461	TAG	573
KNC33462	TGA	948
KNC33461	TAA	1505
KNC27622	TAG	115
KNC29005	TAA	375
KNC26430	TAA	1151
KNC26436	TGA	313
KNC26434	TAG	1208
KNC21162	TAA	894
KNC21160	TAA	1145
KNC21171	TAA	152
KNC21176	TGA	1487
KNC23860	TAG	138
KNC23891	TAA	1166
KNC23889	TAA	347
KNC23858	TAA	51
KNC23893	TAG	137
KNC24942	TAA	301
KNC25793	TAA	103
KNC25792	TGA	20
KNC23184	TAG	286
KNC23185	TAG	707
KNC29779	TAG	642
KNC29789	TAA	1059
KNC21995	TGA	332
KNC21996	TAA	1110
KNC21993	TAA	1154
KNC21994	TAG	344
KNC21991	TAA	482
KNC21990	TAA	149
KNC34615	TAG	38
KNC34613	TAA	432
KNC34593	TAG	293
KNC23421	TAG	116
KNC23417	TGA	3358
KNC23418	TAA	182
KNC31868	TAA	75
KNC23423	TAA	1202
KNC23424	TAA	72
KNC31964	TAG	884
KNC31961	TGA	77
KNC31960	TAA	401
KNC31958	TAA	208
KNC34227	TAA	1179
KNC28069	TAG	117
KNC24703	TGA	3216
KNC21875	TAA	275
KNC28089	TAA	197
KNC33364	TGA	384
KNC30302	TAA	1178
KNC30299	TAA	286
KNC33366	TAG	2911
KNC33546	TGA	154
KNC34234	TAA	267
KNC22701	TAA	4583
KNC28091	TGA	353
KNC28092	TAA	5793
KNC34765	TAA	89
KNC34764	TAA	49
KNC34780	TAA	2179
KNC34767	TGA	3708
KNC30831	TAA	128
KNC32906	TGA	93
KNC32907	TAA	15
KNC32919	TGA	1126
KNC34509	TAA	389
KNC34515	TAA	420
KNC34516	TAA	69
KNC34513	TAG	953
KNC34514	TAA	287
KNC34507	TAA	924
KNC25652	TAA	377
KNC26804	TAA	2379
KNC26810	TAA	180
KNC26813	TAA	81
KNC26814	TAA	150
KNC26812	TAA	416
KNC34094	TAA	2851
KNC34095	TAA	1379
KNC25649	TAG	13
KNC31888	TAG	442
KNC31889	TAA	213
KNC31886	TAG	964
KNC31887	TAA	898
KNC20828	TAA	462
KNC25650	TAA	483
KNC26208	TAG	611
KNC21122	TAA	578
KNC27491	TAA	115
KNC25648	TAA	23
KNC20966	TAA	1147
KNC20967	TGA	1122
KNC21123	TAG	612
KNC26361	TGA	857
KNC26609	TAG	6
KNC26613	TAA	1227
KNC26611	TAA	15
KNC34414	TAA	96
KNC34409	TAA	98
KNC29147	TAG	78
KNC28941	TGA	3131
KNC28947	TAA	1215
KNC28948	TAA	292
KNC28945	TAA	4303
KNC34668	TAA	40
KNC34665	TAG	464
KNC34666	TGA	260
KNC34651	TAG	2457
KNC33507	TAA	134
KNC33504	TAA	97
KNC33488	TGA	1033
KNC33502	TAA	85
KNC20818	TAA	914
KNC20836	TGA	344
KNC20812	TAG	1005
KNC20813	TAA	113
KNC20811	TGA	56
KNC20817	TGA	165
KNC20814	TAA	13
KNC20815	TAG	475
KNC33348	TAA	157
KNC33346	TAA	3134
KNC23976	TAA	1077
KNC34919	TAA	282
KNC34926	TAA	88
KNC34925	TAG	17
KNC27832	TAA	1235
KNC27748	TAA	633
KNC29538	TGA	7614
KNC29175	TAG	483
KNC29529	TAG	93
KNC28358	TAG	1637
KNC25919	TAG	467
KNC24133	TAG	20
KNC25917	TAA	192
KNC30539	TAA	2512
KNC32575	TAG	154
KNC32576	TAA	242
KNC32573	TAA	2649
KNC30949	TAA	864
KNC32601	TGA	443
KNC32571	TAA	1045
KNC32578	TGA	755
KNC28412	TAG	831
KNC25316	TAA	65
KNC25315	TAA	279
KNC25319	TAA	104
KNC25320	TAA	1057
KNC23951	TAA	860
KNC31609	TAA	1298
KNC33288	TAA	214
KNC33289	TGA	55
KNC33286	TAA	94
KNC30261	TAA	619
KNC32256	TAA	92
KNC32045	TAA	253
KNC25641	TGA	42
KNC32258	TAA	1096
KNC32556	TAA	678
KNC24031	TGA	313
KNC27366	TAA	2089
KNC29598	TAA	725
KNC29086	TAA	797
KNC32557	TGA	3286
KNC29847	TAA	6398
KNC31418	TAA	24
KNC31425	TAA	451
KNC22428	TAG	988
KNC29849	TAA	130
KNC32321	TAA	404
KNC29960	TAG	31
KNC32301	TAA	2791
KNC32564	TAA	154
KNC29915	TAA	1301
KNC26407	TAA	170
KNC32567	TGA	73
KNC21165	TAA	189
KNC21177	TAA	345
KNC21166	TGA	166
KNC21187	TAA	43
KNC20690	TAA	754
KNC34474	TAA	48
KNC20691	TAA	307
KNC24493	TAG	139
KNC21144	TAA	567
KNC20689	TAA	1382
KNC22708	TAA	315
KNC21048	TAA	756
KNC25863	TAA	96
KNC25860	TAA	1294
KNC25861	TAA	597
KNC25859	TAA	1333
KNC25869	TAA	194
KNC25857	TAG	906
KNC25858	TAA	89
KNC27372	TGA	1676
KNC26091	TAA	760
KNC25870	TAA	26
KNC23269	TAA	1234
KNC29999	TAA	458
KNC23267	TAA	82
KNC23268	TAA	297
KNC27264	TAA	22
KNC30000	TAA	528
KNC20687	TAA	1223
KNC32569	TGA	170
KNC29717	TGA	1085
KNC29716	TAG	147
KNC32558	TGA	1221
KNC32057	TAG	942
KNC32061	TAA	140
KNC23367	TAG	411
KNC33973	TAA	13
KNC33971	TAA	14
KNC32539	TAA	560
KNC32538	TAA	241
KNC32535	TAA	497
KNC32536	TAA	2185
KNC32543	TAA	322
KNC32544	TAA	1176
KNC25673	TAG	767
KNC23553	TAA	139
KNC23557	TAA	487
KNC33621	TGA	98
KNC33622	TAA	604
KNC34638	TGA	67
KNC22435	TAA	912
KNC22436	TAA	387
KNC22426	TAG	1158
KNC22439	TGA	1095
KNC22437	TAA	35
KNC22434	TAA	4325
KNC31164	TGA	79
KNC23433	TAA	1419
KNC23434	TAA	1395
KNC23432	TAA	955
KNC23430	TAG	100
KNC30533	TAA	149
KNC30532	TAA	276
KNC30537	TAA	1646
KNC30538	TAG	7
KNC30535	TAA	108
KNC30536	TAA	976
KNC30529	TAA	305
KNC30530	TGA	861
KNC22978	TAA	947
KNC34735	TAG	168
KNC29478	TAA	138
KNC34733	TGA	2831
KNC34731	TAA	153
KNC25149	TAA	132
KNC29098	TAA	347
KNC34506	TAA	654
KNC33654	TAA	62
KNC34504	TAA	40
KNC33656	TAA	310
KNC34498	TAA	665
KNC33950	TAG	12
KNC25635	TAA	631
KNC33965	TAA	131
KNC33949	TAA	323
KNC34093	TAG	4786
KNC34090	TAA	2085
KNC34088	TGA	31
KNC34085	TAG	33
KNC34086	TAA	289
KNC31562	TAA	1126
KNC22098	TAG	211
KNC30766	TGA	110
KNC21094	TGA	2123
KNC32318	TAA	112
KNC21091	TAA	240
KNC21092	TAA	1905
KNC27333	TAA	86
KNC23747	TGA	176
KNC23723	TAA	3086
KNC23717	TAA	211
KNC23718	TAA	35
KNC24713	TAA	44
KNC23271	TAA	241
KNC27334	TAA	70
KNC20964	TGA	429
KNC20902	TAA	5688
KNC20903	TAG	151
KNC20904	TAA	33
KNC34715	TAA	800
KNC34716	TAA	125
KNC34713	TGA	164
KNC34714	TGA	1098
KNC34709	TAA	113
KNC34710	TAG	545
KNC33062	TAG	1154
KNC33063	TAA	398
KNC26698	TAA	337
KNC33059	TGA	559
KNC27328	TAG	15
KNC30044	TAA	441
KNC24683	TAA	48
KNC24684	TGA	52
KNC24682	TGA	546
KNC31523	TAA	1032
KNC31602	TAA	1181
KNC31543	TAG	1400
KNC31604	TAA	362
KNC31542	TAG	1027
KNC31603	TAA	331
KNC24435	TAA	499
KNC27330	TGA	447
KNC26885	TAA	728
KNC26879	TGA	162
KNC26884	TAA	51
KNC30006	TAA	1287
KNC30005	TGA	1648
KNC33489	TAA	274
KNC33493	TAA	13
KNC33492	TGA	362
KNC21537	TAA	230
KNC33496	TAA	90
KNC34991	TAG	197
KNC21419	TAA	110
KNC21414	TAG	342
KNC34519	TAA	162
KNC21868	TAG	19
KNC21871	TGA	37
KNC33034	TAA	23
KNC33033	TAA	863
KNC32181	TAA	104
KNC32728	TAA	726
KNC27646	TAA	997
KNC27659	TAA	74
KNC27651	TAA	624
KNC27652	TAA	305
KNC31103	TGA	2029
KNC27689	TGA	260
KNC21603	TAG	513
KNC23240	TGA	708
KNC28373	TAA	641
KNC28378	TGA	59
KNC28379	TAA	478
KNC28376	TAA	250
KNC28380	TGA	74
KNC33277	TAA	473
KNC30906	TGA	94
KNC28652	TAA	2976
KNC25310	TAA	790
KNC28650	TGA	204
KNC25306	TAA	312
KNC25304	TAA	269
KNC25305	TAG	90
KNC31426	TAA	965
KNC25302	TGA	515
KNC21616	TAA	5145
KNC24784	TAA	546
KNC23235	TAA	265
KNC31838	TGA	84
KNC32732	TAA	185
KNC23236	TAA	943
KNC32733	TAA	16
KNC31827	TAG	459
KNC22327	TAA	233
KNC20924	TAA	150
KNC22333	TGA	548
KNC29933	TAA	96
KNC29934	TAA	271
KNC29909	TAA	419
KNC29914	TAA	64
KNC30100	TAA	556
