ENSCSAVT00000000038	TGA	0
ENSCSAVT00000000081	TAA	0
ENSCSAVT00000000128	TGA	0
ENSCSAVT00000000183	TAA	0
ENSCSAVT00000000192	TGA	0
ENSCSAVT00000000221	TAG	0
ENSCSAVT00000000222	TAG	0
ENSCSAVT00000000223	TAG	0
ENSCSAVT00000000237	TAG	0
ENSCSAVT00000000244	TAA	0
ENSCSAVT00000000256	TGA	0
ENSCSAVT00000000287	TAA	0
ENSCSAVT00000000309	TAA	0
ENSCSAVT00000000348	TAG	0
ENSCSAVT00000000377	TAG	0
ENSCSAVT00000000378	TAG	0
ENSCSAVT00000000405	TAA	0
ENSCSAVT00000000414	TAG	0
ENSCSAVT00000000420	TAA	0
ENSCSAVT00000000457	TGA	0
ENSCSAVT00000000461	TAA	0
ENSCSAVT00000000504	TAA	0
ENSCSAVT00000000506	TGA	0
ENSCSAVT00000000571	TGA	0
ENSCSAVT00000000593	TAA	0
ENSCSAVT00000000596	TAG	0
ENSCSAVT00000000597	TAG	0
ENSCSAVT00000000604	TAG	0
ENSCSAVT00000000630	TAA	0
ENSCSAVT00000000757	TGA	0
ENSCSAVT00000000762	TGA	0
ENSCSAVT00000000763	TGA	0
ENSCSAVT00000000812	TAA	0
ENSCSAVT00000000833	TAG	0
ENSCSAVT00000000846	TGA	0
ENSCSAVT00000000856	TAG	0
ENSCSAVT00000000858	TAA	0
ENSCSAVT00000000865	TAA	0
ENSCSAVT00000000871	TGA	0
ENSCSAVT00000000879	TGA	0
ENSCSAVT00000000944	TGA	0
ENSCSAVT00000000969	TAA	0
ENSCSAVT00000000977	TAG	0
ENSCSAVT00000001140	TGA	0
ENSCSAVT00000001141	TAG	0
ENSCSAVT00000001150	TAA	0
ENSCSAVT00000001195	TAA	0
ENSCSAVT00000001204	TGA	0
ENSCSAVT00000001224	TGA	0
ENSCSAVT00000001238	TGA	0
ENSCSAVT00000001276	TAA	0
ENSCSAVT00000001299	TGA	0
ENSCSAVT00000001371	TGA	0
ENSCSAVT00000001439	TGA	0
ENSCSAVT00000001450	TAA	0
ENSCSAVT00000001483	TAG	0
ENSCSAVT00000001514	TAA	0
ENSCSAVT00000001562	TAA	0
ENSCSAVT00000001564	TAA	0
ENSCSAVT00000001611	TAA	0
ENSCSAVT00000001647	TAA	0
ENSCSAVT00000001660	TGA	0
ENSCSAVT00000001685	TAA	0
ENSCSAVT00000001722	TGA	0
ENSCSAVT00000001732	TGA	0
ENSCSAVT00000001733	TGA	0
ENSCSAVT00000001873	TAA	0
ENSCSAVT00000002104	TAA	0
ENSCSAVT00000002188	TAA	0
ENSCSAVT00000002282	TAA	0
ENSCSAVT00000002283	TAA	0
ENSCSAVT00000002290	TAG	0
ENSCSAVT00000002356	TGA	0
ENSCSAVT00000002359	TAA	0
ENSCSAVT00000002397	TGA	0
ENSCSAVT00000002421	TAG	0
ENSCSAVT00000002422	TAG	0
ENSCSAVT00000002451	TAG	0
ENSCSAVT00000002487	TAG	0
ENSCSAVT00000002507	TAG	0
ENSCSAVT00000002532	TAA	0
ENSCSAVT00000002542	TAA	0
ENSCSAVT00000002560	TAA	0
ENSCSAVT00000002589	TAA	0
ENSCSAVT00000002602	TGA	0
ENSCSAVT00000002604	TGA	0
ENSCSAVT00000002616	TAA	0
ENSCSAVT00000002686	TAA	0
ENSCSAVT00000002700	TGA	0
ENSCSAVT00000002734	TAA	0
ENSCSAVT00000002778	TAA	0
ENSCSAVT00000002794	TAA	0
ENSCSAVT00000002828	TAA	0
ENSCSAVT00000002867	TGA	0
ENSCSAVT00000002889	TAA	0
ENSCSAVT00000002890	TAA	0
ENSCSAVT00000002908	TAG	0
ENSCSAVT00000002936	TGA	0
ENSCSAVT00000003001	TGA	0
ENSCSAVT00000003083	TAA	0
ENSCSAVT00000003164	TAG	0
ENSCSAVT00000003192	TAA	0
ENSCSAVT00000003216	TGA	0
ENSCSAVT00000003217	TGA	0
ENSCSAVT00000003243	TGA	0
ENSCSAVT00000003312	TAA	0
ENSCSAVT00000003397	TGA	0
ENSCSAVT00000003425	TGA	0
ENSCSAVT00000003494	TGA	0
ENSCSAVT00000003525	TAA	0
ENSCSAVT00000003551	TAA	0
ENSCSAVT00000003556	TGA	0
ENSCSAVT00000003578	TAG	0
ENSCSAVT00000003749	TGA	0
ENSCSAVT00000003750	TGA	0
ENSCSAVT00000003751	TGA	0
ENSCSAVT00000003782	TGA	0
ENSCSAVT00000003810	TAG	0
ENSCSAVT00000003837	TAA	0
ENSCSAVT00000003913	TAG	0
ENSCSAVT00000003914	TAG	0
ENSCSAVT00000003937	TGA	0
ENSCSAVT00000003940	TGA	0
ENSCSAVT00000003979	TGA	0
ENSCSAVT00000003980	TAA	0
ENSCSAVT00000004022	TGA	0
ENSCSAVT00000004023	TGA	0
ENSCSAVT00000004119	TGA	0
ENSCSAVT00000004127	TAA	0
ENSCSAVT00000004273	TGA	0
ENSCSAVT00000004305	TGA	0
ENSCSAVT00000004383	TGA	0
ENSCSAVT00000004422	TGA	0
ENSCSAVT00000004423	TGA	0
ENSCSAVT00000004454	TGA	0
ENSCSAVT00000004493	TGA	0
ENSCSAVT00000004541	TGA	0
ENSCSAVT00000004620	TGA	0
ENSCSAVT00000004681	TAG	0
ENSCSAVT00000004691	TAA	0
ENSCSAVT00000004716	TAA	0
ENSCSAVT00000004787	TAA	0
ENSCSAVT00000004804	TGA	0
ENSCSAVT00000004891	TGA	0
ENSCSAVT00000004952	TGA	0
ENSCSAVT00000004953	TGA	0
ENSCSAVT00000004977	TGA	0
ENSCSAVT00000004978	TAA	0
ENSCSAVT00000005074	TAA	0
ENSCSAVT00000005128	TAA	0
ENSCSAVT00000005131	TAG	0
ENSCSAVT00000005166	TGA	0
ENSCSAVT00000005176	TAA	0
ENSCSAVT00000005189	TAG	0
ENSCSAVT00000005361	TAA	0
ENSCSAVT00000005406	TAA	0
ENSCSAVT00000005420	TAA	0
ENSCSAVT00000005433	TAA	0
ENSCSAVT00000005438	TAA	0
ENSCSAVT00000005448	TGA	0
ENSCSAVT00000005478	TGA	0
ENSCSAVT00000005479	TGA	0
ENSCSAVT00000005556	TAA	0
ENSCSAVT00000005692	TAG	0
ENSCSAVT00000005838	TAA	0
ENSCSAVT00000005920	TAA	0
ENSCSAVT00000005934	TGA	0
ENSCSAVT00000006079	TAA	0
ENSCSAVT00000006133	TGA	0
ENSCSAVT00000006134	TGA	0
ENSCSAVT00000006135	TGA	0
ENSCSAVT00000006136	TGA	0
ENSCSAVT00000006137	TGA	0
ENSCSAVT00000006146	TAA	0
ENSCSAVT00000006179	TAG	0
ENSCSAVT00000006259	TAA	0
ENSCSAVT00000006294	TGA	0
ENSCSAVT00000006295	TGA	0
ENSCSAVT00000006398	TGA	0
ENSCSAVT00000006431	TAA	0
ENSCSAVT00000006436	TGA	0
ENSCSAVT00000006466	TAA	0
ENSCSAVT00000006467	TAA	0
ENSCSAVT00000006574	TAA	0
ENSCSAVT00000006687	TAA	0
ENSCSAVT00000006714	TAG	0
ENSCSAVT00000006831	TGA	0
ENSCSAVT00000006852	TAA	0
ENSCSAVT00000006853	TAA	0
ENSCSAVT00000006931	TGA	0
ENSCSAVT00000006986	TGA	0
ENSCSAVT00000006987	TGA	0
ENSCSAVT00000006988	TGA	0
ENSCSAVT00000006989	TGA	0
ENSCSAVT00000006990	TGA	0
ENSCSAVT00000007047	TAG	0
ENSCSAVT00000007098	TGA	0
ENSCSAVT00000007277	TGA	0
ENSCSAVT00000007287	TGA	0
ENSCSAVT00000007390	TGA	0
ENSCSAVT00000007428	TAA	0
ENSCSAVT00000007457	TAA	0
ENSCSAVT00000007486	TGA	0
ENSCSAVT00000007533	TAA	0
ENSCSAVT00000007575	TGA	0
ENSCSAVT00000007618	TGA	0
ENSCSAVT00000007619	TGA	0
ENSCSAVT00000007623	TAA	0
ENSCSAVT00000007789	TAA	0
ENSCSAVT00000007795	TGA	0
ENSCSAVT00000007868	TGA	0
ENSCSAVT00000007888	TGA	0
ENSCSAVT00000007900	TAA	0
ENSCSAVT00000007921	TAA	0
ENSCSAVT00000007942	TGA	0
ENSCSAVT00000007943	TGA	0
ENSCSAVT00000007944	TGA	0
ENSCSAVT00000007945	TGA	0
ENSCSAVT00000007959	TGA	0
ENSCSAVT00000007985	TAA	0
ENSCSAVT00000008096	TAA	0
ENSCSAVT00000008105	TGA	0
ENSCSAVT00000008141	TGA	0
ENSCSAVT00000008142	TGA	0
ENSCSAVT00000008143	TGA	0
ENSCSAVT00000008193	TGA	0
ENSCSAVT00000008198	TAA	0
ENSCSAVT00000008233	TGA	0
ENSCSAVT00000008259	TAG	0
ENSCSAVT00000008264	TGA	0
ENSCSAVT00000008328	TGA	0
ENSCSAVT00000008414	TAG	0
ENSCSAVT00000008444	TAA	0
ENSCSAVT00000008472	TAA	0
ENSCSAVT00000008488	TGA	0
ENSCSAVT00000008496	TGA	0
ENSCSAVT00000008573	TAA	0
ENSCSAVT00000008692	TAA	0
ENSCSAVT00000008723	TGA	0
ENSCSAVT00000008814	TAG	0
ENSCSAVT00000008823	TAA	0
ENSCSAVT00000008824	TAA	0
ENSCSAVT00000008909	TAG	0
ENSCSAVT00000008920	TGA	0
ENSCSAVT00000009013	TAA	0
ENSCSAVT00000009021	TAA	0
ENSCSAVT00000009122	TGA	0
ENSCSAVT00000009123	TGA	0
ENSCSAVT00000009124	TGA	0
ENSCSAVT00000009125	TGA	0
ENSCSAVT00000009196	TGA	0
ENSCSAVT00000009203	TAA	0
ENSCSAVT00000009211	TGA	0
ENSCSAVT00000009230	TAG	0
ENSCSAVT00000009324	TGA	0
ENSCSAVT00000009347	TAA	0
ENSCSAVT00000009371	TAA	0
ENSCSAVT00000009495	TAG	0
ENSCSAVT00000009519	TGA	0
ENSCSAVT00000009534	TGA	0
ENSCSAVT00000009544	TAA	0
ENSCSAVT00000009545	TAA	0
ENSCSAVT00000009546	TAA	0
ENSCSAVT00000009563	TAG	0
ENSCSAVT00000009566	TAA	0
ENSCSAVT00000009568	TAA	0
ENSCSAVT00000009670	TAA	0
ENSCSAVT00000009743	TAG	0
ENSCSAVT00000009807	TAA	0
ENSCSAVT00000009825	TAG	0
ENSCSAVT00000009847	TAA	0
ENSCSAVT00000009901	TAG	0
ENSCSAVT00000009902	TAG	0
ENSCSAVT00000009940	TGA	0
ENSCSAVT00000009985	TAA	0
ENSCSAVT00000010099	TAA	0
ENSCSAVT00000010105	TAA	0
ENSCSAVT00000010123	TGA	0
ENSCSAVT00000010162	TAA	0
ENSCSAVT00000010222	TAA	0
ENSCSAVT00000010280	TGA	0
ENSCSAVT00000010300	TAA	0
ENSCSAVT00000010301	TAA	0
ENSCSAVT00000010337	TGA	0
ENSCSAVT00000010369	TAA	0
ENSCSAVT00000010380	TAA	0
ENSCSAVT00000010381	TAA	0
ENSCSAVT00000010483	TGA	0
ENSCSAVT00000010501	TAA	0
ENSCSAVT00000010525	TAA	0
ENSCSAVT00000010604	TAA	0
ENSCSAVT00000010628	TAG	0
ENSCSAVT00000010651	TAG	0
ENSCSAVT00000010711	TAG	0
ENSCSAVT00000010750	TAG	0
ENSCSAVT00000010808	TGA	0
ENSCSAVT00000010836	TAA	0
ENSCSAVT00000010855	TGA	0
ENSCSAVT00000010856	TGA	0
ENSCSAVT00000010868	TGA	0
ENSCSAVT00000010957	TAA	0
ENSCSAVT00000010958	TAA	0
ENSCSAVT00000010977	TGA	0
ENSCSAVT00000011000	TAA	0
ENSCSAVT00000011015	TGA	0
ENSCSAVT00000011024	TGA	0
ENSCSAVT00000011031	TAA	0
ENSCSAVT00000011102	TGA	0
ENSCSAVT00000011103	TGA	0
ENSCSAVT00000011109	TAG	0
ENSCSAVT00000011149	TAG	0
ENSCSAVT00000011150	TAG	0
ENSCSAVT00000011207	TAA	0
ENSCSAVT00000011225	TAA	0
ENSCSAVT00000011241	TGA	0
ENSCSAVT00000011268	TGA	0
ENSCSAVT00000011290	TAA	0
ENSCSAVT00000011323	TGA	0
ENSCSAVT00000011374	TAA	0
ENSCSAVT00000011375	TAA	0
ENSCSAVT00000011377	TAA	0
ENSCSAVT00000011378	TAA	0
ENSCSAVT00000011379	TAA	0
ENSCSAVT00000011387	TAA	0
ENSCSAVT00000011395	TGA	0
ENSCSAVT00000011402	TAA	0
ENSCSAVT00000011508	TAA	0
ENSCSAVT00000011519	TAA	0
ENSCSAVT00000011560	TAA	0
ENSCSAVT00000011585	TGA	0
ENSCSAVT00000011611	TGA	0
ENSCSAVT00000011615	TGA	0
ENSCSAVT00000011718	TGA	0
ENSCSAVT00000011727	TGA	0
ENSCSAVT00000011762	TGA	0
ENSCSAVT00000011763	TGA	0
ENSCSAVT00000011805	TAG	0
ENSCSAVT00000011808	TAA	0
ENSCSAVT00000011883	TAA	0
ENSCSAVT00000011905	TGA	0
ENSCSAVT00000011908	TGA	0
ENSCSAVT00000011940	TGA	0
ENSCSAVT00000012011	TAA	0
ENSCSAVT00000012015	TAA	0
ENSCSAVT00000012056	TAA	0
ENSCSAVT00000012064	TAG	0
ENSCSAVT00000012065	TAG	0
ENSCSAVT00000012089	TGA	0
ENSCSAVT00000012090	TGA	0
ENSCSAVT00000012263	TGA	0
ENSCSAVT00000012276	TAA	0
ENSCSAVT00000012282	TAA	0
ENSCSAVT00000012292	TAA	0
ENSCSAVT00000012383	TGA	0
ENSCSAVT00000012398	TGA	0
ENSCSAVT00000012410	TAG	0
ENSCSAVT00000012511	TGA	0
ENSCSAVT00000012551	TAA	0
ENSCSAVT00000012563	TAA	0
ENSCSAVT00000012574	TAG	0
ENSCSAVT00000012575	TAG	0
ENSCSAVT00000012633	TGA	0
ENSCSAVT00000012686	TAA	0
ENSCSAVT00000012713	TAA	0
ENSCSAVT00000012714	TAA	0
ENSCSAVT00000012769	TAA	0
ENSCSAVT00000012826	TAG	0
ENSCSAVT00000012827	TAG	0
ENSCSAVT00000012828	TAG	0
ENSCSAVT00000012831	TAG	0
ENSCSAVT00000012836	TAA	0
ENSCSAVT00000012869	TGA	0
ENSCSAVT00000012870	TGA	0
ENSCSAVT00000012924	TGA	0
ENSCSAVT00000012983	TAA	0
ENSCSAVT00000012984	TAA	0
ENSCSAVT00000012985	TAA	0
ENSCSAVT00000012986	TAA	0
ENSCSAVT00000012987	TAA	0
ENSCSAVT00000013015	TAA	0
ENSCSAVT00000013061	TAA	0
ENSCSAVT00000013062	TAA	0
ENSCSAVT00000013068	TAA	0
ENSCSAVT00000013079	TAA	0
ENSCSAVT00000013142	TGA	0
ENSCSAVT00000013143	TGA	0
ENSCSAVT00000013263	TAA	0
ENSCSAVT00000013273	TGA	0
ENSCSAVT00000013315	TAG	0
ENSCSAVT00000013389	TGA	0
ENSCSAVT00000013472	TGA	0
ENSCSAVT00000013487	TAA	0
ENSCSAVT00000013502	TGA	0
ENSCSAVT00000013530	TGA	0
ENSCSAVT00000013610	TGA	0
ENSCSAVT00000013732	TAA	0
ENSCSAVT00000013807	TAA	0
ENSCSAVT00000013852	TAA	0
ENSCSAVT00000013950	TGA	0
ENSCSAVT00000013951	TGA	0
ENSCSAVT00000013952	TGA	0
ENSCSAVT00000013983	TAA	0
ENSCSAVT00000014024	TAA	0
ENSCSAVT00000014035	TGA	0
ENSCSAVT00000014036	TGA	0
ENSCSAVT00000014037	TGA	0
ENSCSAVT00000014039	TAA	0
ENSCSAVT00000014040	TAA	0
ENSCSAVT00000014041	TAA	0
ENSCSAVT00000014064	TGA	0
ENSCSAVT00000014127	TAA	0
ENSCSAVT00000014130	TGA	0
ENSCSAVT00000014142	TGA	0
ENSCSAVT00000014154	TGA	0
ENSCSAVT00000014155	TGA	0
ENSCSAVT00000014194	TGA	0
ENSCSAVT00000014205	TAG	0
ENSCSAVT00000014262	TAA	0
ENSCSAVT00000014296	TAA	0
ENSCSAVT00000014297	TAA	0
ENSCSAVT00000014337	TAA	0
ENSCSAVT00000014416	TGA	0
ENSCSAVT00000014485	TGA	0
ENSCSAVT00000014548	TAA	0
ENSCSAVT00000014582	TAA	0
ENSCSAVT00000014585	TAA	0
ENSCSAVT00000014619	TAA	0
ENSCSAVT00000014627	TAA	0
ENSCSAVT00000014638	TAA	0
ENSCSAVT00000014677	TAG	0
ENSCSAVT00000014682	TAA	0
ENSCSAVT00000014704	TGA	0
ENSCSAVT00000014714	TGA	0
ENSCSAVT00000014744	TAA	0
ENSCSAVT00000014756	TGA	0
ENSCSAVT00000014810	TAA	0
ENSCSAVT00000014819	TGA	0
ENSCSAVT00000014873	TAA	0
ENSCSAVT00000014904	TAG	0
ENSCSAVT00000014918	TGA	0
ENSCSAVT00000014945	TGA	0
ENSCSAVT00000014981	TAA	0
ENSCSAVT00000015024	TGA	0
ENSCSAVT00000015085	TAA	0
ENSCSAVT00000015109	TAA	0
ENSCSAVT00000015153	TAA	0
ENSCSAVT00000015159	TAG	0
ENSCSAVT00000015197	TAA	0
ENSCSAVT00000015204	TGA	0
ENSCSAVT00000015237	TAG	0
ENSCSAVT00000015310	TAA	0
ENSCSAVT00000015316	TAG	0
ENSCSAVT00000015331	TAA	0
ENSCSAVT00000015353	TAA	0
ENSCSAVT00000015354	TAA	0
ENSCSAVT00000015363	TAG	0
ENSCSAVT00000015375	TAG	0
ENSCSAVT00000015461	TAG	0
ENSCSAVT00000015466	TAA	0
ENSCSAVT00000015474	TAG	0
ENSCSAVT00000015502	TGA	0
ENSCSAVT00000015506	TGA	0
ENSCSAVT00000015507	TGA	0
ENSCSAVT00000015557	TAA	0
ENSCSAVT00000015585	TGA	0
ENSCSAVT00000015599	TGA	0
ENSCSAVT00000015610	TAA	0
ENSCSAVT00000015619	TGA	0
ENSCSAVT00000015626	TAA	0
ENSCSAVT00000015681	TAG	0
ENSCSAVT00000015757	TAA	0
ENSCSAVT00000015821	TAG	0
ENSCSAVT00000015833	TAG	0
ENSCSAVT00000015884	TAG	0
ENSCSAVT00000015885	TAG	0
ENSCSAVT00000015886	TAG	0
ENSCSAVT00000015946	TAA	0
ENSCSAVT00000015973	TAA	0
ENSCSAVT00000016004	TAA	0
ENSCSAVT00000016005	TAA	0
ENSCSAVT00000016060	TGA	0
ENSCSAVT00000016076	TGA	0
ENSCSAVT00000016077	TGA	0
ENSCSAVT00000016196	TGA	0
ENSCSAVT00000016214	TGA	0
ENSCSAVT00000016226	TAA	0
ENSCSAVT00000016441	TGA	0
ENSCSAVT00000016485	TAA	0
ENSCSAVT00000016522	TAG	0
ENSCSAVT00000016523	TAG	0
ENSCSAVT00000016524	TAG	0
ENSCSAVT00000016568	TAG	0
ENSCSAVT00000016571	TAA	0
ENSCSAVT00000016573	TAA	0
ENSCSAVT00000016574	TAA	0
ENSCSAVT00000016632	TAG	0
ENSCSAVT00000016669	TGA	0
ENSCSAVT00000016691	TAA	0
ENSCSAVT00000016692	TAA	0
ENSCSAVT00000016693	TAA	0
ENSCSAVT00000016717	TAA	0
ENSCSAVT00000016823	TGA	0
ENSCSAVT00000016847	TAA	0
ENSCSAVT00000016848	TAA	0
ENSCSAVT00000016871	TAA	0
ENSCSAVT00000016999	TAG	0
ENSCSAVT00000017090	TAG	0
ENSCSAVT00000017122	TGA	0
ENSCSAVT00000017133	TAA	0
ENSCSAVT00000017166	TAA	0
ENSCSAVT00000017167	TAA	0
ENSCSAVT00000017214	TAA	0
ENSCSAVT00000017250	TAA	0
ENSCSAVT00000017279	TAA	0
ENSCSAVT00000017335	TAA	0
ENSCSAVT00000017371	TAG	0
ENSCSAVT00000017393	TGA	0
ENSCSAVT00000017442	TAG	0
ENSCSAVT00000017469	TAG	0
ENSCSAVT00000017471	TAG	0
ENSCSAVT00000017580	TAG	0
ENSCSAVT00000017597	TGA	0
ENSCSAVT00000017598	TGA	0
ENSCSAVT00000017643	TAA	0
ENSCSAVT00000017769	TGA	0
ENSCSAVT00000017770	TGA	0
ENSCSAVT00000017771	TGA	0
ENSCSAVT00000017772	TGA	0
ENSCSAVT00000017826	TAA	0
ENSCSAVT00000017827	TAA	0
ENSCSAVT00000017837	TAG	0
ENSCSAVT00000017848	TAA	0
ENSCSAVT00000017857	TGA	0
ENSCSAVT00000017871	TGA	0
ENSCSAVT00000017883	TAA	0
ENSCSAVT00000017919	TGA	0
ENSCSAVT00000017920	TGA	0
ENSCSAVT00000017939	TAA	0
ENSCSAVT00000017969	TGA	0
ENSCSAVT00000017970	TGA	0
ENSCSAVT00000017995	TGA	0
ENSCSAVT00000018059	TAG	0
ENSCSAVT00000018161	TAA	0
ENSCSAVT00000018197	TAA	0
ENSCSAVT00000018245	TAA	0
ENSCSAVT00000018269	TGA	0
ENSCSAVT00000018273	TGA	0
ENSCSAVT00000018276	TAA	0
ENSCSAVT00000018297	TAA	0
ENSCSAVT00000018298	TAA	0
ENSCSAVT00000018319	TGA	0
ENSCSAVT00000018403	TGA	0
ENSCSAVT00000018405	TGA	0
ENSCSAVT00000018406	TGA	0
ENSCSAVT00000018407	TGA	0
ENSCSAVT00000018436	TAA	0
ENSCSAVT00000018437	TAA	0
ENSCSAVT00000018481	TGA	0
ENSCSAVT00000018529	TAA	0
ENSCSAVT00000018557	TAG	0
ENSCSAVT00000018575	TAG	0
ENSCSAVT00000018582	TGA	0
ENSCSAVT00000018659	TGA	0
ENSCSAVT00000018695	TGA	0
ENSCSAVT00000018697	TGA	0
ENSCSAVT00000018721	TAG	0
ENSCSAVT00000018745	TAG	0
ENSCSAVT00000018754	TAA	0
ENSCSAVT00000018821	TAA	0
ENSCSAVT00000018833	TGA	0
ENSCSAVT00000018861	TAG	0
ENSCSAVT00000018865	TAA	0
ENSCSAVT00000018899	TAA	0
ENSCSAVT00000018910	TAA	0
ENSCSAVT00000018911	TAA	0
ENSCSAVT00000019125	TGA	0
ENSCSAVT00000019144	TGA	0
ENSCSAVT00000019202	TAA	0
ENSCSAVT00000019243	TGA	0
ENSCSAVT00000019251	TAA	0
ENSCSAVT00000019268	TAA	0
ENSCSAVT00000019325	TAA	0
ENSCSAVT00000019369	TGA	0
ENSCSAVT00000019429	TAA	0
ENSCSAVT00000019436	TAA	0
ENSCSAVT00000019484	TGA	0
ENSCSAVT00000019494	TAG	0
ENSCSAVT00000019557	TAG	0
ENSCSAVT00000019562	TAA	0
ENSCSAVT00000019574	TAA	0
ENSCSAVT00000019575	TAA	0
ENSCSAVT00000019587	TGA	0
ENSCSAVT00000019595	TGA	0
ENSCSAVT00000019604	TAA	0
ENSCSAVT00000019605	TAA	0
ENSCSAVT00000019615	TAA	0
ENSCSAVT00000019780	TAA	0
ENSCSAVT00000019781	TAA	0
ENSCSAVT00000019860	TGA	0
ENSCSAVT00000020065	TAG	0
ENSCSAVT00000020100	TAA	0
ENSCSAVT00000020153	TAA	0
ENSCSAVT00000020241	TAG	0
ENSCSAVT00000020267	TAG	0
ENSCSAVT00000020273	TAA	0
ENSCSAVT00000020345	TGA	0
ENSCSAVT00000000760	TGA	263
ENSCSAVT00000006811	TAA	558
ENSCSAVT00000001228	TGA	439
ENSCSAVT00000001227	TGA	535
ENSCSAVT00000020003	TAA	96
ENSCSAVT00000015542	TAA	15
ENSCSAVT00000011881	TGA	1160
ENSCSAVT00000011641	TAA	102
ENSCSAVT00000011644	TAA	266
ENSCSAVT00000011639	TAA	391
ENSCSAVT00000015432	TGA	587
ENSCSAVT00000010968	TGA	833
ENSCSAVT00000010956	TAA	7
ENSCSAVT00000005564	TGA	514
ENSCSAVT00000015912	TAA	188
ENSCSAVT00000015901	TAG	539
ENSCSAVT00000015906	TAA	374
ENSCSAVT00000015905	TAA	703
ENSCSAVT00000002975	TAA	21
ENSCSAVT00000002951	TGA	256
ENSCSAVT00000002953	TGA	33
ENSCSAVT00000019378	TAA	76
ENSCSAVT00000007146	TAA	165
ENSCSAVT00000016317	TAA	196
ENSCSAVT00000016318	TAA	214
ENSCSAVT00000016303	TAA	145
ENSCSAVT00000016325	TGA	282
ENSCSAVT00000000293	TAA	20
ENSCSAVT00000000292	TAA	113
ENSCSAVT00000014797	TGA	303
ENSCSAVT00000017138	TAA	144
ENSCSAVT00000006153	TAA	567
ENSCSAVT00000013985	TAG	251
ENSCSAVT00000006729	TAA	55
ENSCSAVT00000009793	TGA	796
ENSCSAVT00000009792	TGA	229
ENSCSAVT00000012564	TGA	372
ENSCSAVT00000012546	TAA	258
ENSCSAVT00000012547	TAA	184
ENSCSAVT00000012545	TAA	259
ENSCSAVT00000009612	TGA	313
ENSCSAVT00000005133	TGA	73
ENSCSAVT00000005134	TGA	71
ENSCSAVT00000007092	TAA	94
ENSCSAVT00000007090	TAA	127
ENSCSAVT00000007091	TAA	98
ENSCSAVT00000007089	TAA	184
ENSCSAVT00000018343	TAA	129
ENSCSAVT00000018704	TAA	499
ENSCSAVT00000015514	TAG	331
ENSCSAVT00000011683	TAA	144
ENSCSAVT00000015118	TAA	133
ENSCSAVT00000015467	TAA	35
ENSCSAVT00000007474	TAG	274
ENSCSAVT00000007475	TAG	182
ENSCSAVT00000011025	TGA	153
ENSCSAVT00000011013	TAG	98
ENSCSAVT00000004247	TGA	62
ENSCSAVT00000012324	TAA	328
ENSCSAVT00000006497	TAG	333
ENSCSAVT00000006511	TGA	475
ENSCSAVT00000008713	TAG	315
ENSCSAVT00000005767	TAA	88
ENSCSAVT00000013020	TAG	53
ENSCSAVT00000013446	TGA	228
ENSCSAVT00000013019	TAA	153
ENSCSAVT00000013018	TAA	158
ENSCSAVT00000013017	TAA	320
ENSCSAVT00000013016	TAA	334
ENSCSAVT00000000486	TAG	242
ENSCSAVT00000017944	TAA	97
ENSCSAVT00000002931	TGA	324
ENSCSAVT00000020119	TAA	36
ENSCSAVT00000014811	TAG	48
ENSCSAVT00000014815	TGA	323
ENSCSAVT00000017127	TAA	341
ENSCSAVT00000015988	TAA	474
ENSCSAVT00000019704	TGA	366
ENSCSAVT00000013640	TAA	384
ENSCSAVT00000013641	TAA	368
ENSCSAVT00000016520	TAA	182
ENSCSAVT00000013363	TAG	192
ENSCSAVT00000013362	TAG	227
ENSCSAVT00000013365	TAG	192
ENSCSAVT00000013364	TAG	192
ENSCSAVT00000013366	TAG	177
ENSCSAVT00000011240	TGA	136
ENSCSAVT00000011236	TGA	150
ENSCSAVT00000001950	TGA	160
ENSCSAVT00000001946	TGA	182
ENSCSAVT00000001947	TGA	165
ENSCSAVT00000001948	TGA	157
ENSCSAVT00000010562	TGA	5
ENSCSAVT00000010566	TAA	30
ENSCSAVT00000010567	TAA	27
ENSCSAVT00000010555	TGA	56
ENSCSAVT00000010575	TAA	197
ENSCSAVT00000005165	TAA	148
ENSCSAVT00000000863	TAA	4
ENSCSAVT00000000706	TAA	305
ENSCSAVT00000018321	TGA	12
ENSCSAVT00000014389	TAA	396
ENSCSAVT00000014391	TAA	351
ENSCSAVT00000014390	TAA	388
ENSCSAVT00000014392	TAA	341
ENSCSAVT00000020063	TAA	185
ENSCSAVT00000020064	TAA	185
ENSCSAVT00000016449	TGA	136
ENSCSAVT00000007449	TAA	72
ENSCSAVT00000010119	TAG	295
ENSCSAVT00000000031	TGA	365
ENSCSAVT00000000030	TGA	415
ENSCSAVT00000006532	TGA	187
ENSCSAVT00000008740	TAA	123
ENSCSAVT00000011325	TGA	116
ENSCSAVT00000002895	TGA	398
ENSCSAVT00000002896	TGA	296
ENSCSAVT00000002902	TGA	285
ENSCSAVT00000006293	TGA	44
ENSCSAVT00000006292	TGA	46
ENSCSAVT00000006291	TGA	89
ENSCSAVT00000008249	TGA	321
ENSCSAVT00000008250	TGA	298
ENSCSAVT00000011988	TGA	380
ENSCSAVT00000018581	TGA	311
ENSCSAVT00000014705	TGA	70
ENSCSAVT00000005752	TAA	374
ENSCSAVT00000005771	TAG	168
ENSCSAVT00000017039	TAA	216
ENSCSAVT00000017040	TAG	66
ENSCSAVT00000017037	TAA	238
ENSCSAVT00000010240	TGA	469
ENSCSAVT00000010247	TGA	259
ENSCSAVT00000010246	TGA	273
ENSCSAVT00000010245	TGA	315
ENSCSAVT00000010250	TAA	6
ENSCSAVT00000010251	TAA	5
ENSCSAVT00000010249	TAA	41
ENSCSAVT00000000303	TAA	558
ENSCSAVT00000005929	TGA	140
ENSCSAVT00000016159	TGA	169
ENSCSAVT00000009705	TAA	181
ENSCSAVT00000001982	TAG	101
ENSCSAVT00000001983	TAG	133
ENSCSAVT00000008412	TAG	349
ENSCSAVT00000008411	TAG	372
ENSCSAVT00000013709	TAA	264
ENSCSAVT00000018279	TAA	638
ENSCSAVT00000012916	TGA	383
ENSCSAVT00000016608	TGA	77
ENSCSAVT00000007419	TAA	372
ENSCSAVT00000015049	TAG	141
ENSCSAVT00000000629	TAA	196
ENSCSAVT00000000625	TAG	45
ENSCSAVT00000006430	TAA	187
ENSCSAVT00000006437	TGA	44
ENSCSAVT00000008792	TAA	196
ENSCSAVT00000008793	TAA	197
ENSCSAVT00000008794	TAA	224
ENSCSAVT00000008795	TAA	53
ENSCSAVT00000008796	TAA	42
ENSCSAVT00000008797	TAA	34
ENSCSAVT00000003233	TAA	342
ENSCSAVT00000003234	TAA	413
ENSCSAVT00000003235	TAA	419
ENSCSAVT00000010780	TAA	160
ENSCSAVT00000002204	TGA	217
ENSCSAVT00000002209	TGA	154
ENSCSAVT00000017856	TGA	568
ENSCSAVT00000001532	TAA	325
ENSCSAVT00000005734	TAA	518
ENSCSAVT00000014753	TAG	32
ENSCSAVT00000014754	TGA	683
ENSCSAVT00000014735	TAA	448
ENSCSAVT00000014731	TGA	61
ENSCSAVT00000005740	TAA	267
ENSCSAVT00000020239	TAA	222
ENSCSAVT00000000123	TGA	347
ENSCSAVT00000017054	TGA	265
ENSCSAVT00000016191	TAG	87
ENSCSAVT00000016192	TAG	83
ENSCSAVT00000013318	TAA	345
ENSCSAVT00000013319	TAA	199
ENSCSAVT00000016587	TGA	105
ENSCSAVT00000010275	TGA	355
ENSCSAVT00000019660	TAG	298
ENSCSAVT00000019661	TAG	286
ENSCSAVT00000017095	TGA	39
ENSCSAVT00000003938	TGA	55
ENSCSAVT00000007867	TGA	227
ENSCSAVT00000011174	TAA	54
ENSCSAVT00000010625	TAA	486
ENSCSAVT00000010624	TAA	507
ENSCSAVT00000010626	TAA	174
ENSCSAVT00000010631	TGA	56
ENSCSAVT00000010642	TAA	52
ENSCSAVT00000010645	TAA	224
ENSCSAVT00000010644	TAA	209
ENSCSAVT00000008419	TAA	58
ENSCSAVT00000008420	TAA	57
ENSCSAVT00000008900	TAA	85
ENSCSAVT00000008912	TGA	569
ENSCSAVT00000001650	TAA	476
ENSCSAVT00000001649	TAA	148
ENSCSAVT00000001648	TAA	61
ENSCSAVT00000018219	TGA	73
ENSCSAVT00000006832	TGA	328
ENSCSAVT00000019935	TAA	77
ENSCSAVT00000018869	TGA	218
ENSCSAVT00000018868	TGA	236
ENSCSAVT00000018866	TGA	245
ENSCSAVT00000014250	TAA	548
ENSCSAVT00000014249	TAA	657
ENSCSAVT00000014260	TAA	144
ENSCSAVT00000014258	TAA	144
ENSCSAVT00000014259	TAA	144
ENSCSAVT00000015256	TGA	501
ENSCSAVT00000015255	TGA	494
ENSCSAVT00000015254	TGA	501
ENSCSAVT00000015259	TGA	214
ENSCSAVT00000015258	TGA	492
ENSCSAVT00000003755	TGA	405
ENSCSAVT00000003754	TGA	409
ENSCSAVT00000003756	TGA	404
ENSCSAVT00000003753	TGA	410
ENSCSAVT00000003752	TGA	406
ENSCSAVT00000012229	TAA	153
ENSCSAVT00000012228	TAA	189
ENSCSAVT00000012227	TAA	138
ENSCSAVT00000012230	TAA	189
ENSCSAVT00000012231	TAA	131
ENSCSAVT00000012232	TAA	180
ENSCSAVT00000008818	TGA	240
ENSCSAVT00000007055	TGA	155
ENSCSAVT00000010745	TAG	291
ENSCSAVT00000002102	TAA	413
ENSCSAVT00000003993	TAG	420
ENSCSAVT00000017911	TGA	207
ENSCSAVT00000019145	TGA	534
ENSCSAVT00000000079	TAA	180
ENSCSAVT00000000078	TAA	204
ENSCSAVT00000000075	TAA	470
ENSCSAVT00000000080	TAA	145
ENSCSAVT00000001156	TAA	185
ENSCSAVT00000005797	TAA	177
ENSCSAVT00000019809	TAA	367
ENSCSAVT00000019810	TAA	360
ENSCSAVT00000019812	TAA	38
ENSCSAVT00000019815	TAA	113
ENSCSAVT00000004229	TGA	36
ENSCSAVT00000011870	TGA	504
ENSCSAVT00000011884	TAA	49
ENSCSAVT00000011200	TAA	74
ENSCSAVT00000013976	TAA	144
ENSCSAVT00000012894	TAA	139
ENSCSAVT00000012580	TAA	138
ENSCSAVT00000012587	TGA	90
ENSCSAVT00000012582	TAA	81
ENSCSAVT00000008929	TAG	32
ENSCSAVT00000013623	TGA	231
ENSCSAVT00000001135	TGA	285
ENSCSAVT00000000866	TAG	490
ENSCSAVT00000000867	TAG	79
ENSCSAVT00000001671	TAA	23
ENSCSAVT00000001668	TAA	26
ENSCSAVT00000015671	TAA	100
ENSCSAVT00000017790	TGA	217
ENSCSAVT00000017791	TGA	188
ENSCSAVT00000017792	TGA	108
ENSCSAVT00000017793	TGA	101
ENSCSAVT00000017794	TGA	101
ENSCSAVT00000007348	TGA	432
ENSCSAVT00000007347	TGA	63
ENSCSAVT00000007357	TAA	626
ENSCSAVT00000007358	TAA	620
ENSCSAVT00000007606	TGA	87
ENSCSAVT00000007604	TGA	61
ENSCSAVT00000000015	TGA	123
ENSCSAVT00000000014	TGA	150
ENSCSAVT00000018817	TGA	420
ENSCSAVT00000018834	TGA	611
ENSCSAVT00000018835	TGA	610
ENSCSAVT00000013938	TGA	195
ENSCSAVT00000005196	TAA	292
ENSCSAVT00000013232	TGA	91
ENSCSAVT00000013227	TGA	447
ENSCSAVT00000007260	TAA	45
ENSCSAVT00000015229	TAG	9
ENSCSAVT00000016047	TGA	378
ENSCSAVT00000016046	TGA	348
ENSCSAVT00000005678	TAA	129
ENSCSAVT00000006301	TAA	90
ENSCSAVT00000003311	TAA	9
ENSCSAVT00000006880	TAA	117
ENSCSAVT00000009346	TAA	151
ENSCSAVT00000020177	TAA	415
ENSCSAVT00000017185	TGA	111
ENSCSAVT00000018962	TAG	138
ENSCSAVT00000018963	TAG	142
ENSCSAVT00000018959	TAG	148
ENSCSAVT00000018961	TAG	135
ENSCSAVT00000018964	TAG	142
ENSCSAVT00000016276	TAA	354
ENSCSAVT00000008125	TGA	53
ENSCSAVT00000007096	TAA	112
ENSCSAVT00000007097	TAA	80
ENSCSAVT00000002614	TGA	214
ENSCSAVT00000011070	TAA	429
ENSCSAVT00000004400	TAA	62
ENSCSAVT00000014017	TAA	1
ENSCSAVT00000004741	TGA	7
ENSCSAVT00000008374	TGA	73
ENSCSAVT00000008963	TAA	24
ENSCSAVT00000001701	TAA	67
ENSCSAVT00000001721	TGA	522
ENSCSAVT00000006927	TGA	159
ENSCSAVT00000006926	TGA	163
ENSCSAVT00000006923	TGA	192
ENSCSAVT00000006930	TGA	1
ENSCSAVT00000007304	TGA	811
ENSCSAVT00000007302	TGA	812
ENSCSAVT00000007303	TGA	811
ENSCSAVT00000007306	TGA	370
ENSCSAVT00000016948	TAA	30
ENSCSAVT00000017351	TAA	648
ENSCSAVT00000018788	TAA	103
ENSCSAVT00000005616	TAG	56
ENSCSAVT00000005623	TAA	171
ENSCSAVT00000015200	TAA	174
ENSCSAVT00000006655	TAA	108
ENSCSAVT00000018694	TGA	553
ENSCSAVT00000003493	TGA	218
ENSCSAVT00000001800	TGA	127
ENSCSAVT00000003057	TAA	349
ENSCSAVT00000003028	TAA	79
ENSCSAVT00000003035	TAA	69
ENSCSAVT00000003045	TAA	114
ENSCSAVT00000003046	TAA	81
ENSCSAVT00000003049	TAA	68
ENSCSAVT00000003048	TAA	68
ENSCSAVT00000003040	TGA	383
ENSCSAVT00000003197	TGA	4
ENSCSAVT00000001273	TAG	243
ENSCSAVT00000001555	TAG	178
ENSCSAVT00000001005	TAG	185
ENSCSAVT00000005595	TGA	80
ENSCSAVT00000016036	TAA	188
ENSCSAVT00000016037	TAA	142
ENSCSAVT00000016038	TAA	132
ENSCSAVT00000019281	TAA	3
ENSCSAVT00000014358	TGA	198
ENSCSAVT00000014671	TAA	300
ENSCSAVT00000014668	TAA	31
ENSCSAVT00000014665	TAA	302
ENSCSAVT00000014667	TAA	121
ENSCSAVT00000014666	TAA	127
ENSCSAVT00000014681	TAA	10
ENSCSAVT00000014680	TAA	329
ENSCSAVT00000014065	TAA	17
ENSCSAVT00000008552	TAA	86
ENSCSAVT00000012641	TGA	237
ENSCSAVT00000003082	TAA	677
ENSCSAVT00000004866	TAA	45
ENSCSAVT00000004867	TAA	34
ENSCSAVT00000004868	TAA	9
ENSCSAVT00000006684	TAA	62
ENSCSAVT00000000347	TAG	601
ENSCSAVT00000000356	TAA	433
ENSCSAVT00000018768	TGA	13
ENSCSAVT00000005246	TGA	240
ENSCSAVT00000005235	TAA	231
ENSCSAVT00000015760	TAA	309
ENSCSAVT00000010076	TGA	231
ENSCSAVT00000018100	TAG	202
ENSCSAVT00000005654	TGA	337
ENSCSAVT00000005653	TGA	367
ENSCSAVT00000002546	TAA	433
ENSCSAVT00000002545	TAA	368
ENSCSAVT00000002544	TAA	375
ENSCSAVT00000002543	TAA	406
ENSCSAVT00000004587	TGA	492
ENSCSAVT00000008036	TAG	119
ENSCSAVT00000008050	TAG	79
ENSCSAVT00000006974	TAA	13
ENSCSAVT00000006975	TAA	7
ENSCSAVT00000011406	TAA	634
ENSCSAVT00000011404	TAA	348
ENSCSAVT00000011405	TAA	606
ENSCSAVT00000011403	TAA	222
ENSCSAVT00000009432	TAA	504
ENSCSAVT00000009433	TAA	497
ENSCSAVT00000009430	TAA	521
ENSCSAVT00000009435	TAA	180
ENSCSAVT00000015471	TGA	195
ENSCSAVT00000003256	TAA	517
ENSCSAVT00000003248	TGA	292
ENSCSAVT00000003246	TAG	134
ENSCSAVT00000017270	TGA	185
ENSCSAVT00000016009	TAA	267
ENSCSAVT00000016008	TAA	267
ENSCSAVT00000016007	TAA	126
ENSCSAVT00000016006	TAA	237
ENSCSAVT00000019483	TGA	46
ENSCSAVT00000003794	TAA	26
ENSCSAVT00000012683	TGA	310
ENSCSAVT00000012685	TAA	5
ENSCSAVT00000009059	TAA	666
ENSCSAVT00000009063	TAA	10
ENSCSAVT00000012919	TAA	322
ENSCSAVT00000012918	TAA	688
ENSCSAVT00000002735	TAA	523
ENSCSAVT00000002736	TAA	600
ENSCSAVT00000016124	TAG	183
ENSCSAVT00000011224	TAA	300
ENSCSAVT00000013124	TGA	539
ENSCSAVT00000013135	TAA	321
ENSCSAVT00000005985	TGA	210
ENSCSAVT00000010052	TAA	258
ENSCSAVT00000010055	TGA	366
ENSCSAVT00000012369	TAA	176
ENSCSAVT00000004563	TGA	230
ENSCSAVT00000009353	TAA	325
ENSCSAVT00000008003	TAG	495
ENSCSAVT00000003435	TAA	344
ENSCSAVT00000003430	TAA	171
ENSCSAVT00000003431	TAA	140
ENSCSAVT00000003423	TGA	138
ENSCSAVT00000003422	TGA	176
ENSCSAVT00000003424	TGA	127
ENSCSAVT00000006358	TAA	67
ENSCSAVT00000006920	TAG	48
ENSCSAVT00000002678	TAA	274
ENSCSAVT00000006314	TGA	530
ENSCSAVT00000001355	TAG	104
ENSCSAVT00000001358	TAA	153
ENSCSAVT00000002243	TGA	209
ENSCSAVT00000002239	TAA	27
ENSCSAVT00000002240	TAA	30
ENSCSAVT00000002241	TAA	91
ENSCSAVT00000019880	TAA	58
ENSCSAVT00000017527	TAA	821
ENSCSAVT00000017525	TGA	274
ENSCSAVT00000002482	TGA	340
ENSCSAVT00000017296	TGA	393
ENSCSAVT00000017303	TAA	338
ENSCSAVT00000007672	TAA	210
ENSCSAVT00000019511	TAA	472
ENSCSAVT00000014439	TGA	267
ENSCSAVT00000014442	TGA	235
ENSCSAVT00000014109	TAA	58
ENSCSAVT00000014129	TGA	245
ENSCSAVT00000015476	TGA	330
ENSCSAVT00000003910	TAA	127
ENSCSAVT00000003915	TAG	353
ENSCSAVT00000004294	TAA	2
ENSCSAVT00000004293	TAA	62
ENSCSAVT00000008334	TGA	100
ENSCSAVT00000010370	TAA	190
ENSCSAVT00000004778	TGA	281
ENSCSAVT00000012949	TGA	566
ENSCSAVT00000012946	TGA	588
ENSCSAVT00000012947	TGA	428
ENSCSAVT00000012945	TGA	590
ENSCSAVT00000013471	TGA	322
ENSCSAVT00000013470	TGA	292
ENSCSAVT00000017941	TAA	504
ENSCSAVT00000015706	TAA	140
ENSCSAVT00000004118	TGA	461
ENSCSAVT00000003184	TGA	412
ENSCSAVT00000003186	TGA	414
ENSCSAVT00000009542	TAA	425
ENSCSAVT00000009541	TAA	625
ENSCSAVT00000003191	TAA	132
ENSCSAVT00000001317	TAG	130
ENSCSAVT00000001308	TGA	118
ENSCSAVT00000001322	TGA	125
ENSCSAVT00000001325	TAA	136
ENSCSAVT00000001323	TAA	161
ENSCSAVT00000000166	TAA	499
ENSCSAVT00000016075	TGA	82
ENSCSAVT00000016070	TAG	185
ENSCSAVT00000002458	TAA	105
ENSCSAVT00000020107	TAA	57
ENSCSAVT00000020097	TAG	322
ENSCSAVT00000005509	TGA	365
ENSCSAVT00000005511	TGA	369
ENSCSAVT00000005510	TGA	221
ENSCSAVT00000005505	TAA	49
ENSCSAVT00000006284	TAA	22
ENSCSAVT00000012078	TAA	266
ENSCSAVT00000012075	TAA	378
ENSCSAVT00000004803	TGA	344
ENSCSAVT00000018499	TAG	131
ENSCSAVT00000016779	TGA	215
ENSCSAVT00000001074	TAA	496
ENSCSAVT00000015726	TGA	44
ENSCSAVT00000019416	TGA	307
ENSCSAVT00000007268	TGA	64
ENSCSAVT00000011309	TAG	445
ENSCSAVT00000011314	TAA	618
ENSCSAVT00000006965	TAA	60
ENSCSAVT00000014980	TAA	143
ENSCSAVT00000014985	TGA	78
ENSCSAVT00000015323	TGA	423
ENSCSAVT00000015322	TGA	425
ENSCSAVT00000008082	TGA	106
ENSCSAVT00000008079	TGA	97
ENSCSAVT00000013070	TAA	378
ENSCSAVT00000013069	TAA	394
ENSCSAVT00000014174	TAA	102
ENSCSAVT00000006653	TAG	39
ENSCSAVT00000001274	TAA	343
ENSCSAVT00000001275	TAA	343
ENSCSAVT00000008953	TAA	354
ENSCSAVT00000006985	TGA	383
ENSCSAVT00000007739	TGA	207
ENSCSAVT00000007740	TGA	91
ENSCSAVT00000005476	TGA	60
ENSCSAVT00000005477	TGA	36
ENSCSAVT00000005474	TGA	116
ENSCSAVT00000005475	TGA	104
ENSCSAVT00000003188	TGA	86
ENSCSAVT00000010430	TGA	126
ENSCSAVT00000017482	TAA	54
ENSCSAVT00000018889	TAA	631
ENSCSAVT00000018902	TAA	9
ENSCSAVT00000018897	TAA	371
ENSCSAVT00000006851	TAA	192
ENSCSAVT00000006850	TAA	194
ENSCSAVT00000012040	TAG	264
ENSCSAVT00000013914	TGA	143
ENSCSAVT00000013905	TAA	181
ENSCSAVT00000013904	TAA	181
ENSCSAVT00000011282	TGA	312
ENSCSAVT00000004463	TAA	230
ENSCSAVT00000014380	TAA	469
ENSCSAVT00000014381	TGA	506
ENSCSAVT00000014379	TAA	471
ENSCSAVT00000009229	TAG	197
ENSCSAVT00000012378	TAA	410
ENSCSAVT00000006627	TAA	123
ENSCSAVT00000004025	TGA	35
ENSCSAVT00000003382	TGA	53
ENSCSAVT00000001515	TAA	384
ENSCSAVT00000001516	TAA	594
ENSCSAVT00000002048	TGA	94
ENSCSAVT00000002056	TGA	62
ENSCSAVT00000002051	TGA	269
ENSCSAVT00000001065	TGA	144
ENSCSAVT00000001064	TGA	177
ENSCSAVT00000001061	TGA	681
ENSCSAVT00000001063	TGA	177
ENSCSAVT00000001062	TGA	274
ENSCSAVT00000018058	TAG	215
ENSCSAVT00000018056	TAG	300
ENSCSAVT00000018057	TAG	274
ENSCSAVT00000014646	TAA	654
ENSCSAVT00000014645	TAA	655
ENSCSAVT00000019249	TAA	464
ENSCSAVT00000012825	TAG	289
ENSCSAVT00000012824	TAG	290
ENSCSAVT00000016232	TAG	414
ENSCSAVT00000015645	TGA	273
ENSCSAVT00000015643	TGA	387
ENSCSAVT00000003212	TAA	20
ENSCSAVT00000014299	TAA	483
ENSCSAVT00000013752	TAA	19
ENSCSAVT00000009914	TGA	748
ENSCSAVT00000009900	TAG	188
ENSCSAVT00000009899	TAG	212
ENSCSAVT00000001164	TAG	45
ENSCSAVT00000008236	TGA	121
ENSCSAVT00000008224	TAA	346
ENSCSAVT00000010470	TGA	431
ENSCSAVT00000010473	TAA	451
ENSCSAVT00000012974	TGA	7
ENSCSAVT00000000255	TGA	567
ENSCSAVT00000012994	TGA	130
ENSCSAVT00000012993	TGA	424
ENSCSAVT00000018398	TAA	202
ENSCSAVT00000018397	TAA	302
ENSCSAVT00000018396	TAA	368
ENSCSAVT00000006015	TAA	546
ENSCSAVT00000006014	TAA	559
ENSCSAVT00000006016	TAA	241
ENSCSAVT00000006013	TAA	772
ENSCSAVT00000011510	TAA	73
ENSCSAVT00000011509	TAA	96
ENSCSAVT00000011505	TAG	5
ENSCSAVT00000013884	TAA	164
ENSCSAVT00000007183	TAG	24
ENSCSAVT00000000711	TGA	150
ENSCSAVT00000000712	TGA	149
ENSCSAVT00000000713	TGA	149
ENSCSAVT00000000714	TGA	149
ENSCSAVT00000000715	TGA	136
ENSCSAVT00000000716	TGA	122
ENSCSAVT00000000717	TGA	118
ENSCSAVT00000004072	TAA	254
ENSCSAVT00000014916	TGA	227
ENSCSAVT00000017684	TAA	157
ENSCSAVT00000017683	TAA	292
ENSCSAVT00000017681	TAA	323
ENSCSAVT00000009813	TAA	137
ENSCSAVT00000009804	TAA	245
ENSCSAVT00000009796	TGA	90
ENSCSAVT00000009794	TGA	196
ENSCSAVT00000009798	TAA	104
ENSCSAVT00000003550	TAA	287
ENSCSAVT00000006712	TAG	138
ENSCSAVT00000006713	TAG	24
ENSCSAVT00000010537	TAA	281
ENSCSAVT00000015211	TAA	518
ENSCSAVT00000002266	TAA	60
ENSCSAVT00000002265	TAA	44
ENSCSAVT00000002257	TAA	540
ENSCSAVT00000018153	TAG	371
ENSCSAVT00000005038	TAA	368
ENSCSAVT00000017844	TAA	173
ENSCSAVT00000017845	TAA	190
ENSCSAVT00000017847	TAA	96
ENSCSAVT00000014618	TAA	281
ENSCSAVT00000019188	TGA	52
ENSCSAVT00000019187	TGA	79
ENSCSAVT00000020015	TAA	111
ENSCSAVT00000020016	TAA	320
ENSCSAVT00000012851	TAG	542
ENSCSAVT00000016331	TGA	232
ENSCSAVT00000016332	TGA	223
ENSCSAVT00000008185	TAA	303
ENSCSAVT00000008184	TAA	304
ENSCSAVT00000008186	TAA	287
ENSCSAVT00000018030	TAA	276
ENSCSAVT00000018031	TAA	235
ENSCSAVT00000018032	TAA	130
ENSCSAVT00000018027	TGA	158
ENSCSAVT00000018015	TAG	268
ENSCSAVT00000018443	TAA	493
ENSCSAVT00000007070	TGA	145
ENSCSAVT00000019750	TAG	174
ENSCSAVT00000015439	TAA	209
ENSCSAVT00000015438	TAA	209
ENSCSAVT00000015440	TAA	144
ENSCSAVT00000013831	TGA	41
ENSCSAVT00000007232	TAG	533
ENSCSAVT00000013433	TAG	792
ENSCSAVT00000013437	TAA	102
ENSCSAVT00000006673	TAG	39
ENSCSAVT00000009137	TAG	214
ENSCSAVT00000009136	TAG	214
ENSCSAVT00000010228	TAG	437
ENSCSAVT00000018552	TGA	342
ENSCSAVT00000018549	TAA	181
ENSCSAVT00000001997	TGA	100
ENSCSAVT00000001996	TGA	101
ENSCSAVT00000001999	TGA	130
ENSCSAVT00000001998	TGA	90
ENSCSAVT00000002004	TGA	99
ENSCSAVT00000002000	TGA	130
ENSCSAVT00000001992	TGA	363
ENSCSAVT00000005015	TAA	600
ENSCSAVT00000003069	TGA	122
ENSCSAVT00000003068	TGA	204
ENSCSAVT00000000778	TAG	216
ENSCSAVT00000000776	TAG	379
ENSCSAVT00000000777	TAG	282
ENSCSAVT00000000774	TAG	810
ENSCSAVT00000000775	TAG	615
ENSCSAVT00000018131	TAA	322
ENSCSAVT00000018130	TAA	589
ENSCSAVT00000018132	TAA	598
ENSCSAVT00000015940	TGA	235
ENSCSAVT00000015939	TGA	196
ENSCSAVT00000018601	TAG	214
ENSCSAVT00000018605	TAG	241
ENSCSAVT00000018596	TAG	246
ENSCSAVT00000019990	TGA	157
ENSCSAVT00000016382	TAA	250
ENSCSAVT00000016385	TAA	22
ENSCSAVT00000015448	TGA	33
ENSCSAVT00000007547	TGA	118
ENSCSAVT00000007552	TAA	599
ENSCSAVT00000010920	TAG	406
ENSCSAVT00000000592	TAA	5
ENSCSAVT00000008293	TGA	303
ENSCSAVT00000003085	TAG	647
ENSCSAVT00000001606	TAA	138
ENSCSAVT00000009663	TGA	48
ENSCSAVT00000000327	TAA	144
ENSCSAVT00000000325	TAA	31
ENSCSAVT00000002699	TGA	130
ENSCSAVT00000017390	TGA	264
ENSCSAVT00000017391	TGA	228
ENSCSAVT00000017392	TGA	100
ENSCSAVT00000017389	TGA	567
ENSCSAVT00000017404	TAA	299
ENSCSAVT00000017405	TAA	121
ENSCSAVT00000017406	TAA	304
ENSCSAVT00000017407	TAA	287
ENSCSAVT00000003024	TGA	77
ENSCSAVT00000003022	TGA	280
ENSCSAVT00000003021	TGA	282
ENSCSAVT00000011936	TAA	344
ENSCSAVT00000019782	TAA	119
ENSCSAVT00000013813	TAG	6
ENSCSAVT00000014809	TAA	17
ENSCSAVT00000010156	TAG	273
ENSCSAVT00000010166	TAA	308
ENSCSAVT00000010164	TAA	293
ENSCSAVT00000010165	TAA	589
ENSCSAVT00000004453	TGA	23
ENSCSAVT00000004981	TAA	324
ENSCSAVT00000007035	TGA	140
ENSCSAVT00000007036	TGA	127
ENSCSAVT00000012800	TGA	302
ENSCSAVT00000012783	TAA	68
ENSCSAVT00000015532	TAA	333
ENSCSAVT00000015533	TAA	307
ENSCSAVT00000015535	TAA	291
ENSCSAVT00000016411	TGA	373
ENSCSAVT00000019065	TGA	106
ENSCSAVT00000019063	TGA	84
ENSCSAVT00000019072	TGA	145
ENSCSAVT00000019068	TAA	58
ENSCSAVT00000015126	TAA	430
ENSCSAVT00000015411	TGA	609
ENSCSAVT00000015146	TAA	101
ENSCSAVT00000010954	TAG	642
ENSCSAVT00000004232	TGA	84
ENSCSAVT00000003593	TGA	75
ENSCSAVT00000004240	TGA	121
ENSCSAVT00000003606	TAG	274
ENSCSAVT00000012309	TGA	7
ENSCSAVT00000006520	TAG	56
ENSCSAVT00000008691	TGA	296
ENSCSAVT00000008698	TAA	24
ENSCSAVT00000008269	TAA	337
ENSCSAVT00000008272	TAA	201
ENSCSAVT00000008261	TGA	288
ENSCSAVT00000008263	TGA	284
ENSCSAVT00000009814	TAA	74
ENSCSAVT00000005780	TAA	164
ENSCSAVT00000015887	TAG	134
ENSCSAVT00000019405	TAA	193
ENSCSAVT00000019406	TAA	83
ENSCSAVT00000005159	TGA	283
ENSCSAVT00000005158	TGA	268
ENSCSAVT00000015181	TAA	201
ENSCSAVT00000007154	TAA	812
ENSCSAVT00000005423	TAG	255
ENSCSAVT00000005421	TAA	95
ENSCSAVT00000006147	TAA	159
ENSCSAVT00000005354	TAA	106
ENSCSAVT00000005842	TAA	457
ENSCSAVT00000005841	TAA	480
ENSCSAVT00000006750	TAA	179
ENSCSAVT00000006757	TAA	426
ENSCSAVT00000006755	TAA	625
ENSCSAVT00000011206	TAA	732
ENSCSAVT00000004630	TGA	562
ENSCSAVT00000001924	TAA	227
ENSCSAVT00000001923	TAA	244
ENSCSAVT00000004938	TAA	127
ENSCSAVT00000000736	TGA	382
ENSCSAVT00000000739	TGA	104
ENSCSAVT00000018326	TAG	325
ENSCSAVT00000018660	TGA	257
ENSCSAVT00000018337	TAA	153
ENSCSAVT00000011586	TGA	523
ENSCSAVT00000005590	TGA	118
ENSCSAVT00000005589	TGA	120
ENSCSAVT00000015112	TAA	267
ENSCSAVT00000010997	TAA	592
ENSCSAVT00000012277	TAA	373
ENSCSAVT00000012281	TAA	483
ENSCSAVT00000012280	TAA	140
ENSCSAVT00000012278	TAA	490
ENSCSAVT00000012279	TAA	489
ENSCSAVT00000012283	TAA	447
ENSCSAVT00000006557	TGA	270
ENSCSAVT00000009335	TAA	388
ENSCSAVT00000002490	TAG	739
ENSCSAVT00000007006	TGA	186
ENSCSAVT00000005649	TAA	30
ENSCSAVT00000018566	TAA	500
ENSCSAVT00000014711	TGA	161
ENSCSAVT00000014712	TGA	160
ENSCSAVT00000019360	TGA	868
ENSCSAVT00000000620	TGA	350
ENSCSAVT00000000619	TGA	372
ENSCSAVT00000013386	TGA	334
ENSCSAVT00000013398	TAA	281
ENSCSAVT00000013399	TAA	166
ENSCSAVT00000013400	TAA	143
ENSCSAVT00000013397	TAA	282
ENSCSAVT00000006122	TAA	36
ENSCSAVT00000002893	TGA	173
ENSCSAVT00000000456	TGA	96
ENSCSAVT00000007799	TAG	358
ENSCSAVT00000007800	TAG	3
ENSCSAVT00000009671	TAA	114
ENSCSAVT00000009672	TAA	114
ENSCSAVT00000009673	TAA	114
ENSCSAVT00000009674	TAA	116
ENSCSAVT00000004659	TAA	38
ENSCSAVT00000000460	TAA	27
ENSCSAVT00000002396	TGA	101
ENSCSAVT00000002394	TGA	249
ENSCSAVT00000002395	TGA	149
ENSCSAVT00000013763	TAG	146
ENSCSAVT00000016700	TAA	32
ENSCSAVT00000016696	TAA	390
ENSCSAVT00000016697	TAA	389
ENSCSAVT00000016694	TAA	419
ENSCSAVT00000016695	TAA	393
ENSCSAVT00000016698	TAA	388
ENSCSAVT00000016699	TAA	363
ENSCSAVT00000000845	TGA	287
ENSCSAVT00000011617	TGA	29
ENSCSAVT00000015072	TAA	14
ENSCSAVT00000015069	TGA	57
ENSCSAVT00000014192	TAA	146
ENSCSAVT00000014196	TGA	266
ENSCSAVT00000014195	TGA	359
ENSCSAVT00000012876	TGA	133
ENSCSAVT00000008757	TAA	75
ENSCSAVT00000009716	TAA	504
ENSCSAVT00000017880	TAA	230
ENSCSAVT00000017882	TAA	102
ENSCSAVT00000017873	TGA	258
ENSCSAVT00000017872	TGA	63
ENSCSAVT00000008049	TAG	111
ENSCSAVT00000005143	TAA	360
ENSCSAVT00000014770	TAA	342
ENSCSAVT00000019331	TAA	341
ENSCSAVT00000019332	TAA	295
ENSCSAVT00000000097	TGA	40
ENSCSAVT00000017051	TAA	378
ENSCSAVT00000013291	TGA	74
ENSCSAVT00000014499	TAG	161
ENSCSAVT00000014500	TAG	161
ENSCSAVT00000014505	TAA	21
ENSCSAVT00000014506	TAA	21
ENSCSAVT00000003918	TGA	649
ENSCSAVT00000004341	TGA	417
ENSCSAVT00000007829	TAA	28
ENSCSAVT00000009698	TAG	210
ENSCSAVT00000009688	TGA	528
ENSCSAVT00000005439	TAA	290
ENSCSAVT00000008467	TGA	215
ENSCSAVT00000008465	TGA	203
ENSCSAVT00000010664	TGA	76
ENSCSAVT00000010652	TAG	195
ENSCSAVT00000008669	TGA	121
ENSCSAVT00000014920	TGA	529
ENSCSAVT00000018235	TAA	105
ENSCSAVT00000017736	TGA	372
ENSCSAVT00000007403	TGA	483
ENSCSAVT00000007407	TAG	60
ENSCSAVT00000007406	TAG	244
ENSCSAVT00000015170	TGA	108
ENSCSAVT00000014243	TGA	43
ENSCSAVT00000002918	TAA	303
ENSCSAVT00000015320	TAA	437
ENSCSAVT00000001192	TGA	75
ENSCSAVT00000016833	TAA	250
ENSCSAVT00000012213	TAA	308
ENSCSAVT00000008810	TGA	153
ENSCSAVT00000003214	TGA	197
ENSCSAVT00000003215	TGA	95
ENSCSAVT00000003694	TGA	505
ENSCSAVT00000000406	TAA	189
ENSCSAVT00000010801	TAA	216
ENSCSAVT00000010830	TAA	100
ENSCSAVT00000010829	TAA	143
ENSCSAVT00000017918	TGA	184
ENSCSAVT00000017916	TGA	220
ENSCSAVT00000017917	TGA	184
ENSCSAVT00000017679	TAG	70
ENSCSAVT00000005078	TAG	191
ENSCSAVT00000019312	TGA	78
ENSCSAVT00000019313	TGA	72
ENSCSAVT00000000062	TGA	261
ENSCSAVT00000000059	TAA	730
ENSCSAVT00000000046	TAG	522
ENSCSAVT00000016135	TAG	284
ENSCSAVT00000001618	TAA	899
ENSCSAVT00000013325	TAA	164
ENSCSAVT00000016566	TAG	257
ENSCSAVT00000016567	TAG	216
ENSCSAVT00000010281	TGA	37
ENSCSAVT00000005957	TGA	26
ENSCSAVT00000008892	TAA	64
ENSCSAVT00000008893	TAA	303
ENSCSAVT00000001126	TAA	42
ENSCSAVT00000001635	TAA	160
ENSCSAVT00000002886	TGA	123
ENSCSAVT00000015676	TAG	209
ENSCSAVT00000015679	TAG	391
ENSCSAVT00000015680	TAG	127
ENSCSAVT00000017784	TAA	383
ENSCSAVT00000002626	TAG	444
ENSCSAVT00000000648	TGA	153
ENSCSAVT00000000646	TGA	163
ENSCSAVT00000007367	TGA	136
ENSCSAVT00000007362	TGA	727
ENSCSAVT00000007363	TGA	395
ENSCSAVT00000007364	TGA	95
ENSCSAVT00000016998	TAG	1
ENSCSAVT00000010206	TAA	620
ENSCSAVT00000000091	TGA	113
ENSCSAVT00000018878	TGA	27
ENSCSAVT00000006088	TAA	92
ENSCSAVT00000006089	TAA	77
ENSCSAVT00000006091	TAA	41
ENSCSAVT00000006090	TAA	44
ENSCSAVT00000006086	TAA	95
ENSCSAVT00000006087	TAA	93
ENSCSAVT00000006084	TAA	123
ENSCSAVT00000006085	TAA	123
ENSCSAVT00000001490	TGA	257
ENSCSAVT00000013257	TGA	53
ENSCSAVT00000013262	TAA	332
ENSCSAVT00000003731	TGA	133
ENSCSAVT00000005694	TAG	686
ENSCSAVT00000005695	TAG	476
ENSCSAVT00000010753	TGA	521
ENSCSAVT00000010749	TAG	713
ENSCSAVT00000002097	TGA	112
ENSCSAVT00000002090	TAA	239
ENSCSAVT00000017463	TGA	285
ENSCSAVT00000000235	TAG	116
ENSCSAVT00000000994	TGA	129
ENSCSAVT00000020248	TAA	587
ENSCSAVT00000020247	TGA	460
ENSCSAVT00000006204	TAA	87
ENSCSAVT00000016618	TAA	500
ENSCSAVT00000016612	TGA	206
ENSCSAVT00000005301	TGA	406
ENSCSAVT00000014562	TGA	89
ENSCSAVT00000014559	TGA	100
ENSCSAVT00000014561	TGA	97
ENSCSAVT00000011063	TAA	100
ENSCSAVT00000004416	TGA	241
ENSCSAVT00000004415	TGA	272
ENSCSAVT00000014029	TGA	533
ENSCSAVT00000014034	TGA	373
ENSCSAVT00000014030	TGA	423
ENSCSAVT00000014031	TGA	423
ENSCSAVT00000014033	TGA	389
ENSCSAVT00000014044	TAA	404
ENSCSAVT00000014043	TAA	507
ENSCSAVT00000014042	TAA	507
ENSCSAVT00000014206	TAG	109
ENSCSAVT00000012599	TGA	183
ENSCSAVT00000012598	TAG	180
ENSCSAVT00000012597	TGA	260
ENSCSAVT00000012600	TGA	265
ENSCSAVT00000012609	TGA	647
ENSCSAVT00000001659	TGA	349
ENSCSAVT00000001657	TAA	243
ENSCSAVT00000017817	TGA	177
ENSCSAVT00000017816	TGA	207
ENSCSAVT00000007324	TGA	683
ENSCSAVT00000007325	TGA	666
ENSCSAVT00000007326	TGA	664
ENSCSAVT00000007327	TGA	664
ENSCSAVT00000007331	TGA	139
ENSCSAVT00000007330	TGA	186
ENSCSAVT00000007328	TGA	634
ENSCSAVT00000007329	TGA	191
ENSCSAVT00000007320	TAA	331
ENSCSAVT00000007339	TGA	195
ENSCSAVT00000016961	TGA	196
ENSCSAVT00000007624	TAA	747
ENSCSAVT00000000401	TAA	257
ENSCSAVT00000018856	TAA	155
ENSCSAVT00000018842	TGA	133
ENSCSAVT00000006061	TGA	386
ENSCSAVT00000015247	TAA	284
ENSCSAVT00000005605	TAA	344
ENSCSAVT00000005607	TAA	132
ENSCSAVT00000005606	TAA	429
ENSCSAVT00000015246	TAA	328
ENSCSAVT00000015236	TAG	210
ENSCSAVT00000012868	TGA	59
ENSCSAVT00000012864	TGA	478
ENSCSAVT00000012867	TGA	445
ENSCSAVT00000012866	TGA	450
ENSCSAVT00000001833	TAA	120
ENSCSAVT00000010728	TGA	236
ENSCSAVT00000007845	TAG	293
ENSCSAVT00000007847	TAG	292
ENSCSAVT00000007846	TAG	293
ENSCSAVT00000003337	TGA	448
ENSCSAVT00000001045	TAA	400
ENSCSAVT00000016341	TAG	339
ENSCSAVT00000020139	TAA	629
ENSCSAVT00000020156	TAG	475
ENSCSAVT00000017249	TAA	522
ENSCSAVT00000016252	TAA	43
ENSCSAVT00000004214	TAG	83
ENSCSAVT00000016640	TAA	948
ENSCSAVT00000011108	TAG	275
ENSCSAVT00000004386	TGA	358
ENSCSAVT00000004385	TGA	374
ENSCSAVT00000004384	TGA	377
ENSCSAVT00000007933	TAA	201
ENSCSAVT00000007946	TGA	55
ENSCSAVT00000007947	TGA	306
ENSCSAVT00000007939	TAA	350
ENSCSAVT00000007938	TAA	413
ENSCSAVT00000007937	TAA	450
ENSCSAVT00000012191	TAG	253
ENSCSAVT00000008570	TAA	273
ENSCSAVT00000007836	TGA	150
ENSCSAVT00000012629	TAA	26
ENSCSAVT00000012628	TAA	129
ENSCSAVT00000002692	TGA	270
ENSCSAVT00000007294	TAG	109
ENSCSAVT00000007292	TAG	561
ENSCSAVT00000016942	TAA	107
ENSCSAVT00000016941	TAA	214
ENSCSAVT00000013421	TGA	112
ENSCSAVT00000012969	TGA	561
ENSCSAVT00000012971	TAA	127
ENSCSAVT00000012988	TAA	710
ENSCSAVT00000012989	TAA	584
ENSCSAVT00000012990	TAA	655
ENSCSAVT00000005257	TGA	8
ENSCSAVT00000015745	TGA	284
ENSCSAVT00000015758	TAA	490
ENSCSAVT00000015208	TGA	109
ENSCSAVT00000007102	TAG	100
ENSCSAVT00000003514	TAA	364
ENSCSAVT00000003513	TAA	345
ENSCSAVT00000001790	TAA	321
ENSCSAVT00000018299	TAA	418
ENSCSAVT00000018302	TAA	389
ENSCSAVT00000018300	TAA	389
ENSCSAVT00000018301	TAA	389
ENSCSAVT00000003372	TGA	207
ENSCSAVT00000000923	TAA	195
ENSCSAVT00000000925	TAA	86
ENSCSAVT00000000924	TAA	117
ENSCSAVT00000000916	TGA	42
ENSCSAVT00000000917	TGA	30
ENSCSAVT00000017577	TAA	108
ENSCSAVT00000012896	TAA	308
ENSCSAVT00000016228	TAA	223
ENSCSAVT00000016215	TGA	118
ENSCSAVT00000016058	TGA	118
ENSCSAVT00000019275	TGA	134
ENSCSAVT00000005266	TAG	21
ENSCSAVT00000019265	TAA	347
ENSCSAVT00000019264	TGA	390
ENSCSAVT00000005369	TGA	297
ENSCSAVT00000014336	TAA	372
ENSCSAVT00000003781	TGA	512
ENSCSAVT00000003778	TGA	52
ENSCSAVT00000003777	TGA	79
ENSCSAVT00000000788	TGA	37
ENSCSAVT00000012678	TAA	461
ENSCSAVT00000012674	TAA	457
ENSCSAVT00000012675	TAA	449
ENSCSAVT00000012676	TAA	344
ENSCSAVT00000012671	TAA	460
ENSCSAVT00000012672	TAA	459
ENSCSAVT00000012673	TAA	458
ENSCSAVT00000008983	TGA	63
ENSCSAVT00000010294	TAG	83
ENSCSAVT00000010293	TAG	134
ENSCSAVT00000002722	TGA	209
ENSCSAVT00000016137	TGA	197
ENSCSAVT00000004853	TGA	415
ENSCSAVT00000004861	TAA	192
ENSCSAVT00000006802	TGA	200
ENSCSAVT00000002586	TAA	278
ENSCSAVT00000018779	TGA	88
ENSCSAVT00000018778	TGA	230
ENSCSAVT00000013464	TGA	287
ENSCSAVT00000016917	TGA	82
ENSCSAVT00000013145	TGA	610
ENSCSAVT00000013144	TGA	541
ENSCSAVT00000013140	TAA	265
ENSCSAVT00000015773	TAA	67
ENSCSAVT00000015787	TGA	295
ENSCSAVT00000012352	TAA	95
ENSCSAVT00000011394	TGA	409
ENSCSAVT00000011392	TGA	423
ENSCSAVT00000011393	TGA	411
ENSCSAVT00000011390	TGA	449
ENSCSAVT00000011391	TGA	426
ENSCSAVT00000017067	TGA	125
ENSCSAVT00000001756	TGA	224
ENSCSAVT00000014878	TAA	74
ENSCSAVT00000014874	TAA	77
ENSCSAVT00000016195	TGA	104
ENSCSAVT00000003260	TAA	262
ENSCSAVT00000017436	TGA	532
ENSCSAVT00000003267	TAG	105
ENSCSAVT00000003266	TAG	626
ENSCSAVT00000018016	TGA	269
ENSCSAVT00000018017	TGA	236
ENSCSAVT00000001365	TAA	390
ENSCSAVT00000018107	TAA	72
ENSCSAVT00000018115	TAA	272
ENSCSAVT00000014491	TGA	72
ENSCSAVT00000015313	TGA	154
ENSCSAVT00000019453	TGA	87
ENSCSAVT00000014454	TAA	669
ENSCSAVT00000014455	TAA	671
ENSCSAVT00000014453	TAA	85
ENSCSAVT00000014140	TAA	301
ENSCSAVT00000014138	TAA	20
ENSCSAVT00000014144	TGA	575
ENSCSAVT00000015500	TGA	324
ENSCSAVT00000012717	TAG	64
ENSCSAVT00000009054	TAA	76
ENSCSAVT00000009055	TAA	276
ENSCSAVT00000009023	TAA	552
ENSCSAVT00000009022	TAA	523
ENSCSAVT00000009025	TAA	267
ENSCSAVT00000009024	TAA	530
ENSCSAVT00000004278	TAA	15
ENSCSAVT00000004280	TAG	182
ENSCSAVT00000004281	TAG	180
ENSCSAVT00000008319	TAA	394
ENSCSAVT00000006932	TAA	43
ENSCSAVT00000018353	TAA	148
ENSCSAVT00000002779	TAA	371
ENSCSAVT00000016796	TAA	144
ENSCSAVT00000016800	TAA	127
ENSCSAVT00000016786	TAA	418
ENSCSAVT00000006480	TGA	47
ENSCSAVT00000005187	TAG	93
ENSCSAVT00000005941	TGA	198
ENSCSAVT00000003283	TGA	142
ENSCSAVT00000003284	TGA	116
ENSCSAVT00000003947	TAG	631
ENSCSAVT00000003948	TAG	614
ENSCSAVT00000011449	TAA	266
ENSCSAVT00000004568	TAA	88
ENSCSAVT00000007990	TAA	364
ENSCSAVT00000007986	TAA	348
ENSCSAVT00000003443	TGA	288
ENSCSAVT00000003304	TAA	480
ENSCSAVT00000000150	TAA	630
ENSCSAVT00000007234	TGA	151
ENSCSAVT00000016113	TGA	46
ENSCSAVT00000007230	TAA	72
ENSCSAVT00000017632	TAA	337
ENSCSAVT00000017631	TAA	367
ENSCSAVT00000017628	TGA	55
ENSCSAVT00000002460	TGA	271
ENSCSAVT00000011758	TGA	99
ENSCSAVT00000011759	TGA	99
ENSCSAVT00000011761	TGA	95
ENSCSAVT00000011760	TGA	95
ENSCSAVT00000011757	TGA	114
ENSCSAVT00000011747	TAA	378
ENSCSAVT00000011746	TAA	186
ENSCSAVT00000018750	TAG	484
ENSCSAVT00000014419	TAA	347
ENSCSAVT00000006389	TAA	273
ENSCSAVT00000005527	TAG	16
ENSCSAVT00000005534	TAG	104
ENSCSAVT00000005536	TGA	326
ENSCSAVT00000009885	TAA	9
ENSCSAVT00000009884	TAA	11
ENSCSAVT00000018971	TGA	288
ENSCSAVT00000018972	TGA	287
ENSCSAVT00000002799	TAG	231
ENSCSAVT00000010374	TGA	175
ENSCSAVT00000004789	TAA	190
ENSCSAVT00000004788	TAA	190
ENSCSAVT00000004790	TAA	213
ENSCSAVT00000004791	TAA	185
ENSCSAVT00000004792	TAA	187
ENSCSAVT00000013024	TAA	502
ENSCSAVT00000013028	TAA	328
ENSCSAVT00000013029	TAA	329
ENSCSAVT00000013027	TAA	24
ENSCSAVT00000013030	TAA	298
ENSCSAVT00000016755	TAA	35
ENSCSAVT00000011420	TAG	67
ENSCSAVT00000004539	TGA	210
ENSCSAVT00000004540	TGA	194
ENSCSAVT00000008100	TGA	164
ENSCSAVT00000003471	TAA	581
ENSCSAVT00000003469	TGA	48
ENSCSAVT00000009256	TAA	209
ENSCSAVT00000009575	TAA	429
ENSCSAVT00000009574	TAA	483
ENSCSAVT00000009569	TAA	445
ENSCSAVT00000009573	TAA	450
ENSCSAVT00000009572	TAA	455
ENSCSAVT00000009571	TAA	461
ENSCSAVT00000009570	TAA	465
ENSCSAVT00000001536	TGA	270
ENSCSAVT00000016470	TAA	79
ENSCSAVT00000005175	TAA	516
ENSCSAVT00000005186	TAA	198
ENSCSAVT00000012452	TGA	320
ENSCSAVT00000017599	TGA	346
ENSCSAVT00000017607	TGA	531
ENSCSAVT00000002446	TAA	195
ENSCSAVT00000002424	TAG	412
ENSCSAVT00000002425	TAG	374
ENSCSAVT00000002426	TAG	366
ENSCSAVT00000002427	TAG	306
ENSCSAVT00000011802	TAG	205
ENSCSAVT00000011803	TAG	203
ENSCSAVT00000011801	TAG	236
ENSCSAVT00000011810	TAA	16
ENSCSAVT00000012012	TGA	321
ENSCSAVT00000014513	TGA	431
ENSCSAVT00000009852	TGA	83
ENSCSAVT00000009853	TGA	72
ENSCSAVT00000009864	TGA	262
ENSCSAVT00000002826	TAA	175
ENSCSAVT00000002831	TAA	167
ENSCSAVT00000018213	TGA	318
ENSCSAVT00000018210	TAG	375
ENSCSAVT00000018230	TAA	136
ENSCSAVT00000018221	TAA	100
ENSCSAVT00000018223	TAA	106
ENSCSAVT00000018222	TAA	100
ENSCSAVT00000018225	TAA	100
ENSCSAVT00000018224	TAA	99
ENSCSAVT00000018229	TAA	98
ENSCSAVT00000018228	TAA	100
ENSCSAVT00000018760	TGA	452
ENSCSAVT00000018761	TGA	60
ENSCSAVT00000020219	TGA	446
ENSCSAVT00000015473	TAG	359
ENSCSAVT00000002603	TGA	525
ENSCSAVT00000002610	TGA	107
ENSCSAVT00000005557	TAA	350
ENSCSAVT00000013497	TAA	158
ENSCSAVT00000013496	TAA	160
ENSCSAVT00000013495	TAA	161
ENSCSAVT00000013484	TAA	16
ENSCSAVT00000013486	TAA	11
ENSCSAVT00000013482	TAA	154
ENSCSAVT00000013483	TAA	22
ENSCSAVT00000016719	TAA	284
ENSCSAVT00000016713	TGA	181
ENSCSAVT00000016712	TGA	185
ENSCSAVT00000016714	TGA	180
ENSCSAVT00000012053	TAA	244
ENSCSAVT00000007278	TGA	546
ENSCSAVT00000011299	TAA	371
ENSCSAVT00000005016	TGA	585
ENSCSAVT00000014998	TGA	230
ENSCSAVT00000008066	TAA	212
ENSCSAVT00000008067	TAA	42
ENSCSAVT00000010870	TGA	117
ENSCSAVT00000010871	TGA	117
ENSCSAVT00000010869	TGA	147
ENSCSAVT00000010857	TGA	190
ENSCSAVT00000016180	TAG	441
ENSCSAVT00000009209	TGA	97
ENSCSAVT00000009208	TGA	314
ENSCSAVT00000012390	TAA	592
ENSCSAVT00000006602	TAG	233
ENSCSAVT00000011833	TGA	225
ENSCSAVT00000006176	TAG	368
ENSCSAVT00000014629	TAA	195
ENSCSAVT00000000611	TGA	334
ENSCSAVT00000019579	TGA	197
ENSCSAVT00000019572	TAA	106
ENSCSAVT00000019571	TAA	107
ENSCSAVT00000019561	TAA	562
ENSCSAVT00000019586	TGA	600
ENSCSAVT00000005456	TGA	172
ENSCSAVT00000018873	TGA	176
ENSCSAVT00000005198	TGA	92
ENSCSAVT00000003720	TGA	457
ENSCSAVT00000009949	TGA	363
ENSCSAVT00000010450	TGA	279
ENSCSAVT00000010451	TGA	251
ENSCSAVT00000000182	TAA	459
ENSCSAVT00000018558	TAG	50
ENSCSAVT00000005703	TGA	47
ENSCSAVT00000012761	TAA	283
ENSCSAVT00000012763	TAA	133
ENSCSAVT00000012760	TAA	46
ENSCSAVT00000000659	TGA	74
ENSCSAVT00000000658	TGA	108
ENSCSAVT00000011248	TAA	142
ENSCSAVT00000011250	TAA	65
ENSCSAVT00000006694	TAG	232
ENSCSAVT00000009481	TAA	30
ENSCSAVT00000003404	TAG	212
ENSCSAVT00000003407	TGA	33
ENSCSAVT00000015569	TAA	953
ENSCSAVT00000015568	TAA	196
ENSCSAVT00000015559	TAA	361
ENSCSAVT00000015563	TAA	359
ENSCSAVT00000002076	TGA	173
ENSCSAVT00000007003	TAG	62
ENSCSAVT00000002486	TAG	139
ENSCSAVT00000002485	TAG	139
ENSCSAVT00000018138	TGA	65
ENSCSAVT00000018136	TGA	80
ENSCSAVT00000011865	TAA	213
ENSCSAVT00000017833	TAG	564
ENSCSAVT00000017832	TAG	581
ENSCSAVT00000017834	TAG	167
ENSCSAVT00000019225	TAG	107
ENSCSAVT00000019208	TGA	53
ENSCSAVT00000019209	TGA	116
ENSCSAVT00000019211	TGA	68
ENSCSAVT00000019219	TAA	205
ENSCSAVT00000019220	TAA	48
ENSCSAVT00000019221	TAA	341
ENSCSAVT00000000578	TGA	7
ENSCSAVT00000000573	TGA	58
ENSCSAVT00000000574	TGA	30
ENSCSAVT00000019617	TAA	113
ENSCSAVT00000005429	TAG	71
ENSCSAVT00000015381	TGA	400
ENSCSAVT00000007565	TAA	467
ENSCSAVT00000007573	TGA	530
ENSCSAVT00000004144	TAA	379
ENSCSAVT00000009921	TAA	4
ENSCSAVT00000017472	TAG	705
ENSCSAVT00000013008	TAG	65
ENSCSAVT00000018419	TGA	71
ENSCSAVT00000018421	TAA	75
ENSCSAVT00000018425	TAG	365
ENSCSAVT00000018408	TGA	149
ENSCSAVT00000015959	TGA	239
ENSCSAVT00000017160	TAA	99
ENSCSAVT00000017159	TAA	36
ENSCSAVT00000017152	TGA	295
ENSCSAVT00000017149	TGA	157
ENSCSAVT00000017148	TGA	225
ENSCSAVT00000017147	TGA	163
ENSCSAVT00000019729	TGA	92
ENSCSAVT00000019728	TGA	94
ENSCSAVT00000014865	TAA	190
ENSCSAVT00000016807	TGA	356
ENSCSAVT00000016811	TGA	614
ENSCSAVT00000016812	TGA	589
ENSCSAVT00000016813	TGA	325
ENSCSAVT00000007203	TAA	122
ENSCSAVT00000008134	TGA	191
ENSCSAVT00000008144	TGA	170
ENSCSAVT00000014946	TGA	417
ENSCSAVT00000014947	TGA	375
ENSCSAVT00000004039	TGA	192
ENSCSAVT00000004038	TGA	197
ENSCSAVT00000004040	TGA	180
ENSCSAVT00000004041	TGA	185
ENSCSAVT00000013410	TGA	258
ENSCSAVT00000006667	TGA	117
ENSCSAVT00000009119	TAA	97
ENSCSAVT00000009120	TAA	86
ENSCSAVT00000009111	TAA	112
ENSCSAVT00000009113	TAA	89
ENSCSAVT00000009112	TAA	113
ENSCSAVT00000009115	TAA	112
ENSCSAVT00000009114	TAA	112
ENSCSAVT00000009117	TAA	113
ENSCSAVT00000009116	TAA	110
ENSCSAVT00000003569	TGA	131
ENSCSAVT00000003577	TAG	406
ENSCSAVT00000012480	TGA	338
ENSCSAVT00000016483	TAA	436
ENSCSAVT00000016482	TAA	437
ENSCSAVT00000016481	TAA	437
ENSCSAVT00000016484	TAA	330
ENSCSAVT00000016488	TAA	277
ENSCSAVT00000005171	TGA	181
ENSCSAVT00000002284	TAA	36
ENSCSAVT00000005034	TAA	204
ENSCSAVT00000014547	TAA	80
ENSCSAVT00000020026	TGA	482
ENSCSAVT00000020027	TGA	183
ENSCSAVT00000012777	TGA	195
ENSCSAVT00000015583	TGA	74
ENSCSAVT00000015584	TGA	63
ENSCSAVT00000007531	TAA	358
ENSCSAVT00000007532	TAA	138
ENSCSAVT00000007526	TAG	200
ENSCSAVT00000007543	TAA	255
ENSCSAVT00000001145	TAG	568
ENSCSAVT00000017761	TAG	142
ENSCSAVT00000017762	TAG	175
ENSCSAVT00000018009	TAA	262
ENSCSAVT00000017997	TGA	232
ENSCSAVT00000015864	TGA	390
ENSCSAVT00000015866	TGA	389
ENSCSAVT00000015867	TGA	389
ENSCSAVT00000015868	TGA	389
ENSCSAVT00000015869	TGA	389
ENSCSAVT00000002989	TAA	173
ENSCSAVT00000013860	TAA	473
ENSCSAVT00000013851	TAA	450
ENSCSAVT00000013844	TAA	458
ENSCSAVT00000013843	TAA	269
ENSCSAVT00000009085	TAA	34
ENSCSAVT00000003450	TAG	310
ENSCSAVT00000002020	TAA	134
ENSCSAVT00000004994	TAA	69
ENSCSAVT00000002553	TGA	469
