Cla97C01G003180	TGA	0
Cla97C01G008540	TAG	0
Cla97C01G009370	TAG	0
Cla97C01G009600	TGA	0
Cla97C01G010350	TAG	0
Cla97C01G011720	TGA	0
Cla97C01G023850	TGA	0
Cla97C02G035230	TGA	0
Cla97C02G038220	TGA	0
Cla97C02G039760	TGA	0
Cla97C02G042260	TGA	0
Cla97C03G053180	TGA	0
Cla97C03G061810	TAA	0
Cla97C03G062850	TAA	0
Cla97C03G064110	TGA	0
Cla97C03G066590	TAA	0
Cla97C03G068280	TAG	0
Cla97C04G069130	TAA	0
Cla97C04G069490	TAA	0
Cla97C04G070490	TAA	0
Cla97C04G070790	TGA	0
Cla97C04G072180	TAA	0
Cla97C05G095430	TGA	0
Cla97C05G108270	TGA	0
Cla97C06G112220	TAA	0
Cla97C06G116930	TAA	0
Cla97C06G118010	TAA	0
Cla97C06G119310	TAG	0
Cla97C06G119370	TAA	0
Cla97C06G119420	TGA	0
Cla97C06G119800	TGA	0
Cla97C06G120870	TAA	0
Cla97C06G126670	TGA	0
Cla97C07G132570	TAG	0
Cla97C07G134370	TAG	0
Cla97C07G135620	TGA	0
Cla97C08G144900	TGA	0
Cla97C08G145310	TAA	0
Cla97C08G147430	TAA	0
Cla97C08G147530	TGA	0
Cla97C08G147620	TAA	0
Cla97C08G153080	TAG	0
Cla97C08G153700	TGA	0
Cla97C08G158340	TGA	0
Cla97C09G170140	TAA	0
Cla97C09G175350	TAA	0
Cla97C09G175980	TGA	0
Cla97C09G176120	TGA	0
Cla97C09G176160	TGA	0
Cla97C09G176640	TGA	0
Cla97C09G179950	TAG	0
Cla97C09G181060	TAA	0
Cla97C10G190060	TGA	0
Cla97C10G197230	TAG	0
Cla97C10G199810	TAA	0
Cla97C10G203320	TGA	0
Cla97C11G206590	TGA	0
Cla97C11G211610	TAA	0
Cla97C11G218360	TGA	0
