ISCW000068-RA	TGA	692
ISCW000069-RA	TAA	23
ISCW012259-RA	TAA	55
ISCW012257-RA	TGA	50
ISCW021918-RA	TAG	695
ISCW021910-RA	TAG	962
ISCW009519-RA	TAG	113
ISCW009511-RA	TAA	360
ISCW009512-RA	TGA	72
ISCW016963-RA	TGA	149
ISCW017610-RA	TAG	650
ISCW017614-RA	TAG	1217
ISCW010492-RA	TAG	102
ISCW010493-RA	TGA	821
ISCW010490-RA	TGA	113
ISCW010498-RA	TGA	139
ISCW011725-RA	TGA	610
ISCW011724-RA	TGA	179
ISCW015613-RA	TAG	56
ISCW010932-RA	TAA	432
ISCW010936-RA	TAG	436
ISCW009658-RA	TAG	43
ISCW009656-RA	TGA	784
ISCW017831-RA	TAG	212
ISCW017519-RA	TAG	1321
ISCW003790-RA	TAA	470
ISCW005562-RA	TGA	1854
ISCW005567-RA	TGA	343
ISCW019516-RA	TGA	96
ISCW019511-RA	TAG	83
ISCW019512-RA	TGA	1263
ISCW004211-RA	TGA	59
ISCW012645-RA	TGA	74
ISCW007542-RA	TGA	375
ISCW007898-RA	TAA	223
ISCW007890-RA	TGA	1417
ISCW014724-RA	TGA	895
ISCW014729-RA	TAA	48
ISCW023230-RA	TGA	448
ISCW023231-RA	TGA	425
ISCW015453-RA	TAA	210
ISCW017969-RA	TGA	476
ISCW022542-RA	TGA	288
ISCW017961-RA	TAG	803
ISCW023495-RA	TGA	51
ISCW021899-RA	TGA	266
ISCW017342-RA	TAG	718
ISCW013935-RA	TAA	167
ISCW023391-RA	TGA	129
ISCW009491-RA	TGA	50
ISCW017138-RA	TGA	201
ISCW017132-RA	TAA	416
ISCW017133-RA	TAA	130
ISCW017135-RA	TAG	188
ISCW017136-RA	TAA	234
ISCW014871-RA	TAG	464
ISCW010358-RA	TAA	176
ISCW014441-RA	TAG	1683
ISCW005342-RA	TGA	1068
ISCW005345-RA	TGA	831
ISCW006920-RA	TAA	252
ISCW008194-RA	TGA	226
ISCW008198-RA	TGA	1070
ISCW000435-RA	TGA	1016
ISCW000437-RA	TGA	724
ISCW018568-RA	TAA	192
ISCW018565-RA	TGA	256
ISCW003169-RA	TAA	1149
ISCW003160-RA	TGA	464
ISCW003167-RA	TAG	149
ISCW003165-RA	TAG	1407
ISCW023807-RA	TAA	69
ISCW023805-RA	TGA	73
ISCW023802-RA	TGA	126
ISCW023801-RA	TAA	110
ISCW017339-RA	TGA	916
ISCW017334-RA	TAG	126
ISCW017333-RA	TGA	779
ISCW013301-RA	TGA	1311
ISCW013300-RA	TAG	119
ISCW013304-RA	TAA	52
ISCW006484-RA	TGA	202
ISCW015223-RA	TGA	434
ISCW010761-RA	TAA	199
ISCW010767-RA	TAG	77
ISCW010768-RA	TGA	549
ISCW020648-RA	TAG	152
ISCW020641-RA	TAG	281
ISCW011417-RA	TGA	611
ISCW011419-RA	TAA	207
ISCW009860-RA	TAA	201
ISCW009281-RA	TGA	1138
ISCW009132-RA	TGA	2346
ISCW009131-RA	TAG	994
ISCW019763-RA	TAG	1003
ISCW019762-RA	TGA	446
ISCW008428-RA	TAA	278
ISCW004734-RA	TAG	136
ISCW002361-RA	TAG	156
ISCW002360-RA	TGA	204
ISCW015029-RA	TGA	158
ISCW021259-RA	TAA	480
ISCW013443-RA	TAA	647
ISCW001046-RA	TGA	896
ISCW001043-RA	TAG	466
ISCW001041-RA	TAA	161
ISCW001040-RA	TAA	1425
ISCW001048-RA	TAG	799
ISCW018159-RA	TAA	715
ISCW018158-RA	TGA	229
ISCW018156-RA	TGA	443
ISCW001951-RA	TGA	140
ISCW001953-RA	TGA	1120
ISCW022248-RA	TAA	752
ISCW022243-RA	TGA	53
ISCW019206-RA	TGA	799
ISCW019200-RA	TAG	509
ISCW019202-RA	TGA	763
ISCW000602-RA	TGA	585
ISCW000607-RA	TGA	317
ISCW007469-RA	TGA	1342
ISCW007462-RA	TAG	1045
ISCW013561-RA	TGA	534
ISCW013566-RA	TAG	2332
ISCW006739-RA	TAG	1312
ISCW010142-RA	TAG	862
ISCW010146-RA	TGA	136
ISCW010147-RA	TAA	114
ISCW012775-RA	TGA	48
ISCW012777-RA	TAA	122
ISCW015925-RA	TGA	778
ISCW015927-RA	TAG	209
ISCW015928-RA	TGA	173
ISCW017692-RA	TGA	555
ISCW007920-RA	TGA	38
ISCW015699-RA	TAG	310
ISCW015696-RA	TGA	152
ISCW015694-RA	TGA	394
ISCW023384-RA	TAG	85
ISCW021720-RA	TAG	687
ISCW023654-RA	TAA	568
ISCW016277-RA	TGA	417
ISCW023092-RA	TAA	47
ISCW018318-RA	TGA	1906
ISCW018317-RA	TGA	844
ISCW018316-RA	TAA	1277
ISCW018311-RA	TGA	55
ISCW019595-RA	TAA	1089
ISCW019596-RA	TGA	161
ISCW019597-RA	TGA	69
ISCW019591-RA	TAA	251
ISCW019592-RA	TGA	476
ISCW019598-RA	TAA	1034
ISCW004117-RA	TGA	840
ISCW003718-RA	TGA	433
ISCW003717-RA	TGA	420
ISCW001627-RA	TAG	29
ISCW004298-RA	TGA	426
ISCW000974-RA	TGA	941
ISCW000977-RA	TGA	446
ISCW000979-RA	TGA	453
ISCW002197-RA	TAG	1437
ISCW002191-RA	TAG	181
ISCW002193-RA	TGA	94
ISCW002198-RA	TAA	123
ISCW006639-RA	TGA	229
ISCW020030-RA	TGA	906
ISCW020038-RA	TAG	1239
ISCW023411-RA	TAG	244
ISCW019903-RA	TGA	211
ISCW000109-RA	TAA	295
ISCW021816-RA	TGA	69
ISCW021817-RA	TGA	136
ISCW021814-RA	TGA	136
ISCW021810-RA	TGA	67
ISCW007348-RA	TGA	73
ISCW007349-RA	TAG	66
ISCW011861-RA	TAA	320
ISCW003454-RA	TGA	598
ISCW009412-RA	TAG	839
ISCW021100-RA	TAA	1341
ISCW021005-RA	TGA	1117
ISCW017710-RA	TGA	482
ISCW010874-RA	TAG	87
ISCW010872-RA	TGA	997
ISCW009990-RA	TGA	190
ISCW018293-RA	TGA	518
ISCW005194-RA	TGA	765
ISCW005193-RA	TGA	918
ISCW008117-RA	TGA	880
ISCW005198-RA	TAA	29
ISCW008110-RA	TAA	833
ISCW005444-RA	TAA	609
ISCW006182-RA	TGA	3130
ISCW006188-RA	TGA	172
ISCW002873-RA	TAA	310
ISCW002879-RA	TGA	213
ISCW019652-RA	TGA	513
ISCW019657-RA	TGA	586
ISCW019654-RA	TGA	48
ISCW008805-RA	TAA	328
ISCW008807-RA	TGA	342
ISCW008801-RA	TAA	83
ISCW004311-RA	TGA	367
ISCW002253-RA	TAA	781
ISCW002250-RA	TGA	410
ISCW012126-RA	TAG	751
ISCW012127-RA	TAG	274
ISCW007759-RA	TAG	648
ISCW007750-RA	TGA	307
ISCW021229-RA	TAA	128
ISCW021224-RA	TGA	57
ISCW021599-RA	TGA	125
ISCW019308-RA	TAA	118
ISCW015554-RA	TAG	472
ISCW016147-RA	TAG	859
ISCW020953-RA	TAA	302
ISCW010250-RA	TAG	158
ISCW010251-RA	TGA	1395
ISCW010253-RA	TGA	712
ISCW013112-RA	TGA	110
ISCW019280-RA	TAG	203
ISCW008305-RA	TAA	671
ISCW013876-RA	TAG	416
ISCW018735-RA	TGA	100
ISCW018739-RA	TGA	73
ISCW003089-RA	TGA	715
ISCW003088-RA	TAG	343
ISCW003081-RA	TGA	1708
ISCW006222-RA	TGA	169
ISCW006226-RA	TGA	3
ISCW006227-RA	TAG	204
ISCW002934-RA	TGA	232
ISCW002935-RA	TGA	79
ISCW002938-RA	TGA	195
ISCW000683-RA	TGA	117
ISCW000688-RA	TGA	514
ISCW003333-RA	TGA	784
ISCW003337-RA	TAG	579
ISCW003336-RA	TAA	525
ISCW002686-RA	TAG	839
ISCW002689-RA	TGA	136
ISCW001795-RA	TAG	521
ISCW001799-RA	TGA	1578
ISCW012082-RA	TAA	353
ISCW022948-RA	TAA	603
ISCW022944-RA	TGA	176
ISCW021412-RA	TGA	341
ISCW014034-RA	TGA	35
ISCW013027-RA	TAG	1678
ISCW023307-RA	TAG	979
ISCW010642-RA	TAG	399
ISCW023232-RA	TGA	154
ISCW012864-RA	TAA	571
ISCW012867-RA	TAA	177
ISCW020451-RA	TGA	79
ISCW022165-RA	TGA	494
ISCW022543-RA	TAA	270
ISCW011873-RA	TGA	321
ISCW011313-RA	TGA	2640
ISCW009074-RA	TAG	317
ISCW009079-RA	TGA	973
ISCW017007-RA	TAA	488
ISCW017001-RA	TGA	764
ISCW017002-RA	TGA	406
ISCW017003-RA	TGA	445
ISCW004167-RA	TAG	10
ISCW004161-RA	TGA	442
ISCW019988-RA	TGA	360
ISCW000188-RA	TAA	86
ISCW000180-RA	TGA	369
ISCW000183-RA	TGA	69
ISCW022367-RA	TAA	1029
ISCW019366-RA	TGA	905
ISCW019365-RA	TAA	531
ISCW003980-RA	TAG	368
ISCW003982-RA	TGA	168
ISCW003983-RA	TAG	1342
ISCW001859-RA	TAG	182
ISCW008537-RA	TGA	297
ISCW008531-RA	TAG	210
ISCW013213-RA	TGA	336
ISCW013212-RA	TAG	61
ISCW021184-RA	TGA	283
ISCW021185-RA	TAA	349
ISCW023973-RA	TAA	265
ISCW006079-RA	TAA	548
ISCW006078-RA	TGA	301
ISCW002768-RA	TGA	3
ISCW010024-RA	TGA	168
ISCW010020-RA	TAG	81
ISCW020275-RA	TAG	774
ISCW020274-RA	TAG	176
ISCW020279-RA	TGA	811
ISCW011375-RA	TAA	204
ISCW011376-RA	TAA	2234
ISCW011377-RA	TGA	27
ISCW011370-RA	TGA	61
ISCW011371-RA	TAG	861
ISCW011372-RA	TGA	260
ISCW012544-RA	TAG	129
ISCW007840-RA	TAG	857
ISCW014265-RA	TGA	171
ISCW014261-RA	TGA	67
ISCW011080-RA	TAG	1462
ISCW015794-RA	TGA	780
ISCW000876-RA	TGA	200
ISCW016685-RA	TAA	961
ISCW016684-RA	TGA	108
ISCW016686-RA	TAG	1204
ISCW021601-RA	TAG	72
ISCW021606-RA	TGA	55
ISCW021605-RA	TAG	1485
ISCW021604-RA	TAG	1882
ISCW015139-RA	TAG	178
ISCW015136-RA	TGA	1100
ISCW023111-RA	TGA	107
ISCW010568-RA	TGA	372
ISCW022649-RA	TAG	410
ISCW022640-RA	TAG	464
ISCW009915-RA	TGA	750
ISCW009918-RA	TAG	495
ISCW020859-RA	TGA	1146
ISCW018213-RA	TGA	173
ISCW018216-RA	TGA	727
ISCW005110-RA	TGA	59
ISCW005113-RA	TAA	1308
ISCW019167-RA	TAG	182
ISCW002562-RA	TAA	1174
ISCW018977-RA	TGA	132
ISCW018976-RA	TAG	565
ISCW018973-RA	TAG	1183
ISCW001131-RA	TGA	345
ISCW022082-RA	TAG	136
ISCW022085-RA	TAG	8
ISCW012366-RA	TAA	331
ISCW011947-RA	TGA	1
ISCW011946-RA	TAA	71
ISCW011944-RA	TGA	662
ISCW017453-RA	TGA	82
ISCW017451-RA	TGA	508
ISCW017456-RA	TGA	149
ISCW017459-RA	TAA	279
ISCW022879-RA	TGA	648
ISCW011126-RA	TGA	1054
ISCW016478-RA	TGA	245
ISCW016479-RA	TGA	457
ISCW016472-RA	TAG	1143
ISCW016471-RA	TAA	1019
ISCW009898-RA	TGA	94
ISCW005093-RA	TGA	42
ISCW000575-RA	TAA	181
ISCW000579-RA	TAA	120
ISCW008389-RA	TGA	732
ISCW008960-RA	TGA	60
ISCW004059-RA	TGA	1533
ISCW004058-RA	TAA	70
ISCW012003-RA	TAG	168
ISCW007651-RA	TAA	493
ISCW005872-RA	TGA	856
ISCW005874-RA	TGA	172
ISCW013755-RA	TGA	849
ISCW013759-RA	TAG	207
ISCW006521-RA	TGA	56
ISCW006523-RA	TGA	491
ISCW003821-RA	TAA	34
ISCW015341-RA	TAA	168
ISCW017857-RA	TAA	808
ISCW017855-RA	TGA	104
ISCW019877-RA	TGA	357
ISCW019878-RA	TGA	264
ISCW020703-RA	TGA	39
ISCW003802-RA	TAA	470
ISCW003805-RA	TGA	532
ISCW022479-RA	TAG	213
ISCW021923-RA	TAA	418
ISCW021920-RA	TAA	790
ISCW021921-RA	TGA	91
ISCW021924-RA	TGA	55
ISCW012702-RA	TGA	31
ISCW000036-RA	TAG	904
ISCW022297-RA	TAA	240
ISCW016936-RA	TAA	16
ISCW017088-RA	TGA	884
ISCW010197-RA	TGA	1904
ISCW010445-RA	TAA	270
ISCW014576-RA	TGA	45
ISCW014578-RA	TGA	1071
ISCW011714-RA	TAA	687
ISCW015624-RA	TAA	175
ISCW007030-RA	TGA	163
ISCW008020-RA	TGA	625
ISCW007033-RA	TAA	51
ISCW008026-RA	TAA	216
ISCW007038-RA	TAA	284
ISCW018678-RA	TGA	77
ISCW018679-RA	TGA	56
ISCW006343-RA	TAA	791
ISCW005531-RA	TAA	23
ISCW003277-RA	TAA	169
ISCW003279-RA	TGA	979
ISCW001691-RA	TGA	774
ISCW001521-RA	TAG	394
ISCW012635-RA	TGA	363
ISCW012637-RA	TAA	833
ISCW012633-RA	TAA	616
ISCW000553-RA	TGA	2232
ISCW021355-RA	TGA	283
ISCW021357-RA	TGA	708
ISCW021356-RA	TGA	96
ISCW016608-RA	TGA	65
ISCW016601-RA	TAG	1017
ISCW016602-RA	TAA	671
ISCW013278-RA	TGA	130
ISCW013277-RA	TGA	134
ISCW013276-RA	TGA	131
ISCW013275-RA	TGA	131
ISCW013273-RA	TGA	126
ISCW013272-RA	TAA	116
ISCW013271-RA	TAA	91
ISCW020080-RA	TGA	95
ISCW023260-RA	TAG	72
ISCW023264-RA	TGA	136
ISCW020559-RA	TAA	72
ISCW020550-RA	TAG	213
ISCW020551-RA	TAA	392
ISCW020552-RA	TGA	355
ISCW020554-RA	TAA	621
ISCW020557-RA	TGA	2216
ISCW011656-RA	TAG	1262
ISCW016669-RA	TAA	86
ISCW016388-RA	TGA	78
ISCW016381-RA	TAG	142
ISCW016385-RA	TGA	72
ISCW017160-RA	TGA	101
ISCW017166-RA	TGA	115
ISCW000806-RA	TGA	727
ISCW005318-RA	TGA	1954
ISCW006950-RA	TGA	1017
ISCW022002-RA	TGA	204
ISCW022007-RA	TAA	159
ISCW022008-RA	TGA	643
ISCW000442-RA	TGA	73
ISCW008270-RA	TGA	48
ISCW013450-RA	TAG	315
ISCW006133-RA	TGA	370
ISCW020338-RA	TGA	54
ISCW020336-RA	TAA	51
ISCW017360-RA	TGA	69
ISCW017363-RA	TAG	86
ISCW012465-RA	TGA	56
ISCW012467-RA	TGA	500
ISCW015859-RA	TGA	687
ISCW015854-RA	TAG	964
ISCW015850-RA	TGA	323
ISCW021522-RA	TAA	338
ISCW023019-RA	TAG	11
ISCW023015-RA	TAA	655
ISCW010731-RA	TAG	1395
ISCW010730-RA	TGA	258
ISCW010734-RA	TGA	118
ISCW022768-RA	TGA	396
ISCW022761-RA	TGA	200
ISCW022763-RA	TGA	824
ISCW022766-RA	TAA	133
ISCW006100-RA	TAA	15
ISCW012174-RA	TGA	848
ISCW009817-RA	TAG	328
ISCW009812-RA	TGA	377
ISCW009818-RA	TGA	1750
ISCW005011-RA	TAA	911
ISCW005013-RA	TGA	237
ISCW005014-RA	TGA	406
ISCW005015-RA	TGA	528
ISCW005017-RA	TAG	406
ISCW009108-RA	TAG	2263
ISCW009103-RA	TGA	741
ISCW009101-RA	TAG	723
ISCW009106-RA	TAG	40
ISCW019750-RA	TAG	1990
ISCW008473-RA	TAG	412
ISCW002351-RA	TAG	459
ISCW000842-RA	TAA	1405
ISCW000843-RA	TGA	195
ISCW018832-RA	TGA	24
ISCW018835-RA	TAG	644
ISCW001079-RA	TAA	56
ISCW010227-RA	TGA	555
ISCW007246-RA	TAG	73
ISCW010226-RA	TGA	85
ISCW018163-RA	TGA	201
ISCW018169-RA	TAG	1223
ISCW001926-RA	TGA	271
ISCW001920-RA	TAA	345
ISCW022216-RA	TGA	553
ISCW007455-RA	TGA	14
ISCW007458-RA	TGA	119
ISCW013552-RA	TGA	139
ISCW013556-RA	TGA	156
ISCW010119-RA	TAG	1114
ISCW010110-RA	TAG	453
ISCW010117-RA	TAG	163
ISCW010115-RA	TAA	96
ISCW017666-RA	TGA	5
ISCW017667-RA	TGA	948
ISCW011790-RA	TAA	88
ISCW011791-RA	TAG	416
ISCW023605-RA	TGA	1709
ISCW023606-RA	TGA	311
ISCW016227-RA	TGA	755
ISCW010940-RA	TAA	127
ISCW028490-RA	TAG	139
ISCW028493-RA	TAG	77
ISCW006480-RA	TGA	306
ISCW000237-RA	TGA	79
ISCW005600-RA	TGA	135
ISCW005605-RA	TGA	125
ISCW000239-RA	TAA	420
ISCW000238-RA	TGA	239
ISCW019093-RA	TGA	1085
ISCW019092-RA	TAA	174
ISCW019546-RA	TGA	598
ISCW019545-RA	TAA	609
ISCW019543-RA	TAA	266
ISCW003768-RA	TAA	55
ISCW002491-RA	TAG	1791
ISCW004268-RA	TAG	384
ISCW000226-RA	TAG	5
ISCW004264-RA	TGA	396
ISCW007514-RA	TGA	888
ISCW007513-RA	TAG	82
ISCW013145-RA	TGA	328
ISCW013141-RA	TGA	983
ISCW006643-RA	TGA	149
ISCW020005-RA	TGA	834
ISCW020000-RA	TAG	590
ISCW019937-RA	TGA	1948
ISCW019938-RA	TGA	232
ISCW000178-RA	TAG	750
ISCW000179-RA	TGA	1142
ISCW000177-RA	TAG	1518
ISCW013968-RA	TGA	89
ISCW013963-RA	TAG	94
ISCW016301-RA	TAG	251
ISCW016302-RA	TAA	419
ISCW016303-RA	TAG	262
ISCW016309-RA	TAG	1095
ISCW022396-RA	TAG	287
ISCW009448-RA	TAG	321
ISCW020823-RA	TGA	636
ISCW012946-RA	TAA	7
ISCW016870-RA	TGA	496
ISCW010097-RA	TGA	326
ISCW010092-RA	TGA	447
ISCW010321-RA	TAG	125
ISCW010322-RA	TAG	550
ISCW001562-RA	TGA	274
ISCW007018-RA	TGA	1094
ISCW005393-RA	TGA	318
ISCW004440-RA	TGA	146
ISCW003134-RA	TAA	1003
ISCW003133-RA	TAG	1303
ISCW003138-RA	TAG	369
ISCW019667-RA	TAA	108
ISCW002268-RA	TAA	604
ISCW002269-RA	TAA	908
ISCW007724-RA	TGA	130
ISCW007726-RA	TGA	303
ISCW021257-RA	TAG	879
ISCW014637-RA	TAG	645
ISCW018981-RA	TGA	182
ISCW014182-RA	TGA	303
ISCW015586-RA	TAA	23
ISCW015584-RA	TGA	129
ISCW015582-RA	TAG	32
ISCW020614-RA	TAA	440
ISCW020612-RA	TAA	34
ISCW020611-RA	TAG	337
ISCW001188-RA	TGA	446
ISCW001189-RA	TGA	29
ISCW023095-RA	TGA	222
ISCW023096-RA	TGA	429
ISCW012913-RA	TGA	55
ISCW012919-RA	TGA	42
ISCW011465-RA	TAA	85
ISCW016111-RA	TGA	104
ISCW016113-RA	TGA	1145
ISCW009180-RA	TGA	528
ISCW009188-RA	TGA	855
ISCW005218-RA	TAA	137
ISCW005219-RA	TGA	1330
ISCW001502-RA	TAA	910
ISCW019945-RA	TGA	595
ISCW012284-RA	TGA	746
ISCW008331-RA	TGA	105
ISCW004594-RA	TAG	33
ISCW000652-RA	TAG	816
ISCW004591-RA	TGA	371
ISCW013886-RA	TGA	628
ISCW018708-RA	TGA	2461
ISCW018700-RA	TGA	224
ISCW019289-RA	TGA	1068
ISCW003303-RA	TGA	38
ISCW003301-RA	TAG	2025
ISCW003306-RA	TAG	234
ISCW003305-RA	TAG	751
ISCW002654-RA	TAG	688
ISCW022933-RA	TGA	230
ISCW012704-RA	TAG	88
ISCW007680-RA	TGA	279
ISCW007684-RA	TAA	3
ISCW007689-RA	TAG	1320
ISCW015951-RA	TAA	280
ISCW015952-RA	TGA	99
ISCW015953-RA	TGA	224
ISCW015957-RA	TGA	484
ISCW007974-RA	TGA	276
ISCW007976-RA	TGA	312
ISCW007971-RA	TGA	344
ISCW007973-RA	TGA	388
ISCW021776-RA	TGA	1095
ISCW021772-RA	TGA	409
ISCW014397-RA	TAG	706
ISCW014396-RA	TGA	70
ISCW014398-RA	TGA	129
ISCW023688-RA	TAA	886
ISCW010671-RA	TAG	529
ISCW022487-RA	TAA	215
ISCW022481-RA	TAA	30
ISCW020423-RA	TGA	1034
ISCW022156-RA	TGA	980
ISCW022157-RA	TGA	51
ISCW022154-RA	TAA	116
ISCW022151-RA	TGA	923
ISCW006043-RA	TGA	512
ISCW016094-RA	TGA	207
ISCW016090-RA	TGA	160
ISCW016092-RA	TAA	763
ISCW010018-RA	TAG	93
ISCW009684-RA	TGA	1040
ISCW009687-RA	TAA	501
ISCW009028-RA	TGA	427
ISCW019010-RA	TGA	167
ISCW019012-RA	TAG	97
ISCW004158-RA	TAA	462
ISCW004976-RA	TGA	342
ISCW001330-RA	TGA	287
ISCW023441-RA	TAA	459
ISCW018006-RA	TGA	752
ISCW001803-RA	TGA	398
ISCW022311-RA	TGA	275
ISCW019353-RA	TGA	110
ISCW019354-RA	TAA	59
ISCW019355-RA	TAA	35
ISCW020577-RA	TAG	626
ISCW011833-RA	TGA	162
ISCW003405-RA	TAG	98
ISCW003401-RA	TAG	203
ISCW003402-RA	TAG	185
ISCW009450-RA	TAA	126
ISCW002753-RA	TAG	493
ISCW002750-RA	TGA	1326
ISCW002751-RA	TGA	85
ISCW010016-RA	TGA	1187
ISCW017299-RA	TGA	98
ISCW017298-RA	TGA	247
ISCW014927-RA	TAG	1006
ISCW020200-RA	TGA	494
ISCW020203-RA	TGA	917
ISCW003026-RA	TAG	1043
ISCW012519-RA	TGA	134
ISCW014219-RA	TAG	706
ISCW014217-RA	TGA	170
ISCW014211-RA	TGA	252
ISCW021632-RA	TGA	169
ISCW021630-RA	TAA	174
ISCW021637-RA	TAA	2910
ISCW023168-RA	TAG	184
ISCW023166-RA	TGA	909
ISCW016507-RA	TGA	483
ISCW016509-RA	TGA	1396
ISCW010827-RA	TAA	464
ISCW010825-RA	TGA	38
ISCW010823-RA	TGA	41
ISCW010822-RA	TGA	399
ISCW010821-RA	TGA	80
ISCW007830-RA	TGA	913
ISCW005160-RA	TAA	260
ISCW019199-RA	TGA	334
ISCW003641-RA	TGA	144
ISCW003645-RA	TGA	462
ISCW014035-RA	TAA	175
ISCW008859-RA	TAA	985
ISCW001487-RA	TGA	367
ISCW002590-RA	TAA	878
ISCW002593-RA	TAA	66
ISCW005900-RA	TGA	589
ISCW013735-RA	TGA	226
ISCW006459-RA	TGA	441
ISCW020129-RA	TGA	14
ISCW020128-RA	TGA	852
ISCW020125-RA	TAA	1111
ISCW020124-RA	TGA	568
ISCW020123-RA	TGA	360
ISCW020122-RA	TGA	1313
ISCW015501-RA	TGA	796
ISCW015509-RA	TAG	1338
ISCW015508-RA	TGA	5
ISCW018904-RA	TGA	90
ISCW018906-RA	TAG	692
ISCW018900-RA	TAG	240
ISCW018901-RA	TGA	30
ISCW018908-RA	TAG	74
ISCW018909-RA	TGA	36
ISCW020694-RA	TGA	853
ISCW020693-RA	TAA	43
ISCW001101-RA	TAA	222
ISCW001107-RA	TGA	1249
ISCW023765-RA	TAA	46
ISCW012333-RA	TGA	260
ISCW012332-RA	TAG	1455
ISCW011972-RA	TAA	604
ISCW011976-RA	TGA	497
ISCW020905-RA	TGA	235
ISCW020904-RA	TGA	901
ISCW009275-RA	TGA	24
ISCW009276-RA	TGA	1074
ISCW009279-RA	TGA	33
ISCW021055-RA	TAG	227
ISCW011152-RA	TGA	1242
ISCW010783-RA	TGA	2571
ISCW010786-RA	TGA	109
ISCW010787-RA	TGA	341
ISCW010785-RA	TGA	121
ISCW005296-RA	TGA	171
ISCW005291-RA	TAG	1465
ISCW015364-RA	TGA	585
ISCW009738-RA	TAA	583
ISCW009737-RA	TAG	331
ISCW018780-RA	TAA	1499
ISCW000527-RA	TAG	432
ISCW000525-RA	TGA	175
ISCW006277-RA	TAG	291
ISCW002964-RA	TGA	219
ISCW019784-RA	TGA	165
ISCW019786-RA	TAA	55
ISCW019434-RA	TAA	407
ISCW001723-RA	TGA	712
ISCW001720-RA	TAG	1309
ISCW001721-RA	TGA	756
ISCW001727-RA	TAA	512
ISCW001725-RA	TGA	638
ISCW012036-RA	TGA	7
ISCW012037-RA	TAA	793
ISCW003380-RA	TAA	721
ISCW003384-RA	TGA	1516
ISCW002037-RA	TGA	121
ISCW002036-RA	TGA	126
ISCW002039-RA	TAG	45
ISCW012780-RA	TAG	641
ISCW012785-RA	TGA	108
ISCW007604-RA	TAG	943
ISCW000890-RA	TAG	958
ISCW000896-RA	TGA	491
ISCW021446-RA	TAA	68
ISCW003817-RA	TAG	316
ISCW023353-RA	TGA	75
ISCW017868-RA	TGA	688
ISCW011545-RA	TAG	1035
ISCW011541-RA	TGA	786
ISCW011549-RA	TGA	120
ISCW014882-RA	TAA	751
ISCW023134-RA	TGA	105
ISCW016908-RA	TAG	52
ISCW016901-RA	TGA	171
ISCW016906-RA	TGA	9
ISCW016904-RA	TAG	631
ISCW016905-RA	TAA	171
ISCW010434-RA	TAA	2370
ISCW010435-RA	TAG	27
ISCW010436-RA	TAA	630
ISCW006820-RA	TGA	532
ISCW006823-RA	TAA	975
ISCW006828-RA	TAA	312
ISCW006829-RA	TGA	521
ISCW018085-RA	TGA	41
ISCW017826-RA	TGA	101
ISCW018080-RA	TGA	1813
ISCW018083-RA	TGA	1164
ISCW018082-RA	TAA	1470
ISCW007063-RA	TAG	720
ISCW007067-RA	TAA	531
ISCW003957-RA	TGA	320
ISCW001885-RA	TAG	393
ISCW008565-RA	TAA	58
ISCW008564-RA	TAA	58
ISCW007391-RA	TGA	211
ISCW008561-RA	TAG	30
ISCW018629-RA	TAG	1246
ISCW018621-RA	TAG	64
ISCW003220-RA	TAA	30
ISCW020285-RA	TAG	524
ISCW020282-RA	TAA	404
ISCW001573-RA	TGA	649
ISCW017219-RA	TGA	77
ISCW001574-RA	TAG	732
ISCW017215-RA	TAA	851
ISCW001579-RA	TGA	455
ISCW017213-RA	TGA	426
ISCW011328-RA	TAG	519
ISCW007838-RA	TAA	206
ISCW012594-RA	TGA	214
ISCW014740-RA	TGA	239
ISCW014296-RA	TAG	523
ISCW015167-RA	TGA	665
ISCW010536-RA	TAG	224
ISCW010532-RA	TAG	192
ISCW020506-RA	TGA	78
ISCW020508-RA	TGA	190
ISCW022619-RA	TAA	976
ISCW009961-RA	TAG	101
ISCW009962-RA	TGA	100
ISCW009965-RA	TGA	138
ISCW009348-RA	TAG	465
ISCW009346-RA	TGA	367
ISCW009342-RA	TAA	171
ISCW008769-RA	TGA	492
ISCW008768-RA	TGA	365
ISCW008761-RA	TGA	116
ISCW004614-RA	TGA	396
ISCW004610-RA	TAA	21
ISCW004613-RA	TGA	174
ISCW004612-RA	TGA	913
ISCW002513-RA	TGA	140
ISCW005987-RA	TAG	113
ISCW005985-RA	TAG	850
ISCW007133-RA	TGA	170
ISCW006949-RA	TAA	37
ISCW006988-RA	TAG	132
ISCW006983-RA	TGA	202
ISCW006982-RA	TGA	102
ISCW006980-RA	TGA	1194
ISCW008031-RA	TAA	59
ISCW008036-RA	TAG	847
ISCW007213-RA	TAA	470
ISCW013467-RA	TGA	528
ISCW023867-RA	TGA	1161
ISCW020985-RA	TGA	877
ISCW020984-RA	TGA	112
ISCW002892-RA	TGA	838
ISCW002897-RA	TAG	1050
ISCW010286-RA	TGA	92
ISCW020366-RA	TAG	109
ISCW020368-RA	TAA	59
ISCW012412-RA	TGA	102
ISCW021578-RA	TGA	813
ISCW021571-RA	TAA	96
ISCW021570-RA	TGA	592
ISCW021572-RA	TGA	65
ISCW023049-RA	TAA	53
ISCW023048-RA	TGA	109
ISCW010706-RA	TGA	456
ISCW010707-RA	TAA	1184
ISCW012382-RA	TGA	416
ISCW012388-RA	TGA	607
ISCW004836-RA	TAA	625
ISCW004831-RA	TAG	1105
ISCW005047-RA	TAA	369
ISCW005046-RA	TAG	26
ISCW008483-RA	TGA	292
ISCW004799-RA	TAG	646
ISCW003078-RA	TGA	71
ISCW003079-RA	TGA	83
ISCW002306-RA	TGA	79
ISCW000818-RA	TAA	108
ISCW005824-RA	TAA	98
ISCW013703-RA	TGA	74
ISCW013709-RA	TAA	152
ISCW018860-RA	TGA	1837
ISCW003890-RA	TGA	59
ISCW023857-RA	TAA	141
ISCW001027-RA	TAG	698
ISCW006150-RA	TAG	150
ISCW023537-RA	TGA	1162
ISCW018139-RA	TAG	542
ISCW018131-RA	TGA	1428
ISCW018137-RA	TGA	1010
ISCW000048-RA	TAA	173
ISCW000047-RA	TGA	108
ISCW021975-RA	TAG	328
ISCW021974-RA	TAG	603
ISCW021976-RA	TGA	589
ISCW007401-RA	TAG	48
ISCW007407-RA	TAA	44
ISCW003534-RA	TAG	453
ISCW003536-RA	TAG	118
ISCW009537-RA	TGA	254
ISCW009530-RA	TAA	243
ISCW009538-RA	TGA	250
ISCW017581-RA	TGA	81
ISCW017580-RA	TAA	226
ISCW017587-RA	TGA	178
ISCW010122-RA	TGA	139
ISCW010123-RA	TGA	130
ISCW010121-RA	TGA	88
ISCW017633-RA	TGA	76
ISCW014582-RA	TGA	1097
ISCW011293-RA	TAG	37
ISCW011292-RA	TGA	949
ISCW011295-RA	TAG	650
ISCW011294-RA	TGA	770
ISCW015983-RA	TAG	590
ISCW015982-RA	TAG	1393
ISCW015986-RA	TAG	74
ISCW015985-RA	TAG	148
ISCW011746-RA	TGA	781
ISCW011748-RA	TAA	494
ISCW015675-RA	TAA	911
ISCW015670-RA	TGA	611
ISCW009678-RA	TGA	1236
ISCW000208-RA	TGA	1337
ISCW000209-RA	TGA	801
ISCW000206-RA	TAA	767
ISCW000204-RA	TAA	78
ISCW000202-RA	TAG	167
ISCW000203-RA	TAA	80
ISCW006339-RA	TAG	376
ISCW005582-RA	TGA	470
ISCW019570-RA	TGA	1058
ISCW004186-RA	TAA	666
ISCW001645-RA	TGA	198
ISCW004236-RA	TGA	63
ISCW004238-RA	TGA	1521
ISCW002170-RA	TAA	708
ISCW007525-RA	TGA	805
ISCW007523-RA	TAA	726
ISCW021328-RA	TGA	1244
ISCW006692-RA	TGA	136
ISCW020051-RA	TGA	1648
ISCW020055-RA	TAA	367
ISCW019963-RA	TAG	123
ISCW019964-RA	TAA	90
ISCW019966-RA	TGA	191
ISCW020589-RA	TAG	172
ISCW020588-RA	TAA	85
ISCW020585-RA	TAA	1106
ISCW022696-RA	TAA	451
ISCW022690-RA	TGA	882
ISCW011885-RA	TGA	123
ISCW011889-RA	TAG	1159
ISCW016351-RA	TAG	447
ISCW009470-RA	TAG	728
ISCW020870-RA	TAG	656
ISCW009475-RA	TAG	77
ISCW020879-RA	TAG	607
ISCW023038-RA	TGA	255
ISCW014460-RA	TAA	106
ISCW019384-RA	TAA	1683
ISCW006908-RA	TGA	359
ISCW007295-RA	TGA	839
ISCW007297-RA	TGA	190
ISCW018541-RA	TGA	295
ISCW005429-RA	TAG	1092
ISCW000413-RA	TGA	923
ISCW000412-RA	TAG	316
ISCW003148-RA	TAG	80
ISCW003149-RA	TGA	1401
ISCW003147-RA	TGA	30
ISCW017315-RA	TGA	662
ISCW012149-RA	TGA	611
ISCW012493-RA	TAG	185
ISCW021287-RA	TAA	29
ISCW014661-RA	TAA	45
ISCW014663-RA	TGA	75
ISCW014665-RA	TGA	67
ISCW014664-RA	TAG	160
ISCW013366-RA	TGA	359
ISCW013363-RA	TAA	500
ISCW009830-RA	TGA	628
ISCW015200-RA	TGA	63
ISCW015203-RA	TGA	87
ISCW015204-RA	TGA	264
ISCW022718-RA	TAA	796
ISCW011439-RA	TGA	1232
ISCW011431-RA	TAG	785
ISCW009847-RA	TGA	148
ISCW009154-RA	TAG	970
ISCW008406-RA	TGA	111
ISCW008407-RA	TAG	157
ISCW008409-RA	TGA	51
ISCW005240-RA	TAA	36
ISCW022264-RA	TAG	540
ISCW022266-RA	TGA	239
ISCW022267-RA	TGA	402
ISCW022268-RA	TAG	541
ISCW001978-RA	TGA	929
ISCW001977-RA	TGA	121
ISCW001976-RA	TGA	369
ISCW001972-RA	TAG	765
ISCW000622-RA	TGA	318
ISCW007486-RA	TGA	674
ISCW007488-RA	TAG	632
ISCW013505-RA	TAA	112
ISCW013504-RA	TAA	187
ISCW006282-RA	TGA	210
ISCW006283-RA	TAG	177
ISCW006758-RA	TGA	392
ISCW012752-RA	TGA	69
ISCW017503-RA	TAG	423
ISCW015909-RA	TAA	57
ISCW015901-RA	TGA	213
ISCW015906-RA	TAG	394
ISCW015905-RA	TGA	187
ISCW015904-RA	TAA	109
ISCW007906-RA	TGA	734
ISCW007902-RA	TGA	453
ISCW007903-RA	TAA	567
ISCW014368-RA	TGA	1251
ISCW014361-RA	TGA	875
ISCW016293-RA	TAG	1036
ISCW016294-RA	TAA	1016
ISCW016295-RA	TAA	56
ISCW023208-RA	TGA	572
ISCW022108-RA	TGA	215
ISCW022103-RA	TAG	512
ISCW022102-RA	TGA	389
ISCW022107-RA	TAA	119
ISCW004524-RA	TGA	368
ISCW004523-RA	TGA	114
ISCW009734-RA	TAG	736
ISCW009736-RA	TGA	1120
ISCW005674-RA	TAA	33
ISCW004108-RA	TGA	420
ISCW002466-RA	TGA	552
ISCW002468-RA	TGA	722
ISCW000918-RA	TGA	645
ISCW000919-RA	TGA	489
ISCW000917-RA	TGA	296
ISCW000911-RA	TGA	218
ISCW004922-RA	TAA	682
ISCW004925-RA	TGA	656
ISCW001345-RA	TAG	170
ISCW001346-RA	TGA	220
ISCW023477-RA	TAG	217
ISCW023475-RA	TAG	532
ISCW018077-RA	TAG	257
ISCW018070-RA	TAA	347
ISCW018072-RA	TGA	939
ISCW001830-RA	TAA	736
ISCW000128-RA	TAA	956
ISCW000124-RA	TAA	19
ISCW023299-RA	TAA	46
ISCW021834-RA	TGA	264
ISCW021835-RA	TAG	302
ISCW021837-RA	TGA	669
ISCW021676-RA	TGA	29
ISCW007368-RA	TAA	46
ISCW007369-RA	TAA	41
ISCW011806-RA	TAA	142
ISCW003477-RA	TAA	76
ISCW003471-RA	TAA	443
ISCW003473-RA	TAG	598
ISCW014250-RA	TAG	31
ISCW021163-RA	TGA	25
ISCW021169-RA	TGA	61
ISCW023994-RA	TGA	121
ISCW023993-RA	TGA	811
ISCW010046-RA	TGA	290
ISCW023127-RA	TAA	452
ISCW017776-RA	TAG	57
ISCW011397-RA	TAG	1133
ISCW011399-RA	TAA	529
ISCW011029-RA	TGA	1034
ISCW011020-RA	TGA	64
ISCW015732-RA	TGA	581
ISCW000867-RA	TGA	1889
ISCW000864-RA	TGA	351
ISCW016553-RA	TAG	1150
ISCW016557-RA	TGA	393
ISCW016556-RA	TGA	138
ISCW004495-RA	TAG	572
ISCW000325-RA	TGA	381
ISCW000320-RA	TAG	38
ISCW008130-RA	TGA	100
ISCW008133-RA	TGA	99
ISCW022655-RA	TAG	659
ISCW000499-RA	TGA	378
ISCW019637-RA	TGA	1239
ISCW019631-RA	TAA	431
ISCW019639-RA	TGA	1289
ISCW019638-RA	TAG	1700
ISCW008867-RA	TAG	457
ISCW002234-RA	TGA	111
ISCW002233-RA	TAG	120
ISCW002239-RA	TGA	3256
ISCW007777-RA	TAA	1351
ISCW021202-RA	TGA	617
ISCW012297-RA	TAG	69
ISCW007131-RA	TAA	153
ISCW020156-RA	TAA	842
ISCW015534-RA	TGA	133
ISCW007132-RA	TGA	201
ISCW007136-RA	TGA	501
ISCW015281-RA	TGA	114
ISCW015287-RA	TAG	24
ISCW022798-RA	TGA	1853
ISCW016161-RA	TGA	124
ISCW020933-RA	TAA	70
ISCW009227-RA	TGA	151
ISCW010232-RA	TAG	454
ISCW000899-RA	TGA	1397
ISCW004516-RA	TGA	124
ISCW004512-RA	TAA	75
ISCW007157-RA	TAG	184
ISCW007151-RA	TGA	100
ISCW007159-RA	TAA	1051
ISCW007158-RA	TGA	73
ISCW013859-RA	TGA	201
ISCW013852-RA	TGA	871
ISCW013857-RA	TAA	323
ISCW018750-RA	TAG	102
ISCW018759-RA	TAG	307
ISCW000513-RA	TAG	85
ISCW000510-RA	TGA	221
ISCW005748-RA	TGA	598
ISCW005741-RA	TAG	704
ISCW013589-RA	TGA	70
ISCW002915-RA	TAG	158
ISCW003359-RA	TGA	496
ISCW019408-RA	TAA	74
ISCW012061-RA	TAG	1237
ISCW012060-RA	TGA	46
ISCW012062-RA	TGA	1174
ISCW002005-RA	TAA	790
ISCW022967-RA	TAA	59
ISCW007630-RA	TAA	156
ISCW007981-RA	TAG	1508
ISCW007983-RA	TGA	114
ISCW021432-RA	TGA	1078
ISCW006588-RA	TAG	279
ISCW016747-RA	TAG	569
ISCW012848-RA	TGA	190
ISCW020478-RA	TAA	261
ISCW020470-RA	TGA	26
ISCW015090-RA	TAG	1054
ISCW022184-RA	TAA	51
ISCW022189-RA	TAG	1024
ISCW023352-RA	TAA	309
ISCW023351-RA	TAG	948
ISCW023350-RA	TGA	83
ISCW014877-RA	TAG	498
ISCW017866-RA	TGA	1164
ISCW012730-RA	TAG	244
ISCW022408-RA	TAG	113
ISCW009584-RA	TGA	586
ISCW009580-RA	TGA	418
ISCW009588-RA	TAG	792
ISCW009589-RA	TAA	182
ISCW009050-RA	TAG	78
ISCW004655-RA	TAG	48
ISCW006877-RA	TGA	3
ISCW006875-RA	TGA	1798
ISCW015380-RA	TAA	291
ISCW019309-RA	TAA	773
ISCW000703-RA	TGA	201
ISCW008556-RA	TGA	1499
ISCW023915-RA	TGA	154
ISCW023917-RA	TGA	2126
ISCW023912-RA	TGA	76
ISCW006016-RA	TGA	170
ISCW002707-RA	TGA	539
ISCW002702-RA	TAG	1341
ISCW002709-RA	TAG	236
ISCW014881-RA	TAA	175
ISCW005373-RA	TAG	588
ISCW001549-RA	TGA	54
ISCW017265-RA	TGA	768
ISCW017260-RA	TAG	1001
ISCW017269-RA	TAA	43
ISCW014793-RA	TAA	153
ISCW007862-RA	TGA	349
ISCW007865-RA	TGA	819
ISCW023289-RA	TGA	107
ISCW013218-RA	TGA	517
ISCW023139-RA	TGA	593
ISCW023132-RA	TGA	689
ISCW015112-RA	TAA	181
ISCW010544-RA	TAA	32
ISCW010545-RA	TGA	1414
ISCW010546-RA	TGA	510
ISCW010542-RA	TAA	415
ISCW010899-RA	TAG	943
ISCW010894-RA	TGA	238
ISCW020535-RA	TGA	109
ISCW022664-RA	TAA	868
ISCW022666-RA	TGA	208
ISCW022662-RA	TGA	1652
ISCW005137-RA	TGA	756
ISCW005132-RA	TAA	1064
ISCW005139-RA	TAG	1880
ISCW019146-RA	TAG	654
ISCW019144-RA	TAG	143
ISCW008719-RA	TGA	94
ISCW004660-RA	TGA	420
ISCW004661-RA	TAG	78
ISCW004668-RA	TGA	1075
ISCW002548-RA	TAA	936
ISCW002547-RA	TGA	121
ISCW018957-RA	TAA	1078
ISCW018959-RA	TGA	197
ISCW018958-RA	TGA	913
ISCW001154-RA	TAA	19
ISCW001150-RA	TGA	703
ISCW023731-RA	TAG	108
ISCW022064-RA	TGA	166
ISCW007243-RA	TAG	218
ISCW007240-RA	TGA	78
ISCW011924-RA	TGA	447
ISCW023898-RA	TAA	892
ISCW021007-RA	TGA	12
ISCW021002-RA	TAA	90
ISCW023893-RA	TAA	16
ISCW023894-RA	TAA	231
ISCW023895-RA	TGA	184
ISCW023897-RA	TGA	251
ISCW017436-RA	TGA	76
ISCW020353-RA	TGA	118
ISCW022857-RA	TAG	1538
ISCW022855-RA	TGA	496
ISCW022859-RA	TAA	804
ISCW016204-RA	TGA	71
ISCW011109-RA	TAG	79
ISCW011107-RA	TAA	1201
ISCW011106-RA	TGA	115
ISCW011101-RA	TAA	902
ISCW023079-RA	TGA	47
ISCW023073-RA	TAA	313
ISCW023077-RA	TAG	345
ISCW023074-RA	TAA	54
ISCW016454-RA	TAA	193
ISCW016457-RA	TGA	119
ISCW014600-RA	TGA	53
ISCW011485-RA	TAA	1049
ISCW004844-RA	TGA	1362
ISCW004846-RA	TGA	278
ISCW004847-RA	TGA	1092
ISCW018427-RA	TGA	258
ISCW018425-RA	TGA	236
ISCW018424-RA	TGA	159
ISCW005073-RA	TGA	95
ISCW019480-RA	TAA	588
ISCW019485-RA	TAG	412
ISCW003023-RA	TAA	380
ISCW004030-RA	TAG	47
ISCW004033-RA	TAA	145
ISCW004038-RA	TAG	64
ISCW005850-RA	TAA	214
ISCW002080-RA	TAG	173
ISCW013081-RA	TGA	310
ISCW018852-RA	TGA	119
ISCW001463-RA	TGA	1054
ISCW017346-RA	TGA	240
ISCW020743-RA	TAG	48
ISCW015366-RA	TGA	79
ISCW015360-RA	TAG	2144
ISCW019818-RA	TAG	784
ISCW007257-RA	TAA	329
ISCW023508-RA	TAA	910
ISCW022456-RA	TAA	402
ISCW021908-RA	TAG	216
ISCW000011-RA	TGA	42
ISCW000014-RA	TGA	909
ISCW000018-RA	TAG	54
ISCW009502-RA	TGA	366
ISCW009500-RA	TGA	607
ISCW021753-RA	TAA	353
ISCW017609-RA	TGA	763
ISCW010469-RA	TAG	76
ISCW014550-RA	TAG	1079
ISCW011735-RA	TAA	396
ISCW011732-RA	TAA	29
ISCW015606-RA	TGA	470
ISCW010929-RA	TGA	42
ISCW010923-RA	TAG	148
ISCW010924-RA	TGA	160
ISCW008001-RA	TGA	104
ISCW018384-RA	TGA	303
ISCW018382-RA	TGA	489
ISCW018383-RA	TGA	195
ISCW018653-RA	TAA	147
ISCW018657-RA	TAG	79
ISCW017556-RA	TGA	107
ISCW000258-RA	TAG	103
ISCW019381-RA	TGA	915
ISCW019380-RA	TAG	1073
ISCW019383-RA	TGA	83
ISCW003786-RA	TAA	41
ISCW000783-RA	TAG	78
ISCW000781-RA	TGA	411
ISCW000787-RA	TAG	1314
ISCW005550-RA	TAA	779
ISCW006099-RA	TGA	32
ISCW002788-RA	TGA	146
ISCW002781-RA	TAG	120
ISCW019521-RA	TGA	1456
ISCW017550-RA	TAA	1316
ISCW004208-RA	TAG	86
ISCW004209-RA	TGA	228
ISCW014719-RA	TAA	310
ISCW014713-RA	TAG	256
ISCW014712-RA	TGA	873
ISCW016625-RA	TAG	462
ISCW013290-RA	TGA	866
ISCW013292-RA	TGA	252
ISCW013295-RA	TAA	242
ISCW013298-RA	TGA	593
ISCW022551-RA	TGA	165
ISCW017976-RA	TGA	191
ISCW017973-RA	TGA	458
ISCW015198-RA	TGA	175
ISCW015199-RA	TAG	993
ISCW011638-RA	TGA	123
ISCW020843-RA	TGA	1645
ISCW020840-RA	TAG	465
ISCW020846-RA	TGA	509
ISCW020844-RA	TGA	100
ISCW017795-RA	TGA	188
ISCW017101-RA	TGA	205
ISCW010340-RA	TGA	451
ISCW010347-RA	TGA	170
ISCW014459-RA	TAA	1031
ISCW008169-RA	TAG	45
ISCW000284-RA	TAG	220
ISCW000289-RA	TGA	173
ISCW017699-RA	TGA	941
ISCW004242-RA	TGA	388
ISCW004243-RA	TGA	271
ISCW006934-RA	TAG	796
ISCW004423-RA	TAA	880
ISCW004421-RA	TGA	726
ISCW004424-RA	TGA	369
ISCW008217-RA	TGA	1545
ISCW021086-RA	TGA	1205
ISCW006111-RA	TGA	83
ISCW006117-RA	TGA	134
ISCW001469-RA	TGA	55
ISCW017349-RA	TGA	93
ISCW017341-RA	TGA	32
ISCW017340-RA	TGA	247
ISCW017347-RA	TAG	33
ISCW001464-RA	TGA	84
ISCW017345-RA	TAA	10
ISCW012191-RA	TAG	82
ISCW012440-RA	TGA	847
ISCW011187-RA	TAG	114
ISCW011186-RA	TGA	204
ISCW011185-RA	TGA	409
ISCW011188-RA	TAG	101
ISCW014696-RA	TGA	1020
ISCW021502-RA	TGA	92
ISCW021503-RA	TGA	549
ISCW013314-RA	TAA	71
ISCW013311-RA	TGA	215
ISCW015259-RA	TGA	468
ISCW005502-RA	TAG	48
ISCW010750-RA	TGA	244
ISCW020673-RA	TGA	1508
ISCW022743-RA	TAA	22
ISCW022740-RA	TGA	1525
ISCW022746-RA	TGA	475
ISCW011403-RA	TAG	1319
ISCW011400-RA	TGA	519
ISCW011409-RA	TAA	179
ISCW009877-RA	TAA	73
ISCW009292-RA	TAA	355
ISCW009296-RA	TGA	122
ISCW009295-RA	TGA	277
ISCW009124-RA	TGA	1534
ISCW009122-RA	TAA	1096
ISCW019773-RA	TAA	209
ISCW019777-RA	TAG	174
ISCW008454-RA	TGA	382
ISCW004748-RA	TAG	430
ISCW008984-RA	TAA	1293
ISCW008980-RA	TAG	598
ISCW008983-RA	TAG	31
ISCW020068-RA	TAG	570
ISCW014111-RA	TAA	52
ISCW017217-RA	TGA	227
ISCW008458-RA	TGA	392
ISCW017935-RA	TGA	106
ISCW019895-RA	TGA	110
ISCW019894-RA	TAG	351
ISCW007306-RA	TGA	110
ISCW001944-RA	TAG	593
ISCW001945-RA	TGA	1393
ISCW001948-RA	TGA	625
ISCW000098-RA	TGA	216
ISCW000097-RA	TAG	186
ISCW007303-RA	TAG	99
ISCW022235-RA	TGA	559
ISCW012226-RA	TAG	61
ISCW019234-RA	TAG	626
ISCW007478-RA	TGA	47
ISCW007479-RA	TAA	1048
ISCW007471-RA	TGA	121
ISCW003548-RA	TGA	506
ISCW008089-RA	TGA	994
ISCW013574-RA	TGA	146
ISCW013572-RA	TGA	78
ISCW006701-RA	TAA	210
ISCW006702-RA	TGA	1365
ISCW014082-RA	TGA	127
ISCW014085-RA	TAA	67
ISCW015930-RA	TAA	730
ISCW015935-RA	TAA	184
ISCW015939-RA	TAA	1090
ISCW017681-RA	TAA	163
ISCW014334-RA	TGA	642
ISCW023623-RA	TGA	89
ISCW023622-RA	TGA	199
ISCW023620-RA	TGA	106
ISCW023627-RA	TAA	110
ISCW023624-RA	TAA	52
ISCW023628-RA	TAA	322
ISCW016245-RA	TAA	430
ISCW016243-RA	TAA	625
ISCW009622-RA	TAG	339
ISCW018307-RA	TGA	811
ISCW018304-RA	TGA	141
ISCW018302-RA	TAG	744
ISCW018300-RA	TGA	911
ISCW000153-RA	TGA	1471
ISCW005624-RA	TGA	412
ISCW003704-RA	TGA	233
ISCW003705-RA	TAG	493
ISCW001636-RA	TGA	59
ISCW004283-RA	TGA	779
ISCW004286-RA	TGA	129
ISCW004284-RA	TAG	973
ISCW004285-RA	TAG	556
ISCW004288-RA	TAA	322
ISCW005846-RA	TAG	214
ISCW006623-RA	TGA	662
ISCW014480-RA	TAG	170
ISCW020022-RA	TAA	230
ISCW004911-RA	TAG	256
ISCW004916-RA	TGA	663
ISCW001399-RA	TAA	633
ISCW001398-RA	TGA	88
ISCW001397-RA	TAA	606
ISCW001396-RA	TGA	366
ISCW001395-RA	TGA	52
ISCW001393-RA	TGA	583
ISCW023423-RA	TGA	415
ISCW023425-RA	TGA	1604
ISCW023424-RA	TAA	282
ISCW013982-RA	TAA	82
ISCW013987-RA	TAG	165
ISCW021863-RA	TAG	1038
ISCW021861-RA	TAA	457
ISCW021860-RA	TGA	1360
ISCW021864-RA	TAA	66
ISCW011856-RA	TAG	499
ISCW005960-RA	TAG	237
ISCW009423-RA	TAG	78
ISCW017188-RA	TAG	758
ISCW021139-RA	TAA	53
ISCW021138-RA	TAG	775
ISCW021132-RA	TGA	117
ISCW021134-RA	TGA	578
ISCW014982-RA	TAA	745
ISCW016855-RA	TGA	1126
ISCW016856-RA	TGA	137
ISCW017720-RA	TGA	874
ISCW004026-RA	TGA	779
ISCW004024-RA	TAG	173
ISCW011073-RA	TGA	154
ISCW011071-RA	TGA	139
ISCW011079-RA	TGA	1785
ISCW015762-RA	TGA	185
ISCW009987-RA	TAA	127
ISCW015277-RA	TGA	53
ISCW018514-RA	TAG	559
ISCW018511-RA	TGA	104
ISCW005189-RA	TGA	320
ISCW005458-RA	TAG	250
ISCW005456-RA	TGA	7
ISCW005457-RA	TGA	102
ISCW008293-RA	TGA	156
ISCW006191-RA	TAG	187
ISCW006194-RA	TAA	124
ISCW006195-RA	TGA	712
ISCW006197-RA	TAA	19
ISCW002862-RA	TGA	1533
ISCW002863-RA	TGA	772
ISCW002864-RA	TGA	195
ISCW023150-RA	TGA	256
ISCW019645-RA	TGA	311
ISCW008839-RA	TAG	176
ISCW008832-RA	TAG	55
ISCW008835-RA	TGA	208
ISCW003119-RA	TGA	248
ISCW003115-RA	TAA	509
ISCW003113-RA	TAG	1605
ISCW012114-RA	TGA	184
ISCW012112-RA	TGA	177
ISCW007748-RA	TAG	724
ISCW010302-RA	TAA	3
ISCW007744-RA	TGA	150
ISCW007742-RA	TAA	291
ISCW005861-RA	TGA	1615
ISCW021239-RA	TAA	55
ISCW021234-RA	TGA	713
ISCW021232-RA	TAG	1543
ISCW021231-RA	TAA	842
ISCW014612-RA	TGA	219
ISCW014613-RA	TAG	96
ISCW021583-RA	TGA	178
ISCW021586-RA	TGA	33
ISCW021587-RA	TGA	965
ISCW021589-RA	TGA	675
ISCW013399-RA	TAG	72
ISCW020189-RA	TAG	739
ISCW020185-RA	TGA	265
ISCW020182-RA	TGA	191
ISCW020181-RA	TGA	193
ISCW015560-RA	TAG	882
ISCW015562-RA	TAG	3
ISCW015564-RA	TGA	243
ISCW015568-RA	TAG	1652
ISCW012934-RA	TAG	119
ISCW016134-RA	TAA	199
ISCW020969-RA	TAG	1038
ISCW020962-RA	TAA	916
ISCW009217-RA	TAG	52
ISCW010268-RA	TAA	138
ISCW010264-RA	TAA	832
ISCW019235-RA	TAG	81
ISCW005231-RA	TGA	385
ISCW005234-RA	TAG	465
ISCW019845-RA	TGA	1631
ISCW015377-RA	TAG	2152
ISCW004542-RA	TAA	48
ISCW007169-RA	TAA	65
ISCW008316-RA	TGA	200
ISCW008317-RA	TGA	606
ISCW018498-RA	TAG	225
ISCW018728-RA	TAG	703
ISCW018725-RA	TGA	343
ISCW003325-RA	TGA	229
ISCW003321-RA	TGA	985
ISCW006789-RA	TGA	295
ISCW001788-RA	TAG	154
ISCW001785-RA	TGA	565
ISCW001782-RA	TAA	267
ISCW022950-RA	TAG	210
ISCW017579-RA	TAA	85
ISCW007956-RA	TGA	188
ISCW007954-RA	TAA	190
ISCW007950-RA	TGA	80
ISCW014007-RA	TAG	466
ISCW012874-RA	TAA	437
ISCW012875-RA	TGA	1758
ISCW020447-RA	TAA	177
ISCW020443-RA	TAG	169
ISCW015060-RA	TGA	156
ISCW021930-RA	TAG	819
ISCW014032-RA	TGA	757
ISCW016769-RA	TAA	781
ISCW016762-RA	TAA	389
ISCW017039-RA	TAG	2153
ISCW000305-RA	TGA	104
ISCW000301-RA	TAA	348
ISCW000300-RA	TAA	85
ISCW008666-RA	TGA	118
ISCW008669-RA	TAA	243
ISCW002432-RA	TAA	642
ISCW004992-RA	TAG	341
ISCW001311-RA	TGA	1274
ISCW001310-RA	TGA	375
ISCW018026-RA	TGA	967
ISCW018024-RA	TGA	44
ISCW018022-RA	TGA	203
ISCW018021-RA	TGA	1013
ISCW018020-RA	TAA	684
ISCW019990-RA	TAG	122
ISCW019993-RA	TAA	730
ISCW019994-RA	TAG	2172
ISCW001867-RA	TAA	26
ISCW001860-RA	TGA	337
ISCW019378-RA	TAG	880
ISCW019376-RA	TGA	55
ISCW019377-RA	TAG	541
ISCW019371-RA	TAA	421
ISCW019372-RA	TGA	849
ISCW019373-RA	TAA	172
ISCW007081-RA	TGA	154
ISCW007080-RA	TAG	218
ISCW000733-RA	TGA	870
ISCW007336-RA	TGA	58
ISCW008502-RA	TAG	636
ISCW003427-RA	TAG	487
ISCW003655-RA	TAA	67
ISCW015079-RA	TAA	250
ISCW023965-RA	TGA	307
ISCW006069-RA	TAA	19
ISCW006066-RA	TAG	105
ISCW002775-RA	TAA	169
ISCW002776-RA	TAA	380
ISCW002770-RA	TGA	927
ISCW002771-RA	TGA	3
ISCW002772-RA	TAG	423
ISCW010031-RA	TAA	5
ISCW010034-RA	TAA	93
ISCW010039-RA	TAG	280
ISCW022164-RA	TGA	247
ISCW020260-RA	TGA	780
ISCW020268-RA	TGA	867
ISCW012689-RA	TAA	216
ISCW011340-RA	TGA	366
ISCW012533-RA	TAG	495
ISCW012530-RA	TGA	44
ISCW012539-RA	TAG	760
ISCW014272-RA	TGA	112
ISCW016696-RA	TGA	702
ISCW016690-RA	TGA	46
ISCW016698-RA	TAA	262
ISCW023104-RA	TAA	242
ISCW016524-RA	TAA	362
ISCW009901-RA	TGA	560
ISCW009906-RA	TAA	1257
ISCW018228-RA	TGA	17
ISCW018224-RA	TGA	256
ISCW018226-RA	TAG	877
ISCW018221-RA	TGA	165
ISCW018220-RA	TGA	609
ISCW019177-RA	TGA	270
ISCW003620-RA	TAG	1766
ISCW014857-RA	TAG	114
ISCW003191-RA	TAA	899
ISCW002576-RA	TAG	2109
ISCW002578-RA	TGA	168
ISCW002579-RA	TAA	558
ISCW005928-RA	TAG	95
ISCW005926-RA	TAA	92
ISCW005927-RA	TGA	191
ISCW006473-RA	TAA	317
ISCW020105-RA	TGA	1420
ISCW018962-RA	TGA	1126
ISCW001124-RA	TGA	284
ISCW001123-RA	TGA	790
ISCW001128-RA	TGA	895
ISCW001129-RA	TGA	1111
ISCW023748-RA	TAA	744
ISCW007275-RA	TAG	1104
ISCW021073-RA	TGA	1369
ISCW022863-RA	TGA	194
ISCW022861-RA	TGA	217
ISCW011135-RA	TAA	110
ISCW001422-RA	TAG	489
ISCW004893-RA	TAG	622
ISCW009713-RA	TAA	350
ISCW018416-RA	TGA	155
ISCW018414-RA	TAG	184
ISCW018415-RA	TGA	222
ISCW018419-RA	TGA	423
ISCW005714-RA	TAG	1486
ISCW005710-RA	TGA	85
ISCW008398-RA	TGA	1291
ISCW006257-RA	TAA	184
ISCW006256-RA	TAA	105
ISCW019455-RA	TGA	880
ISCW019453-RA	TGA	309
ISCW008977-RA	TGA	38
ISCW008971-RA	TGA	71
ISCW004042-RA	TGA	20
ISCW012012-RA	TGA	79
ISCW002054-RA	TAG	610
ISCW002056-RA	TGA	53
ISCW002050-RA	TAG	1030
ISCW013767-RA	TAG	243
ISCW013768-RA	TGA	1197
ISCW018887-RA	TGA	706
ISCW021462-RA	TAG	219
ISCW021460-RA	TGA	558
ISCW006533-RA	TAA	1953
ISCW006531-RA	TAG	73
ISCW023860-RA	TGA	248
ISCW003838-RA	TAG	122
ISCW015356-RA	TAG	2283
ISCW015350-RA	TAG	127
ISCW001080-RA	TGA	200
ISCW019860-RA	TGA	7
ISCW021402-RA	TGA	895
ISCW020989-RA	TGA	9
ISCW022173-RA	TGA	1714
ISCW022462-RA	TGA	851
ISCW016928-RA	TAA	880
ISCW016921-RA	TGA	1452
ISCW010458-RA	TAG	63
ISCW014561-RA	TGA	149
ISCW007000-RA	TAA	12
ISCW003939-RA	TAA	891
ISCW008585-RA	TGA	296
ISCW018602-RA	TAA	67
ISCW018601-RA	TAA	277
ISCW018607-RA	TAA	269
ISCW018606-RA	TGA	552
ISCW018605-RA	TGA	39
ISCW018604-RA	TGA	607
ISCW005690-RA	TGA	576
ISCW005691-RA	TAG	280
ISCW006353-RA	TGA	58
ISCW006351-RA	TGA	1246
ISCW006357-RA	TGA	759
ISCW005525-RA	TAG	393
ISCW003208-RA	TGA	92
ISCW012439-RA	TGA	341
ISCW007588-RA	TGA	50
ISCW017304-RA	TAA	1177
ISCW014760-RA	TAA	110
ISCW016612-RA	TAA	692
ISCW016610-RA	TGA	190
ISCW021692-RA	TGA	102
ISCW013262-RA	TGA	123
ISCW022587-RA	TGA	94
ISCW011644-RA	TAG	105
ISCW011646-RA	TAG	14
ISCW023045-RA	TAG	258
ISCW009326-RA	TGA	858
ISCW009320-RA	TAA	161
ISCW009321-RA	TAA	390
ISCW017177-RA	TGA	1368
ISCW017170-RA	TAG	215
ISCW008745-RA	TAA	84
ISCW008740-RA	TAG	151
ISCW008748-RA	TAA	127
ISCW004635-RA	TAG	96
ISCW004634-RA	TAG	91
ISCW023393-RA	TGA	351
ISCW019395-RA	TAA	797
ISCW000795-RA	TGA	341
ISCW005304-RA	TAA	190
ISCW005300-RA	TAG	999
ISCW005302-RA	TGA	112
ISCW006962-RA	TGA	1711
ISCW006965-RA	TAA	73
ISCW006969-RA	TGA	1247
ISCW003263-RA	TAA	122
ISCW006621-RA	TAG	512
ISCW022030-RA	TAA	103
ISCW012391-RA	TGA	170
ISCW000475-RA	TAG	2211
ISCW000474-RA	TGA	393
ISCW000476-RA	TGA	583
ISCW008261-RA	TGA	216
ISCW006142-RA	TGA	977
ISCW006147-RA	TAG	675
ISCW006145-RA	TAG	389
ISCW006149-RA	TAA	191
ISCW006148-RA	TGA	156
ISCW020563-RA	TAG	1000
ISCW020307-RA	TGA	608
ISCW020302-RA	TGA	917
ISCW017376-RA	TGA	297
ISCW017375-RA	TAG	117
ISCW012470-RA	TGA	182
ISCW012478-RA	TAG	164
ISCW015844-RA	TGA	1070
ISCW021551-RA	TAA	281
ISCW021550-RA	TGA	213
ISCW021554-RA	TAA	239
ISCW021559-RA	TAA	22
ISCW021558-RA	TAA	115
ISCW015269-RA	TAA	151
ISCW015262-RA	TAA	69
ISCW015263-RA	TGA	903
ISCW015260-RA	TAG	72
ISCW015266-RA	TAA	100
ISCW023023-RA	TAA	177
ISCW016406-RA	TAA	143
ISCW016405-RA	TAA	60
ISCW016400-RA	TAG	568
ISCW020029-RA	TGA	575
ISCW012623-RA	TGA	733
ISCW012622-RA	TGA	40
ISCW009822-RA	TAA	1377
ISCW004812-RA	TAG	90
ISCW004810-RA	TAA	993
ISCW016183-RA	TGA	793
ISCW016187-RA	TGA	178
ISCW005029-RA	TGA	433
ISCW005023-RA	TGA	1356
ISCW001657-RA	TAG	823
ISCW005791-RA	TAG	1172
ISCW005799-RA	TAG	844
ISCW008463-RA	TGA	437
ISCW008460-RA	TAG	1827
ISCW008461-RA	TAG	551
ISCW004778-RA	TAG	573
ISCW002322-RA	TAA	1544
ISCW002325-RA	TAA	250
ISCW005809-RA	TGA	627
ISCW005804-RA	TGA	140
ISCW005803-RA	TGA	208
ISCW000872-RA	TGA	206
ISCW018808-RA	TAG	193
ISCW001008-RA	TAA	300
ISCW001001-RA	TGA	1644
ISCW014702-RA	TAA	741
ISCW023558-RA	TGA	860
ISCW023551-RA	TAG	107
ISCW018116-RA	TGA	410
ISCW012216-RA	TGA	957
ISCW007422-RA	TAG	805
ISCW003519-RA	TGA	604
ISCW003518-RA	TAG	295
ISCW010100-RA	TGA	395
ISCW017655-RA	TGA	1470
ISCW017654-RA	TGA	985
ISCW017656-RA	TAG	406
ISCW017650-RA	TGA	540
ISCW017652-RA	TAG	139
ISCW022988-RA	TGA	54
ISCW022980-RA	TGA	118
ISCW022983-RA	TGA	99
ISCW011768-RA	TGA	121
ISCW015652-RA	TGA	817
ISCW015650-RA	TGA	107
ISCW023618-RA	TAG	770
ISCW023611-RA	TAG	945
ISCW023615-RA	TAG	135
ISCW016239-RA	TGA	226
ISCW016234-RA	TGA	793
ISCW016236-RA	TGA	1260
ISCW016232-RA	TAA	611
ISCW010684-RA	TGA	584
ISCW010688-RA	TAA	176
ISCW009616-RA	TAG	697
ISCW009614-RA	TGA	164
ISCW009615-RA	TGA	597
ISCW018354-RA	TGA	123
ISCW018687-RA	TAA	110
ISCW005618-RA	TGA	472
ISCW019086-RA	TGA	1230
ISCW019083-RA	TGA	70
ISCW019558-RA	TGA	123
ISCW019559-RA	TAG	594
ISCW019553-RA	TAG	88
ISCW003757-RA	TAA	133
ISCW003759-RA	TGA	744
ISCW002487-RA	TAA	1263
ISCW001667-RA	TGA	76
ISCW001666-RA	TAA	141
ISCW001591-RA	TGA	70
ISCW001590-RA	TGA	302
ISCW001592-RA	TAG	100
ISCW007501-RA	TGA	869
ISCW007502-RA	TGA	106
ISCW002155-RA	TGA	277
ISCW002157-RA	TGA	246
ISCW006673-RA	TAG	790
ISCW020079-RA	TGA	107
ISCW020077-RA	TAG	580
ISCW020076-RA	TGA	409
ISCW022505-RA	TGA	129
ISCW022507-RA	TGA	134
ISCW022506-RA	TGA	100
ISCW021852-RA	TAA	78
ISCW021850-RA	TGA	1146
ISCW021855-RA	TGA	125
ISCW021859-RA	TAA	849
ISCW013972-RA	TGA	1017
ISCW020819-RA	TAA	109
ISCW020818-RA	TAA	88
ISCW016804-RA	TGA	296
ISCW016809-RA	TGA	1753
ISCW015308-RA	TGA	242
ISCW010317-RA	TAA	85
ISCW014405-RA	TAA	121
ISCW014400-RA	TAG	993
ISCW014403-RA	TGA	5
ISCW015752-RA	TGA	383
ISCW015750-RA	TGA	85
ISCW015751-RA	TGA	444
ISCW015757-RA	TGA	816
ISCW005837-RA	TGA	124
ISCW015146-RA	TGA	109
ISCW004474-RA	TAA	267
ISCW004477-RA	TGA	465
ISCW008155-RA	TGA	603
ISCW008159-RA	TAA	165
ISCW015142-RA	TGA	965
ISCW018526-RA	TAG	86
ISCW018528-RA	TGA	1035
ISCW000386-RA	TAA	1121
ISCW000384-RA	TAG	713
ISCW022641-RA	TGA	269
ISCW005409-RA	TAG	2656
ISCW003125-RA	TAG	1802
ISCW003120-RA	TAA	24
ISCW020385-RA	TGA	474
ISCW001410-RA	TGA	560
ISCW012165-RA	TAG	1466
ISCW013694-RA	TAA	688
ISCW013692-RA	TAG	95
ISCW013343-RA	TAG	433
ISCW015599-RA	TAG	423
ISCW007128-RA	TGA	163
ISCW012904-RA	TGA	90
ISCW012908-RA	TGA	406
ISCW012909-RA	TGA	956
ISCW016102-RA	TGA	281
ISCW016107-RA	TAG	635
ISCW016108-RA	TGA	980
ISCW013792-RA	TGA	68
ISCW018193-RA	TGA	573
ISCW018190-RA	TGA	291
ISCW019244-RA	TGA	713
ISCW019245-RA	TAA	46
ISCW019246-RA	TGA	676
ISCW019247-RA	TAA	209
ISCW007138-RA	TGA	350
ISCW001995-RA	TGA	731
ISCW001994-RA	TGA	561
ISCW001997-RA	TAG	189
ISCW001998-RA	TGA	847
ISCW000647-RA	TAG	769
ISCW000643-RA	TAA	1103
ISCW003598-RA	TAG	194
ISCW003591-RA	TGA	467
ISCW003596-RA	TAG	40
ISCW017528-RA	TGA	96
ISCW022907-RA	TGA	209
ISCW022909-RA	TGA	768
ISCW017526-RA	TGA	815
ISCW017524-RA	TAG	617
ISCW011278-RA	TGA	120
ISCW011276-RA	TAA	276
ISCW011273-RA	TAA	92
ISCW015966-RA	TAG	1229
ISCW015961-RA	TGA	559
ISCW007966-RA	TGA	350
ISCW007962-RA	TAG	1213
ISCW007961-RA	TAG	748
ISCW007969-RA	TGA	543
ISCW013062-RA	TAG	1072
ISCW013060-RA	TAA	303
ISCW021766-RA	TAG	49
ISCW014382-RA	TAG	102
ISCW015032-RA	TGA	4
ISCW023690-RA	TGA	299
ISCW023697-RA	TGA	361
ISCW010607-RA	TAA	30
ISCW017896-RA	TGA	2011
ISCW017898-RA	TGA	86
ISCW020419-RA	TAG	997
ISCW022123-RA	TGA	86
ISCW022126-RA	TAA	1057
ISCW019851-RA	TAA	486
ISCW015300-RA	TAG	816
ISCW019850-RA	TGA	218
ISCW023348-RA	TGA	44
ISCW023349-RA	TGA	498
ISCW014810-RA	TGA	160
ISCW009699-RA	TGA	214
ISCW009697-RA	TGA	910
ISCW009690-RA	TGA	1091
ISCW009691-RA	TAA	466
ISCW019002-RA	TAG	147
ISCW019003-RA	TGA	181
ISCW004122-RA	TAG	145
ISCW002402-RA	TAA	136
ISCW002400-RA	TGA	605
ISCW000938-RA	TAA	438
ISCW001327-RA	TAG	789
ISCW001325-RA	TAG	1411
ISCW023451-RA	TAG	462
ISCW018013-RA	TAA	428
ISCW018019-RA	TAG	738
ISCW001818-RA	TGA	155
ISCW001814-RA	TAA	1175
ISCW001816-RA	TAG	298
ISCW001817-RA	TGA	688
ISCW015394-RA	TAG	567
ISCW022327-RA	TGA	172
ISCW022328-RA	TGA	245
ISCW003416-RA	TGA	52
ISCW021148-RA	TAA	233
ISCW021142-RA	TGA	117
ISCW021144-RA	TAA	48
ISCW021146-RA	TAG	409
ISCW005185-RA	TGA	174
ISCW020890-RA	TAG	1423
ISCW017282-RA	TGA	750
ISCW017281-RA	TGA	537
ISCW010062-RA	TGA	378
ISCW010060-RA	TAG	67
ISCW017289-RA	TGA	743
ISCW014959-RA	TGA	597
ISCW014950-RA	TGA	494
ISCW016888-RA	TGA	299
ISCW016887-RA	TGA	402
ISCW016886-RA	TAG	851
ISCW016884-RA	TGA	89
ISCW008164-RA	TAG	142
ISCW010395-RA	TAA	139
ISCW010390-RA	TAG	366
ISCW023665-RA	TGA	942
ISCW023661-RA	TAA	1030
ISCW012509-RA	TAA	150
ISCW017754-RA	TAA	303
ISCW017757-RA	TGA	665
ISCW023155-RA	TAA	137
ISCW016570-RA	TAG	1579
ISCW010832-RA	TAG	847
ISCW010834-RA	TGA	1225
ISCW018255-RA	TGA	141
ISCW000302-RA	TGA	2471
ISCW005481-RA	TGA	591
ISCW004688-RA	TGA	320
ISCW008841-RA	TAA	1191
ISCW008843-RA	TAG	33
ISCW004359-RA	TGA	251
ISCW004351-RA	TAA	7
ISCW004353-RA	TGA	635
ISCW004354-RA	TGA	440
ISCW001497-RA	TGA	122
ISCW002216-RA	TGA	128
ISCW002212-RA	TAG	2586
ISCW002210-RA	TAA	147
ISCW013619-RA	TGA	133
ISCW013615-RA	TAA	618
ISCW006447-RA	TAG	161
ISCW018931-RA	TGA	73
ISCW018930-RA	TAA	80
ISCW018932-RA	TGA	775
ISCW020680-RA	TAA	29
ISCW020681-RA	TAG	1064
ISCW023790-RA	TGA	806
ISCW012986-RA	TGA	64
ISCW012325-RA	TAA	203
ISCW011988-RA	TGA	137
ISCW009244-RA	TGA	19
ISCW009243-RA	TGA	1332
ISCW007747-RA	TGA	634
ISCW007741-RA	TAG	1147
ISCW010218-RA	TGA	652
ISCW010215-RA	TAA	54
ISCW011168-RA	TAG	702
ISCW018771-RA	TAG	1419
ISCW006264-RA	TAG	82
ISCW006262-RA	TGA	196
ISCW019792-RA	TAG	58
ISCW019790-RA	TGA	361
ISCW019797-RA	TGA	294
ISCW019794-RA	TAG	1427
ISCW019424-RA	TGA	743
ISCW019420-RA	TGA	478
ISCW019422-RA	TGA	1015
ISCW002391-RA	TGA	198
ISCW012049-RA	TAA	812
ISCW003375-RA	TGA	67
ISCW002026-RA	TAA	32
ISCW002021-RA	TGA	78
ISCW001286-RA	TGA	188
ISCW013798-RA	TAA	484
ISCW000888-RA	TAG	811
ISCW000889-RA	TGA	351
ISCW000886-RA	TGA	1004
ISCW000883-RA	TGA	65
ISCW021457-RA	TAG	897
ISCW021450-RA	TGA	768
ISCW021451-RA	TAA	1248
ISCW015303-RA	TGA	234
ISCW023345-RA	TAG	119
ISCW023346-RA	TGA	328
ISCW015306-RA	TGA	255
ISCW012183-RA	TGA	22
ISCW012826-RA	TAA	538
ISCW012829-RA	TGA	147
ISCW020490-RA	TAG	452
ISCW020494-RA	TAA	945
ISCW011550-RA	TAA	108
ISCW011555-RA	TAA	903
ISCW014895-RA	TAG	28
ISCW022409-RA	TAG	373
ISCW017042-RA	TAA	1397
ISCW017045-RA	TGA	903
ISCW010405-RA	TGA	165
ISCW010407-RA	TGA	164
ISCW014532-RA	TGA	735
ISCW018093-RA	TGA	47
ISCW019327-RA	TGA	164
ISCW019320-RA	TGA	1696
ISCW007076-RA	TGA	710
ISCW007077-RA	TGA	254
ISCW003948-RA	TGA	1266
ISCW003492-RA	TGA	549
ISCW018633-RA	TAG	570
ISCW018636-RA	TGA	1964
ISCW018637-RA	TGA	243
ISCW003235-RA	TGA	96
ISCW023937-RA	TAG	1107
ISCW006036-RA	TGA	1395
ISCW007849-RA	TAA	40
ISCW011339-RA	TAG	283
ISCW012582-RA	TGA	638
ISCW012583-RA	TGA	700
ISCW012580-RA	TGA	117
ISCW012586-RA	TAG	154
ISCW012584-RA	TAG	712
ISCW012585-RA	TAG	97
ISCW021394-RA	TGA	634
ISCW021399-RA	TAG	99
ISCW013187-RA	TAG	101
ISCW016641-RA	TAA	568
ISCW016640-RA	TGA	1041
ISCW016645-RA	TGA	99
ISCW021646-RA	TAG	863
ISCW013232-RA	TGA	1658
ISCW013239-RA	TAA	388
ISCW015177-RA	TGA	1420
ISCW015175-RA	TGA	408
ISCW020518-RA	TAA	78
ISCW020519-RA	TAA	430
ISCW020516-RA	TGA	902
ISCW009371-RA	TGA	258
ISCW009370-RA	TAG	6
ISCW019120-RA	TAG	617
ISCW019122-RA	TGA	619
ISCW008774-RA	TGA	808
ISCW001170-RA	TGA	65
ISCW023713-RA	TAA	400
ISCW023719-RA	TAA	101
ISCW017237-RA	TGA	454
ISCW007389-RA	TGA	197
ISCW012668-RA	TAA	174
ISCW000768-RA	TGA	6
ISCW022042-RA	TAG	241
ISCW017235-RA	TAA	886
ISCW011901-RA	TGA	19
ISCW011909-RA	TAG	689
ISCW017551-RA	TAA	247
ISCW021024-RA	TAG	110
ISCW021020-RA	TAA	20
ISCW013413-RA	TAG	1315
ISCW023877-RA	TGA	314
ISCW012429-RA	TGA	109
ISCW012421-RA	TAG	1584
ISCW012420-RA	TGA	158
ISCW014140-RA	TGA	795
ISCW021568-RA	TAG	681
ISCW021563-RA	TGA	107
ISCW021560-RA	TAA	155
ISCW021561-RA	TAA	143
ISCW023057-RA	TAA	265
ISCW004825-RA	TGA	86
ISCW004822-RA	TGA	315
ISCW018440-RA	TGA	240
ISCW005052-RA	TAG	66
ISCW019714-RA	TGA	394
ISCW004019-RA	TAA	99
ISCW004018-RA	TAA	360
ISCW004014-RA	TAA	278
ISCW002313-RA	TAA	144
ISCW006569-RA	TGA	312
ISCW006566-RA	TAG	245
ISCW006560-RA	TAA	212
ISCW006562-RA	TGA	396
ISCW018872-RA	TAA	1241
ISCW018878-RA	TGA	58
ISCW001565-RA	TAA	22
ISCW023521-RA	TGA	426
ISCW018122-RA	TGA	150
ISCW018120-RA	TGA	584
ISCW019832-RA	TAA	359
ISCW019965-RA	TAG	18
ISCW000072-RA	TAG	550
ISCW000078-RA	TAA	39
ISCW021969-RA	TAG	797
ISCW021964-RA	TGA	854
ISCW021962-RA	TAA	1119
ISCW007415-RA	TAG	805
ISCW003528-RA	TGA	131
ISCW003526-RA	TGA	91
ISCW003527-RA	TAA	63
ISCW009522-RA	TGA	270
ISCW017591-RA	TGA	571
ISCW016979-RA	TAA	291
ISCW016977-RA	TAG	1323
ISCW017628-RA	TAA	1086
ISCW017626-RA	TAG	419
ISCW017627-RA	TGA	133
ISCW017622-RA	TAG	1430
ISCW010485-RA	TAG	466
ISCW010489-RA	TAG	203
ISCW011287-RA	TAA	410
ISCW011281-RA	TGA	340
ISCW015994-RA	TGA	256
ISCW015995-RA	TGA	457
ISCW015996-RA	TGA	1310
ISCW015997-RA	TAG	794
ISCW011756-RA	TAA	91
ISCW011758-RA	TGA	124
ISCW015665-RA	TAG	230
ISCW010901-RA	TAA	151
ISCW010903-RA	TGA	461
ISCW009647-RA	TGA	390
ISCW008068-RA	TAG	91
ISCW008064-RA	TGA	434
ISCW006304-RA	TAA	338
ISCW015172-RA	TAA	22
ISCW008688-RA	TAA	263
ISCW008682-RA	TAA	92
ISCW008680-RA	TGA	558
ISCW008687-RA	TAA	586
ISCW004197-RA	TAG	90
ISCW001655-RA	TGA	273
ISCW004227-RA	TGA	1300
ISCW002101-RA	TAG	426
ISCW002106-RA	TGA	60
ISCW002104-RA	TGA	798
ISCW012674-RA	TAG	1083
ISCW007553-RA	TAG	231
ISCW007554-RA	TGA	533
ISCW017762-RA	TAG	724
ISCW007889-RA	TAG	1028
ISCW007887-RA	TGA	58
ISCW007881-RA	TGA	337
ISCW007883-RA	TGA	206
ISCW014737-RA	TGA	136
ISCW006689-RA	TGA	636
ISCW014734-RA	TAA	764
ISCW013105-RA	TAG	626
ISCW014738-RA	TGA	735
ISCW015101-RA	TGA	70
ISCW020044-RA	TAA	126
ISCW015464-RA	TGA	195
ISCW023228-RA	TGA	590
ISCW019970-RA	TGA	341
ISCW020596-RA	TGA	958
ISCW011613-RA	TAA	425
ISCW023483-RA	TAG	129
ISCW023480-RA	TGA	46
ISCW023485-RA	TGA	1661
ISCW023484-RA	TAG	629
ISCW022689-RA	TGA	328
ISCW022686-RA	TAG	769
ISCW022687-RA	TAG	313
ISCW009477-RA	TAG	409
ISCW009474-RA	TAA	494
ISCW020860-RA	TAA	430
ISCW009481-RA	TGA	651
ISCW016837-RA	TGA	591
ISCW016834-RA	TGA	192
ISCW017127-RA	TGA	167
ISCW017121-RA	TGA	2751
ISCW002493-RA	TAG	643
ISCW010364-RA	TAA	463
ISCW010367-RA	TAG	873
ISCW010363-RA	TAG	549
ISCW007160-RA	TAG	803
ISCW007161-RA	TAA	17
ISCW000752-RA	TAG	486
ISCW006911-RA	TAA	59
ISCW004409-RA	TAG	960
ISCW004402-RA	TAG	736
ISCW008188-RA	TGA	1019
ISCW008230-RA	TAA	137
ISCW018577-RA	TAA	1345
ISCW000408-RA	TAA	272
ISCW003178-RA	TGA	80
ISCW007363-RA	TAA	229
ISCW017325-RA	TGA	80
ISCW017324-RA	TGA	149
ISCW017326-RA	TGA	134
ISCW017494-RA	TGA	68
ISCW021291-RA	TAG	820
ISCW021292-RA	TAA	22
ISCW021295-RA	TGA	1216
ISCW013376-RA	TAG	167
ISCW006498-RA	TAA	762
ISCW015231-RA	TAG	1760
ISCW015230-RA	TGA	408
ISCW020655-RA	TGA	1983
ISCW022725-RA	TGA	442
ISCW022726-RA	TGA	904
ISCW012952-RA	TGA	528
ISCW012955-RA	TGA	1716
ISCW012956-RA	TAA	287
ISCW000593-RA	TAG	41
ISCW008435-RA	TAA	520
ISCW008434-RA	TGA	423
ISCW008437-RA	TAG	133
ISCW008431-RA	TAG	179
ISCW004724-RA	TAA	217
ISCW004720-RA	TGA	272
ISCW001780-RA	TGA	343
ISCW005259-RA	TAG	101
ISCW005250-RA	TGA	417
ISCW005254-RA	TAA	1003
ISCW010186-RA	TGA	602
ISCW017571-RA	TAA	323
ISCW001251-RA	TGA	41
ISCW022251-RA	TGA	224
ISCW022253-RA	TAA	31
ISCW008378-RA	TGA	290
ISCW019215-RA	TAG	90
ISCW019219-RA	TAG	273
ISCW019218-RA	TGA	534
ISCW008376-RA	TAG	143
ISCW008377-RA	TGA	246
ISCW008779-RA	TAA	965
ISCW001967-RA	TAA	163
ISCW000613-RA	TGA	820
ISCW007490-RA	TAA	276
ISCW007494-RA	TAA	50
ISCW007495-RA	TAA	229
ISCW013519-RA	TGA	51
ISCW010155-RA	TGA	1649
ISCW010150-RA	TGA	1463
ISCW017512-RA	TGA	2457
ISCW017513-RA	TAG	15
ISCW017511-RA	TGA	263
ISCW017514-RA	TAG	276
ISCW017515-RA	TGA	27
ISCW012744-RA	TGA	231
ISCW012740-RA	TGA	104
ISCW015916-RA	TGA	36
ISCW015910-RA	TGA	2177
ISCW007939-RA	TGA	815
ISCW014352-RA	TAA	797
ISCW015272-RA	TAA	217
ISCW023397-RA	TGA	54
ISCW021730-RA	TAG	102
ISCW021737-RA	TGA	425
ISCW021738-RA	TGA	1337
ISCW016260-RA	TAA	214
ISCW010638-RA	TAG	110
ISCW010639-RA	TGA	612
ISCW010981-RA	TAA	1499
ISCW010983-RA	TAA	23
ISCW022112-RA	TAA	136
ISCW022111-RA	TGA	46
ISCW022114-RA	TAA	197
ISCW011580-RA	TAA	517
ISCW013050-RA	TGA	697
ISCW014005-RA	TAA	21
ISCW013055-RA	TAG	282
ISCW023338-RA	TGA	605
ISCW018320-RA	TGA	889
ISCW018321-RA	TGA	936
ISCW018324-RA	TGA	762
ISCW018328-RA	TAA	1386
ISCW005640-RA	TGA	393
ISCW005142-RA	TGA	1118
ISCW019053-RA	TAA	233
ISCW005144-RA	TAG	189
ISCW019584-RA	TAG	87
ISCW008601-RA	TAG	1623
ISCW003725-RA	TAG	956
ISCW002459-RA	TGA	940
ISCW000969-RA	TAG	111
ISCW000962-RA	TGA	109
ISCW002185-RA	TGA	601
ISCW006606-RA	TGA	405
ISCW006608-RA	TGA	1477
ISCW001370-RA	TAG	220
ISCW018043-RA	TAG	54
ISCW018046-RA	TGA	151
ISCW000130-RA	TAG	1322
ISCW000133-RA	TGA	173
ISCW021805-RA	TGA	1045
ISCW007359-RA	TAG	163
ISCW007353-RA	TGA	340
ISCW011870-RA	TGA	1415
ISCW011875-RA	TGA	403
ISCW003443-RA	TGA	101
ISCW003442-RA	TGA	29
ISCW009404-RA	TGA	163
ISCW009409-RA	TGA	49
ISCW009408-RA	TAG	285
ISCW010050-RA	TAA	610
ISCW014963-RA	TGA	108
ISCW014960-RA	TAG	102
ISCW017702-RA	TGA	156
ISCW017700-RA	TAA	174
ISCW017707-RA	TGA	297
ISCW017706-RA	TGA	550
ISCW017704-RA	TGA	722
ISCW022174-RA	TGA	94
ISCW017709-RA	TAG	379
ISCW011017-RA	TGA	31
ISCW011011-RA	TAA	468
ISCW011010-RA	TAA	131
ISCW011018-RA	TAA	990
ISCW015709-RA	TGA	558
ISCW016542-RA	TAG	214
ISCW016540-RA	TGA	640
ISCW010864-RA	TGA	1191
ISCW004480-RA	TGA	607
ISCW004488-RA	TGA	613
ISCW018286-RA	TAA	453
ISCW000330-RA	TAA	216
ISCW008108-RA	TAA	25
ISCW000480-RA	TGA	421
ISCW000483-RA	TAA	85
ISCW019626-RA	TAA	299
ISCW004307-RA	TGA	813
ISCW002226-RA	TAG	115
ISCW012134-RA	TAG	158
ISCW021210-RA	TAG	401
ISCW021218-RA	TGA	1359
ISCW005940-RA	TAA	294
ISCW005946-RA	TGA	18
ISCW005945-RA	TAA	203
ISCW013662-RA	TAG	1353
ISCW013214-RA	TGA	293
ISCW000414-RA	TAA	66
ISCW006417-RA	TGA	292
ISCW005424-RA	TAG	471
ISCW000411-RA	TAA	417
ISCW005426-RA	TGA	24
ISCW015548-RA	TAA	331
ISCW020943-RA	TAA	253
ISCW020945-RA	TAA	1510
ISCW020944-RA	TAA	241
ISCW009230-RA	TGA	49
ISCW009232-RA	TAA	127
ISCW009233-RA	TGA	1230
ISCW009238-RA	TGA	729
ISCW010241-RA	TAA	2200
ISCW013842-RA	TGA	35
ISCW013849-RA	TGA	1222
ISCW018741-RA	TAG	457
ISCW018748-RA	TGA	193
ISCW005778-RA	TAA	247
ISCW019293-RA	TAG	179
ISCW013599-RA	TAG	463
ISCW013595-RA	TGA	541
ISCW006234-RA	TGA	1389
ISCW003346-RA	TGA	264
ISCW003345-RA	TGA	1037
ISCW002699-RA	TAA	398
ISCW012076-RA	TAA	118
ISCW022972-RA	TAG	317
ISCW021401-RA	TAA	362
ISCW021405-RA	TAG	178
ISCW021406-RA	TAA	524
ISCW021409-RA	TAG	1338
ISCW014020-RA	TGA	82
ISCW013037-RA	TAG	34
ISCW013030-RA	TGA	165
ISCW006596-RA	TAG	69
ISCW006592-RA	TAA	40
ISCW016779-RA	TGA	142
ISCW016778-RA	TAA	205
ISCW016775-RA	TAA	841
ISCW016774-RA	TGA	46
ISCW016771-RA	TAA	267
ISCW016770-RA	TAA	114
ISCW023319-RA	TAG	269
ISCW023312-RA	TAA	316
ISCW023315-RA	TAG	507
ISCW017823-RA	TGA	189
ISCW017824-RA	TGA	199
ISCW020461-RA	TGA	1368
ISCW011508-RA	TGA	891
ISCW011503-RA	TGA	662
ISCW011502-RA	TGA	591
ISCW011505-RA	TAG	66
ISCW009064-RA	TAG	41
ISCW009067-RA	TGA	233
ISCW009066-RA	TAG	445
ISCW009068-RA	TGA	688
ISCW017013-RA	TGA	207
ISCW017010-RA	TAG	262
ISCW017017-RA	TGA	178
ISCW017018-RA	TGA	692
ISCW004531-RA	TGA	468
ISCW015206-RA	TGA	58
ISCW015207-RA	TAA	152
ISCW022350-RA	TAG	147
ISCW022351-RA	TGA	367
ISCW022358-RA	TAA	169
ISCW022359-RA	TGA	109
ISCW019316-RA	TGA	525
ISCW001847-RA	TGA	216
ISCW001843-RA	TAG	608
ISCW022713-RA	TGA	343
ISCW000718-RA	TGA	755
ISCW008525-RA	TGA	869
ISCW023908-RA	TAG	19
ISCW023906-RA	TGA	563
ISCW023907-RA	TAA	114
ISCW023904-RA	TAA	93
ISCW023905-RA	TAG	91
ISCW023902-RA	TAA	123
ISCW023903-RA	TAA	767
ISCW023900-RA	TGA	163
ISCW023901-RA	TAG	195
ISCW006002-RA	TGA	43
ISCW006008-RA	TGA	108
ISCW002711-RA	TAG	12
ISCW020249-RA	TAA	141
ISCW020246-RA	TAA	1459
ISCW020247-RA	TAG	384
ISCW017251-RA	TAG	338
ISCW017255-RA	TGA	877
ISCW017259-RA	TAG	1001
ISCW017258-RA	TGA	5
ISCW011367-RA	TAA	150
ISCW017787-RA	TGA	1355
ISCW011090-RA	TAA	23
ISCW015780-RA	TGA	161
ISCW015782-RA	TGA	65
ISCW023296-RA	TAA	361
ISCW023297-RA	TGA	65
ISCW023294-RA	TAA	322
ISCW023292-RA	TAG	156
ISCW023293-RA	TAA	1009
ISCW008027-RA	TGA	780
ISCW013208-RA	TGA	514
ISCW021672-RA	TGA	196
ISCW015129-RA	TGA	414
ISCW015122-RA	TGA	467
ISCW022659-RA	TGA	125
ISCW018205-RA	TGA	296
ISCW023058-RA	TGA	840
ISCW005122-RA	TAA	118
ISCW019156-RA	TGA	430
ISCW008721-RA	TAG	191
ISCW008720-RA	TGA	246
ISCW008722-RA	TGA	451
ISCW008725-RA	TAG	613
ISCW003607-RA	TGA	126
ISCW003606-RA	TAA	879
ISCW003605-RA	TGA	90
ISCW003602-RA	TAG	350
ISCW003608-RA	TGA	1249
ISCW010224-RA	TGA	125
ISCW008897-RA	TAA	336
ISCW008894-RA	TAG	782
ISCW010223-RA	TAA	20
ISCW002555-RA	TGA	1202
ISCW001149-RA	TGA	1232
ISCW001145-RA	TAG	877
ISCW022095-RA	TGA	483
ISCW022092-RA	TGA	560
ISCW021012-RA	TGA	195
ISCW013420-RA	TAA	72
ISCW022840-RA	TGA	418
ISCW018688-RA	TGA	920
ISCW011111-RA	TAA	24
ISCW016468-RA	TGA	121
ISCW016461-RA	TGA	852
ISCW009884-RA	TGA	79
ISCW009774-RA	TGA	238
ISCW009772-RA	TAG	11
ISCW018438-RA	TGA	359
ISCW005088-RA	TGA	276
ISCW000567-RA	TGA	656
ISCW003038-RA	TAA	403
ISCW003039-RA	TAA	99
ISCW004028-RA	TGA	432
ISCW004029-RA	TGA	94
ISCW001767-RA	TGA	298
ISCW007647-RA	TAA	306
ISCW013748-RA	TGA	45
ISCW013741-RA	TGA	1094
ISCW013746-RA	TGA	140
ISCW013745-RA	TGA	349
ISCW013744-RA	TGA	208
ISCW002071-RA	TGA	144
ISCW015373-RA	TGA	1000
ISCW015374-RA	TGA	204
ISCW003853-RA	TGA	166
ISCW015378-RA	TGA	78
ISCW019804-RA	TAA	22
ISCW023960-RA	TGA	716
ISCW022442-RA	TAA	20
ISCW021938-RA	TGA	682
ISCW000009-RA	TGA	98
ISCW009578-RA	TGA	358
ISCW016948-RA	TAG	124
ISCW017099-RA	TAG	307
ISCW010475-RA	TAA	327
ISCW014548-RA	TGA	36
ISCW014549-RA	TAA	47
ISCW014546-RA	TAA	129
ISCW011708-RA	TAG	738
ISCW015639-RA	TAG	907
ISCW007022-RA	TGA	543
ISCW003916-RA	TAA	14
ISCW003913-RA	TGA	52
ISCW003918-RA	TGA	992
ISCW020838-RA	TAA	268
ISCW020833-RA	TAA	732
ISCW019391-RA	TAA	744
ISCW003260-RA	TAA	699
ISCW003262-RA	TAA	599
ISCW006085-RA	TGA	306
ISCW002794-RA	TGA	1125
ISCW002790-RA	TGA	110
ISCW012538-RA	TGA	234
ISCW001689-RA	TAG	211
ISCW001538-RA	TAG	774
ISCW003047-RA	TGA	843
ISCW021364-RA	TAA	1239
ISCW014708-RA	TGA	1146
ISCW021368-RA	TGA	37
ISCW016639-RA	TAA	32
ISCW013282-RA	TGA	123
ISCW013283-RA	TGA	122
ISCW013280-RA	TGA	131
ISCW013281-RA	TGA	80
ISCW013624-RA	TAA	338
ISCW020095-RA	TGA	1644
ISCW020097-RA	TAG	230
ISCW017943-RA	TGA	1549
ISCW011627-RA	TGA	10
ISCW013918-RA	TGA	841
ISCW013915-RA	TAA	235
ISCW016393-RA	TGA	62
ISCW009302-RA	TAG	1174
ISCW009306-RA	TGA	157
ISCW017117-RA	TAA	820
ISCW017114-RA	TAA	108
ISCW017119-RA	TAA	94
ISCW013712-RA	TGA	418
ISCW000800-RA	TAG	630
ISCW000801-RA	TAA	190
ISCW000803-RA	TGA	913
ISCW005364-RA	TAA	232
ISCW005361-RA	TGA	1809
ISCW006947-RA	TGA	333
ISCW006946-RA	TGA	38
ISCW008207-RA	TGA	1653
ISCW008209-RA	TAA	172
ISCW021093-RA	TAG	257
ISCW023827-RA	TAA	391
ISCW023826-RA	TGA	241
ISCW023820-RA	TAG	382
ISCW020322-RA	TAA	1135
ISCW020320-RA	TGA	1642
ISCW001472-RA	TGA	219
ISCW001475-RA	TAG	645
ISCW017355-RA	TGA	2222
ISCW017357-RA	TGA	246
ISCW017350-RA	TGA	548
ISCW011192-RA	TAA	16
ISCW015860-RA	TAA	94
ISCW014119-RA	TGA	920
ISCW013325-RA	TAG	740
ISCW013324-RA	TGA	149
ISCW020668-RA	TAA	989
ISCW022758-RA	TGA	816
ISCW022752-RA	TGA	400
ISCW005007-RA	TGA	184
ISCW005008-RA	TAA	33
ISCW009116-RA	TGA	76
ISCW019741-RA	TGA	289
ISCW008444-RA	TAG	658
ISCW008441-RA	TGA	562
ISCW008442-RA	TAA	218
ISCW008443-RA	TGA	300
ISCW004750-RA	TGA	67
ISCW004751-RA	TAG	471
ISCW008991-RA	TGA	215
ISCW002344-RA	TGA	333
ISCW000856-RA	TAG	1038
ISCW013500-RA	TGA	145
ISCW018129-RA	TAG	911
ISCW018178-RA	TAG	351
ISCW019888-RA	TAA	61
ISCW019881-RA	TGA	147
ISCW014042-RA	TAG	459
ISCW000086-RA	TAG	419
ISCW000080-RA	TAG	37
ISCW000083-RA	TGA	158
ISCW022223-RA	TAA	65
ISCW019222-RA	TGA	1410
ISCW019224-RA	TAA	99
ISCW007193-RA	TGA	336
ISCW007192-RA	TGA	68
ISCW007191-RA	TAA	70
ISCW007444-RA	TAG	1493
ISCW007442-RA	TAG	118
ISCW002622-RA	TGA	1331
ISCW002623-RA	TGA	157
ISCW011782-RA	TGA	469
ISCW011787-RA	TGA	263
ISCW016789-RA	TGA	394
ISCW016786-RA	TGA	44
ISCW016787-RA	TGA	386
ISCW016780-RA	TAG	77
ISCW016781-RA	TAG	1135
ISCW021709-RA	TGA	245
ISCW021707-RA	TAG	41
ISCW016257-RA	TGA	161
ISCW016254-RA	TAA	105
ISCW010955-RA	TGA	390
ISCW023377-RA	TGA	857
ISCW009637-RA	TGA	620
ISCW012834-RA	TAA	170
ISCW012830-RA	TAA	110
ISCW012831-RA	TAA	49
ISCW018377-RA	TAG	286
ISCW005632-RA	TGA	242
ISCW000957-RA	TGA	726
ISCW020015-RA	TGA	365
ISCW020014-RA	TGA	1098
ISCW001385-RA	TAA	853
ISCW021991-RA	TGA	1407
ISCW022524-RA	TGA	197
ISCW021870-RA	TGA	214
ISCW000161-RA	TAA	123
ISCW016316-RA	TGA	206
ISCW022380-RA	TGA	534
ISCW022386-RA	TGA	493
ISCW022389-RA	TGA	514
ISCW022388-RA	TGA	385
ISCW011849-RA	TGA	1175
ISCW020835-RA	TGA	39
ISCW009435-RA	TGA	166
ISCW009433-RA	TGA	621
ISCW016869-RA	TGA	626
ISCW017194-RA	TGA	463
ISCW017195-RA	TAG	291
ISCW010081-RA	TAG	1442
ISCW010088-RA	TGA	341
ISCW021749-RA	TAG	52
ISCW017739-RA	TAG	88
ISCW017733-RA	TGA	172
ISCW017731-RA	TAG	261
ISCW010338-RA	TGA	468
ISCW014429-RA	TAG	165
ISCW023670-RA	TGA	426
ISCW011068-RA	TGA	854
ISCW011064-RA	TGA	225
ISCW005463-RA	TAA	54
ISCW008283-RA	TGA	271
ISCW010855-RA	TGA	62
ISCW004455-RA	TGA	737
ISCW004454-RA	TGA	666
ISCW008170-RA	TAA	23
ISCW008173-RA	TAA	57
ISCW008178-RA	TAG	509
ISCW018500-RA	TAG	336
ISCW018506-RA	TAG	747
ISCW018507-RA	TAG	2666
ISCW005462-RA	TGA	187
ISCW002854-RA	TGA	187
ISCW002857-RA	TAG	1250
ISCW002852-RA	TAG	231
ISCW019675-RA	TAG	223
ISCW019676-RA	TAA	153
ISCW008829-RA	TAA	317
ISCW004339-RA	TAA	65
ISCW002277-RA	TAA	167
ISCW012109-RA	TGA	582
ISCW012104-RA	TAA	46
ISCW007738-RA	TGA	139
ISCW007733-RA	TGA	374
ISCW021240-RA	TGA	170
ISCW014628-RA	TAG	126
ISCW014624-RA	TAA	13
ISCW014621-RA	TGA	257
ISCW018993-RA	TGA	219
ISCW018997-RA	TGA	59
ISCW014193-RA	TAA	827
ISCW014192-RA	TAG	457
ISCW014198-RA	TAG	1208
ISCW020196-RA	TGA	371
ISCW020197-RA	TAA	71
ISCW015572-RA	TAG	4
ISCW015573-RA	TGA	55
ISCW015577-RA	TAG	493
ISCW015574-RA	TGA	95
ISCW015575-RA	TGA	125
ISCW015579-RA	TGA	59
ISCW023083-RA	TAG	46
ISCW023082-RA	TGA	290
ISCW023080-RA	TAG	323
ISCW001190-RA	TGA	17
ISCW001192-RA	TGA	1341
ISCW023089-RA	TAA	681
ISCW016122-RA	TGA	471
ISCW016129-RA	TGA	335
ISCW020972-RA	TGA	41
ISCW020970-RA	TGA	382
ISCW020976-RA	TGA	255
ISCW020975-RA	TAA	320
ISCW009199-RA	TAA	87
ISCW010272-RA	TGA	661
ISCW005209-RA	TGA	921
ISCW004552-RA	TAA	34
ISCW004553-RA	TAG	30
ISCW008324-RA	TAG	31
ISCW013894-RA	TGA	10
ISCW013893-RA	TAG	222
ISCW018719-RA	TGA	77
ISCW018712-RA	TAA	1200
ISCW018717-RA	TAG	1195
ISCW000665-RA	TGA	217
ISCW003318-RA	TAA	17
ISCW003312-RA	TAA	146
ISCW003315-RA	TGA	203
ISCW006792-RA	TAG	151
ISCW006797-RA	TAG	975
ISCW022923-RA	TAA	196
ISCW022924-RA	TGA	528
ISCW001223-RA	TGA	1624
ISCW017549-RA	TAG	16
ISCW001224-RA	TAA	724
ISCW017543-RA	TAG	50
ISCW017542-RA	TGA	164
ISCW011253-RA	TGA	1353
ISCW011259-RA	TGA	644
ISCW015943-RA	TGA	335
ISCW015941-RA	TAG	467
ISCW015940-RA	TAA	1069
ISCW015948-RA	TGA	210
ISCW007949-RA	TAA	251
ISCW007942-RA	TGA	1440
ISCW014012-RA	TAA	58
ISCW021782-RA	TGA	132
ISCW021783-RA	TAA	190
ISCW021784-RA	TGA	735
ISCW021785-RA	TGA	133
ISCW015053-RA	TGA	145
ISCW010666-RA	TAA	15
ISCW010660-RA	TGA	229
ISCW022497-RA	TGA	46
ISCW022495-RA	TAA	84
ISCW022144-RA	TGA	970
ISCW022146-RA	TGA	2012
ISCW022143-RA	TGA	1569
ISCW011532-RA	TAG	166
ISCW011536-RA	TGA	236
ISCW016088-RA	TGA	374
ISCW009015-RA	TAG	272
ISCW009012-RA	TGA	28
ISCW009013-RA	TGA	265
ISCW017020-RA	TAA	62
ISCW017021-RA	TAG	358
ISCW019028-RA	TAA	414
ISCW019029-RA	TAA	92
ISCW003734-RA	TAA	635
ISCW003731-RA	TGA	312
ISCW004968-RA	TAA	370
ISCW004962-RA	TGA	623
ISCW001309-RA	TGA	66
ISCW018038-RA	TAG	202
ISCW018033-RA	TAG	794
ISCW022300-RA	TGA	107
ISCW014107-RA	TAA	45
ISCW003433-RA	TGA	201
ISCW003437-RA	TAG	1060
ISCW015275-RA	TAG	184
ISCW023951-RA	TGA	438
ISCW023952-RA	TGA	27
ISCW002746-RA	TAA	281
ISCW010007-RA	TAA	707
ISCW014935-RA	TAA	715
ISCW014933-RA	TGA	102
ISCW020212-RA	TAG	617
ISCW012696-RA	TGA	230
ISCW012520-RA	TGA	367
ISCW012523-RA	TGA	143
ISCW014203-RA	TGA	67
ISCW014202-RA	TAG	487
ISCW014200-RA	TGA	118
ISCW021620-RA	TAG	199
ISCW021622-RA	TGA	57
ISCW023173-RA	TGA	43
ISCW023170-RA	TAG	437
ISCW023177-RA	TGA	539
ISCW023176-RA	TAG	141
ISCW023179-RA	TAG	91
ISCW016513-RA	TAA	367
ISCW010587-RA	TAA	212
ISCW018238-RA	TAG	166
ISCW018580-RA	TGA	1763
ISCW018584-RA	TAG	64
ISCW018585-RA	TAA	981
ISCW005179-RA	TAA	204
ISCW005173-RA	TGA	548
ISCW005171-RA	TGA	1178
ISCW005170-RA	TGA	1079
ISCW005176-RA	TGA	1108
ISCW005174-RA	TAG	561
ISCW019189-RA	TGA	1129
ISCW002586-RA	TAG	617
ISCW006462-RA	TAA	147
ISCW020116-RA	TAA	848
ISCW020117-RA	TGA	920
ISCW007552-RA	TAG	199
ISCW007021-RA	TAG	13
ISCW009266-RA	TGA	82
ISCW021040-RA	TGA	75
ISCW021043-RA	TAG	1132
ISCW021042-RA	TAG	1618
ISCW017472-RA	TAG	266
ISCW017474-RA	TGA	69
ISCW023225-RA	TAG	5
ISCW011141-RA	TGA	155
ISCW010795-RA	TAG	210
ISCW005286-RA	TAG	615
ISCW004888-RA	TGA	1157
ISCW004880-RA	TAG	420
ISCW009705-RA	TAA	1549
ISCW009701-RA	TAA	351
ISCW013817-RA	TGA	233
ISCW013814-RA	TGA	164
ISCW013810-RA	TGA	160
ISCW013819-RA	TGA	801
ISCW005708-RA	TGA	371
ISCW005709-RA	TAG	243
ISCW000556-RA	TGA	165
ISCW005701-RA	TGA	482
ISCW000554-RA	TAG	174
ISCW002950-RA	TGA	38
ISCW002953-RA	TAG	751
ISCW002954-RA	TAG	138
ISCW008949-RA	TGA	56
ISCW019444-RA	TGA	50
ISCW019445-RA	TGA	564
ISCW019443-RA	TGA	38
ISCW004071-RA	TAA	16
ISCW012029-RA	TGA	67
ISCW012028-RA	TAG	211
ISCW012025-RA	TAG	116
ISCW012024-RA	TAA	205
ISCW012023-RA	TGA	172
ISCW012791-RA	TGA	226
ISCW013779-RA	TAA	113
ISCW023186-RA	TAA	204
ISCW018898-RA	TAA	434
ISCW020701-RA	TGA	683
ISCW015329-RA	TAA	262
ISCW015321-RA	TGA	230
ISCW001092-RA	TGA	227
ISCW001093-RA	TGA	323
ISCW023221-RA	TGA	22
ISCW019853-RA	TGA	213
ISCW017871-RA	TAG	383
ISCW017273-RA	TAG	382
ISCW017271-RA	TGA	795
ISCW017277-RA	TGA	40
ISCW022414-RA	TAA	376
ISCW007365-RA	TGA	40
ISCW011802-RA	TAA	288
ISCW016001-RA	TGA	66
ISCW009546-RA	TGA	85
ISCW009099-RA	TAG	654
ISCW010427-RA	TAG	100
ISCW014516-RA	TGA	680
ISCW014518-RA	TAA	1083
ISCW006837-RA	TGA	193
ISCW006834-RA	TAG	321
ISCW000294-RA	TGA	564
ISCW000297-RA	TGA	417
ISCW007015-RA	TGA	298
ISCW007010-RA	TGA	154
ISCW003925-RA	TAG	352
ISCW008596-RA	TGA	60
ISCW018618-RA	TAG	194
ISCW018614-RA	TGA	1533
ISCW018611-RA	TGA	59
ISCW018612-RA	TAG	30
ISCW005518-RA	TGA	268
ISCW000747-RA	TAG	520
ISCW000746-RA	TGA	458
ISCW015100-RA	TGA	627
ISCW015104-RA	TGA	613
ISCW020299-RA	TAA	269
ISCW020295-RA	TAG	701
ISCW012611-RA	TAG	1295
ISCW017224-RA	TAG	210
ISCW001500-RA	TAG	432
ISCW012619-RA	TAG	151
ISCW007825-RA	TAG	763
ISCW000544-RA	TGA	651
ISCW000541-RA	TGA	1395
ISCW015486-RA	TGA	40
ISCW015484-RA	TGA	29
ISCW014288-RA	TGA	869
ISCW014286-RA	TAG	1307
ISCW013256-RA	TGA	1116
ISCW013253-RA	TAG	300
ISCW013259-RA	TGA	167
ISCW010509-RA	TAA	976
ISCW022595-RA	TAG	307
ISCW020576-RA	TGA	1015
ISCW015153-RA	TGA	273
ISCW020578-RA	TGA	615
ISCW022628-RA	TAG	43
ISCW022620-RA	TAA	358
ISCW022627-RA	TAA	218
ISCW009979-RA	TAG	278
ISCW009353-RA	TGA	236
ISCW009358-RA	TGA	1052
ISCW017143-RA	TGA	325
ISCW019107-RA	TGA	331
ISCW019102-RA	TAA	33
ISCW008759-RA	TAA	103
ISCW004620-RA	TGA	76
ISCW019459-RA	TGA	244
ISCW019458-RA	TGA	242
ISCW002504-RA	TAG	1452
ISCW004040-RA	TGA	96
ISCW014736-RA	TGA	33
ISCW012013-RA	TGA	514
ISCW005335-RA	TAA	1011
ISCW001075-RA	TGA	727
ISCW022029-RA	TAA	99
ISCW022027-RA	TAG	92
ISCW022024-RA	TGA	736
ISCW022023-RA	TGA	107
ISCW000469-RA	TAG	510
ISCW000464-RA	TGA	1029
ISCW000465-RA	TGA	283
ISCW012387-RA	TAG	684
ISCW012383-RA	TGA	133
ISCW008252-RA	TAG	161
ISCW008256-RA	TAA	60
ISCW016559-RA	TGA	62
ISCW020317-RA	TAG	202
ISCW020318-RA	TGA	612
ISCW017387-RA	TGA	1265
ISCW014120-RA	TAA	982
ISCW015832-RA	TGA	70
ISCW015831-RA	TAG	1118
ISCW015835-RA	TAA	143
ISCW016415-RA	TAG	91
ISCW010711-RA	TGA	450
ISCW010714-RA	TAG	1076
ISCW004806-RA	TGA	67
ISCW009784-RA	TAG	437
ISCW009788-RA	TAG	663
ISCW018465-RA	TGA	993
ISCW018460-RA	TGA	1143
ISCW005036-RA	TGA	456
ISCW005789-RA	TGA	1068
ISCW019730-RA	TGA	311
ISCW008497-RA	TAG	218
ISCW008495-RA	TGA	608
ISCW004784-RA	TAA	1337
ISCW004780-RA	TAG	89
ISCW003067-RA	TAA	28
ISCW003066-RA	TGA	651
ISCW003063-RA	TGA	932
ISCW003062-RA	TGA	529
ISCW002333-RA	TAA	13
ISCW006546-RA	TGA	893
ISCW006545-RA	TAG	1218
ISCW003880-RA	TGA	6
ISCW001015-RA	TAA	346
ISCW020732-RA	TGA	72
ISCW023547-RA	TAA	19
ISCW023545-RA	TAG	45
ISCW023543-RA	TGA	55
ISCW018108-RA	TGA	1411
ISCW018100-RA	TGA	66
ISCW012881-RA	TAG	134
ISCW001908-RA	TGA	757
ISCW012713-RA	TAG	890
ISCW019682-RA	TAA	629
ISCW012260-RA	TGA	56
ISCW021941-RA	TAA	662
ISCW021942-RA	TAA	272
ISCW021948-RA	TGA	102
ISCW003507-RA	TGA	88
ISCW016991-RA	TGA	937
ISCW017642-RA	TGA	251
ISCW017643-RA	TAG	166
ISCW017648-RA	TAA	413
ISCW017649-RA	TAA	560
ISCW011773-RA	TAA	342
ISCW011775-RA	TAA	94
ISCW011776-RA	TGA	374
ISCW011777-RA	TGA	94
ISCW015649-RA	TAA	52
ISCW015640-RA	TGA	384
ISCW016201-RA	TGA	115
ISCW010699-RA	TGA	67
ISCW010690-RA	TGA	244
ISCW010968-RA	TGA	199
ISCW009663-RA	TGA	47
ISCW009665-RA	TGA	355
ISCW018343-RA	TGA	249
ISCW018340-RA	TGA	556
ISCW018341-RA	TGA	211
ISCW018346-RA	TGA	1126
ISCW018344-RA	TAA	478
ISCW018345-RA	TGA	504
ISCW018692-RA	TAG	1053
ISCW018698-RA	TAG	941
ISCW000217-RA	TAA	525
ISCW000210-RA	TAG	1237
ISCW000213-RA	TGA	298
ISCW008048-RA	TAG	246
ISCW006320-RA	TAG	203
ISCW005592-RA	TGA	199
ISCW019567-RA	TAG	149
ISCW019560-RA	TAG	74
ISCW003740-RA	TAA	22
ISCW003749-RA	TAG	907
ISCW003290-RA	TGA	1456
ISCW002164-RA	TAG	45
ISCW002166-RA	TAA	491
ISCW007537-RA	TGA	1223
ISCW000985-RA	TGA	41
ISCW000984-RA	TGA	891
ISCW000980-RA	TGA	257
ISCW000982-RA	TGA	38
ISCW021337-RA	TGA	233
ISCW021331-RA	TGA	1684
ISCW000473-RA	TGA	83
ISCW004111-RA	TAG	734
ISCW017930-RA	TAG	147
ISCW019959-RA	TGA	28
ISCW019950-RA	TGA	573
ISCW019952-RA	TGA	91
ISCW022517-RA	TAA	588
ISCW011899-RA	TGA	1467
ISCW016324-RA	TAG	405
ISCW016323-RA	TGA	589
ISCW008798-RA	TAA	13
ISCW009466-RA	TGA	1310
ISCW024002-RA	TGA	61
ISCW024000-RA	TAG	591
ISCW010309-RA	TGA	373
ISCW014417-RA	TAA	2711
ISCW012718-RA	TGA	1140
ISCW016926-RA	TGA	308
ISCW015256-RA	TGA	108
ISCW007281-RA	TGA	83
ISCW018553-RA	TAG	56
ISCW018552-RA	TGA	459
ISCW018551-RA	TGA	1791
ISCW018550-RA	TGA	229
ISCW000398-RA	TGA	816
ISCW000393-RA	TAA	341
ISCW000394-RA	TGA	375
ISCW005418-RA	TGA	1786
ISCW010187-RA	TGA	10
ISCW017306-RA	TGA	104
ISCW001421-RA	TAG	356
ISCW012483-RA	TGA	116
ISCW007703-RA	TGA	1401
ISCW007706-RA	TGA	763
ISCW007708-RA	TAG	497
ISCW021273-RA	TAG	175
ISCW021271-RA	TGA	149
ISCW014652-RA	TGA	98
ISCW005433-RA	TGA	256
ISCW013351-RA	TAA	17
ISCW013354-RA	TGA	834
ISCW013679-RA	TAG	573
ISCW015012-RA	TAA	979
ISCW013676-RA	TAG	247
ISCW015015-RA	TGA	124
ISCW020637-RA	TGA	1663
ISCW020633-RA	TGA	467
ISCW015214-RA	TGA	352
ISCW012976-RA	TAA	77
ISCW009165-RA	TAG	241
ISCW009166-RA	TAG	283
ISCW008417-RA	TGA	541
ISCW004703-RA	TGA	693
ISCW004702-RA	TGA	92
ISCW005898-RA	TAG	480
ISCW001446-RA	TAA	931
ISCW011917-RA	TGA	301
ISCW018185-RA	TAA	103
ISCW018180-RA	TGA	188
ISCW018188-RA	TGA	120
ISCW022274-RA	TGA	75
ISCW022272-RA	TGA	515
ISCW022270-RA	TGA	1706
ISCW000581-RA	TAA	160
ISCW000585-RA	TGA	582
ISCW007121-RA	TAG	135
ISCW003585-RA	TGA	1449
ISCW003581-RA	TGA	70
ISCW003582-RA	TGA	323
ISCW013538-RA	TAG	338
ISCW013530-RA	TGA	379
ISCW013534-RA	TGA	591
ISCW013536-RA	TAG	120
ISCW006291-RA	TAG	53
ISCW006296-RA	TGA	644
ISCW006294-RA	TGA	1479
ISCW002981-RA	TAG	327
ISCW006743-RA	TGA	385
ISCW002671-RA	TGA	55
ISCW022913-RA	TGA	1299
ISCW001215-RA	TGA	222
ISCW017536-RA	TAA	170
ISCW012723-RA	TAG	132
ISCW011266-RA	TGA	141
ISCW011264-RA	TGA	449
ISCW015975-RA	TGA	142
ISCW015971-RA	TGA	381
ISCW007914-RA	TGA	66
ISCW015393-RA	TAG	49
ISCW021755-RA	TGA	1465
ISCW021754-RA	TAG	1587
ISCW014377-RA	TAA	425
ISCW014372-RA	TGA	621
ISCW014371-RA	TAG	1202
ISCW023668-RA	TAA	66
ISCW015022-RA	TGA	1766
ISCW016281-RA	TGA	247
ISCW016280-RA	TAG	813
ISCW016282-RA	TAG	434
ISCW016284-RA	TGA	582
ISCW016289-RA	TAG	1425
ISCW023886-RA	TGA	491
ISCW013407-RA	TGA	461
ISCW017882-RA	TAA	247
ISCW017883-RA	TAG	1389
ISCW020409-RA	TGA	518
ISCW020405-RA	TAG	157
ISCW022135-RA	TGA	1110
ISCW022131-RA	TAG	412
ISCW013379-RA	TAA	342
ISCW005664-RA	TAG	256
ISCW005662-RA	TGA	348
ISCW019079-RA	TGA	338
ISCW019075-RA	TAG	921
ISCW008625-RA	TGA	169
ISCW004137-RA	TGA	7
ISCW004130-RA	TGA	9
ISCW004132-RA	TAA	210
ISCW002472-RA	TAG	859
ISCW000901-RA	TGA	492
ISCW000903-RA	TGA	1519
ISCW001359-RA	TAG	492
ISCW001356-RA	TAA	105
ISCW023461-RA	TGA	1357
ISCW018061-RA	TGA	827
ISCW018064-RA	TGA	88
ISCW001820-RA	TAA	984
ISCW001825-RA	TAG	77
ISCW012432-RA	TAA	588
ISCW011811-RA	TGA	513
ISCW003462-RA	TAA	385
ISCW003460-RA	TGA	634
ISCW003467-RA	TGA	1145
ISCW021171-RA	TGA	743
ISCW020886-RA	TAG	3553
ISCW010071-RA	TGA	345
ISCW010078-RA	TGA	199
ISCW010079-RA	TGA	18
ISCW014944-RA	TGA	166
ISCW010387-RA	TGA	888
ISCW010384-RA	TGA	76
ISCW010383-RA	TGA	1057
ISCW014490-RA	TAG	303
ISCW020222-RA	TAG	981
ISCW020220-RA	TGA	360
ISCW020225-RA	TGA	418
ISCW011385-RA	TAA	213
ISCW011386-RA	TAA	210
ISCW014238-RA	TAA	745
ISCW014230-RA	TAG	1362
ISCW011038-RA	TAA	326
ISCW011037-RA	TGA	57
ISCW011036-RA	TGA	48
ISCW015729-RA	TGA	137
ISCW015726-RA	TAG	553
ISCW010804-RA	TGA	122
ISCW018262-RA	TAA	131
ISCW008128-RA	TGA	53
ISCW005495-RA	TAA	228
ISCW008781-RA	TAA	36
ISCW004365-RA	TGA	1347
ISCW004362-RA	TGA	1039
ISCW006433-RA	TAG	589
ISCW020148-RA	TAA	186
ISCW020142-RA	TAA	179
ISCW020140-RA	TGA	221
ISCW015525-RA	TGA	111
ISCW015527-RA	TAG	487
ISCW015522-RA	TAG	86
ISCW018920-RA	TGA	344
ISCW018927-RA	TAA	683
ISCW018928-RA	TGA	130
ISCW015294-RA	TGA	350
ISCW023784-RA	TGA	238
ISCW023787-RA	TGA	672
ISCW022782-RA	TGA	1114
ISCW016171-RA	TGA	952
ISCW016179-RA	TGA	594
ISCW016178-RA	TAG	29
ISCW011991-RA	TGA	65
ISCW011993-RA	TAG	450
ISCW011997-RA	TAA	530
ISCW020925-RA	TAA	99
ISCW020924-RA	TAA	462
ISCW020926-RA	TAA	1396
ISCW020922-RA	TAG	125
ISCW009252-RA	TGA	1025
ISCW009250-RA	TAG	905
ISCW009251-RA	TAA	1158
ISCW010225-RA	TAA	560
ISCW010228-RA	TGA	517
ISCW001433-RA	TAA	305
ISCW013829-RA	TAG	237
ISCW013824-RA	TAG	1387
ISCW018766-RA	TGA	2185
ISCW000508-RA	TAA	225
ISCW006217-RA	TAG	806
ISCW002900-RA	TAA	630
ISCW019415-RA	TGA	602
ISCW019417-RA	TAG	1431
ISCW012057-RA	TAA	63
ISCW003369-RA	TGA	979
ISCW002011-RA	TAA	822
ISCW001296-RA	TGA	206
ISCW001294-RA	TAA	192
ISCW007624-RA	TGA	237
ISCW007627-RA	TGA	286
ISCW007628-RA	TAA	152
ISCW007994-RA	TAA	158
ISCW014049-RA	TGA	113
ISCW015316-RA	TAG	1526
ISCW015315-RA	TGA	432
ISCW023376-RA	TGA	207
ISCW022424-RA	TGA	691
ISCW022429-RA	TAA	311
ISCW017809-RA	TAG	481
ISCW020488-RA	TAA	288
ISCW006059-RA	TGA	63
ISCW023598-RA	TGA	468
ISCW023591-RA	TGA	774
ISCW023590-RA	TAA	287
ISCW023593-RA	TGA	2086
ISCW023594-RA	TAG	577
ISCW021993-RA	TGA	613
ISCW021999-RA	TAG	84
ISCW023271-RA	TAG	116
ISCW009042-RA	TGA	767
ISCW017072-RA	TGA	659
ISCW010410-RA	TAG	122
ISCW014525-RA	TGA	453
ISCW006802-RA	TAG	144
ISCW019331-RA	TGA	187
ISCW019336-RA	TGA	193
ISCW007049-RA	TGA	155
ISCW008099-RA	TGA	315
ISCW008098-RA	TAG	97
ISCW003973-RA	TGA	756
ISCW003975-RA	TGA	30
ISCW003976-RA	TGA	301
ISCW000776-RA	TGA	1052
ISCW000778-RA	TGA	70
ISCW008545-RA	TGA	1347
ISCW008547-RA	TGA	305
ISCW008542-RA	TGA	134
ISCW006390-RA	TGA	309
ISCW006022-RA	TAA	492
ISCW006025-RA	TAA	211
ISCW001558-RA	TGA	378
ISCW017278-RA	TAG	177
ISCW001550-RA	TAA	1227
ISCW001553-RA	TAG	552
ISCW011307-RA	TAA	259
ISCW011300-RA	TGA	355
ISCW011303-RA	TAA	247
ISCW012578-RA	TAA	235
ISCW012573-RA	TAG	434
ISCW007816-RA	TAA	427
ISCW021386-RA	TAG	148
ISCW021387-RA	TAA	1304
ISCW016656-RA	TGA	1136
ISCW016655-RA	TAA	134
ISCW010882-RA	TAG	519
ISCW020523-RA	TGA	126
ISCW020522-RA	TGA	105
ISCW022676-RA	TAA	18
ISCW022678-RA	TAG	101
ISCW009947-RA	TGA	41
ISCW009941-RA	TAG	87
ISCW009368-RA	TAG	66
ISCW009361-RA	TGA	1149
ISCW009367-RA	TAA	192
ISCW019137-RA	TGA	2057
ISCW019130-RA	TGA	44
ISCW019131-RA	TGA	85
ISCW008706-RA	TGA	120
ISCW023014-RA	TGA	25
ISCW002533-RA	TGA	1251
ISCW002531-RA	TAG	215
ISCW000517-RA	TAA	519
ISCW002280-RA	TAG	407
ISCW002281-RA	TGA	1249
ISCW002282-RA	TGA	219
ISCW005844-RA	TGA	559
ISCW013724-RA	TAG	267
ISCW011823-RA	TGA	163
ISCW023700-RA	TAG	631
ISCW023701-RA	TGA	624
ISCW023707-RA	TAA	593
ISCW017854-RA	TGA	711
ISCW017853-RA	TAA	841
ISCW022071-RA	TAG	776
ISCW022077-RA	TGA	1178
ISCW022076-RA	TGA	1127
ISCW017850-RA	TAA	41
ISCW012356-RA	TAG	434
ISCW012352-RA	TGA	239
ISCW011910-RA	TAA	621
ISCW011913-RA	TGA	69
ISCW007231-RA	TAG	484
ISCW007238-RA	TAA	111
ISCW021039-RA	TGA	369
ISCW021037-RA	TGA	277
ISCW023889-RA	TAA	66
ISCW023883-RA	TGA	47
ISCW020340-RA	TGA	735
ISCW017404-RA	TAA	1
ISCW023063-RA	TAA	19
ISCW023065-RA	TAA	76
ISCW023064-RA	TGA	1042
ISCW023067-RA	TGA	752
ISCW016446-RA	TAG	1219
ISCW008371-RA	TGA	1236
ISCW011493-RA	TGA	311
ISCW011495-RA	TAA	81
ISCW011497-RA	TAA	49
ISCW004855-RA	TGA	491
ISCW004583-RA	TAG	54
ISCW007497-RA	TAG	181
ISCW008938-RA	TAG	45
ISCW019492-RA	TGA	2036
ISCW019494-RA	TAG	95
ISCW019496-RA	TGA	289
ISCW019498-RA	TAG	266
ISCW004000-RA	TAA	229
ISCW004002-RA	TAG	49
ISCW001740-RA	TGA	73
ISCW005842-RA	TAG	331
ISCW013728-RA	TAG	99
ISCW002092-RA	TGA	100
ISCW002098-RA	TGA	127
ISCW006573-RA	TAA	322
ISCW018843-RA	TGA	1027
ISCW018847-RA	TAG	244
ISCW003874-RA	TGA	354
ISCW023517-RA	TAG	72
ISCW023516-RA	TAA	352
ISCW007052-RA	TAA	31
ISCW019821-RA	TAG	307
