Dexi1A01G0000020	TGA	0
Dexi1A01G0000230	TGA	0
Dexi1A01G0000500	TGA	0
Dexi1A01G0000940	TAA	0
Dexi1A01G0000950	TGA	0
Dexi1A01G0001770	TGA	0
Dexi1A01G0003640	TGA	0
Dexi1A01G0004310	TAG	0
Dexi1A01G0005710	TAA	0
Dexi1A01G0007120	TGA	0
Dexi1A01G0007430	TAG	0
Dexi1A01G0009830	TGA	0
Dexi1A01G0011210	TAG	0
Dexi1A01G0011450	TAA	0
Dexi1A01G0011910	TGA	0
Dexi1A01G0014440	TAA	0
Dexi1A01G0014610	TAG	0
Dexi1A01G0014950	TGA	0
Dexi1A01G0016210	TAG	0
Dexi1A01G0018990	TAA	0
Dexi1A01G0019600	TGA	0
Dexi1A01G0022130	TGA	0
Dexi1A01G0022910	TGA	0
Dexi1A01G0026130	TAA	0
Dexi1A01G0026630	TGA	0
Dexi1A01G0026640	TGA	0
Dexi1A01G0028570	TAG	0
Dexi1A01G0029170	TAA	0
Dexi1A01G0030490	TAG	0
Dexi1A01G0031320	TAA	0
Dexi1B01G0000200	TGA	0
Dexi1B01G0002690	TAA	0
Dexi1B01G0005200	TAA	0
Dexi1B01G0005400	TAA	0
Dexi1B01G0005560	TAG	0
Dexi1B01G0005600	TGA	0
Dexi1B01G0007350	TGA	0
Dexi1B01G0007750	TAA	0
Dexi1B01G0009930	TAG	0
Dexi1B01G0010000	TAA	0
Dexi1B01G0010360	TAA	0
Dexi1B01G0010860	TAA	0
Dexi1B01G0014010	TGA	0
Dexi1B01G0015790	TGA	0
Dexi1B01G0017600	TAA	0
Dexi1B01G0017620	TAA	0
Dexi1B01G0019960	TAA	0
Dexi1B01G0024130	TAA	0
Dexi1B01G0024340	TGA	0
Dexi1B01G0024970	TAA	0
Dexi1B01G0026850	TGA	0
Dexi1B01G0026990	TAA	0
Dexi1B01G0027550	TGA	0
Dexi1B01G0028200	TGA	0
Dexi1B01G0028830	TGA	0
Dexi1B01G0028970	TGA	0
Dexi1B01G0030930	TAG	0
Dexi2A01G0000800	TGA	0
Dexi2A01G0002170	TGA	0
Dexi2A01G0003000	TAG	0
Dexi2A01G0003730	TGA	0
Dexi2A01G0008370	TAG	0
Dexi2A01G0010020	TAA	0
Dexi2A01G0011460	TGA	0
Dexi2A01G0011780	TGA	0
Dexi2A01G0011870	TAA	0
Dexi2A01G0012350	TGA	0
Dexi2A01G0012780	TGA	0
Dexi2A01G0013260	TGA	0
Dexi2A01G0015310	TAG	0
Dexi2A01G0017720	TGA	0
Dexi2A01G0019680	TAA	0
Dexi2A01G0019990	TGA	0
Dexi2A01G0021060	TGA	0
Dexi2A01G0021590	TGA	0
Dexi2A01G0023080	TGA	0
Dexi2A01G0024390	TGA	0
Dexi2A01G0024640	TGA	0
Dexi2A01G0024930	TAG	0
Dexi2A01G0026210	TGA	0
Dexi2A01G0029320	TGA	0
Dexi2A01G0030180	TAA	0
Dexi2A01G0031060	TGA	0
Dexi2A01G0033200	TAG	0
Dexi2A01G0036530	TAG	0
Dexi2B01G0000190	TGA	0
Dexi2B01G0000440	TGA	0
Dexi2B01G0000890	TAG	0
Dexi2B01G0001280	TGA	0
Dexi2B01G0002690	TGA	0
Dexi2B01G0004590	TAA	0
Dexi2B01G0006340	TGA	0
Dexi2B01G0009640	TAA	0
Dexi2B01G0010320	TGA	0
Dexi2B01G0011500	TGA	0
Dexi2B01G0011970	TGA	0
Dexi2B01G0014300	TAG	0
Dexi2B01G0016090	TGA	0
Dexi2B01G0019900	TAA	0
Dexi2B01G0021500	TAG	0
Dexi2B01G0022090	TGA	0
Dexi2B01G0023620	TAG	0
Dexi2B01G0024770	TAG	0
Dexi2B01G0025810	TAG	0
Dexi2B01G0026010	TAA	0
Dexi2B01G0028450	TGA	0
Dexi2B01G0029190	TAA	0
Dexi2B01G0029220	TAA	0
Dexi2B01G0030910	TAG	0
Dexi2B01G0032950	TAG	0
Dexi2B01G0034230	TGA	0
Dexi2B01G0035180	TAG	0
Dexi2B01G0036050	TGA	0
Dexi2B01G0036690	TAG	0
Dexi3A01G0000390	TAA	0
Dexi3A01G0001160	TAG	0
Dexi3A01G0005020	TGA	0
Dexi3A01G0005400	TAG	0
Dexi3A01G0009490	TAG	0
Dexi3A01G0011640	TAG	0
Dexi3A01G0011920	TAA	0
Dexi3A01G0011990	TAA	0
Dexi3A01G0013950	TAG	0
Dexi3A01G0014020	TAA	0
Dexi3A01G0014990	TGA	0
Dexi3A01G0016730	TAA	0
Dexi3A01G0018580	TAG	0
Dexi3A01G0018870	TAG	0
Dexi3A01G0019820	TGA	0
Dexi3A01G0022100	TGA	0
Dexi3A01G0022190	TGA	0
Dexi3A01G0023380	TGA	0
Dexi3A01G0026770	TAG	0
Dexi3A01G0027180	TAG	0
Dexi3A01G0027430	TGA	0
Dexi3A01G0030170	TGA	0
Dexi3A01G0030900	TAA	0
Dexi3A01G0032170	TAG	0
Dexi3A01G0032800	TGA	0
Dexi3A01G0033080	TAA	0
Dexi3A01G0033200	TGA	0
Dexi3A01G0035020	TGA	0
Dexi3A01G0036370	TGA	0
Dexi3B01G0001300	TAG	0
Dexi3B01G0003150	TGA	0
Dexi3B01G0003530	TGA	0
Dexi3B01G0004240	TAA	0
Dexi3B01G0005060	TGA	0
Dexi3B01G0005770	TAA	0
Dexi3B01G0007170	TGA	0
Dexi3B01G0007480	TAA	0
Dexi3B01G0007940	TGA	0
Dexi3B01G0009100	TGA	0
Dexi3B01G0009860	TGA	0
Dexi3B01G0010230	TAG	0
Dexi3B01G0011280	TAA	0
Dexi3B01G0011730	TAG	0
Dexi3B01G0015990	TAA	0
Dexi3B01G0016370	TGA	0
Dexi3B01G0016570	TAA	0
Dexi3B01G0016940	TAA	0
Dexi3B01G0021180	TGA	0
Dexi3B01G0022600	TGA	0
Dexi3B01G0024820	TAA	0
Dexi3B01G0025050	TAG	0
Dexi3B01G0027250	TAA	0
Dexi3B01G0027500	TAA	0
Dexi3B01G0030200	TGA	0
Dexi3B01G0030890	TGA	0
Dexi3B01G0032360	TAA	0
Dexi3B01G0034710	TGA	0
Dexi3B01G0035630	TGA	0
Dexi3B01G0036340	TAG	0
Dexi3B01G0036570	TGA	0
Dexi3B01G0036580	TAG	0
Dexi3B01G0037050	TAA	0
Dexi3B01G0038380	TAG	0
Dexi4A01G0000800	TGA	0
Dexi4A01G0002060	TGA	0
Dexi4A01G0004170	TGA	0
Dexi4A01G0004920	TAG	0
Dexi4A01G0005150	TAG	0
Dexi4A01G0005300	TAG	0
Dexi4A01G0006730	TAG	0
Dexi4A01G0007590	TGA	0
Dexi4A01G0008480	TAG	0
Dexi4A01G0010400	TAG	0
Dexi4A01G0011020	TGA	0
Dexi4A01G0012830	TAA	0
Dexi4A01G0012990	TGA	0
Dexi4A01G0015040	TGA	0
Dexi4A01G0015510	TAA	0
Dexi4A01G0015720	TGA	0
Dexi4A01G0017200	TAG	0
Dexi4A01G0018330	TAA	0
Dexi4A01G0019280	TAG	0
Dexi4A01G0021610	TGA	0
Dexi4A01G0022260	TGA	0
Dexi4A01G0022410	TGA	0
Dexi4B01G0007010	TAA	0
Dexi4B01G0009640	TAA	0
Dexi4B01G0010170	TGA	0
Dexi4B01G0010560	TGA	0
Dexi4B01G0010570	TGA	0
Dexi4B01G0010710	TAG	0
Dexi4B01G0011130	TAA	0
Dexi4B01G0012880	TAA	0
Dexi4B01G0015170	TGA	0
Dexi4B01G0016170	TGA	0
Dexi4B01G0016690	TGA	0
Dexi4B01G0016710	TAA	0
Dexi4B01G0019910	TGA	0
Dexi4B01G0020110	TGA	0
Dexi4B01G0020140	TAG	0
Dexi4B01G0020340	TAG	0
Dexi4B01G0021480	TGA	0
Dexi4B01G0023620	TAG	0
Dexi5A01G0000370	TGA	0
Dexi5A01G0002380	TAG	0
Dexi5A01G0003560	TGA	0
Dexi5A01G0005040	TGA	0
Dexi5A01G0005080	TAG	0
Dexi5A01G0006380	TAG	0
Dexi5A01G0006780	TAG	0
Dexi5A01G0006900	TAG	0
Dexi5A01G0006970	TGA	0
Dexi5A01G0010100	TGA	0
Dexi5A01G0010210	TAG	0
Dexi5A01G0010320	TGA	0
Dexi5A01G0014520	TGA	0
Dexi5A01G0016090	TAG	0
Dexi5A01G0018830	TGA	0
Dexi5A01G0019220	TAA	0
Dexi5A01G0019530	TGA	0
Dexi5A01G0022360	TAA	0
Dexi5A01G0022410	TAG	0
Dexi5A01G0023830	TAG	0
Dexi5A01G0024360	TAG	0
Dexi5A01G0024810	TAG	0
Dexi5A01G0024870	TAG	0
Dexi5A01G0026110	TAA	0
Dexi5A01G0026310	TGA	0
Dexi5A01G0027070	TAA	0
Dexi5A01G0027400	TAG	0
Dexi5A01G0028830	TAG	0
Dexi5A01G0029550	TGA	0
Dexi5A01G0031490	TAG	0
Dexi5A01G0033620	TGA	0
Dexi5A01G0035250	TAG	0
Dexi5A01G0037500	TGA	0
Dexi5A01G0037570	TAA	0
Dexi5A01G0038590	TGA	0
Dexi5A01G0038690	TAA	0
Dexi5A01G0039420	TAG	0
Dexi5A01G0039760	TGA	0
Dexi5B01G0002440	TAG	0
Dexi5B01G0006200	TGA	0
Dexi5B01G0007370	TAG	0
Dexi5B01G0010230	TGA	0
Dexi5B01G0010650	TGA	0
Dexi5B01G0012610	TAA	0
Dexi5B01G0013910	TAA	0
Dexi5B01G0015100	TGA	0
Dexi5B01G0015320	TAG	0
Dexi5B01G0016920	TGA	0
Dexi5B01G0017450	TGA	0
Dexi5B01G0020030	TAG	0
Dexi5B01G0020890	TAA	0
Dexi5B01G0022210	TAA	0
Dexi5B01G0026270	TAG	0
Dexi5B01G0026300	TAG	0
Dexi5B01G0026940	TGA	0
Dexi5B01G0028230	TAG	0
Dexi5B01G0028720	TGA	0
Dexi5B01G0028910	TAG	0
Dexi5B01G0032220	TAG	0
Dexi5B01G0032830	TAG	0
Dexi5B01G0033050	TAG	0
Dexi5B01G0036000	TGA	0
Dexi5B01G0036040	TGA	0
Dexi5B01G0036300	TGA	0
Dexi5B01G0037270	TGA	0
Dexi5B01G0037500	TGA	0
Dexi5B01G0037630	TGA	0
Dexi6A01G0001880	TAG	0
Dexi6A01G0002630	TGA	0
Dexi6A01G0004600	TAG	0
Dexi6A01G0005280	TAA	0
Dexi6A01G0007150	TGA	0
Dexi6A01G0007310	TAG	0
Dexi6A01G0007780	TGA	0
Dexi6A01G0007950	TGA	0
Dexi6A01G0010700	TAG	0
Dexi6A01G0010980	TGA	0
Dexi6A01G0011320	TGA	0
Dexi6A01G0011930	TAA	0
Dexi6A01G0012490	TAG	0
Dexi6A01G0014160	TGA	0
Dexi6A01G0016940	TAG	0
Dexi6A01G0017840	TAA	0
Dexi6A01G0019280	TAG	0
Dexi6A01G0020350	TGA	0
Dexi6A01G0021330	TAA	0
Dexi6A01G0021680	TAG	0
Dexi6B01G0002310	TAG	0
Dexi6B01G0003170	TGA	0
Dexi6B01G0009700	TGA	0
Dexi6B01G0010160	TAA	0
Dexi6B01G0012370	TGA	0
Dexi6B01G0013110	TGA	0
Dexi6B01G0013450	TAG	0
Dexi6B01G0016430	TAA	0
Dexi6B01G0020300	TAA	0
Dexi7A01G0002060	TGA	0
Dexi7A01G0003770	TAG	0
Dexi7A01G0004270	TGA	0
Dexi7A01G0004700	TAA	0
Dexi7A01G0005180	TAA	0
Dexi7A01G0006040	TGA	0
Dexi7A01G0008810	TGA	0
Dexi7A01G0009430	TGA	0
Dexi7A01G0010810	TAG	0
Dexi7A01G0012400	TGA	0
Dexi7A01G0012480	TAG	0
Dexi7A01G0013310	TGA	0
Dexi7A01G0013740	TAA	0
Dexi7A01G0016290	TAA	0
Dexi7A01G0017200	TAG	0
Dexi7A01G0017300	TAG	0
Dexi7A01G0020090	TAG	0
Dexi7B01G0001340	TGA	0
Dexi7B01G0005450	TGA	0
Dexi7B01G0005570	TAA	0
Dexi7B01G0006940	TGA	0
Dexi7B01G0007280	TAG	0
Dexi7B01G0007370	TGA	0
Dexi7B01G0009450	TAA	0
Dexi7B01G0013340	TGA	0
Dexi7B01G0014550	TAA	0
Dexi7B01G0017720	TGA	0
Dexi7B01G0018320	TGA	0
Dexi7B01G0018370	TGA	0
Dexi7B01G0020960	TAA	0
Dexi8A01G0000770	TGA	0
Dexi8A01G0002320	TAA	0
Dexi8A01G0004230	TGA	0
Dexi8A01G0004640	TGA	0
Dexi8A01G0005940	TAG	0
Dexi8A01G0006170	TGA	0
Dexi8A01G0006460	TGA	0
Dexi8A01G0008830	TGA	0
Dexi8A01G0009770	TAG	0
Dexi8A01G0010280	TGA	0
Dexi8A01G0010490	TGA	0
Dexi8A01G0013110	TGA	0
Dexi8A01G0015150	TGA	0
Dexi8A01G0016110	TGA	0
Dexi8B01G0000680	TGA	0
Dexi8B01G0002420	TAG	0
Dexi8B01G0003880	TAA	0
Dexi8B01G0006520	TAA	0
Dexi8B01G0006830	TGA	0
Dexi8B01G0007450	TGA	0
Dexi8B01G0007840	TGA	0
Dexi8B01G0008720	TAG	0
Dexi8B01G0011060	TAG	0
Dexi8B01G0013130	TAA	0
Dexi8B01G0015170	TGA	0
Dexi8B01G0015400	TAG	0
Dexi9A01G0000540	TAG	0
Dexi9A01G0006270	TAG	0
Dexi9A01G0008220	TAA	0
Dexi9A01G0008410	TGA	0
Dexi9A01G0009060	TAA	0
Dexi9A01G0012300	TAA	0
Dexi9A01G0012960	TAG	0
Dexi9A01G0017020	TGA	0
Dexi9A01G0017150	TGA	0
Dexi9A01G0018000	TGA	0
Dexi9A01G0018040	TAG	0
Dexi9A01G0018080	TAA	0
Dexi9A01G0018460	TGA	0
Dexi9A01G0018920	TAG	0
Dexi9A01G0018970	TAA	0
Dexi9A01G0019440	TAA	0
Dexi9A01G0020220	TAA	0
Dexi9A01G0020230	TGA	0
Dexi9A01G0021300	TAG	0
Dexi9A01G0023480	TAG	0
Dexi9A01G0030370	TGA	0
Dexi9A01G0031040	TGA	0
Dexi9A01G0032760	TGA	0
Dexi9A01G0033130	TAA	0
Dexi9A01G0033630	TGA	0
Dexi9A01G0034370	TGA	0
Dexi9A01G0035240	TGA	0
Dexi9A01G0035840	TAG	0
Dexi9A01G0036850	TAA	0
Dexi9A01G0037050	TAG	0
Dexi9A01G0037520	TAG	0
Dexi9A01G0038460	TAA	0
Dexi9A01G0040950	TGA	0
Dexi9A01G0041460	TAG	0
Dexi9A01G0042530	TAA	0
Dexi9A01G0043370	TAA	0
Dexi9A01G0044880	TGA	0
Dexi9A01G0045240	TAG	0
Dexi9A01G0046240	TAG	0
Dexi9A01G0046890	TGA	0
Dexi9A01G0047350	TGA	0
Dexi9A01G0048970	TAA	0
Dexi9A01G0049630	TGA	0
Dexi9B01G0002390	TAG	0
Dexi9B01G0002420	TAA	0
Dexi9B01G0003800	TGA	0
Dexi9B01G0003980	TGA	0
Dexi9B01G0005980	TGA	0
Dexi9B01G0006060	TGA	0
Dexi9B01G0007610	TGA	0
Dexi9B01G0007730	TAG	0
Dexi9B01G0008770	TGA	0
Dexi9B01G0008910	TGA	0
Dexi9B01G0009120	TAG	0
Dexi9B01G0010130	TGA	0
Dexi9B01G0010200	TAA	0
Dexi9B01G0011220	TAG	0
Dexi9B01G0013350	TAA	0
Dexi9B01G0016310	TGA	0
Dexi9B01G0016510	TAA	0
Dexi9B01G0019870	TGA	0
Dexi9B01G0023620	TAG	0
Dexi9B01G0024310	TAA	0
Dexi9B01G0024570	TGA	0
Dexi9B01G0025030	TGA	0
Dexi9B01G0026430	TGA	0
Dexi9B01G0030200	TAG	0
Dexi9B01G0030290	TGA	0
Dexi9B01G0030510	TGA	0
Dexi9B01G0031330	TAA	0
Dexi9B01G0031360	TGA	0
Dexi9B01G0031700	TAA	0
Dexi9B01G0032370	TAA	0
Dexi9B01G0032610	TAA	0
Dexi9B01G0033140	TGA	0
Dexi9B01G0033290	TAG	0
Dexi9B01G0034390	TAG	0
Dexi9B01G0034910	TAG	0
Dexi9B01G0035880	TAG	0
Dexi9B01G0037590	TGA	0
Dexi9B01G0037790	TAG	0
Dexi9B01G0039370	TAG	0
Dexi9B01G0039440	TGA	0
Dexi9B01G0040130	TAA	0
Dexi9B01G0041640	TAA	0
Dexi9B01G0043550	TGA	0
Dexi9B01G0043630	TGA	0
Dexi9B01G0044430	TAG	0
Dexi9B01G0045080	TAG	0
Dexi9B01G0045590	TAG	0
Dexi9B01G0046740	TAA	0
DexiUA01G0001020	TAA	0
DexiUA01G0001230	TGA	0
DexiUA01G0001320	TAG	0
DexiUA01G0003600	TAG	0
DexiUA01G0003940	TGA	0
DexiUA01G0004140	TGA	0
DexiUA01G0007180	TGA	0
DexiUA01G0007770	TGA	0
DexiUA01G0008650	TGA	0
DexiUA01G0009020	TAG	0
DexiUA01G0010560	TAG	0
DexiUA01G0012320	TAG	0
DexiUA01G0013200	TGA	0
DexiUA01G0017050	TGA	0
DexiUA01G0019350	TAG	0
DexiUA01G0021170	TGA	0
DexiUA01G0021720	TAG	0
DexiUA01G0022940	TAG	0
Dexi3B01G0006470.1	TGA	421
Dexi4B01G0010890.1	TAG	165
Dexi1B01G0029670.1	TGA	561
Dexi6A01G0011690.1	TGA	50
Dexi5B01G0007000.1	TGA	178
Dexi9B01G0041260.1	TGA	44
Dexi2A01G0022220.1	TGA	387
Dexi5A01G0018040.1	TGA	438
DexiUA01G0021630.1	TAG	115
Dexi9A01G0003560.1	TGA	26
Dexi8B01G0007460.1	TAG	126
Dexi5B01G0003720.1	TGA	111
Dexi1B01G0007390.1	TAA	284
Dexi4B01G0005120.1	TAA	164
Dexi9B01G0022950.1	TGA	141
Dexi6A01G0009400.1	TGA	138
Dexi8A01G0014080.1	TAA	288
Dexi7A01G0015160.1	TAA	297
Dexi3A01G0029250.1	TGA	312
Dexi3B01G0018020.1	TAA	53
Dexi8B01G0011140.1	TGA	186
Dexi3B01G0003360.1	TGA	150
Dexi9B01G0001730.1	TAA	145
Dexi9A01G0028110.1	TGA	1266
Dexi8B01G0001370.1	TGA	71
Dexi3A01G0026650.1	TAA	15
Dexi1A01G0030750.1	TAG	174
Dexi3A01G0012130.1	TGA	51
Dexi3A01G0028090.1	TGA	264
Dexi9B01G0014780.1	TGA	48
Dexi9A01G0022020.1	TAA	85
Dexi4A01G0009830.1	TGA	147
Dexi9B01G0027000.1	TGA	654
Dexi4A01G0002230.1	TGA	18
Dexi5A01G0029390.1	TAA	348
Dexi9B01G0035350.1	TAG	42
Dexi3A01G0012540.1	TGA	98
Dexi1B01G0002600.1	TAA	282
Dexi2A01G0005350.1	TAG	72
Dexi8A01G0016350.1	TGA	48
Dexi8A01G0013100.1	TGA	3
Dexi5B01G0010670.1	TAA	17
Dexi6B01G0004230.1	TAA	229
DexiUA01G0006150.1	TAA	372
Dexi5A01G0014650.1	TAG	18
Dexi6B01G0020340.1	TGA	192
Dexi9B01G0045290.1	TGA	15
Dexi1A01G0031160.1	TAA	357
Dexi5B01G0006320.1	TAG	15
Dexi5A01G0020670.1	TAG	4559
Dexi8B01G0005700.1	TGA	65
Dexi3A01G0028420.1	TAA	336
Dexi9A01G0032400.1	TAG	126
Dexi2B01G0027690.1	TGA	6
DexiUA01G0013330.1	TGA	63
Dexi2A01G0021270.1	TAA	263
Dexi3A01G0026050.1	TAA	136
Dexi2B01G0003720.1	TAG	395
Dexi2A01G0016920.1	TGA	3
Dexi2A01G0012120.1	TAG	432
Dexi8A01G0009110.1	TAA	355
Dexi1B01G0009180.1	TGA	33
Dexi1A01G0003480.1	TAA	989
Dexi2A01G0006230.1	TGA	134
Dexi2B01G0035620.1	TAG	252
Dexi4A01G0018800.1	TGA	46
DexiUA01G0012370.1	TGA	189
Dexi2A01G0015920.1	TGA	9
Dexi4B01G0021260.1	TAG	27
Dexi3B01G0018070.1	TGA	8
DexiUA01G0027080.1	TGA	2622
Dexi9A01G0041990.1	TGA	258
Dexi8B01G0007580.1	TAA	261
Dexi1A01G0010190.1	TAA	234
Dexi6A01G0017710.1	TGA	45
Dexi3A01G0028530.1	TGA	6
Dexi5A01G0016300.1	TAG	84
Dexi3A01G0003990.1	TGA	166
Dexi7B01G0006620.1	TAG	124
Dexi7B01G0003700.1	TGA	279
Dexi2A01G0017140.1	TGA	5484
Dexi4B01G0002030.1	TGA	27
Dexi7A01G0006320.1	TAG	11
Dexi1A01G0005430.1	TGA	72
Dexi5A01G0015140.1	TAG	63
Dexi3A01G0025870.1	TAA	47
Dexi4A01G0000740.1	TAG	148
Dexi3A01G0007870.1	TAG	12
Dexi3A01G0022470.1	TAG	231
Dexi6B01G0010610.1	TAA	405
Dexi7A01G0017360.1	TAG	171
Dexi9B01G0020300.1	TAA	1865
Dexi3B01G0025440.1	TGA	201
Dexi6B01G0010930.1	TGA	225
Dexi3B01G0023180.1	TAG	231
Dexi1B01G0012830.1	TGA	279
Dexi4A01G0006680.1	TAG	94
Dexi4A01G0006680.2	TAA	110
Dexi6A01G0017610.1	TAG	5309
Dexi9B01G0026750.1	TAG	81
Dexi3B01G0038390.1	TGA	75
Dexi6B01G0008950.1	TGA	6
Dexi3B01G0031740.1	TGA	21
Dexi3A01G0034910.1	TAG	5787
Dexi3B01G0021110.1	TGA	164
DexiUA01G0007550.1	TGA	12
Dexi2A01G0032450.1	TAA	261
Dexi2B01G0007440.1	TAA	251
Dexi2A01G0021240.1	TGA	130
Dexi5A01G0011540.1	TGA	3
Dexi5A01G0028660.1	TAG	14
Dexi3B01G0020470.1	TGA	534
Dexi1A01G0014290.1	TGA	21
Dexi7B01G0010070.1	TGA	174
Dexi1B01G0014760.1	TAG	300
Dexi3B01G0035760.1	TAA	663
Dexi3A01G0008690.1	TGA	179
Dexi5B01G0017890.1	TGA	6
Dexi3B01G0032920.1	TGA	597
Dexi3A01G0011040.1	TGA	636
Dexi1A01G0022170.2	TAG	104
Dexi1A01G0022170.3	TAG	104
Dexi8A01G0000880.1	TAG	44
Dexi1A01G0002350.1	TGA	3
Dexi3A01G0035970.1	TGA	3
Dexi6B01G0009900.1	TAG	35
Dexi4A01G0021970.1	TGA	107
Dexi9A01G0011030.1	TGA	123
Dexi3B01G0036210.1	TAA	123
Dexi1A01G0015320.1	TAA	16
DexiUA01G0025940.2	TAA	1329
Dexi9B01G0044120.1	TGA	3383
Dexi2B01G0032270.1	TGA	171
DexiUA01G0019810.1	TGA	1454
Dexi4A01G0021260.1	TGA	96
Dexi5B01G0018240.1	TAA	315
Dexi8B01G0011630.1	TGA	72
Dexi2B01G0035130.1	TGA	108
Dexi1B01G0007450.1	TGA	321
Dexi2A01G0000870.1	TGA	69
Dexi6A01G0011460.1	TAG	34
Dexi1A01G0004400.1	TAG	264
Dexi9A01G0002170.1	TGA	6
Dexi1A01G0019570.1	TAG	20
Dexi3A01G0000850.1	TAA	8
Dexi7A01G0023510.1	TAA	192
Dexi2A01G0035340.1	TGA	2606
Dexi9A01G0034310.1	TGA	81
Dexi7B01G0017500.1	TGA	81
Dexi2A01G0010950.1	TGA	90
Dexi3B01G0013420.1	TGA	12
Dexi5A01G0024790.1	TGA	249
Dexi9A01G0026950.1	TAG	204
Dexi4A01G0006890.1	TGA	330
Dexi6B01G0010990.1	TAG	3
Dexi3A01G0026850.1	TGA	32
Dexi5B01G0034760.1	TGA	189
Dexi2B01G0028350.1	TAG	132
Dexi6B01G0009520.1	TAG	11
Dexi1B01G0008800.1	TGA	135
Dexi5B01G0018670.1	TGA	57
Dexi1B01G0009630.1	TAA	234
Dexi5B01G0005640.1	TAG	195
Dexi8A01G0002570.1	TAA	1686
Dexi3A01G0024410.1	TAG	267
Dexi3B01G0001640.1	TGA	192
Dexi7B01G0024730.1	TAA	207
Dexi3B01G0031850.1	TAG	2154
Dexi4A01G0014780.1	TAG	160
Dexi1B01G0009770.1	TGA	775
Dexi3A01G0026520.1	TGA	27
Dexi8A01G0007780.1	TGA	132
Dexi9B01G0004210.1	TGA	7752
Dexi1A01G0017610.1	TGA	15
Dexi4A01G0008990.1	TGA	42
Dexi5A01G0010070.1	TGA	195
Dexi5A01G0033730.1	TGA	111
Dexi7B01G0017070.1	TGA	199
Dexi9A01G0021310.1	TGA	357
Dexi5A01G0017900.1	TAG	48
Dexi5A01G0026780.1	TGA	12
Dexi9A01G0000510.2	TAG	64
Dexi1A01G0006130.1	TAA	564
Dexi6B01G0000630.1	TAG	156
Dexi3B01G0037900.1	TGA	3
Dexi5B01G0002860.1	TGA	126
Dexi5A01G0011400.1	TGA	48
Dexi6B01G0012640.1	TGA	70
Dexi2A01G0026620.1	TAG	228
Dexi7B01G0014630.1	TGA	3
Dexi8A01G0006110.1	TGA	342
Dexi3B01G0021120.1	TGA	107
Dexi5A01G0020700.1	TGA	39
Dexi3A01G0017600.1	TAA	14
DexiUA01G0011360.1	TGA	40
Dexi5B01G0024940.1	TAA	12
Dexi5B01G0031170.1	TGA	247
Dexi7A01G0006290.1	TAG	11
Dexi4B01G0022590.1	TGA	90
Dexi9A01G0012130.1	TAA	132
Dexi2B01G0000820.1	TAG	7
Dexi3B01G0031020.1	TAG	190
Dexi6B01G0002930.1	TGA	259
Dexi4A01G0001920.1	TGA	50
Dexi7B01G0003310.1	TAA	7647
Dexi6A01G0007080.1	TAA	189
Dexi9A01G0006590.1	TGA	171
Dexi9A01G0009540.1	TAG	333
Dexi9B01G0038960.1	TGA	16
Dexi6A01G0011750.1	TAG	35
Dexi3A01G0021030.1	TGA	52
Dexi7B01G0016380.1	TAA	1753
Dexi2B01G0009910.1	TAA	51
Dexi9B01G0016160.1	TGA	92
Dexi9B01G0011240.1	TGA	50
Dexi5B01G0027890.1	TAA	114
Dexi7B01G0007270.1	TGA	203
Dexi5A01G0003990.1	TGA	18
Dexi5B01G0018190.1	TGA	30
Dexi6A01G0012740.1	TGA	225
Dexi5A01G0021530.1	TGA	38
Dexi2A01G0019330.1	TAA	1704
Dexi9A01G0045780.1	TGA	180
Dexi2B01G0020220.1	TAG	36
Dexi1A01G0018820.1	TAG	82
Dexi2B01G0015900.1	TGA	3
Dexi3B01G0018970.1	TGA	2132
Dexi2A01G0014960.1	TAG	24
Dexi6A01G0002230.1	TGA	66
Dexi5A01G0015160.1	TGA	604
Dexi8A01G0005910.1	TGA	264
Dexi4B01G0004400.1	TAA	3216
DexiUA01G0003490.1	TAG	524
Dexi7B01G0016490.1	TGA	327
Dexi5B01G0004980.1	TGA	2025
Dexi1A01G0020020.1	TAA	163
Dexi5A01G0017580.1	TGA	6
Dexi2A01G0000890.1	TAG	7
Dexi5A01G0037120.1	TAA	102
Dexi1B01G0003510.1	TGA	111
Dexi2A01G0012860.1	TGA	6
DexiUA01G0014390.1	TGA	3
Dexi3A01G0009030.1	TGA	857
Dexi7B01G0018030.1	TAG	171
Dexi8A01G0001890.1	TGA	195
Dexi5A01G0039250.1	TAG	333
Dexi5A01G0021420.1	TAA	108
Dexi5A01G0021420.2	TAA	108
Dexi5A01G0032100.1	TAG	114
Dexi3A01G0031880.1	TAA	1259
Dexi9A01G0035610.1	TAG	135
Dexi2A01G0019020.1	TAA	3644
Dexi2B01G0030430.1	TGA	103
Dexi3B01G0009610.2	TGA	70
Dexi7A01G0024200.1	TAA	207
Dexi6A01G0007220.1	TAA	54
Dexi3A01G0018200.1	TGA	234
Dexi7A01G0011680.1	TGA	117
Dexi4A01G0011650.1	TGA	21
Dexi3B01G0023840.2	TAG	104
Dexi1A01G0011860.1	TGA	97
Dexi6A01G0021360.1	TGA	192
Dexi9A01G0010720.2	TAA	29
Dexi9A01G0010720.1	TAA	29
Dexi5A01G0033640.1	TAG	16
Dexi7A01G0023350.1	TGA	5022
Dexi1B01G0007550.1	TGA	198
Dexi3A01G0024360.1	TGA	135
Dexi5B01G0024810.1	TGA	129
Dexi3B01G0031170.1	TGA	57
Dexi5B01G0037050.1	TAA	102
Dexi5A01G0016680.1	TAA	42
Dexi5B01G0005180.1	TGA	4442
Dexi3B01G0027680.1	TAA	1967
Dexi4B01G0021450.1	TAG	165
Dexi9A01G0032890.1	TGA	22
Dexi3B01G0007840.1	TAG	12
Dexi3B01G0010140.1	TAG	139
Dexi6B01G0004810.1	TAA	105
Dexi5B01G0032440.1	TGA	24
Dexi2B01G0017360.1	TAA	72
Dexi5A01G0039540.1	TGA	549
Dexi5A01G0035200.1	TAG	725
Dexi2A01G0035240.1	TGA	285
Dexi2B01G0022530.1	TGA	639
Dexi2A01G0005290.1	TGA	381
Dexi9A01G0002500.1	TAA	375
Dexi9A01G0011960.1	TAA	29
Dexi5A01G0036740.1	TAG	237
Dexi9A01G0023360.1	TGA	150
DexiUA01G0012330.1	TAG	1553
Dexi8A01G0015970.1	TGA	45
DexiUA01G0015780.1	TGA	57
Dexi1B01G0009750.1	TGA	433
Dexi6B01G0010750.1	TAG	17
Dexi5A01G0019030.1	TAG	205
Dexi5A01G0021220.1	TAG	62
Dexi3B01G0031090.1	TGA	30
Dexi9B01G0004230.1	TGA	323
Dexi5B01G0000350.1	TGA	221
Dexi9B01G0011990.1	TAA	288
DexiUA01G0015570.1	TGA	3
Dexi5B01G0039400.1	TAA	33
Dexi1B01G0010170.1	TAG	231
Dexi8A01G0013400.1	TGA	9
Dexi8B01G0008050.1	TGA	129
Dexi5B01G0033810.1	TAG	20
Dexi2A01G0004240.1	TAA	660
Dexi3A01G0032640.1	TAA	46
Dexi3A01G0007350.1	TGA	444
Dexi2A01G0015180.1	TAG	312
Dexi9A01G0032910.1	TGA	2886
Dexi2B01G0030660.1	TAG	171
Dexi9B01G0021730.1	TGA	52
Dexi3B01G0027900.1	TAG	150
Dexi5B01G0018510.1	TGA	8
Dexi6A01G0012790.1	TAG	3
Dexi2A01G0021660.1	TAG	36
Dexi1A01G0024060.1	TAG	354
Dexi5A01G0021210.1	TGA	45
Dexi2B01G0013650.1	TAA	264
Dexi2B01G0030970.1	TAA	25
Dexi7B01G0024170.1	TGA	129
Dexi9B01G0010260.1	TAA	27
Dexi1A01G0017830.1	TAG	264
Dexi7A01G0018020.1	TGA	42
Dexi6B01G0014890.1	TGA	187
Dexi9A01G0028790.1	TGA	147
Dexi9B01G0031740.1	TAG	147
Dexi2A01G0001690.1	TAA	54
Dexi4A01G0016090.1	TAA	525
Dexi7A01G0010420.1	TGA	273
Dexi2B01G0033930.1	TGA	32
Dexi3B01G0011890.1	TGA	411
Dexi9B01G0024940.1	TGA	81
Dexi3B01G0004000.1	TGA	134
Dexi4B01G0014820.1	TGA	3
Dexi4A01G0024370.1	TGA	310
Dexi5A01G0030320.1	TGA	123
Dexi5A01G0006480.1	TGA	45
Dexi2A01G0018730.1	TGA	6
Dexi9A01G0041920.1	TAA	132
Dexi4B01G0018420.1	TGA	46
DexiUA01G0009050.1	TGA	75
Dexi9A01G0026270.1	TGA	6
Dexi7A01G0005520.1	TAG	1134
Dexi2A01G0015560.1	TAG	3251
Dexi2B01G0010830.1	TAA	264
Dexi1B01G0014850.1	TGA	59
Dexi1A01G0030230.1	TGA	72
Dexi9B01G0018680.1	TGA	793
Dexi9B01G0002360.1	TGA	4026
Dexi1A01G0010950.1	TAA	157
Dexi2B01G0023100.1	TGA	44
Dexi8A01G0013090.1	TAA	186
Dexi5A01G0008240.1	TGA	46
Dexi4B01G0023690.1	TGA	76
Dexi4B01G0023690.2	TGA	76
Dexi6A01G0016960.1	TAA	629
Dexi8B01G0014610.1	TAG	177
Dexi1A01G0028240.1	TAA	300
Dexi1A01G0015980.1	TGA	38
DexiUA01G0006400.1	TAG	192
Dexi8B01G0012450.1	TAA	195
Dexi9A01G0023470.1	TAG	327
Dexi9A01G0004220.1	TAG	104
Dexi8A01G0004380.1	TGA	57
Dexi9B01G0015000.1	TGA	1017
Dexi2B01G0034410.1	TGA	105
Dexi5B01G0004070.1	TGA	18
Dexi6B01G0009860.1	TGA	33
Dexi3B01G0017050.1	TGA	123
Dexi3B01G0026530.1	TAA	44
Dexi3B01G0026980.1	TGA	105
Dexi2A01G0027950.1	TGA	9
Dexi5B01G0016620.1	TGA	219
Dexi5A01G0016310.1	TGA	219
Dexi7B01G0002800.1	TGA	119
Dexi5B01G0023790.1	TAA	9
Dexi4A01G0012790.1	TGA	5
Dexi5A01G0031990.1	TAG	131
Dexi1A01G0030300.1	TGA	480
Dexi4B01G0006020.1	TGA	18
Dexi2B01G0011780.1	TGA	1197
Dexi2A01G0005330.1	TGA	36
Dexi7B01G0002450.1	TGA	51
Dexi9B01G0044770.1	TAG	246
Dexi8B01G0014180.1	TGA	45
Dexi3B01G0027190.1	TAG	214
Dexi5A01G0014730.1	TGA	10941
Dexi2B01G0018930.1	TGA	55
Dexi5B01G0034460.1	TGA	16
DexiUA01G0004820.1	TAA	192
Dexi2B01G0029830.1	TGA	153
Dexi6A01G0013870.1	TGA	915
Dexi9B01G0043710.1	TGA	218
Dexi6A01G0016580.1	TAG	227
Dexi5B01G0039210.1	TAA	363
Dexi8B01G0000760.1	TGA	38
Dexi5A01G0018400.1	TGA	87
Dexi9B01G0016370.1	TAA	81
Dexi7B01G0012010.1	TGA	174
Dexi5A01G0012460.1	TGA	174
Dexi5A01G0010170.1	TGA	6
DexiUA01G0009240.1	TGA	47
DexiUA01G0027310.1	TGA	36
Dexi9B01G0045100.1	TGA	261
Dexi1B01G0010050.1	TAA	1434
Dexi6A01G0006610.1	TGA	45
Dexi9A01G0037430.1	TAA	588
Dexi9A01G0036420.1	TGA	411
Dexi3B01G0018680.1	TGA	108
Dexi6A01G0001010.1	TGA	618
Dexi2A01G0018530.1	TAA	72
Dexi2A01G0010990.1	TGA	53
Dexi2B01G0012090.1	TGA	6
Dexi8A01G0012920.1	TGA	72
Dexi3A01G0022310.2	TAG	32
Dexi1B01G0005420.1	TAG	180
DexiUA01G0027600.1	TAA	1131
Dexi5A01G0013670.1	TAG	50
Dexi1B01G0027240.1	TAA	300
Dexi9A01G0022320.1	TGA	52
Dexi5A01G0029230.1	TAG	105
Dexi9B01G0015380.1	TAG	66
Dexi2B01G0010860.1	TAG	136
DexiUA01G0020820.1	TGA	609
Dexi9B01G0035410.1	TGA	260
Dexi9B01G0006500.1	TGA	198
Dexi2A01G0013480.1	TAA	564
Dexi9A01G0037770.1	TAA	618
Dexi7A01G0023560.1	TGA	44
Dexi2B01G0000330.1	TGA	9
Dexi6A01G0016850.2	TGA	133
Dexi6B01G0019860.1	TGA	6
Dexi5B01G0035010.1	TGA	6
Dexi1B01G0009570.1	TAG	241
Dexi8B01G0010370.1	TGA	400
Dexi3B01G0008450.1	TGA	129
Dexi5A01G0008130.1	TAG	111
Dexi2A01G0012750.1	TAG	162
DexiUA01G0018090.1	TGA	384
Dexi1B01G0016670.1	TAG	264
Dexi3B01G0011560.1	TGA	114
Dexi8B01G0002190.1	TAG	81
Dexi9B01G0004820.1	TAG	24
Dexi5B01G0001330.1	TAA	21
Dexi7A01G0011220.1	TGA	174
Dexi3B01G0008330.1	TGA	3
Dexi3B01G0018720.1	TGA	1790
DexiUA01G0022710.1	TAA	194
Dexi1B01G0013140.1	TAG	5555
Dexi2B01G0013770.1	TAG	360
Dexi3A01G0016600.1	TAG	303
Dexi7B01G0006730.1	TAG	108
Dexi9A01G0017630.1	TGA	56
Dexi7B01G0013900.1	TGA	1197
Dexi3A01G0008570.1	TGA	60
Dexi9A01G0036750.1	TGA	41
