DTIU001317-RA	TAA	0
DTIU001734-RA	TGA	0
DTIU002132-RA	TAA	0
DTIU002228-RA	TAG	0
DTIU002241-RA	TAG	0
DTIU002555-RA	TGA	0
DTIU002655-RA	TAA	0
DTIU004168-RA	TAA	0
DTIU004177-RA	TAA	0
DTIU004343-RA	TAG	0
DTIU005404-RA	TGA	0
DTIU005504-RA	TAA	0
DTIU005669-RA	TAA	0
DTIU005675-RA	TAA	0
DTIU006100-RA	TAA	0
DTIU007199-RA	TAG	0
DTIU008142-RA	TAA	0
DTIU008567-RA	TAG	0
DTIU008570-RA	TAA	0
DTIU009567-RA	TAA	0
DTIU010533-RA	TAA	0
DTIU011311-RA	TAA	0
DTIU011341-RA	TAA	0
DTIU011426-RA	TAA	0
DTIU012402-RA	TAA	0
DTIU012412-RA	TGA	0
DTIU012437-RA	TGA	0
DTIU012821-RA	TGA	0
DTIU012857-RA	TAG	0
DTIU013355-RA	TGA	0
DTIU013356-RA	TGA	0
DTIU013592-RA	TAA	0
DTIU013848-RA	TAA	0
DTIU014102-RA	TAA	0
DTIU014335-RA	TGA	0
DTIU014342-RA	TGA	0
DTIU014685-RA	TAG	0
DTIU014723-RA	TGA	0
DTIU014731-RA	TAG	0
DTIU015036-RA	TGA	0
DTIU015232-RA	TGA	0
DTIU015262-RA	TAA	0
DTIU015485-RA	TGA	0
DTIU015511-RA	TAA	0
DTIU015560-RA	TAA	0
DTIU015770-RA	TAA	0
DTIU015870-RA	TAA	0
DTIU015875-RA	TAG	0
DTIU016226-RA	TAG	0
DTIU016257-RA	TGA	0
DTIU016360-RA	TAA	0
DTIU016361-RA	TAA	0
DTIU016432-RA	TAG	0
DTIU016555-RA	TAA	0
DTIU016636-RA	TAA	0
DTIU016791-RA	TAA	0
DTIU016800-RA	TAA	0
DTIU016841-RA	TAA	0
DTIU016849-RA	TGA	0
DTIU016856-RA	TAA	0
DTIU016864-RA	TGA	0
DTIU016927-RA	TAA	0
DTIU016936-RA	TAG	0
DTIU016943-RA	TAA	0
DTIU016953-RA	TGA	0
DTIU017036-RA	TGA	0
DTIU017038-RA	TGA	0
DTIU017065-RA	TGA	0
DTIU017277-RA	TAA	0
DTIU017279-RA	TAA	0
DTIU017417-RA	TGA	0
DTIU017445-RA	TAA	0
DTIU017459-RA	TAA	0
DTIU017506-RA	TAA	0
DTIU017520-RA	TGA	0
DTIU017550-RA	TGA	0
DTIU017559-RA	TAA	0
DTIU017717-RA	TAA	0
DTIU017719-RA	TAA	0
DTIU017769-RA	TAA	0
DTIU017788-RA	TGA	0
DTIU017797-RA	TGA	0
DTIU017837-RA	TGA	0
DTIU017851-RA	TGA	0
DTIU017882-RA	TAG	0
DTIU017887-RA	TAA	0
DTIU017950-RA	TAG	0
DTIU017957-RA	TAA	0
DTIU018037-RA	TGA	0
DTIU018040-RA	TGA	0
DTIU018047-RA	TAA	0
DTIU018076-RA	TAA	0
DTIU018080-RA	TAA	0
DTIU018133-RA	TGA	0
DTIU018150-RA	TAA	0
DTIU018181-RA	TGA	0
DTIU018191-RA	TAA	0
DTIU018239-RA	TAA	0
DTIU018316-RA	TAG	0
DTIU018343-RA	TAA	0
DTIU018356-RA	TGA	0
DTIU018363-RA	TAA	0
DTIU018455-RA	TAG	0
DTIU018490-RA	TAG	0
DTIU018541-RA	TAA	0
DTIU018545-RA	TAA	0
DTIU018573-RA	TGA	0
DTIU018587-RA	TAA	0
DTIU018620-RA	TAG	0
DTIU018647-RA	TAG	0
DTIU018665-RA	TAA	0
DTIU018666-RA	TAG	0
DTIU018770-RA	TAA	0
DTIU018798-RA	TAG	0
DTIU018808-RA	TGA	0
DTIU018809-RA	TAA	0
DTIU018812-RA	TAA	0
DTIU018814-RA	TAA	0
DTIU018841-RA	TAG	0
DTIU018872-RA	TAA	0
DTIU018898-RA	TAA	0
DTIU018901-RA	TAG	0
DTIU018905-RA	TAG	0
DTIU018912-RA	TAA	0
DTIU018917-RA	TAG	0
DTIU018956-RA	TGA	0
DTIU018974-RA	TAG	0
DTIU018977-RA	TAA	0
DTIU018982-RA	TAA	0
DTIU018983-RA	TAA	0
DTIU018986-RA	TAG	0
DTIU013435-RA	TAA	378
DTIU018240-RA	TGA	306
DTIU014909-RA	TGA	105
DTIU000898-RA	TAG	258
DTIU015934-RA	TGA	255
DTIU001574-RA	TGA	1176
DTIU018397-RA	TAG	33
DTIU018943-RA	TGA	44
DTIU003489-RA	TGA	1053
DTIU018412-RA	TAG	18
DTIU018958-RA	TGA	21
DTIU012561-RA	TAA	48
DTIU018904-RA	TAA	153
DTIU003943-RA	TAA	498
DTIU007475-RA	TGA	708
DTIU006704-RA	TGA	708
DTIU015752-RA	TGA	62
DTIU006721-RA	TGA	360
DTIU006729-RA	TGA	708
