TraesWEE_scaffold_063158_01G000300.1	TAG	2
TraesWEE_scaffold_041034_01G000100.1	TAG	1
TraesWEE_scaffold_120192_01G000100.1	TGA	1
TraesWEE_scaffold_178627_01G000100.1	TAA	2
TraesWEE_scaffold_020684_01G000200.1	TAA	2
TraesWEE_scaffold_005640_01G000300.1	TGA	1
TraesWEE_scaffold_007068_01G000100.1	TGA	1
TraesWEE_scaffold_093041_01G000100.1	TGA	2
TraesWEE_scaffold_015183_01G000500.1	TGA	1
TraesWEE_scaffold_002894_01G000200.1	TAG	1
TraesWEE_scaffold_026467_01G000800.1	TAA	1
TraesWEE_scaffold_025589_01G000200.1	TAG	1
TraesWEE_scaffold_006567_01G000200.1	TAG	1
TraesWEE_scaffold_021605_01G000100.1	TGA	1
TraesWEE_scaffold_007445_01G000200.1	TGA	1
TraesWEE_scaffold_073595_01G000200.1	TGA	2
TraesWEE_scaffold_065308_01G000200.1	TGA	1
TraesWEE_scaffold_027447_01G000200.1	TGA	2
TraesWEE_scaffold_006717_01G000400.1	TGA	1
TraesWEE_scaffold_214652_01G000100.1	TAG	1
TraesWEE_scaffold_084499_01G000500.1	TGA	2
TraesWEE_scaffold_089642_01G000200.1	TAA	2
TraesWEE_scaffold_008210_01G000100.1	TGA	1
TraesWEE_scaffold_792805_01G000100.1	TAG	1
TraesWEE_scaffold_034877_01G000100.1	TAG	2
TraesWEE_scaffold_168774_01G000100.1	TGA	2
TraesWEE_scaffold_065378_01G000200.1	TGA	2
TraesWEE_scaffold_297469_01G000100.1	TAG	2
TraesWEE_scaffold_014371_01G000200.1	TGA	2
TraesWEE_scaffold_1154837_01G000100.1	TGA	2
TraesWEE_scaffold_018964_01G000200.1	TGA	1
TraesWEE_scaffold_228560_01G000100.1	TGA	1
TraesWEE_scaffold_056229_01G000600.1	TAG	2
TraesWEE_scaffold_081361_01G000200.1	TAG	2
TraesWEE_scaffold_007783_01G000100.1	TGA	1
TraesWEE_scaffold_188384_01G000100.1	TAA	1
TraesWEE_scaffold_106027_01G000100.1	TGA	1
TraesWEE_scaffold_058156_01G000400.1	TGA	2
TraesWEE_scaffold_026090_01G000200.1	TAA	1
TraesWEE_scaffold_043293_01G000300.1	TAG	2
TraesWEE_scaffold_038616_01G000300.1	TAG	2
TraesWEE_scaffold_003359_01G000300.1	TGA	2
TraesWEE_scaffold_113432_01G000100.1	TAG	1
TraesWEE_scaffold_761158_01G000100.1	TAG	1
TraesWEE_scaffold_060206_01G000100.1	TAA	2
TraesWEE_scaffold_042578_01G000100.1	TGA	1
TraesWEE_scaffold_026773_01G000500.1	TGA	1
TraesWEE_scaffold_045966_01G000200.1	TAA	1
TraesWEE_scaffold_1152280_01G000100.1	TGA	2
TraesWEE_scaffold_016269_01G000600.1	TAA	2
TraesWEE_scaffold_021614_01G000100.1	TAG	2
TraesWEE_scaffold_064697_01G000100.1	TGA	2
TraesWEE_scaffold_006548_01G000700.1	TAA	2
TraesWEE_scaffold_009914_01G000200.1	TAA	1
TraesWEE_scaffold_035601_01G000200.1	TGA	1
TraesWEE_scaffold_181381_01G000100.1	TGA	1
TraesWEE_scaffold_006316_01G000500.1	TGA	1
TraesWEE_scaffold_007116_01G000200.1	TGA	2
TraesWEE_scaffold_044367_01G000400.1	TAG	1
TraesWEE_scaffold_052191_01G000400.1	TGA	1
TraesWEE_scaffold_040903_01G000200.1	TGA	2
TraesWEE_scaffold_402615_01G000100.1	TGA	2
TraesWEE_scaffold_077350_01G000100.1	TGA	1
TraesWEE_scaffold_004665_01G000400.1	TAG	2
TraesWEE_scaffold_030625_01G000300.1	TAG	2
TraesWEE_scaffold_089102_01G000100.1	TAA	2
TraesWEE_scaffold_035929_01G000100.1	TGA	1
TraesWEE_scaffold_013793_01G000300.1	TAG	1
TraesWEE_scaffold_136397_01G000200.1	TGA	1
TraesWEE_scaffold_071891_01G000100.1	TGA	2
TraesWEE_scaffold_010621_01G000100.1	TGA	1
TraesWEE_scaffold_121922_01G000200.1	TGA	1
TraesWEE_scaffold_074951_01G000200.1	TAG	1
TraesWEE_scaffold_003467_01G000300.1	TGA	1
TraesWEE_scaffold_121697_01G000100.1	TGA	1
TraesWEE_scaffold_115027_01G000200.1	TGA	1
TraesWEE_scaffold_130031_01G000100.1	TGA	1
TraesWEE_scaffold_038419_01G000100.1	TGA	2
TraesWEE_scaffold_044150_01G000100.1	TAA	1
TraesWEE_scaffold_044146_01G000200.1	TGA	1
TraesWEE_scaffold_026090_01G000100.1	TAA	1
TraesWEE_scaffold_014354_01G000100.1	TAA	1
TraesWEE_scaffold_066150_01G000200.1	TAG	2
TraesWEE_scaffold_072207_01G000200.1	TAA	1
TraesWEE_scaffold_065178_01G000100.1	TGA	2
TraesWEE_scaffold_089334_01G000400.1	TGA	1
TraesWEE_scaffold_049420_01G000300.1	TAG	1
TraesWEE_scaffold_068465_01G000100.1	TAG	2
TraesWEE_scaffold_091135_01G000200.1	TAA	1
TraesWEE_scaffold_121065_01G000200.1	TGA	2
TraesWEE_scaffold_164060_01G000100.1	TGA	1
TraesWEE_scaffold_034253_01G000200.1	TAG	1
TraesWEE_scaffold_037694_01G000100.1	TAA	1
TraesWEE_scaffold_093754_01G000400.1	TAG	1
TraesWEE_scaffold_008824_01G000200.1	TAG	2
TraesWEE_scaffold_013987_01G000100.1	TGA	1
TraesWEE_scaffold_019220_01G000200.1	TGA	2
TraesWEE_scaffold_251742_01G000100.1	TAG	1
TraesWEE_scaffold_071012_01G000400.1	TGA	2
TraesWEE_scaffold_113867_01G000200.1	TGA	2
TraesWEE_scaffold_011115_01G000100.1	TGA	1
TraesWEE_scaffold_011207_01G000300.1	TGA	1
TraesWEE_scaffold_020925_01G000100.1	TGA	1
