TraesCAD_scaffold_132975_01G000100.1	TAA	2
TraesCAD_scaffold_019150_01G000100.1	TGA	1
TraesCAD_scaffold_279316_01G000100.1	TAA	1
TraesCAD_scaffold_002406_01G000100.1	TAA	1
TraesCAD_scaffold_031653_01G000300.1	TAG	2
TraesCAD_scaffold_018352_01G000300.1	TAG	2
TraesCAD_scaffold_008350_01G000200.1	TGA	1
TraesCAD_scaffold_041342_01G000100.1	TGA	1
TraesCAD_scaffold_054307_01G000100.1	TAG	2
TraesCAD_scaffold_118289_01G000100.1	TGA	2
TraesCAD_scaffold_066585_01G000200.1	TGA	2
TraesCAD_scaffold_011628_01G000100.1	TGA	1
TraesCAD_scaffold_233652_01G000100.1	TAA	2
TraesCAD_scaffold_018253_01G000100.1	TAA	1
TraesCAD_scaffold_841765_01G000100.1	TAA	1
TraesCAD_scaffold_122546_01G000100.1	TAA	1
TraesCAD_scaffold_003427_01G000300.1	TGA	1
TraesCAD_scaffold_034684_01G000200.1	TAG	2
TraesCAD_scaffold_041274_01G000100.1	TGA	1
TraesCAD_scaffold_118365_01G000100.1	TAA	2
TraesCAD_scaffold_122311_01G000100.1	TAG	2
TraesCAD_scaffold_035770_01G000100.1	TGA	1
TraesCAD_scaffold_193126_01G000100.1	TAG	2
TraesCAD_scaffold_004347_01G000300.1	TAA	2
TraesCAD_scaffold_033823_01G000400.1	TGA	2
TraesCAD_scaffold_073309_01G000200.1	TGA	1
TraesCAD_scaffold_053313_01G000100.1	TGA	2
TraesCAD_scaffold_015354_01G000200.1	TGA	1
TraesCAD_scaffold_027127_01G000400.1	TAG	1
TraesCAD_scaffold_060388_01G000100.1	TGA	2
TraesCAD_scaffold_182620_01G000100.1	TGA	1
TraesCAD_scaffold_088983_01G000200.1	TAG	1
TraesCAD_scaffold_080171_01G000100.1	TGA	1
TraesCAD_scaffold_028675_01G000600.1	TGA	2
TraesCAD_scaffold_068550_01G000100.1	TGA	2
TraesCAD_scaffold_065097_01G000200.1	TGA	2
TraesCAD_scaffold_053000_01G000100.1	TGA	2
TraesCAD_scaffold_035461_01G000100.1	TAG	2
TraesCAD_scaffold_065560_01G000100.1	TGA	1
TraesCAD_scaffold_014639_01G000600.1	TGA	1
TraesCAD_scaffold_105394_01G000100.1	TGA	2
TraesCAD_scaffold_029933_01G000300.1	TGA	1
TraesCAD_scaffold_101281_01G000100.1	TGA	2
TraesCAD_scaffold_076510_01G000100.1	TGA	2
TraesCAD_scaffold_033810_01G000100.1	TGA	2
TraesCAD_scaffold_033901_01G000100.1	TAG	2
TraesCAD_scaffold_025412_01G000700.1	TGA	1
TraesCAD_scaffold_011585_01G000500.1	TGA	2
TraesCAD_scaffold_000262_01G000400.1	TGA	1
TraesCAD_scaffold_009388_01G000400.1	TGA	2
TraesCAD_scaffold_020011_01G000200.1	TAA	2
TraesCAD_scaffold_025592_01G000600.1	TGA	2
TraesCAD_scaffold_001383_01G000300.1	TGA	1
TraesCAD_scaffold_036974_01G000200.1	TAA	1
TraesCAD_scaffold_047734_01G000100.1	TAG	2
TraesCAD_scaffold_014292_01G000100.1	TGA	2
TraesCAD_scaffold_005197_01G000200.1	TGA	1
TraesCAD_scaffold_020559_01G000100.1	TAG	2
TraesCAD_scaffold_045667_01G000200.1	TGA	1
TraesCAD_scaffold_050510_01G000100.1	TGA	2
TraesCAD_scaffold_032327_01G000100.1	TGA	1
TraesCAD_scaffold_022221_01G000100.1	TGA	1
TraesCAD_scaffold_130409_01G000100.1	TAG	2
TraesCAD_scaffold_044091_01G000100.1	TGA	2
TraesCAD_scaffold_047933_01G000400.1	TAG	2
TraesCAD_scaffold_003277_01G000400.1	TAA	1
TraesCAD_scaffold_013917_01G000300.1	TGA	1
TraesCAD_scaffold_001489_01G000900.1	TGA	1
TraesCAD_scaffold_057984_01G000100.1	TGA	1
TraesCAD_scaffold_011337_01G000400.1	TAG	1
TraesCAD_scaffold_057541_01G000200.1	TGA	2
TraesCAD_scaffold_029979_01G000100.1	TAG	2
TraesCAD_scaffold_022967_01G000200.1	TGA	1
TraesCAD_scaffold_007114_01G000400.1	TGA	2
TraesCAD_scaffold_084062_01G000100.1	TAG	1
TraesCAD_scaffold_039740_01G000200.1	TAG	1
TraesCAD_scaffold_005406_01G000800.1	TGA	1
TraesCAD_scaffold_018001_01G000100.1	TAA	2
TraesCAD_scaffold_025875_01G000200.1	TAA	2
TraesCAD_scaffold_048600_01G000100.1	TGA	1
TraesCAD_scaffold_064180_01G000200.1	TAG	2
TraesCAD_scaffold_028981_01G000200.1	TGA	2
TraesCAD_scaffold_023341_01G000100.1	TGA	1
TraesCAD_scaffold_068120_01G000100.1	TAA	2
TraesCAD_scaffold_051388_01G000200.1	TGA	1
TraesCAD_scaffold_036196_01G001100.1	TGA	2
TraesCAD_scaffold_008348_01G000400.1	TAA	2
TraesCAD_scaffold_000889_01G000500.1	TGA	2
TraesCAD_scaffold_004818_01G000400.1	TGA	1
TraesCAD_scaffold_012112_01G000100.1	TGA	1
TraesCAD_scaffold_014850_01G000200.1	TAG	2
TraesCAD_scaffold_177419_01G000100.1	TAG	2
TraesCAD_scaffold_102872_01G000300.1	TGA	1
TraesCAD_scaffold_034429_01G000100.1	TGA	1
TraesCAD_scaffold_021633_01G000300.1	TGA	2
TraesCAD_scaffold_006532_01G000100.1	TAA	1
TraesCAD_scaffold_091292_01G000200.1	TAA	1
TraesCAD_scaffold_028237_01G000100.1	TAA	2
TraesCAD_scaffold_038188_01G000300.1	TAA	1
TraesCAD_scaffold_024262_01G000500.1	TAG	2
TraesCAD_scaffold_057255_01G000100.1	TAG	2
TraesCAD_scaffold_003807_01G000200.1	TGA	2
TraesCAD_scaffold_008831_01G000400.1	TGA	1
TraesCAD_scaffold_048017_01G000100.1	TAG	1
TraesCAD_scaffold_158454_01G000100.1	TAA	1
TraesCAD_scaffold_463357_01G000100.1	TAA	1
TraesCAD_scaffold_074181_01G000300.1	TAA	2
TraesCAD_scaffold_028340_01G000100.1	TGA	2
TraesCAD_scaffold_974679_01G000100.1	TAA	2
TraesCAD_scaffold_010923_01G000100.1	TAA	2
TraesCAD_scaffold_052301_01G000500.1	TAG	2
