TraesTSP2A01G203900.1	TAG	2
TraesTSP4A01G291100.1	TGA	1
TraesTSP6B01G251200.1	TGA	2
TraesTSP1A01G048700.1	TGA	1
TraesTSP3B01G062200.1	TGA	2
TraesTSP4A01G491300.1	TAG	1
TraesTSP3D01G358100.1	TAA	1
TraesTSP6D01G190600.1	TGA	2
TraesTSP6B01G363800.1	TGA	1
TraesTSP2A01G472300.1	TGA	1
TraesTSP2B01G302500.1	TAG	2
TraesTSP1B01G491800.1	TGA	1
TraesTSP5A01G267400.1	TGA	2
TraesTSP2D01G602600.1	TGA	1
TraesTSP5D01G128200.1	TGA	2
TraesTSP6A01G052500.1	TAA	2
TraesTSP5A01G074400.1	TGA	1
TraesTSP7B01G137100.1	TGA	2
TraesTSP6A01G043100.1	TAG	2
TraesTSP1A01G036500.1	TGA	1
TraesTSP5B01G594300.1	TGA	2
TraesTSP5A01G583200.1	TGA	1
TraesTSP7B01G418300.1	TAA	2
TraesTSP7D01G178800.1	TAG	1
TraesTSP5B01G593700.1	TAA	1
TraesTSP7B01G090200.1	TAA	2
TraesTSP7D01G218500.1	TAG	1
TraesTSP2A01G257000.1	TGA	2
TraesTSP1D01G109500.1	TGA	1
TraesTSP7A01G437800.1	TAG	2
TraesTSP4A01G477100.1	TAA	2
TraesTSP7B01G501400.1	TAG	1
TraesTSP6D01G299000.1	TAA	2
TraesTSP6D01G301100.1	TAA	2
TraesTSP1A01G049300.1	TGA	2
TraesTSP4A01G464600.1	TAG	2
TraesTSP5A01G079600.1	TAG	1
TraesTSP2B01G627200.1	TGA	1
TraesTSP5B01G594200.1	TGA	2
TraesTSP4A01G526600.1	TAA	2
TraesTSP2B01G534900.1	TGA	2
TraesTSP4A01G121100.1	TGA	1
TraesTSP1D01G052900.1	TGA	2
TraesTSP5B01G419700.1	TAA	1
TraesTSP5B01G320900.1	TAA	2
TraesTSP2A01G264200.1	TGA	1
TraesTSP3B01G528200.1	TGA	1
TraesTSP5B01G380500.1	TAG	2
TraesTSP7D01G392200.1	TAA	2
TraesTSP1A01G371600.1	TGA	2
TraesTSP6D01G192600.1	TAA	2
TraesTSP3D01G013400.1	TGA	1
TraesTSP5B01G384000.1	TAG	1
TraesTSP1B01G022000.1	TGA	1
TraesTSP1A01G419200.1	TAG	2
TraesTSP5D01G204700.1	TAA	2
TraesTSP4A01G523700.1	TGA	1
TraesTSP3A01G194600.1	TAG	1
TraesTSP7B01G023100.1	TAG	2
TraesTSP3B01G140500.1	TGA	2
TraesTSP5B01G365200.1	TGA	1
TraesTSP7D01G156300.1	TGA	1
TraesTSP4B01G157800.1	TGA	1
TraesTSP1B01G433300.1	TGA	1
TraesTSP3B01G253400.1	TAA	2
TraesTSP7B01G072100.1	TAG	1
TraesTSP7A01G034000.1	TGA	2
TraesTSP1D01G377800.1	TAA	2
TraesTSP7A01G114900.1	TGA	2
TraesTSP2A01G558500.1	TGA	2
TraesTSP5B01G594500.1	TGA	2
TraesTSP7A01G060000.1	TAG	1
TraesTSP3D01G511600.1	TGA	2
TraesTSP5B01G043000.1	TAG	1
TraesTSP3D01G083100.1	TGA	1
TraesTSP3D01G524600.1	TAG	2
TraesTSP1D01G411300.1	TGA	2
TraesTSP5A01G115000.1	TAA	2
TraesTSP6B01G242400.1	TGA	2
TraesTSP6D01G000100.1	TGA	1
TraesTSP6B01G018800.1	TGA	1
TraesTSP1A01G430900.1	TGA	2
TraesTSP7A01G380300.1	TGA	1
TraesTSP5A01G038400.1	TAG	2
TraesTSP4B01G266100.1	TAG	2
TraesTSP3D01G313900.1	TAG	2
TraesTSP3A01G054300.1	TAG	2
TraesTSP1B01G489900.1	TGA	1
TraesTSP3B01G225000.1	TAG	1
TraesTSP6A01G067100.1	TGA	2
TraesTSP6D01G045700.1	TGA	1
TraesTSP2D01G615800.1	TAA	1
TraesTSP4B01G207000.1	TAG	2
TraesTSP2A01G134400.1	TGA	2
TraesTSP4A01G427900.1	TAA	2
TraesTSP2B01G629300.1	TGA	2
TraesTSP4A01G503800.1	TAA	2
TraesTSP2A01G516900.1	TGA	2
TraesTSP2B01G267500.1	TAA	1
TraesTSP6A01G168300.1	TAG	2
TraesTSP3B01G561000.1	TGA	1
TraesTSP1B01G382000.1	TGA	2
TraesTSP5B01G594400.1	TGA	2
TraesTSP6B01G029100.1	TGA	1
TraesTSP7D01G021600.1	TGA	2
TraesTSP2D01G007600.1	TAA	1
TraesTSP2B01G620800.1	TGA	2
TraesTSP6B01G472900.1	TGA	2
TraesTSP7B01G131600.1	TAA	2
TraesTSP1A01G351100.1	TAG	2
TraesTSP5B01G419900.1	TAA	1
TraesTSP3B01G599600.1	TGA	2
TraesTSP5A01G147500.1	TAA	1
TraesTSP1A01G344500.1	TAG	1
TraesTSP4B01G274300.1	TAG	2
TraesTSP6A01G285400.1	TAA	2
TraesTSP1D01G137200.1	TAA	2
TraesTSP5B01G374500.1	TGA	2
TraesTSP1A01G464300.1	TGA	1
TraesTSP7A01G330400.1	TGA	2
TraesTSP7B01G072300.1	TGA	1
TraesTSP4A01G422100.1	TGA	2
TraesTSP5A01G243100.1	TAG	2
TraesTSP2D01G034900.1	TGA	1
TraesTSP5A01G232400.1	TAG	1
TraesTSP1A01G418200.1	TAG	1
TraesTSP7A01G593700.1	TAG	1
TraesTSP1A01G015100.1	TGA	2
TraesTSP7A01G554600.1	TGA	2
TraesTSP2D01G165200.1	TAG	1
TraesTSP2A01G427500.1	TAG	2
TraesTSP2B01G100800.1	TGA	2
TraesTSP5A01G332200.1	TGA	1
TraesTSP3A01G452700.1	TAG	2
TraesTSP1B01G288100.1	TGA	2
TraesTSP3A01G386700.1	TGA	1
TraesTSP3A01G052600.1	TGA	2
TraesTSP6B01G042100.1	TAG	2
TraesTSP1A01G370700.1	TGA	2
TraesTSP3D01G314800.1	TGA	1
TraesTSP7A01G405500.1	TGA	2
TraesTSP7D01G443200.1	TAG	1
TraesTSP6A01G314800.1	TAG	2
TraesTSP4B01G359900.1	TAG	1
TraesTSP6A01G091100.1	TGA	2
TraesTSP4A01G381200.1	TAG	1
TraesTSP6D01G080000.1	TAG	2
TraesTSP3B01G290400.1	TGA	2
TraesTSP2D01G413900.1	TAA	2
TraesTSP3B01G368500.1	TAG	2
TraesTSP5D01G424600.1	TAA	1
TraesTSP7B01G533400.1	TGA	2
TraesTSP2D01G540000.1	TAG	2
TraesTSP7B01G385000.1	TAA	2
TraesTSP7A01G574300.1	TGA	2
TraesTSP2B01G169200.1	TAG	2
TraesTSP2A01G472100.1	TGA	1
TraesTSP5A01G376600.1	TGA	1
TraesTSP5D01G376500.1	TGA	2
TraesTSP5B01G595800.1	TAA	1
TraesTSP3D01G497100.1	TAG	1
TraesTSP3A01G506100.1	TAA	1
TraesTSP3D01G531400.1	TGA	2
TraesTSP2A01G051500.1	TGA	2
TraesTSP3D01G083800.1	TGA	1
TraesTSP5A01G442900.1	TAG	2
TraesTSP4A01G474600.1	TGA	2
TraesTSP1B01G465300.1	TAA	2
TraesTSP3B01G516000.1	TGA	2
TraesTSP6A01G040100.1	TGA	2
TraesTSP6A01G001000.1	TAA	2
TraesTSP5B01G620100.1	TGA	2
TraesTSP7D01G556800.1	TGA	2
TraesTSP7A01G492800.1	TGA	1
TraesTSP1D01G325600.1	TAG	1
TraesTSP7B01G193300.1	TGA	2
TraesTSP6D01G147100.1	TGA	2
TraesTSP7A01G467700.1	TAA	2
TraesTSP4B01G089700.1	TGA	2
TraesTSP5A01G128100.1	TGA	1
TraesTSP2D01G276500.1	TAA	2
TraesTSP3B01G124300.1	TAG	2
TraesTSP3B01G140400.1	TAG	1
TraesTSP2A01G472200.1	TGA	1
TraesTSP3D01G351300.1	TGA	2
TraesTSP1B01G490100.1	TGA	1
TraesTSP4B01G328500.1	TAG	2
TraesTSP4D01G260100.1	TAA	2
TraesTSP7B01G123800.1	TAG	2
TraesTSP4B01G251200.1	TGA	2
TraesTSP5B01G272000.1	TAA	1
