TraesROB_scaffold_069268_01G000200.1	TGA	2
TraesROB_scaffold_036455_01G000200.1	TAA	1
TraesROB_scaffold_047640_01G000100.1	TAA	2
TraesROB_scaffold_147018_01G000100.1	TAG	1
TraesROB_scaffold_013370_01G000300.1	TAG	2
TraesROB_scaffold_004155_01G000800.1	TGA	1
TraesROB_scaffold_140445_01G000100.1	TGA	2
TraesROB_scaffold_017521_01G000400.1	TAG	1
TraesROB_scaffold_225971_01G000100.1	TAG	2
TraesROB_scaffold_113014_01G000200.1	TGA	1
TraesROB_scaffold_328714_01G000100.1	TAA	1
TraesROB_scaffold_078381_01G000400.1	TGA	1
TraesROB_scaffold_079649_01G000100.1	TAA	1
TraesROB_scaffold_151028_01G000100.1	TAA	2
TraesROB_scaffold_027870_01G000100.1	TGA	1
TraesROB_scaffold_010403_01G000100.1	TGA	2
TraesROB_scaffold_011925_01G000200.1	TGA	1
TraesROB_scaffold_122852_01G000200.1	TAA	2
TraesROB_scaffold_089264_01G000100.1	TAG	1
TraesROB_scaffold_008436_01G000400.1	TGA	1
TraesROB_scaffold_609393_01G000100.1	TAA	1
TraesROB_scaffold_282795_01G000100.1	TAG	1
TraesROB_scaffold_207639_01G000100.1	TGA	2
TraesROB_scaffold_058518_01G000100.1	TAG	2
TraesROB_scaffold_001010_01G000100.1	TGA	1
TraesROB_scaffold_009488_01G000800.1	TGA	2
TraesROB_scaffold_016509_01G000200.1	TGA	2
TraesROB_scaffold_087010_01G000100.1	TGA	2
TraesROB_scaffold_007444_01G000800.1	TAG	1
TraesROB_scaffold_082916_01G000300.1	TAA	2
TraesROB_scaffold_080293_01G000200.1	TAG	2
TraesROB_scaffold_077318_01G000100.1	TGA	1
TraesROB_scaffold_131831_01G000100.1	TAA	1
TraesROB_scaffold_220692_01G000100.1	TAA	2
TraesROB_scaffold_008983_01G000200.1	TAA	2
TraesROB_scaffold_519122_01G000100.1	TGA	1
TraesROB_scaffold_048470_01G000100.1	TAG	1
TraesROB_scaffold_258515_01G000100.1	TGA	2
TraesROB_scaffold_145793_01G000100.1	TAA	2
TraesROB_scaffold_088228_01G000100.1	TAA	2
TraesROB_scaffold_002539_01G000100.1	TGA	2
TraesROB_scaffold_007956_01G000100.1	TGA	1
TraesROB_scaffold_001110_01G000100.1	TGA	2
TraesROB_scaffold_048404_01G000200.1	TAG	1
TraesROB_scaffold_034514_01G000600.1	TGA	2
TraesROB_scaffold_039622_01G000100.1	TAA	2
TraesROB_scaffold_002110_01G000300.1	TGA	1
TraesROB_scaffold_044385_01G000100.1	TGA	1
TraesROB_scaffold_028219_01G000200.1	TGA	2
TraesROB_scaffold_209454_01G000100.1	TGA	1
TraesROB_scaffold_070190_01G000100.1	TGA	2
TraesROB_scaffold_022948_01G000300.1	TGA	2
TraesROB_scaffold_029325_01G000400.1	TGA	2
TraesROB_scaffold_032808_01G000100.1	TAA	2
TraesROB_scaffold_083055_01G000200.1	TGA	1
TraesROB_scaffold_026409_01G000100.1	TAG	1
TraesROB_scaffold_017323_01G000200.1	TAA	1
TraesROB_scaffold_000811_01G000300.1	TAG	2
TraesROB_scaffold_057287_01G000200.1	TGA	1
TraesROB_scaffold_090547_01G000400.1	TGA	1
TraesROB_scaffold_007699_01G000200.1	TGA	2
TraesROB_scaffold_013121_01G000100.1	TAG	2
TraesROB_scaffold_010733_01G000200.1	TGA	1
TraesROB_scaffold_070601_01G000100.1	TGA	2
TraesROB_scaffold_002748_01G001000.1	TAA	2
TraesROB_scaffold_008587_01G000100.1	TGA	1
TraesROB_scaffold_009675_01G000100.1	TAG	2
TraesROB_scaffold_028215_01G000200.1	TAA	2
TraesROB_scaffold_001623_01G000200.1	TAG	2
TraesROB_scaffold_016935_01G000400.1	TGA	1
TraesROB_scaffold_043073_01G000100.1	TAA	1
TraesROB_scaffold_010867_01G000800.1	TAG	2
TraesROB_scaffold_001240_01G001100.1	TGA	1
TraesROB_scaffold_018820_01G000100.1	TAG	1
TraesROB_scaffold_137931_01G000100.1	TGA	1
TraesROB_scaffold_015714_01G000200.1	TGA	2
TraesROB_scaffold_180722_01G000100.1	TAG	2
TraesROB_scaffold_026317_01G000800.1	TGA	2
TraesROB_scaffold_042842_01G000300.1	TAG	1
TraesROB_scaffold_112106_01G000200.1	TGA	1
TraesROB_scaffold_042553_01G000100.1	TAG	2
TraesROB_scaffold_008304_01G000100.1	TGA	2
TraesROB_scaffold_029310_01G000200.1	TGA	1
TraesROB_scaffold_000392_01G000200.1	TGA	1
TraesROB_scaffold_014505_01G000100.1	TGA	1
TraesROB_scaffold_030574_01G000300.1	TGA	2
TraesROB_scaffold_054930_01G000200.1	TAA	1
TraesROB_scaffold_051063_01G000200.1	TAG	2
TraesROB_scaffold_073838_01G000100.1	TGA	2
TraesROB_scaffold_114019_01G000100.1	TGA	1
TraesROB_scaffold_069421_01G000200.1	TGA	2
TraesROB_scaffold_012766_01G000100.1	TGA	1
TraesROB_scaffold_001306_01G000200.1	TGA	1
TraesROB_scaffold_069337_01G000100.1	TGA	1
TraesROB_scaffold_016374_01G000100.1	TAG	2
TraesROB_scaffold_145994_01G000200.1	TAA	1
TraesROB_scaffold_094492_01G000100.1	TGA	1
TraesROB_scaffold_048455_01G000900.1	TAG	2
TraesROB_scaffold_202723_01G000100.1	TAA	1
TraesROB_scaffold_883285_01G000100.1	TAG	1
TraesROB_scaffold_014029_01G000300.1	TAA	2
