ENSSOCT00000014890	TAG	207
ENSSOCT00000014906	TAG	207
ENSSOCT00000020392	TAG	1000
ENSSOCT00000000173	TGA	108
ENSSOCT00000000174	TGA	108
ENSSOCT00000000177	TAA	61
ENSSOCT00000021336	TGA	265
ENSSOCT00000004999	TGA	338
ENSSOCT00000004975	TGA	338
ENSSOCT00000009957	TGA	49
ENSSOCT00000021648	TAA	24
ENSSOCT00000004310	TAA	183
ENSSOCT00000004351	TGA	544
ENSSOCT00000004962	TGA	750
ENSSOCT00000004945	TGA	658
ENSSOCT00000013213	TGA	301
ENSSOCT00000004451	TAA	244
ENSSOCT00000008943	TAA	750
ENSSOCT00000008953	TAA	3167
ENSSOCT00000005986	TGA	244
ENSSOCT00000005991	TGA	244
ENSSOCT00000007972	TAA	571
ENSSOCT00000007938	TAA	571
ENSSOCT00000007961	TAA	571
ENSSOCT00000003107	TAA	234
ENSSOCT00000003035	TAA	234
ENSSOCT00000003053	TAA	234
ENSSOCT00000003079	TAA	234
ENSSOCT00000003063	TAA	234
ENSSOCT00000001825	TGA	1241
ENSSOCT00000006785	TGA	2050
ENSSOCT00000015559	TGA	1658
ENSSOCT00000015600	TAA	272
ENSSOCT00000014912	TGA	34
ENSSOCT00000007101	TAG	111
ENSSOCT00000021418	TAA	167
ENSSOCT00000014077	TAG	179
ENSSOCT00000014059	TAG	179
ENSSOCT00000014087	TAG	179
ENSSOCT00000000380	TGA	316
ENSSOCT00000012693	TAG	762
ENSSOCT00000001820	TGA	88
ENSSOCT00000012181	TGA	1000
ENSSOCT00000012947	TAA	1000
ENSSOCT00000012980	TGA	4264
ENSSOCT00000021961	TGA	70
ENSSOCT00000021982	TAA	786
ENSSOCT00000015479	TGA	607
ENSSOCT00000014398	TGA	1164
ENSSOCT00000014557	TGA	1164
ENSSOCT00000014534	TGA	1164
ENSSOCT00000014616	TGA	1164
ENSSOCT00000015501	TGA	1000
ENSSOCT00000004013	TGA	306
ENSSOCT00000000129	TGA	1236
ENSSOCT00000008465	TAA	682
ENSSOCT00000008466	TGA	153
ENSSOCT00000011223	TGA	287
ENSSOCT00000005944	TAG	617
ENSSOCT00000005861	TAG	617
ENSSOCT00000011242	TAG	67
ENSSOCT00000011210	TAG	481
ENSSOCT00000011059	TAG	17
ENSSOCT00000023739	TAA	518
ENSSOCT00000023743	TAA	518
ENSSOCT00000023741	TAA	518
ENSSOCT00000023735	TAA	518
ENSSOCT00000023746	TAA	518
ENSSOCT00000023745	TAA	518
ENSSOCT00000023744	TAA	518
ENSSOCT00000007541	TGA	69
ENSSOCT00000002837	TAG	62
ENSSOCT00000004232	TGA	1000
ENSSOCT00000016523	TAG	643
ENSSOCT00000010497	TAA	320
ENSSOCT00000018414	TAG	75
ENSSOCT00000022929	TGA	497
ENSSOCT00000019914	TGA	789
ENSSOCT00000018768	TGA	168
ENSSOCT00000018954	TAG	866
ENSSOCT00000018961	TAG	866
ENSSOCT00000018968	TAG	866
ENSSOCT00000006359	TGA	1540
ENSSOCT00000019921	TGA	127
ENSSOCT00000014474	TAA	189
ENSSOCT00000018729	TAA	164
ENSSOCT00000021922	TGA	2280
ENSSOCT00000012096	TAA	2543
ENSSOCT00000021930	TGA	2129
ENSSOCT00000019090	TAA	106
ENSSOCT00000014570	TAG	1219
ENSSOCT00000001126	TGA	169
ENSSOCT00000001132	TGA	169
ENSSOCT00000020961	TGA	1019
ENSSOCT00000015023	TAA	1104
ENSSOCT00000015005	TAG	3129
ENSSOCT00000015054	TGA	1000
ENSSOCT00000021623	TAA	304
ENSSOCT00000000537	TAA	1673
ENSSOCT00000000542	TAG	439
ENSSOCT00000005143	TAA	1000
ENSSOCT00000013222	TGA	2282
ENSSOCT00000011318	TGA	130
ENSSOCT00000013331	TAG	169
ENSSOCT00000009765	TAA	1341
ENSSOCT00000009857	TAA	1341
ENSSOCT00000009973	TAA	1341
ENSSOCT00000009783	TAA	1341
ENSSOCT00000009941	TAA	1341
ENSSOCT00000011279	TAG	740
ENSSOCT00000003781	TAA	319
ENSSOCT00000004687	TGA	85
ENSSOCT00000003791	TAA	313
ENSSOCT00000003686	TGA	42
ENSSOCT00000003158	TAG	297
ENSSOCT00000003160	TAG	132
ENSSOCT00000005908	TGA	1976
ENSSOCT00000006628	TAA	437
ENSSOCT00000017983	TGA	161
ENSSOCT00000019213	TAG	304
ENSSOCT00000019156	TGA	690
ENSSOCT00000019178	TGA	207
ENSSOCT00000012007	TAG	1381
ENSSOCT00000012123	TAG	60
ENSSOCT00000012139	TAG	60
ENSSOCT00000004060	TAA	123
ENSSOCT00000004466	TAG	445
ENSSOCT00000004447	TGA	165
ENSSOCT00000023002	TGA	472
ENSSOCT00000008712	TGA	37
ENSSOCT00000004601	TAA	739
ENSSOCT00000007292	TAA	2970
ENSSOCT00000004596	TGA	127
ENSSOCT00000006859	TAA	169
ENSSOCT00000012456	TAA	582
ENSSOCT00000000406	TAA	1000
ENSSOCT00000000416	TGA	91
ENSSOCT00000012847	TAA	368
ENSSOCT00000014225	TAG	78
ENSSOCT00000010326	TAA	426
ENSSOCT00000015589	TAA	300
ENSSOCT00000009363	TAG	1482
ENSSOCT00000011346	TAA	837
ENSSOCT00000005914	TAA	1692
ENSSOCT00000013546	TGA	252
ENSSOCT00000007018	TAA	1483
ENSSOCT00000007736	TGA	222
ENSSOCT00000007764	TGA	222
ENSSOCT00000015012	TAA	65
ENSSOCT00000014946	TAA	65
ENSSOCT00000014957	TAA	65
ENSSOCT00000014771	TAA	97
ENSSOCT00000014759	TAA	1482
ENSSOCT00000014763	TAA	474
ENSSOCT00000015603	TGA	825
ENSSOCT00000009079	TGA	823
ENSSOCT00000021629	TGA	1519
ENSSOCT00000021836	TGA	294
ENSSOCT00000021631	TGA	838
ENSSOCT00000010834	TAA	2563
ENSSOCT00000021161	TAG	641
ENSSOCT00000008972	TAA	122
ENSSOCT00000008985	TAA	122
ENSSOCT00000019497	TGA	1168
ENSSOCT00000003070	TAA	1808
ENSSOCT00000019545	TGA	788
ENSSOCT00000017508	TAA	1093
ENSSOCT00000023384	TGA	58
ENSSOCT00000002428	TAA	819
ENSSOCT00000002420	TAA	819
ENSSOCT00000002414	TAA	819
ENSSOCT00000009622	TAG	190
ENSSOCT00000007843	TAA	663
ENSSOCT00000009193	TGA	85
ENSSOCT00000008318	TAG	3226
ENSSOCT00000011478	TAA	96
ENSSOCT00000011487	TAA	96
ENSSOCT00000011444	TAA	481
ENSSOCT00000003700	TAA	1307
ENSSOCT00000003576	TAA	487
ENSSOCT00000022368	TGA	872
ENSSOCT00000017151	TGA	144
ENSSOCT00000017187	TAA	212
ENSSOCT00000003683	TAG	970
ENSSOCT00000003693	TAG	970
ENSSOCT00000003660	TAG	970
ENSSOCT00000003640	TAG	970
ENSSOCT00000003674	TAG	970
ENSSOCT00000003545	TAG	970
ENSSOCT00000005332	TAA	485
ENSSOCT00000005345	TAA	485
ENSSOCT00000003129	TGA	510
ENSSOCT00000003132	TAA	684
ENSSOCT00000003236	TGA	125
ENSSOCT00000020389	TGA	787
ENSSOCT00000020239	TGA	787
ENSSOCT00000006531	TAA	1113
ENSSOCT00000006886	TGA	501
ENSSOCT00000006896	TGA	501
ENSSOCT00000006860	TGA	501
ENSSOCT00000007311	TAA	919
ENSSOCT00000021375	TGA	282
ENSSOCT00000021386	TGA	282
ENSSOCT00000001531	TGA	197
ENSSOCT00000002116	TGA	820
ENSSOCT00000005367	TAA	570
ENSSOCT00000008154	TAG	73
ENSSOCT00000005366	TAG	1131
ENSSOCT00000000344	TAG	1841
ENSSOCT00000014313	TAA	1577
ENSSOCT00000001136	TAG	1000
ENSSOCT00000022010	TAA	143
ENSSOCT00000016251	TGA	3335
ENSSOCT00000016319	TAA	137
ENSSOCT00000016504	TGA	391
ENSSOCT00000016464	TGA	391
ENSSOCT00000016489	TGA	391
ENSSOCT00000010995	TAG	145
ENSSOCT00000010347	TAA	2343
ENSSOCT00000011017	TGA	202
ENSSOCT00000011041	TGA	133
ENSSOCT00000014200	TAA	1710
ENSSOCT00000014177	TAA	1710
ENSSOCT00000014169	TAA	1710
ENSSOCT00000000932	TAG	459
ENSSOCT00000000935	TAG	130
ENSSOCT00000021204	TAG	1233
ENSSOCT00000011741	TGA	1852
ENSSOCT00000024044	TAA	1007
ENSSOCT00000003992	TAA	1811
ENSSOCT00000022432	TAA	57
ENSSOCT00000005042	TAG	165
ENSSOCT00000007484	TAA	2950
ENSSOCT00000008234	TAA	412
ENSSOCT00000002877	TGA	963
ENSSOCT00000016699	TAG	1873
ENSSOCT00000016692	TAG	1873
ENSSOCT00000016666	TAA	1282
ENSSOCT00000016728	TAA	2332
ENSSOCT00000012686	TAG	786
ENSSOCT00000012676	TAG	786
ENSSOCT00000006962	TAG	1445
ENSSOCT00000012589	TGA	1225
ENSSOCT00000010222	TGA	1000
ENSSOCT00000009310	TAG	1459
ENSSOCT00000006262	TAA	990
ENSSOCT00000006274	TGA	458
ENSSOCT00000005670	TAG	1018
ENSSOCT00000019008	TGA	857
ENSSOCT00000018967	TGA	857
ENSSOCT00000018988	TGA	857
ENSSOCT00000013816	TAA	2680
ENSSOCT00000020218	TAA	215
ENSSOCT00000020146	TAA	215
ENSSOCT00000020201	TAA	215
ENSSOCT00000020122	TAA	215
ENSSOCT00000020281	TAA	215
ENSSOCT00000020176	TAA	215
ENSSOCT00000020264	TAA	215
ENSSOCT00000018251	TAG	1302
ENSSOCT00000001705	TGA	483
ENSSOCT00000001713	TGA	483
ENSSOCT00000021005	TGA	424
ENSSOCT00000012302	TGA	2249
ENSSOCT00000012347	TGA	1000
ENSSOCT00000013043	TAA	93
ENSSOCT00000014535	TAG	1651
ENSSOCT00000020638	TGA	596
ENSSOCT00000020641	TGA	596
ENSSOCT00000015715	TAG	293
ENSSOCT00000000591	TGA	474
ENSSOCT00000002852	TAG	44
ENSSOCT00000009563	TAA	1528
ENSSOCT00000009989	TAA	3903
ENSSOCT00000009703	TGA	487
ENSSOCT00000015991	TGA	311
ENSSOCT00000010990	TAG	90
ENSSOCT00000023183	TAA	322
ENSSOCT00000023184	TAG	257
ENSSOCT00000023179	TAG	2124
ENSSOCT00000018282	TAA	780
ENSSOCT00000004271	TGA	750
ENSSOCT00000012464	TGA	60
ENSSOCT00000017131	TAG	102
ENSSOCT00000011465	TAA	507
ENSSOCT00000003564	TAG	2445
ENSSOCT00000016808	TAA	571
ENSSOCT00000003210	TAG	355
ENSSOCT00000013524	TAA	1
ENSSOCT00000013540	TAA	1
ENSSOCT00000011600	TAG	1782
ENSSOCT00000017786	TGA	4286
ENSSOCT00000017795	TGA	838
ENSSOCT00000005913	TGA	914
ENSSOCT00000005818	TGA	1839
ENSSOCT00000011768	TAA	376
ENSSOCT00000016325	TAA	381
ENSSOCT00000016424	TAA	381
ENSSOCT00000016357	TAA	381
ENSSOCT00000016377	TAA	381
ENSSOCT00000016396	TAA	381
ENSSOCT00000014297	TGA	296
ENSSOCT00000014404	TGA	638
ENSSOCT00000014300	TAG	3709
ENSSOCT00000022042	TGA	250
ENSSOCT00000001944	TAG	301
ENSSOCT00000002589	TAA	380
ENSSOCT00000002569	TAA	380
ENSSOCT00000010922	TAG	458
ENSSOCT00000001020	TGA	28
ENSSOCT00000021644	TAA	2322
ENSSOCT00000015121	TAG	880
ENSSOCT00000024062	TAG	292
ENSSOCT00000010917	TAA	419
ENSSOCT00000004927	TAG	309
ENSSOCT00000007464	TGA	91
ENSSOCT00000005563	TAA	316
ENSSOCT00000016552	TGA	354
ENSSOCT00000011754	TAG	157
ENSSOCT00000011765	TAG	157
ENSSOCT00000011016	TAG	392
ENSSOCT00000006224	TGA	956
ENSSOCT00000011125	TGA	613
ENSSOCT00000018046	TAG	1240
ENSSOCT00000018481	TAG	929
ENSSOCT00000018054	TAA	245
ENSSOCT00000006305	TAG	925
ENSSOCT00000019167	TGA	267
ENSSOCT00000014468	TGA	309
ENSSOCT00000015506	TGA	174
ENSSOCT00000013624	TAA	155
ENSSOCT00000013576	TGA	419
ENSSOCT00000021720	TAG	1209
ENSSOCT00000014076	TAA	1026
ENSSOCT00000007055	TAA	484
ENSSOCT00000007116	TAA	484
ENSSOCT00000007028	TAA	484
ENSSOCT00000003917	TGA	192
ENSSOCT00000020986	TGA	2210
ENSSOCT00000020999	TGA	2210
ENSSOCT00000014853	TGA	1884
ENSSOCT00000002378	TGA	1166
ENSSOCT00000002374	TAG	206
ENSSOCT00000009265	TGA	822
ENSSOCT00000015757	TAA	355
ENSSOCT00000012819	TGA	1000
ENSSOCT00000018073	TGA	425
ENSSOCT00000020417	TGA	1000
ENSSOCT00000020408	TAA	1000
ENSSOCT00000022726	TAA	50
ENSSOCT00000001158	TAA	592
ENSSOCT00000004726	TAG	1498
ENSSOCT00000001204	TGA	1000
ENSSOCT00000001194	TGA	1000
ENSSOCT00000021253	TAG	4137
ENSSOCT00000008809	TGA	256
ENSSOCT00000003179	TAA	160
ENSSOCT00000017129	TAA	129
ENSSOCT00000017117	TAA	129
ENSSOCT00000017096	TGA	1092
ENSSOCT00000017116	TGA	1081
ENSSOCT00000006854	TGA	276
ENSSOCT00000019076	TAA	266
ENSSOCT00000016809	TAA	747
ENSSOCT00000006630	TAG	130
ENSSOCT00000017544	TAA	54
ENSSOCT00000004414	TAG	582
ENSSOCT00000011564	TGA	503
ENSSOCT00000009043	TGA	250
ENSSOCT00000019859	TAA	1238
ENSSOCT00000019847	TAA	750
ENSSOCT00000019855	TAA	750
ENSSOCT00000019884	TGA	1493
ENSSOCT00000019829	TAA	188
ENSSOCT00000011435	TGA	1707
ENSSOCT00000002155	TGA	1123
ENSSOCT00000002324	TAG	897
ENSSOCT00000001042	TAA	73
ENSSOCT00000010292	TAA	160
ENSSOCT00000010332	TAG	444
ENSSOCT00000016300	TAA	403
ENSSOCT00000011335	TGA	122
ENSSOCT00000007548	TGA	619
ENSSOCT00000017900	TAA	542
ENSSOCT00000000967	TGA	2034
ENSSOCT00000000963	TGA	439
ENSSOCT00000013065	TAA	691
ENSSOCT00000021171	TGA	1000
ENSSOCT00000021158	TAG	703
ENSSOCT00000021143	TGA	1000
ENSSOCT00000015310	TGA	678
ENSSOCT00000017888	TAG	193
ENSSOCT00000015369	TAA	1077
ENSSOCT00000021529	TAA	1000
ENSSOCT00000004896	TGA	180
ENSSOCT00000005647	TAA	483
ENSSOCT00000005630	TAA	483
ENSSOCT00000007931	TAA	132
ENSSOCT00000008427	TGA	37
ENSSOCT00000002737	TGA	170
ENSSOCT00000018045	TGA	235
ENSSOCT00000007200	TAA	287
ENSSOCT00000007217	TAA	287
ENSSOCT00000007255	TAA	287
ENSSOCT00000019207	TAA	1600
ENSSOCT00000019223	TAA	1600
ENSSOCT00000004020	TAA	469
ENSSOCT00000009472	TAG	508
ENSSOCT00000012720	TGA	1271
ENSSOCT00000013585	TGA	259
ENSSOCT00000006990	TAA	1983
ENSSOCT00000016689	TAA	943
ENSSOCT00000003050	TGA	1000
ENSSOCT00000014897	TAA	223
ENSSOCT00000014757	TAA	2130
ENSSOCT00000014747	TAA	2130
ENSSOCT00000014640	TAA	760
ENSSOCT00000016814	TGA	1891
ENSSOCT00000016919	TAG	260
ENSSOCT00000010334	TAA	240
ENSSOCT00000001849	TGA	209
ENSSOCT00000009745	TGA	204
ENSSOCT00000012772	TGA	231
ENSSOCT00000012804	TGA	576
ENSSOCT00000012811	TGA	576
ENSSOCT00000023121	TAA	38
ENSSOCT00000023261	TAA	210
ENSSOCT00000023270	TAA	210
ENSSOCT00000023265	TAA	210
ENSSOCT00000023269	TAA	210
ENSSOCT00000010581	TGA	511
ENSSOCT00000020419	TAA	156
ENSSOCT00000020435	TGA	404
ENSSOCT00000020440	TAG	292
ENSSOCT00000009693	TGA	717
ENSSOCT00000009614	TGA	310
ENSSOCT00000003579	TAG	198
ENSSOCT00000003571	TGA	1489
ENSSOCT00000009620	TGA	356
ENSSOCT00000009643	TGA	356
ENSSOCT00000009525	TGA	356
ENSSOCT00000009666	TGA	356
ENSSOCT00000004605	TAG	627
ENSSOCT00000012645	TAA	188
ENSSOCT00000023801	TGA	285
ENSSOCT00000023807	TGA	1419
ENSSOCT00000018713	TAG	619
ENSSOCT00000003259	TAG	83
ENSSOCT00000011528	TGA	191
ENSSOCT00000010284	TGA	1000
ENSSOCT00000018025	TAG	451
ENSSOCT00000012753	TAG	204
ENSSOCT00000005448	TGA	369
ENSSOCT00000001447	TAA	321
ENSSOCT00000020823	TAA	390
ENSSOCT00000000688	TAA	1000
ENSSOCT00000021528	TGA	82
ENSSOCT00000021522	TGA	82
ENSSOCT00000021513	TGA	82
ENSSOCT00000021504	TGA	82
ENSSOCT00000021124	TAA	317
ENSSOCT00000024139	TAG	318
ENSSOCT00000000974	TAA	505
ENSSOCT00000000976	TAG	390
ENSSOCT00000010034	TGA	1272
ENSSOCT00000011472	TGA	149
ENSSOCT00000009287	TAG	961
ENSSOCT00000004365	TAA	103
ENSSOCT00000012694	TAA	107
ENSSOCT00000012683	TAA	107
ENSSOCT00000011517	TGA	204
ENSSOCT00000008602	TAG	191
ENSSOCT00000022227	TGA	890
ENSSOCT00000022232	TGA	890
ENSSOCT00000007687	TGA	1000
ENSSOCT00000007932	TAG	575
ENSSOCT00000023343	TGA	540
ENSSOCT00000019367	TGA	577
ENSSOCT00000008233	TGA	953
ENSSOCT00000007999	TAA	504
ENSSOCT00000018099	TGA	1434
ENSSOCT00000003400	TAG	111
ENSSOCT00000003389	TAG	111
ENSSOCT00000012093	TAG	474
ENSSOCT00000012085	TAG	474
ENSSOCT00000003369	TAG	126
ENSSOCT00000017975	TGA	710
ENSSOCT00000024140	TAG	1039
ENSSOCT00000020269	TAA	406
ENSSOCT00000020192	TGA	135
ENSSOCT00000013562	TAA	82
ENSSOCT00000007104	TAA	255
ENSSOCT00000007096	TAA	255
ENSSOCT00000006950	TAA	177
ENSSOCT00000000977	TGA	2143
ENSSOCT00000020889	TAG	273
ENSSOCT00000016023	TGA	171
ENSSOCT00000013918	TAA	135
ENSSOCT00000014873	TAG	1082
ENSSOCT00000014823	TAA	3
ENSSOCT00000019769	TAG	1000
ENSSOCT00000019752	TAG	1000
ENSSOCT00000019723	TAG	1000
ENSSOCT00000001757	TAA	1369
ENSSOCT00000001791	TAG	624
ENSSOCT00000021345	TGA	435
ENSSOCT00000000226	TAA	686
ENSSOCT00000001263	TGA	544
ENSSOCT00000020675	TAA	859
ENSSOCT00000016981	TAA	375
ENSSOCT00000019534	TGA	1048
ENSSOCT00000019743	TGA	1048
ENSSOCT00000019530	TGA	1048
ENSSOCT00000019670	TGA	1048
ENSSOCT00000019585	TGA	1048
ENSSOCT00000016655	TAA	1842
ENSSOCT00000017708	TAA	246
ENSSOCT00000015234	TAA	280
ENSSOCT00000023780	TAG	272
ENSSOCT00000003961	TGA	612
ENSSOCT00000017758	TGA	64
ENSSOCT00000020603	TAG	96
ENSSOCT00000005444	TAA	1261
ENSSOCT00000005455	TAA	1261
ENSSOCT00000019928	TGA	222
ENSSOCT00000010543	TAA	320
ENSSOCT00000021116	TAA	1059
ENSSOCT00000021733	TAA	256
ENSSOCT00000020805	TGA	510
ENSSOCT00000002143	TGA	91
ENSSOCT00000015335	TGA	514
ENSSOCT00000001027	TAG	1227
ENSSOCT00000009546	TAA	137
ENSSOCT00000016517	TGA	896
ENSSOCT00000016507	TGA	896
ENSSOCT00000009311	TAA	156
ENSSOCT00000009282	TGA	1013
ENSSOCT00000005743	TGA	148
ENSSOCT00000017092	TAA	405
ENSSOCT00000023697	TGA	171
ENSSOCT00000023692	TGA	171
ENSSOCT00000023698	TGA	171
ENSSOCT00000023702	TGA	171
ENSSOCT00000023701	TGA	171
ENSSOCT00000011621	TAA	475
ENSSOCT00000006221	TAA	464
ENSSOCT00000022843	TAG	1000
ENSSOCT00000022629	TAG	1000
ENSSOCT00000022360	TAG	1000
ENSSOCT00000022382	TAG	1000
ENSSOCT00000022297	TAG	1000
ENSSOCT00000022319	TAG	1000
ENSSOCT00000022636	TAG	1000
ENSSOCT00000022568	TAG	1000
ENSSOCT00000022881	TAG	1000
ENSSOCT00000022182	TGA	1195
ENSSOCT00000010318	TAA	1244
ENSSOCT00000016269	TAG	355
ENSSOCT00000007873	TGA	240
ENSSOCT00000016451	TGA	61
ENSSOCT00000016438	TGA	61
ENSSOCT00000016465	TGA	61
ENSSOCT00000008117	TAA	145
ENSSOCT00000002237	TGA	1062
ENSSOCT00000001521	TGA	819
ENSSOCT00000001338	TAG	34
ENSSOCT00000006406	TAG	951
ENSSOCT00000006475	TAG	400
ENSSOCT00000020172	TGA	966
ENSSOCT00000012596	TAG	206
ENSSOCT00000012568	TAG	206
ENSSOCT00000012555	TAG	206
ENSSOCT00000012501	TAG	206
ENSSOCT00000012616	TAG	206
ENSSOCT00000012535	TAG	206
ENSSOCT00000012528	TAG	206
ENSSOCT00000002009	TGA	727
ENSSOCT00000011968	TGA	387
ENSSOCT00000011851	TGA	69
ENSSOCT00000001688	TAG	1743
ENSSOCT00000005514	TAA	150
ENSSOCT00000020681	TAG	260
ENSSOCT00000020730	TAG	260
ENSSOCT00000001224	TGA	88
ENSSOCT00000023044	TAG	1044
ENSSOCT00000023068	TAG	1780
ENSSOCT00000023072	TAG	1780
ENSSOCT00000015100	TGA	721
ENSSOCT00000023259	TGA	377
ENSSOCT00000009722	TAA	58
ENSSOCT00000011808	TAA	90
ENSSOCT00000009219	TAA	915
ENSSOCT00000004881	TGA	3314
ENSSOCT00000003924	TAA	677
ENSSOCT00000003912	TAA	677
ENSSOCT00000003939	TAA	677
ENSSOCT00000014124	TAG	4130
ENSSOCT00000014127	TAG	4130
ENSSOCT00000006822	TAA	2536
ENSSOCT00000003969	TAG	1480
ENSSOCT00000003315	TAA	1085
ENSSOCT00000003314	TGA	1091
ENSSOCT00000016951	TAG	50
ENSSOCT00000016873	TAA	932
ENSSOCT00000001748	TAG	560
ENSSOCT00000018587	TAA	184
ENSSOCT00000018584	TAA	218
ENSSOCT00000008686	TGA	1368
ENSSOCT00000016133	TGA	1000
ENSSOCT00000016303	TGA	1000
ENSSOCT00000015998	TGA	1000
ENSSOCT00000017305	TGA	273
ENSSOCT00000002326	TGA	431
ENSSOCT00000002344	TGA	582
ENSSOCT00000020715	TAA	33
ENSSOCT00000020695	TGA	1000
ENSSOCT00000021104	TGA	440
ENSSOCT00000021054	TGA	440
ENSSOCT00000021131	TGA	440
ENSSOCT00000004126	TGA	373
ENSSOCT00000010535	TGA	143
ENSSOCT00000012412	TAA	1093
ENSSOCT00000017629	TAA	1523
ENSSOCT00000017620	TAA	1523
ENSSOCT00000004373	TAG	2092
ENSSOCT00000008053	TAA	441
ENSSOCT00000017550	TGA	30
ENSSOCT00000023972	TAG	1889
ENSSOCT00000023969	TGA	2036
ENSSOCT00000023968	TGA	2036
ENSSOCT00000012669	TGA	2609
ENSSOCT00000000020	TGA	2348
ENSSOCT00000007743	TGA	840
ENSSOCT00000007760	TGA	840
ENSSOCT00000007367	TGA	3022
ENSSOCT00000007024	TGA	1000
ENSSOCT00000007017	TGA	1000
ENSSOCT00000009644	TGA	609
ENSSOCT00000020231	TGA	1601
ENSSOCT00000009610	TGA	323
ENSSOCT00000016984	TGA	1000
ENSSOCT00000019412	TGA	162
ENSSOCT00000019410	TAG	785
ENSSOCT00000019479	TGA	121
ENSSOCT00000002387	TGA	515
ENSSOCT00000016354	TAA	405
ENSSOCT00000016363	TAA	405
ENSSOCT00000016394	TAA	405
ENSSOCT00000014079	TAG	241
ENSSOCT00000020556	TGA	673
ENSSOCT00000001726	TAA	444
ENSSOCT00000018337	TGA	232
ENSSOCT00000020725	TAG	454
ENSSOCT00000000057	TAA	616
ENSSOCT00000011916	TGA	686
ENSSOCT00000012314	TAA	451
ENSSOCT00000012289	TAA	451
ENSSOCT00000004348	TGA	143
ENSSOCT00000000424	TGA	1000
ENSSOCT00000002397	TGA	362
ENSSOCT00000016347	TGA	502
ENSSOCT00000004629	TGA	254
ENSSOCT00000006863	TAA	301
ENSSOCT00000006791	TAA	301
ENSSOCT00000006815	TAA	301
ENSSOCT00000013525	TGA	464
ENSSOCT00000008700	TAG	228
ENSSOCT00000009858	TAG	169
ENSSOCT00000021160	TAG	336
ENSSOCT00000021284	TAA	869
ENSSOCT00000021290	TAA	869
ENSSOCT00000021301	TAA	869
ENSSOCT00000021281	TAA	869
ENSSOCT00000014487	TAA	73
ENSSOCT00000014501	TAA	73
ENSSOCT00000006409	TGA	724
ENSSOCT00000016652	TGA	224
ENSSOCT00000020807	TAA	397
ENSSOCT00000012633	TAG	1000
ENSSOCT00000012627	TAA	1807
ENSSOCT00000020710	TGA	1000
ENSSOCT00000020697	TGA	1000
ENSSOCT00000020720	TGA	1000
ENSSOCT00000019422	TGA	4391
ENSSOCT00000019607	TGA	4391
ENSSOCT00000020131	TGA	4391
ENSSOCT00000018350	TGA	4391
ENSSOCT00000018392	TGA	4391
ENSSOCT00000020289	TGA	4391
ENSSOCT00000019265	TGA	4391
ENSSOCT00000020115	TGA	4391
ENSSOCT00000020275	TGA	4391
ENSSOCT00000015395	TAA	773
ENSSOCT00000012411	TAG	2217
ENSSOCT00000012390	TAG	2217
ENSSOCT00000022110	TGA	507
ENSSOCT00000022123	TGA	726
ENSSOCT00000022628	TAA	2293
ENSSOCT00000022105	TGA	529
ENSSOCT00000022121	TAA	1000
ENSSOCT00000004075	TGA	790
ENSSOCT00000004084	TGA	790
ENSSOCT00000004080	TGA	790
ENSSOCT00000009398	TAA	75
ENSSOCT00000009436	TAA	206
ENSSOCT00000004070	TAA	196
ENSSOCT00000019217	TGA	93
ENSSOCT00000003401	TAA	61
ENSSOCT00000019246	TGA	652
ENSSOCT00000022769	TAG	26
ENSSOCT00000010689	TGA	266
ENSSOCT00000010663	TGA	285
ENSSOCT00000018168	TGA	359
ENSSOCT00000018195	TGA	359
ENSSOCT00000018174	TGA	359
ENSSOCT00000020199	TAG	942
ENSSOCT00000020222	TAA	1894
ENSSOCT00000019449	TGA	767
ENSSOCT00000021760	TAG	632
ENSSOCT00000016288	TGA	1409
ENSSOCT00000005546	TAA	947
ENSSOCT00000014245	TGA	191
ENSSOCT00000000880	TAG	188
ENSSOCT00000015806	TAA	1305
ENSSOCT00000015790	TGA	142
ENSSOCT00000021520	TGA	701
ENSSOCT00000004750	TGA	152
ENSSOCT00000004012	TGA	309
ENSSOCT00000017281	TAA	681
ENSSOCT00000002925	TGA	243
ENSSOCT00000017291	TGA	358
ENSSOCT00000017304	TGA	358
ENSSOCT00000008726	TAG	229
ENSSOCT00000008627	TGA	209
ENSSOCT00000002947	TGA	860
ENSSOCT00000002944	TGA	395
ENSSOCT00000020120	TGA	724
ENSSOCT00000009688	TGA	573
ENSSOCT00000017833	TAA	86
ENSSOCT00000006892	TAA	637
ENSSOCT00000021029	TAG	800
ENSSOCT00000016909	TAG	1149
ENSSOCT00000019615	TGA	860
ENSSOCT00000014460	TAA	1209
ENSSOCT00000000348	TAA	105
ENSSOCT00000012557	TAA	197
ENSSOCT00000016416	TAA	468
ENSSOCT00000014234	TAG	379
ENSSOCT00000015009	TGA	1237
ENSSOCT00000020288	TAA	66
ENSSOCT00000000599	TAA	86
ENSSOCT00000010864	TAA	19
ENSSOCT00000000172	TGA	135
ENSSOCT00000000168	TGA	135
ENSSOCT00000000176	TGA	135
ENSSOCT00000011627	TGA	117
ENSSOCT00000011180	TGA	1000
ENSSOCT00000005307	TAG	1519
ENSSOCT00000005294	TAG	1519
ENSSOCT00000009778	TGA	1000
ENSSOCT00000011149	TAA	234
ENSSOCT00000010996	TGA	150
ENSSOCT00000023913	TAA	331
ENSSOCT00000008078	TGA	721
ENSSOCT00000023911	TAA	162
ENSSOCT00000023908	TGA	1000
ENSSOCT00000002742	TGA	840
ENSSOCT00000002750	TGA	840
ENSSOCT00000007666	TGA	1737
ENSSOCT00000007702	TGA	36
ENSSOCT00000017449	TAA	372
ENSSOCT00000007352	TAA	1395
ENSSOCT00000007338	TAA	1395
ENSSOCT00000014970	TAA	905
ENSSOCT00000015319	TAA	413
ENSSOCT00000015298	TAA	413
ENSSOCT00000006032	TGA	321
ENSSOCT00000006136	TAG	683
ENSSOCT00000005549	TGA	242
ENSSOCT00000013874	TGA	314
ENSSOCT00000001953	TAA	770
ENSSOCT00000001347	TAA	230
ENSSOCT00000020687	TAG	1026
ENSSOCT00000016280	TAG	286
ENSSOCT00000016289	TAG	286
ENSSOCT00000005060	TAA	979
ENSSOCT00000012227	TGA	2913
ENSSOCT00000012927	TGA	2230
ENSSOCT00000009186	TAG	116
ENSSOCT00000011737	TGA	415
ENSSOCT00000010146	TGA	1943
ENSSOCT00000016093	TAA	240
ENSSOCT00000016107	TAA	240
ENSSOCT00000016120	TAA	240
ENSSOCT00000004798	TGA	478
ENSSOCT00000004949	TGA	618
ENSSOCT00000008625	TAA	463
ENSSOCT00000004643	TGA	1598
ENSSOCT00000018197	TAG	478
ENSSOCT00000002982	TGA	184
ENSSOCT00000017657	TGA	96
ENSSOCT00000006520	TGA	304
ENSSOCT00000019660	TAA	774
ENSSOCT00000006895	TAA	972
ENSSOCT00000006910	TAA	175
ENSSOCT00000021000	TAG	38
ENSSOCT00000014704	TAG	276
ENSSOCT00000007658	TAG	377
ENSSOCT00000001707	TGA	243
ENSSOCT00000001677	TGA	243
ENSSOCT00000001660	TGA	243
ENSSOCT00000001717	TGA	243
ENSSOCT00000000315	TGA	1562
ENSSOCT00000015112	TGA	2010
ENSSOCT00000015124	TAA	696
ENSSOCT00000015706	TGA	233
ENSSOCT00000015829	TGA	233
ENSSOCT00000015798	TGA	233
ENSSOCT00000020278	TAG	147
ENSSOCT00000007512	TGA	3125
ENSSOCT00000022562	TGA	1784
ENSSOCT00000010444	TGA	477
ENSSOCT00000019451	TAA	182
ENSSOCT00000023874	TGA	412
ENSSOCT00000023877	TGA	1355
ENSSOCT00000003681	TGA	705
ENSSOCT00000003687	TAA	1659
ENSSOCT00000003676	TAG	92
ENSSOCT00000003747	TAA	586
ENSSOCT00000003733	TAA	586
ENSSOCT00000005716	TGA	545
ENSSOCT00000004547	TAG	1089
ENSSOCT00000012228	TAG	241
ENSSOCT00000007689	TAG	14
ENSSOCT00000014728	TAA	346
ENSSOCT00000003361	TGA	942
ENSSOCT00000010718	TAA	562
ENSSOCT00000010810	TAG	461
ENSSOCT00000010706	TAA	477
ENSSOCT00000007751	TAA	1502
ENSSOCT00000007740	TGA	1000
ENSSOCT00000018332	TAA	722
ENSSOCT00000018333	TAA	465
ENSSOCT00000006173	TAG	482
ENSSOCT00000019823	TGA	685
ENSSOCT00000001362	TGA	246
ENSSOCT00000021804	TAG	74
ENSSOCT00000011939	TAA	1316
ENSSOCT00000011923	TAA	1316
ENSSOCT00000016177	TAA	1768
ENSSOCT00000016193	TAA	1768
ENSSOCT00000001789	TAA	292
ENSSOCT00000001797	TAA	292
ENSSOCT00000012556	TGA	1000
ENSSOCT00000012552	TGA	849
ENSSOCT00000010621	TAA	1009
ENSSOCT00000009950	TGA	822
ENSSOCT00000000181	TAA	667
ENSSOCT00000004770	TAA	53
ENSSOCT00000005214	TAA	132
ENSSOCT00000008592	TGA	489
ENSSOCT00000008561	TAA	1000
ENSSOCT00000008250	TAA	234
ENSSOCT00000008248	TGA	1259
ENSSOCT00000018185	TAA	52
ENSSOCT00000003004	TAA	187
ENSSOCT00000018929	TGA	422
ENSSOCT00000020166	TGA	2321
ENSSOCT00000020189	TGA	2321
ENSSOCT00000020130	TGA	1000
ENSSOCT00000006846	TAA	1339
ENSSOCT00000006916	TAA	1479
ENSSOCT00000003879	TGA	863
ENSSOCT00000010366	TAG	776
ENSSOCT00000014661	TAA	129
ENSSOCT00000001661	TAA	55
ENSSOCT00000014582	TAG	1765
ENSSOCT00000015167	TAA	606
ENSSOCT00000001501	TGA	720
ENSSOCT00000001519	TGA	720
ENSSOCT00000016952	TGA	1000
ENSSOCT00000016940	TGA	1000
ENSSOCT00000016968	TGA	1000
ENSSOCT00000016993	TGA	1000
ENSSOCT00000016985	TGA	1000
ENSSOCT00000018931	TGA	19
ENSSOCT00000020381	TAG	1000
ENSSOCT00000020343	TAA	179
ENSSOCT00000019135	TGA	453
ENSSOCT00000004544	TAA	208
ENSSOCT00000010755	TAA	1000
ENSSOCT00000013117	TGA	215
ENSSOCT00000021397	TGA	655
ENSSOCT00000005020	TGA	872
ENSSOCT00000012786	TAA	198
ENSSOCT00000012748	TAA	198
ENSSOCT00000012803	TAA	198
ENSSOCT00000012718	TAA	198
ENSSOCT00000012730	TAA	198
ENSSOCT00000012704	TAA	198
ENSSOCT00000007656	TAG	93
ENSSOCT00000007615	TGA	400
ENSSOCT00000022799	TGA	47
ENSSOCT00000015605	TAA	84
ENSSOCT00000007785	TGA	469
ENSSOCT00000008847	TGA	3585
ENSSOCT00000006656	TGA	352
ENSSOCT00000017502	TAG	887
ENSSOCT00000013893	TGA	55
ENSSOCT00000008876	TGA	70
ENSSOCT00000011904	TGA	1000
ENSSOCT00000008097	TGA	1237
ENSSOCT00000011911	TGA	108
ENSSOCT00000019807	TAA	1348
ENSSOCT00000013909	TGA	1368
ENSSOCT00000013725	TAG	1180
ENSSOCT00000013994	TGA	199
ENSSOCT00000001299	TGA	1000
ENSSOCT00000021778	TGA	29
ENSSOCT00000014069	TGA	153
ENSSOCT00000014193	TGA	2637
ENSSOCT00000004333	TAA	206
ENSSOCT00000014018	TGA	873
ENSSOCT00000014204	TGA	715
ENSSOCT00000012505	TGA	3385
ENSSOCT00000015474	TAG	921
ENSSOCT00000009968	TAA	2292
ENSSOCT00000009959	TAA	2292
ENSSOCT00000011671	TAG	218
ENSSOCT00000009716	TAG	1000
ENSSOCT00000022504	TAA	92
ENSSOCT00000008319	TAA	183
ENSSOCT00000017192	TGA	241
ENSSOCT00000016664	TAA	314
ENSSOCT00000016668	TAG	140
ENSSOCT00000016680	TAG	140
ENSSOCT00000002598	TAG	1246
ENSSOCT00000018915	TAA	108
ENSSOCT00000023554	TGA	1000
ENSSOCT00000013946	TAG	388
ENSSOCT00000007400	TAG	129
ENSSOCT00000006521	TGA	255
ENSSOCT00000006499	TAA	131
ENSSOCT00000017716	TAA	4175
ENSSOCT00000006482	TGA	27
ENSSOCT00000018719	TAG	181
ENSSOCT00000019991	TAA	461
ENSSOCT00000001566	TGA	440
ENSSOCT00000014973	TGA	808
ENSSOCT00000000730	TGA	100
ENSSOCT00000008894	TAA	31
ENSSOCT00000020316	TAG	123
ENSSOCT00000023522	TAA	63
ENSSOCT00000023528	TAG	1291
ENSSOCT00000023526	TGA	375
ENSSOCT00000015184	TAA	391
ENSSOCT00000015169	TAG	639
ENSSOCT00000000216	TGA	858
ENSSOCT00000021238	TAG	208
ENSSOCT00000013145	TAA	382
ENSSOCT00000013149	TAA	126
ENSSOCT00000021583	TGA	263
ENSSOCT00000021594	TAA	1000
ENSSOCT00000011215	TGA	1000
ENSSOCT00000009715	TGA	557
ENSSOCT00000009728	TGA	557
ENSSOCT00000016204	TAA	155
ENSSOCT00000012722	TAA	1429
ENSSOCT00000021950	TAA	238
ENSSOCT00000013322	TGA	984
ENSSOCT00000017009	TAA	793
ENSSOCT00000017023	TAA	793
ENSSOCT00000013563	TGA	2245
ENSSOCT00000016712	TAG	557
ENSSOCT00000013891	TGA	747
ENSSOCT00000009049	TAA	393
ENSSOCT00000008907	TAA	151
ENSSOCT00000006189	TAG	2351
ENSSOCT00000019314	TAG	1000
ENSSOCT00000004237	TAA	147
ENSSOCT00000001317	TAG	915
ENSSOCT00000001318	TAA	251
ENSSOCT00000009095	TAG	106
ENSSOCT00000013810	TGA	409
ENSSOCT00000013825	TGA	409
ENSSOCT00000020379	TAA	538
ENSSOCT00000001593	TAG	58
ENSSOCT00000011271	TAG	1000
ENSSOCT00000001609	TAG	1007
ENSSOCT00000002577	TAA	352
ENSSOCT00000009910	TAA	102
ENSSOCT00000012175	TGA	1989
ENSSOCT00000005220	TAA	401
ENSSOCT00000005203	TAA	401
ENSSOCT00000012218	TAG	2607
ENSSOCT00000012253	TGA	151
ENSSOCT00000004379	TGA	75
ENSSOCT00000004347	TAA	123
ENSSOCT00000022534	TGA	302
ENSSOCT00000008502	TAA	106
ENSSOCT00000008608	TGA	490
ENSSOCT00000008295	TAG	162
ENSSOCT00000006188	TGA	263
ENSSOCT00000006038	TGA	263
ENSSOCT00000006155	TGA	263
ENSSOCT00000005999	TGA	263
ENSSOCT00000004860	TGA	709
ENSSOCT00000009055	TGA	1243
ENSSOCT00000004496	TAG	1000
ENSSOCT00000024170	TAA	1800
ENSSOCT00000004350	TAA	53
ENSSOCT00000007618	TAA	464
ENSSOCT00000007625	TAA	464
ENSSOCT00000007880	TAA	1064
ENSSOCT00000007589	TAA	348
ENSSOCT00000019892	TAA	155
ENSSOCT00000017167	TAA	649
ENSSOCT00000023589	TAG	317
ENSSOCT00000016998	TGA	112
ENSSOCT00000017016	TAA	26
ENSSOCT00000020004	TGA	1678
ENSSOCT00000020007	TGA	868
ENSSOCT00000019016	TAA	1067
ENSSOCT00000019003	TAA	1067
ENSSOCT00000018785	TGA	1102
ENSSOCT00000018795	TGA	1102
ENSSOCT00000000810	TAA	686
ENSSOCT00000000803	TAA	686
ENSSOCT00000005017	TGA	1000
ENSSOCT00000019701	TGA	174
ENSSOCT00000008147	TAG	397
ENSSOCT00000012573	TAA	132
ENSSOCT00000022453	TAA	52
ENSSOCT00000022469	TAA	52
ENSSOCT00000021908	TAA	154
ENSSOCT00000005709	TGA	693
ENSSOCT00000005696	TGA	693
ENSSOCT00000023499	TGA	1000
ENSSOCT00000002401	TGA	511
ENSSOCT00000001613	TGA	1564
ENSSOCT00000002285	TAA	576
ENSSOCT00000020128	TGA	350
ENSSOCT00000001074	TAG	362
ENSSOCT00000021695	TAA	1000
ENSSOCT00000021686	TAA	1000
ENSSOCT00000007048	TAG	135
ENSSOCT00000021674	TAA	377
ENSSOCT00000002923	TGA	77
ENSSOCT00000009198	TAA	55
ENSSOCT00000009208	TAA	55
ENSSOCT00000009222	TAA	55
ENSSOCT00000003845	TAA	2505
ENSSOCT00000003865	TAA	227
ENSSOCT00000013252	TAG	718
ENSSOCT00000003443	TGA	1954
ENSSOCT00000003472	TGA	91
ENSSOCT00000003449	TAA	272
ENSSOCT00000010418	TGA	347
ENSSOCT00000010767	TGA	175
ENSSOCT00000017440	TAG	177
ENSSOCT00000005881	TGA	2873
ENSSOCT00000005844	TAA	648
ENSSOCT00000005879	TAA	57
ENSSOCT00000007808	TGA	402
ENSSOCT00000006233	TGA	682
ENSSOCT00000003140	TAA	854
ENSSOCT00000006914	TAA	1154
ENSSOCT00000016995	TGA	94
ENSSOCT00000016983	TGA	94
ENSSOCT00000010197	TAA	104
ENSSOCT00000007198	TGA	342
ENSSOCT00000023358	TGA	589
ENSSOCT00000023374	TGA	589
ENSSOCT00000023382	TGA	589
ENSSOCT00000023380	TGA	589
ENSSOCT00000023378	TGA	589
ENSSOCT00000007088	TAA	703
ENSSOCT00000011659	TGA	501
ENSSOCT00000021331	TAA	94
ENSSOCT00000006000	TAA	84
ENSSOCT00000006047	TAA	84
ENSSOCT00000006022	TAA	84
ENSSOCT00000000458	TAG	412
ENSSOCT00000000467	TAG	412
ENSSOCT00000000483	TAA	452
ENSSOCT00000000489	TAA	452
ENSSOCT00000012469	TGA	180
ENSSOCT00000004970	TGA	305
ENSSOCT00000002543	TAA	2725
ENSSOCT00000001834	TGA	179
ENSSOCT00000012928	TGA	783
ENSSOCT00000021976	TGA	348
ENSSOCT00000009890	TGA	121
ENSSOCT00000009848	TGA	469
ENSSOCT00000001153	TGA	2220
ENSSOCT00000002383	TAA	1000
ENSSOCT00000022647	TGA	1387
ENSSOCT00000022646	TGA	1387
ENSSOCT00000004255	TAA	374
ENSSOCT00000017234	TGA	154
ENSSOCT00000022972	TAA	178
ENSSOCT00000023113	TAA	178
ENSSOCT00000023026	TAA	178
ENSSOCT00000023057	TAA	178
ENSSOCT00000023054	TAA	178
ENSSOCT00000017264	TAA	602
ENSSOCT00000017266	TAG	1118
ENSSOCT00000023615	TAG	166
ENSSOCT00000023616	TAG	166
ENSSOCT00000007203	TGA	1123
ENSSOCT00000020064	TGA	219
ENSSOCT00000018856	TAA	635
ENSSOCT00000019027	TAA	1188
ENSSOCT00000019017	TAA	1188
ENSSOCT00000019041	TAA	1188
ENSSOCT00000019456	TAA	886
ENSSOCT00000019428	TAA	886
ENSSOCT00000019391	TAA	886
ENSSOCT00000019442	TAA	886
ENSSOCT00000011792	TGA	664
ENSSOCT00000019287	TAA	532
ENSSOCT00000019302	TGA	3895
ENSSOCT00000021927	TGA	163
ENSSOCT00000009056	TAA	1051
ENSSOCT00000020473	TGA	1352
ENSSOCT00000020497	TGA	1352
ENSSOCT00000002328	TGA	1015
ENSSOCT00000002331	TGA	1015
ENSSOCT00000002339	TAA	2497
ENSSOCT00000021302	TGA	159
ENSSOCT00000000527	TAG	876
ENSSOCT00000000161	TGA	442
ENSSOCT00000020973	TAG	674
ENSSOCT00000021011	TAA	1000
ENSSOCT00000020944	TAA	2906
ENSSOCT00000021068	TAA	544
ENSSOCT00000020997	TAA	544
ENSSOCT00000021076	TAA	544
ENSSOCT00000015127	TAA	892
ENSSOCT00000016863	TAG	233
ENSSOCT00000016910	TAG	233
ENSSOCT00000016879	TAG	233
ENSSOCT00000016896	TAG	233
ENSSOCT00000016870	TAG	233
ENSSOCT00000013297	TAG	1000
ENSSOCT00000022696	TGA	1167
ENSSOCT00000008817	TAG	400
ENSSOCT00000024009	TAA	185
ENSSOCT00000024001	TGA	447
ENSSOCT00000024000	TAA	140
ENSSOCT00000017236	TAA	130
ENSSOCT00000013208	TAG	124
ENSSOCT00000004694	TGA	969
ENSSOCT00000015828	TGA	1291
ENSSOCT00000008982	TAG	1852
ENSSOCT00000006590	TAA	2332
ENSSOCT00000008198	TAA	2313
ENSSOCT00000008222	TAA	2313
ENSSOCT00000006228	TAA	574
ENSSOCT00000008195	TAG	1621
ENSSOCT00000008167	TAG	1621
ENSSOCT00000007747	TAG	1621
ENSSOCT00000008180	TAG	1621
ENSSOCT00000007805	TAG	1621
ENSSOCT00000007776	TAG	1621
ENSSOCT00000007786	TAG	1621
ENSSOCT00000007853	TAG	1621
ENSSOCT00000007908	TAG	1621
ENSSOCT00000010510	TAG	823
ENSSOCT00000010982	TAG	823
ENSSOCT00000010893	TAG	823
ENSSOCT00000010618	TAG	823
ENSSOCT00000017740	TGA	139
ENSSOCT00000015898	TAA	612
ENSSOCT00000021389	TAA	333
ENSSOCT00000015903	TAA	559
ENSSOCT00000005279	TAA	344
ENSSOCT00000014330	TAA	810
ENSSOCT00000014348	TAA	810
ENSSOCT00000014290	TAA	810
ENSSOCT00000000376	TAA	701
ENSSOCT00000017928	TGA	425
ENSSOCT00000017936	TGA	425
ENSSOCT00000005983	TAG	1645
ENSSOCT00000011590	TGA	917
ENSSOCT00000011632	TAA	414
ENSSOCT00000011643	TAA	414
ENSSOCT00000004312	TAG	860
ENSSOCT00000016722	TGA	151
ENSSOCT00000015596	TAA	669
ENSSOCT00000011013	TGA	654
ENSSOCT00000009770	TAG	1114
ENSSOCT00000008450	TGA	479
ENSSOCT00000004158	TAA	640
ENSSOCT00000007633	TGA	200
ENSSOCT00000007619	TGA	245
ENSSOCT00000013738	TAG	1000
ENSSOCT00000002855	TAA	315
ENSSOCT00000012339	TAG	629
ENSSOCT00000018136	TGA	322
ENSSOCT00000018243	TGA	322
ENSSOCT00000017431	TGA	322
ENSSOCT00000018374	TGA	322
ENSSOCT00000018551	TGA	322
ENSSOCT00000017963	TGA	322
ENSSOCT00000005166	TGA	264
ENSSOCT00000004759	TAG	1000
ENSSOCT00000007226	TGA	208
ENSSOCT00000007247	TGA	366
ENSSOCT00000018406	TGA	308
ENSSOCT00000014773	TGA	92
ENSSOCT00000018348	TAA	539
ENSSOCT00000020124	TAG	1471
ENSSOCT00000002033	TGA	1875
ENSSOCT00000002057	TGA	1875
ENSSOCT00000002065	TGA	1875
ENSSOCT00000002436	TAA	4114
ENSSOCT00000002426	TAA	4114
ENSSOCT00000002431	TAA	4114
ENSSOCT00000015927	TAG	836
ENSSOCT00000018860	TAA	1249
ENSSOCT00000018820	TGA	196
ENSSOCT00000021859	TAA	167
ENSSOCT00000012053	TGA	419
ENSSOCT00000021812	TAA	892
ENSSOCT00000009905	TAG	151
ENSSOCT00000023431	TGA	505
ENSSOCT00000023433	TGA	505
ENSSOCT00000020622	TGA	409
ENSSOCT00000016231	TGA	68
ENSSOCT00000000843	TGA	220
ENSSOCT00000000813	TGA	220
ENSSOCT00000000867	TGA	220
ENSSOCT00000000573	TGA	558
ENSSOCT00000000578	TAG	49
ENSSOCT00000019818	TAG	56
ENSSOCT00000004210	TAA	91
ENSSOCT00000004228	TAG	53
ENSSOCT00000004231	TAG	53
ENSSOCT00000004208	TAG	332
ENSSOCT00000013228	TAA	164
ENSSOCT00000013227	TAA	61
ENSSOCT00000013258	TAG	80
ENSSOCT00000003783	TGA	1024
ENSSOCT00000009201	TAG	654
ENSSOCT00000004698	TAA	156
ENSSOCT00000004734	TGA	579
ENSSOCT00000011409	TAG	1513
ENSSOCT00000004483	TGA	477
ENSSOCT00000002632	TGA	396
ENSSOCT00000009953	TAA	678
ENSSOCT00000003394	TAA	238
ENSSOCT00000008788	TGA	142
ENSSOCT00000017130	TGA	1171
ENSSOCT00000017134	TGA	1162
ENSSOCT00000017173	TAG	1052
ENSSOCT00000017460	TAA	1330
ENSSOCT00000003152	TAA	230
ENSSOCT00000003177	TGA	510
ENSSOCT00000003146	TGA	1724
ENSSOCT00000016840	TAA	59
ENSSOCT00000016945	TAG	2382
ENSSOCT00000006595	TAA	96
ENSSOCT00000020083	TAA	217
ENSSOCT00000019131	TGA	643
ENSSOCT00000004260	TAG	1404
ENSSOCT00000013455	TAA	111
ENSSOCT00000013441	TAA	111
ENSSOCT00000012255	TAA	571
ENSSOCT00000001887	TGA	1405
ENSSOCT00000002610	TAG	1940
ENSSOCT00000015818	TAA	1910
ENSSOCT00000015964	TGA	218
ENSSOCT00000015942	TGA	218
ENSSOCT00000015886	TGA	218
ENSSOCT00000000735	TAA	1000
ENSSOCT00000022027	TAA	70
ENSSOCT00000022026	TGA	47
ENSSOCT00000010315	TAA	101
ENSSOCT00000010981	TGA	79
ENSSOCT00000009859	TGA	2615
ENSSOCT00000009830	TGA	2615
ENSSOCT00000009842	TGA	2615
ENSSOCT00000022305	TGA	312
ENSSOCT00000005217	TAG	542
ENSSOCT00000005317	TAG	542
ENSSOCT00000014315	TGA	616
ENSSOCT00000000422	TAG	656
ENSSOCT00000010668	TGA	498
ENSSOCT00000010676	TGA	498
ENSSOCT00000023683	TAA	71
ENSSOCT00000007997	TGA	538
ENSSOCT00000002897	TAA	794
ENSSOCT00000002887	TGA	838
ENSSOCT00000023505	TAA	238
ENSSOCT00000006930	TGA	164
ENSSOCT00000005704	TAA	393
ENSSOCT00000018531	TAA	795
ENSSOCT00000009261	TAA	2489
ENSSOCT00000006339	TAA	193
ENSSOCT00000020947	TAA	28
ENSSOCT00000006355	TAA	173
ENSSOCT00000013655	TAA	223
ENSSOCT00000013650	TAA	223
ENSSOCT00000018846	TGA	239
ENSSOCT00000003599	TAA	1167
ENSSOCT00000013843	TGA	115
ENSSOCT00000021293	TAA	204
ENSSOCT00000023386	TAG	530
ENSSOCT00000020170	TGA	382
ENSSOCT00000000587	TAG	363
ENSSOCT00000012685	TAG	450
ENSSOCT00000012711	TGA	332
ENSSOCT00000012721	TGA	332
ENSSOCT00000011534	TGA	108
ENSSOCT00000009561	TAG	428
ENSSOCT00000009555	TAA	872
ENSSOCT00000010002	TGA	701
ENSSOCT00000009533	TGA	659
ENSSOCT00000022367	TGA	149
ENSSOCT00000022351	TAA	341
ENSSOCT00000008761	TAA	688
ENSSOCT00000020020	TGA	548
ENSSOCT00000017221	TAA	476
ENSSOCT00000011605	TAA	571
ENSSOCT00000003792	TGA	131
ENSSOCT00000003807	TGA	131
ENSSOCT00000005796	TAA	168
ENSSOCT00000003232	TAA	238
ENSSOCT00000019113	TAA	359
ENSSOCT00000012553	TGA	740
ENSSOCT00000007156	TAG	155
ENSSOCT00000013083	TAA	446
ENSSOCT00000002123	TGA	1000
ENSSOCT00000002098	TGA	278
ENSSOCT00000002082	TAA	2418
ENSSOCT00000012979	TGA	258
ENSSOCT00000014463	TAA	16
ENSSOCT00000016127	TAG	488
ENSSOCT00000016150	TGA	316
ENSSOCT00000015866	TGA	99
ENSSOCT00000015858	TGA	1416
ENSSOCT00000001111	TGA	1000
ENSSOCT00000001929	TGA	670
ENSSOCT00000016333	TAG	425
ENSSOCT00000016273	TAG	1209
ENSSOCT00000016216	TAA	2716
ENSSOCT00000000903	TGA	49
ENSSOCT00000021973	TAG	1120
ENSSOCT00000011755	TGA	490
ENSSOCT00000024031	TGA	459
ENSSOCT00000024035	TAA	232
ENSSOCT00000024037	TAA	232
ENSSOCT00000012612	TGA	252
ENSSOCT00000004980	TGA	3774
ENSSOCT00000005024	TAA	501
ENSSOCT00000008008	TAA	1672
ENSSOCT00000015061	TAA	171
ENSSOCT00000015025	TAA	171
ENSSOCT00000015007	TAA	171
ENSSOCT00000015039	TAA	171
ENSSOCT00000017410	TGA	944
ENSSOCT00000006076	TAA	115
ENSSOCT00000018533	TGA	935
ENSSOCT00000018538	TGA	652
ENSSOCT00000009010	TAA	114
ENSSOCT00000012043	TAA	353
ENSSOCT00000019190	TAG	381
ENSSOCT00000013611	TGA	1253
ENSSOCT00000006823	TAA	269
ENSSOCT00000006772	TAA	269
ENSSOCT00000006839	TAA	269
ENSSOCT00000019509	TAA	242
ENSSOCT00000023626	TAA	116
ENSSOCT00000023633	TAA	116
ENSSOCT00000023631	TAA	116
ENSSOCT00000023630	TAA	116
ENSSOCT00000023628	TAA	116
ENSSOCT00000023629	TAA	116
ENSSOCT00000001658	TAG	1000
ENSSOCT00000001679	TGA	777
ENSSOCT00000021059	TAA	248
ENSSOCT00000021071	TAA	248
ENSSOCT00000021039	TAA	248
ENSSOCT00000021026	TAA	248
ENSSOCT00000010771	TAA	1439
ENSSOCT00000017806	TAG	301
ENSSOCT00000019203	TAA	1266
ENSSOCT00000002425	TGA	199
ENSSOCT00000002443	TAA	959
ENSSOCT00000015792	TGA	212
ENSSOCT00000014997	TAG	1367
ENSSOCT00000020602	TAG	381
ENSSOCT00000010082	TAG	2426
ENSSOCT00000016674	TGA	639
ENSSOCT00000011647	TAA	755
ENSSOCT00000022756	TAA	18
ENSSOCT00000022764	TAA	266
ENSSOCT00000012907	TGA	1399
ENSSOCT00000004159	TGA	1228
ENSSOCT00000009575	TAA	234
ENSSOCT00000012848	TGA	277
ENSSOCT00000012936	TAA	1323
ENSSOCT00000017090	TAG	1258
ENSSOCT00000009425	TAA	1264
ENSSOCT00000011518	TAG	364
ENSSOCT00000011511	TAA	520
ENSSOCT00000011507	TAA	520
ENSSOCT00000011054	TGA	744
ENSSOCT00000001351	TAG	455
ENSSOCT00000011020	TAG	1215
ENSSOCT00000003193	TAA	66
ENSSOCT00000019071	TAA	1396
ENSSOCT00000004564	TGA	242
ENSSOCT00000007201	TAG	1337
ENSSOCT00000019877	TGA	265
ENSSOCT00000016972	TGA	838
ENSSOCT00000000951	TGA	546
ENSSOCT00000002176	TAA	77
ENSSOCT00000005372	TAA	426
ENSSOCT00000005368	TAA	165
ENSSOCT00000005421	TAA	1386
ENSSOCT00000005402	TAA	127
ENSSOCT00000001933	TGA	1658
ENSSOCT00000001936	TGA	154
ENSSOCT00000016317	TGA	166
ENSSOCT00000010955	TGA	143
ENSSOCT00000021203	TGA	144
ENSSOCT00000015309	TGA	153
ENSSOCT00000024054	TAG	749
ENSSOCT00000018943	TGA	158
ENSSOCT00000019608	TGA	295
ENSSOCT00000005555	TGA	1239
ENSSOCT00000005612	TGA	1239
ENSSOCT00000005594	TGA	1239
ENSSOCT00000004985	TAA	2160
ENSSOCT00000007909	TAG	307
ENSSOCT00000016569	TGA	100
ENSSOCT00000002745	TAA	828
ENSSOCT00000002717	TGA	475
ENSSOCT00000002738	TGA	148
ENSSOCT00000002748	TGA	148
ENSSOCT00000018359	TAG	146
ENSSOCT00000006094	TGA	663
ENSSOCT00000018023	TAA	346
ENSSOCT00000006318	TAA	438
ENSSOCT00000019502	TAA	190
ENSSOCT00000019521	TAA	190
ENSSOCT00000006999	TGA	989
ENSSOCT00000002347	TAA	192
ENSSOCT00000015793	TAG	2655
ENSSOCT00000012745	TGA	246
ENSSOCT00000016275	TAA	616
ENSSOCT00000010954	TAA	217
ENSSOCT00000011509	TGA	1911
ENSSOCT00000020593	TAA	308
ENSSOCT00000022734	TAA	690
ENSSOCT00000022738	TAG	182
ENSSOCT00000004180	TAG	249
ENSSOCT00000010390	TGA	89
ENSSOCT00000004510	TAG	609
ENSSOCT00000010396	TGA	350
ENSSOCT00000017079	TAG	360
ENSSOCT00000023818	TAG	970
ENSSOCT00000006660	TAG	152
ENSSOCT00000006694	TGA	595
ENSSOCT00000018690	TGA	1453
ENSSOCT00000019040	TAG	2580
ENSSOCT00000019091	TGA	70
ENSSOCT00000003172	TGA	342
ENSSOCT00000003178	TAA	565
ENSSOCT00000015427	TGA	1136
ENSSOCT00000014914	TGA	1136
ENSSOCT00000014496	TGA	1136
ENSSOCT00000014482	TGA	1136
ENSSOCT00000014907	TGA	1136
ENSSOCT00000000487	TAA	633
ENSSOCT00000005468	TGA	118
ENSSOCT00000005539	TAA	458
ENSSOCT00000005558	TAA	458
ENSSOCT00000005389	TAA	29
ENSSOCT00000005445	TGA	1682
ENSSOCT00000002153	TAA	60
ENSSOCT00000016959	TGA	65
ENSSOCT00000012913	TGA	663
ENSSOCT00000016312	TAA	419
ENSSOCT00000015299	TGA	186
ENSSOCT00000021164	TAG	154
ENSSOCT00000021248	TGA	970
ENSSOCT00000021272	TGA	970
ENSSOCT00000021260	TGA	970
ENSSOCT00000024093	TAG	89
ENSSOCT00000024096	TAG	89
ENSSOCT00000024095	TAG	89
ENSSOCT00000012317	TGA	1002
ENSSOCT00000012440	TGA	433
ENSSOCT00000012373	TGA	433
ENSSOCT00000009687	TAA	431
ENSSOCT00000001847	TAG	243
ENSSOCT00000022216	TAG	164
ENSSOCT00000022206	TAG	164
ENSSOCT00000022196	TAG	164
ENSSOCT00000022188	TAA	201
ENSSOCT00000007006	TAA	419
ENSSOCT00000007882	TAA	55
ENSSOCT00000007886	TAG	1028
ENSSOCT00000008438	TAG	389
ENSSOCT00000008884	TAG	409
ENSSOCT00000008828	TAG	409
ENSSOCT00000018106	TAA	420
ENSSOCT00000015290	TAA	171
ENSSOCT00000015568	TAA	171
ENSSOCT00000015464	TAA	171
ENSSOCT00000002268	TGA	328
ENSSOCT00000009170	TGA	726
ENSSOCT00000005701	TGA	302
ENSSOCT00000005687	TAG	1769
ENSSOCT00000020581	TGA	181
ENSSOCT00000018379	TGA	1013
ENSSOCT00000018373	TGA	1013
ENSSOCT00000019237	TAG	62
ENSSOCT00000019293	TGA	346
ENSSOCT00000013526	TGA	664
ENSSOCT00000006996	TGA	240
ENSSOCT00000016017	TAA	59
ENSSOCT00000020871	TGA	850
ENSSOCT00000008025	TGA	214
ENSSOCT00000008042	TGA	214
ENSSOCT00000008016	TGA	214
ENSSOCT00000014796	TGA	370
ENSSOCT00000014899	TGA	1349
ENSSOCT00000020005	TGA	1000
ENSSOCT00000020026	TGA	1000
ENSSOCT00000001742	TAA	729
ENSSOCT00000001749	TAA	173
ENSSOCT00000018254	TAG	9
ENSSOCT00000018236	TAG	9
ENSSOCT00000004462	TAA	668
ENSSOCT00000000244	TAA	1000
ENSSOCT00000011459	TAA	874
ENSSOCT00000020735	TGA	981
ENSSOCT00000020717	TGA	981
ENSSOCT00000020752	TGA	981
ENSSOCT00000022823	TAA	2676
ENSSOCT00000022822	TAG	534
ENSSOCT00000022404	TGA	53
ENSSOCT00000022394	TGA	53
ENSSOCT00000009670	TAA	71
ENSSOCT00000000063	TGA	418
ENSSOCT00000001394	TAA	94
ENSSOCT00000001383	TAA	405
ENSSOCT00000017089	TAA	19
ENSSOCT00000003881	TAG	1231
ENSSOCT00000007820	TAG	375
ENSSOCT00000007829	TAG	375
ENSSOCT00000004689	TGA	831
ENSSOCT00000019037	TAA	348
ENSSOCT00000003260	TGA	1000
ENSSOCT00000017735	TAG	774
ENSSOCT00000017727	TAG	949
ENSSOCT00000006514	TAA	82
ENSSOCT00000018305	TGA	592
ENSSOCT00000019784	TGA	74
ENSSOCT00000005715	TAA	158
ENSSOCT00000005685	TAA	158
ENSSOCT00000011238	TAA	656
ENSSOCT00000020772	TAA	679
ENSSOCT00000005312	TAG	180
ENSSOCT00000005152	TAA	299
ENSSOCT00000005153	TAG	243
ENSSOCT00000015296	TAA	624
ENSSOCT00000004138	TGA	606
ENSSOCT00000004150	TAG	593
ENSSOCT00000002136	TAA	162
ENSSOCT00000022153	TAA	1000
ENSSOCT00000018034	TAG	130
ENSSOCT00000019553	TAA	60
ENSSOCT00000007858	TGA	736
ENSSOCT00000007929	TGA	172
ENSSOCT00000021752	TAG	443
ENSSOCT00000014143	TGA	287
ENSSOCT00000014148	TGA	287
ENSSOCT00000008065	TAA	130
ENSSOCT00000016715	TGA	714
ENSSOCT00000005980	TAG	147
ENSSOCT00000004566	TGA	2496
ENSSOCT00000001728	TGA	3279
ENSSOCT00000011188	TAG	1531
ENSSOCT00000011252	TAG	1531
ENSSOCT00000011231	TAG	1531
ENSSOCT00000002478	TGA	764
ENSSOCT00000019231	TAG	385
ENSSOCT00000002061	TAA	522
ENSSOCT00000002094	TAA	193
ENSSOCT00000014846	TGA	876
ENSSOCT00000020376	TAG	425
ENSSOCT00000022289	TAA	1520
ENSSOCT00000015981	TAA	139
ENSSOCT00000015978	TGA	113
ENSSOCT00000020476	TAG	133
ENSSOCT00000022803	TGA	92
ENSSOCT00000022801	TGA	92
ENSSOCT00000023204	TGA	670
ENSSOCT00000022793	TAG	678
ENSSOCT00000012893	TAG	416
ENSSOCT00000009406	TAA	793
ENSSOCT00000023291	TGA	452
ENSSOCT00000009458	TAA	292
ENSSOCT00000016529	TAG	156
ENSSOCT00000013465	TAA	185
ENSSOCT00000013436	TAA	417
ENSSOCT00000013434	TAA	417
ENSSOCT00000000686	TAG	268
ENSSOCT00000018277	TGA	521
ENSSOCT00000019411	TAG	1059
ENSSOCT00000019380	TAG	1059
ENSSOCT00000019392	TAG	1059
ENSSOCT00000003921	TGA	847
ENSSOCT00000003920	TAA	1066
ENSSOCT00000010162	TAG	2080
ENSSOCT00000010151	TAG	2080
ENSSOCT00000018629	TAA	331
ENSSOCT00000018655	TAA	190
ENSSOCT00000018639	TAA	1000
ENSSOCT00000005755	TAA	273
ENSSOCT00000022635	TGA	77
ENSSOCT00000017830	TAG	548
ENSSOCT00000017810	TAG	548
ENSSOCT00000017837	TAG	548
ENSSOCT00000018051	TAG	627
ENSSOCT00000018072	TAG	627
ENSSOCT00000018067	TAG	627
ENSSOCT00000018057	TAG	627
ENSSOCT00000019945	TAG	282
ENSSOCT00000001509	TGA	2513
ENSSOCT00000002329	TAA	119
ENSSOCT00000000794	TAG	1226
ENSSOCT00000017415	TAA	155
ENSSOCT00000009435	TGA	1638
ENSSOCT00000000995	TGA	399
ENSSOCT00000001010	TGA	57
ENSSOCT00000009268	TAA	46
ENSSOCT00000014867	TAA	160
ENSSOCT00000017541	TAA	1746
ENSSOCT00000011603	TAA	382
ENSSOCT00000022128	TGA	395
ENSSOCT00000008373	TAA	173
ENSSOCT00000008166	TGA	212
ENSSOCT00000008149	TGA	212
ENSSOCT00000008114	TAA	57
ENSSOCT00000002649	TGA	361
ENSSOCT00000009121	TGA	122
ENSSOCT00000007460	TGA	1053
ENSSOCT00000012187	TAA	1000
ENSSOCT00000009618	TGA	721
ENSSOCT00000009568	TGA	1184
ENSSOCT00000007052	TAA	1516
ENSSOCT00000007388	TAA	346
ENSSOCT00000002031	TAA	56
ENSSOCT00000015953	TGA	520
ENSSOCT00000016186	TGA	2318
ENSSOCT00000020537	TGA	1000
ENSSOCT00000006218	TAA	558
ENSSOCT00000016252	TAA	333
ENSSOCT00000015149	TAG	3185
ENSSOCT00000015076	TAA	805
ENSSOCT00000014804	TAG	137
ENSSOCT00000000054	TAG	1009
ENSSOCT00000000049	TAG	1009
ENSSOCT00000000050	TAG	1009
ENSSOCT00000023238	TGA	674
ENSSOCT00000023240	TGA	674
ENSSOCT00000008086	TGA	440
ENSSOCT00000021486	TAA	2141
ENSSOCT00000021496	TAA	2141
ENSSOCT00000007532	TGA	96
ENSSOCT00000007521	TGA	96
ENSSOCT00000021500	TAG	125
ENSSOCT00000021510	TAG	125
ENSSOCT00000023850	TGA	306
ENSSOCT00000003537	TAA	1184
ENSSOCT00000003519	TAA	31
ENSSOCT00000003514	TAA	300
ENSSOCT00000016545	TAG	312
ENSSOCT00000016399	TAA	170
ENSSOCT00000004757	TAA	1875
ENSSOCT00000013398	TAA	667
ENSSOCT00000009526	TAA	1400
ENSSOCT00000009498	TAA	1400
ENSSOCT00000009454	TAA	1400
ENSSOCT00000009649	TAA	1400
ENSSOCT00000009612	TAA	1400
ENSSOCT00000003990	TAA	981
ENSSOCT00000002392	TGA	1000
ENSSOCT00000018600	TAA	407
ENSSOCT00000017579	TGA	574
ENSSOCT00000006715	TAA	307
ENSSOCT00000006733	TAA	307
ENSSOCT00000006754	TAA	307
ENSSOCT00000019900	TAG	1000
ENSSOCT00000021098	TAG	1000
ENSSOCT00000009286	TGA	807
ENSSOCT00000014452	TAG	1022
ENSSOCT00000018203	TGA	167
ENSSOCT00000015363	TGA	4077
ENSSOCT00000015328	TAA	380
ENSSOCT00000015354	TGA	1488
ENSSOCT00000004093	TGA	49
ENSSOCT00000004098	TAA	955
ENSSOCT00000004094	TGA	136
ENSSOCT00000002084	TAA	115
ENSSOCT00000017733	TAA	728
ENSSOCT00000017921	TAA	728
ENSSOCT00000017886	TAA	728
ENSSOCT00000017966	TAA	728
ENSSOCT00000017891	TAA	728
ENSSOCT00000008409	TAG	98
ENSSOCT00000000778	TGA	335
ENSSOCT00000013014	TAA	162
ENSSOCT00000007334	TAG	21
ENSSOCT00000018462	TGA	183
ENSSOCT00000020260	TAA	176
ENSSOCT00000006239	TAG	159
ENSSOCT00000006256	TAG	159
ENSSOCT00000007436	TGA	109
ENSSOCT00000001388	TAA	606
ENSSOCT00000016580	TAG	2431
ENSSOCT00000009624	TAG	27
ENSSOCT00000019425	TGA	36
ENSSOCT00000019432	TGA	564
ENSSOCT00000011467	TGA	153
ENSSOCT00000002005	TAG	751
ENSSOCT00000005456	TGA	841
ENSSOCT00000005571	TAG	174
ENSSOCT00000005554	TAG	174
ENSSOCT00000020549	TGA	507
ENSSOCT00000014232	TAA	823
ENSSOCT00000020545	TAA	1318
ENSSOCT00000014185	TAA	1394
ENSSOCT00000002462	TGA	1496
ENSSOCT00000010344	TGA	780
ENSSOCT00000002476	TAG	264
ENSSOCT00000004533	TAA	1250
ENSSOCT00000004501	TAA	1250
ENSSOCT00000000071	TAA	718
ENSSOCT00000023280	TAG	279
ENSSOCT00000018615	TGA	171
ENSSOCT00000018606	TGA	171
ENSSOCT00000017627	TAA	321
ENSSOCT00000005103	TAA	133
ENSSOCT00000022855	TAA	295
ENSSOCT00000018345	TAA	303
ENSSOCT00000017637	TAG	129
ENSSOCT00000010412	TAA	621
ENSSOCT00000005055	TAG	773
ENSSOCT00000005080	TAG	773
ENSSOCT00000013473	TAA	932
ENSSOCT00000004720	TGA	330
ENSSOCT00000013844	TGA	723
ENSSOCT00000003981	TAA	652
ENSSOCT00000017335	TAA	1232
ENSSOCT00000005239	TAA	274
ENSSOCT00000002931	TAA	169
ENSSOCT00000002932	TAA	172
ENSSOCT00000021066	TAA	240
ENSSOCT00000021074	TGA	93
ENSSOCT00000000312	TAA	174
ENSSOCT00000000320	TAA	174
ENSSOCT00000000308	TAA	174
ENSSOCT00000000316	TAA	174
ENSSOCT00000000327	TAA	174
ENSSOCT00000016155	TAG	717
ENSSOCT00000012562	TGA	2641
ENSSOCT00000023032	TGA	822
ENSSOCT00000022897	TAA	730
ENSSOCT00000022663	TGA	515
ENSSOCT00000017548	TAA	45
ENSSOCT00000016795	TAG	984
ENSSOCT00000009369	TAG	2890
ENSSOCT00000018079	TGA	1671
ENSSOCT00000005052	TGA	1190
ENSSOCT00000005110	TGA	362
ENSSOCT00000022415	TAG	511
ENSSOCT00000022365	TAG	511
ENSSOCT00000022327	TAG	511
ENSSOCT00000022441	TAG	511
ENSSOCT00000003475	TGA	648
ENSSOCT00000003510	TGA	648
ENSSOCT00000003452	TGA	648
ENSSOCT00000009070	TAG	133
ENSSOCT00000019346	TGA	1000
ENSSOCT00000001001	TAA	381
ENSSOCT00000000989	TAA	381
ENSSOCT00000018609	TAA	998
ENSSOCT00000018625	TAA	998
ENSSOCT00000018586	TAA	998
ENSSOCT00000018632	TAA	998
ENSSOCT00000009008	TGA	844
ENSSOCT00000009146	TGA	844
ENSSOCT00000007406	TGA	867
ENSSOCT00000006432	TGA	948
ENSSOCT00000017757	TAA	1604
ENSSOCT00000013836	TAA	133
ENSSOCT00000002078	TAG	268
ENSSOCT00000002037	TAG	1078
ENSSOCT00000021708	TGA	372
ENSSOCT00000011999	TGA	461
ENSSOCT00000016188	TGA	1909
ENSSOCT00000016203	TGA	1909
ENSSOCT00000001173	TGA	562
ENSSOCT00000001165	TAA	198
ENSSOCT00000001186	TGA	214
ENSSOCT00000023287	TAA	361
ENSSOCT00000021501	TAA	455
ENSSOCT00000023322	TAA	1215
ENSSOCT00000010360	TGA	2413
ENSSOCT00000003448	TGA	1648
ENSSOCT00000005216	TGA	658
ENSSOCT00000011711	TGA	150
ENSSOCT00000011699	TGA	444
ENSSOCT00000011848	TGA	1000
ENSSOCT00000005171	TAA	82
ENSSOCT00000014084	TGA	102
ENSSOCT00000004005	TGA	82
ENSSOCT00000022426	TAA	1229
ENSSOCT00000002903	TAA	250
ENSSOCT00000019652	TGA	291
ENSSOCT00000007005	TGA	1386
ENSSOCT00000018991	TGA	462
ENSSOCT00000018996	TAA	105
ENSSOCT00000014719	TAA	1000
ENSSOCT00000009457	TAG	214
ENSSOCT00000009479	TAG	214
ENSSOCT00000001647	TAA	100
ENSSOCT00000015131	TAA	60
ENSSOCT00000011258	TGA	2167
ENSSOCT00000011214	TGA	2167
ENSSOCT00000011246	TGA	2167
ENSSOCT00000011230	TGA	2167
ENSSOCT00000015122	TAG	1326
ENSSOCT00000003112	TAA	124
ENSSOCT00000000637	TAA	1000
ENSSOCT00000000641	TAA	1000
ENSSOCT00000000629	TAG	1000
ENSSOCT00000000654	TAG	1000
ENSSOCT00000000642	TAG	1000
ENSSOCT00000000626	TAA	305
ENSSOCT00000022596	TAA	462
ENSSOCT00000010433	TGA	663
ENSSOCT00000010520	TGA	663
ENSSOCT00000010479	TGA	663
ENSSOCT00000009539	TAA	1084
ENSSOCT00000010416	TGA	1000
ENSSOCT00000010210	TAG	273
ENSSOCT00000010402	TAG	273
ENSSOCT00000010242	TAG	273
ENSSOCT00000010468	TAG	273
ENSSOCT00000010374	TAG	273
ENSSOCT00000019562	TGA	39
ENSSOCT00000003707	TGA	424
ENSSOCT00000003719	TAA	272
ENSSOCT00000011166	TGA	431
ENSSOCT00000011793	TGA	527
ENSSOCT00000011763	TGA	527
ENSSOCT00000009171	TGA	267
ENSSOCT00000009154	TGA	267
ENSSOCT00000024089	TAA	1670
ENSSOCT00000024099	TAA	1670
ENSSOCT00000024100	TAA	1670
ENSSOCT00000024101	TAA	1670
ENSSOCT00000024102	TAA	1670
ENSSOCT00000024103	TAA	1670
ENSSOCT00000024104	TAA	1670
ENSSOCT00000017020	TGA	44
ENSSOCT00000008133	TGA	148
ENSSOCT00000003365	TGA	454
ENSSOCT00000010711	TAG	51
ENSSOCT00000007376	TAA	185
ENSSOCT00000008766	TGA	914
ENSSOCT00000009009	TGA	914
ENSSOCT00000008748	TGA	914
ENSSOCT00000008956	TGA	914
ENSSOCT00000017944	TAA	110
ENSSOCT00000018303	TGA	527
ENSSOCT00000020614	TGA	1000
ENSSOCT00000005065	TAA	167
ENSSOCT00000005054	TAA	167
ENSSOCT00000018199	TGA	1000
ENSSOCT00000005975	TAA	188
ENSSOCT00000005970	TGA	404
ENSSOCT00000006028	TAG	177
ENSSOCT00000006238	TAA	165
ENSSOCT00000005521	TAA	222
ENSSOCT00000001968	TAA	339
ENSSOCT00000021829	TAA	175
ENSSOCT00000018762	TAA	484
ENSSOCT00000011975	TGA	890
ENSSOCT00000011967	TGA	890
ENSSOCT00000016161	TAG	398
ENSSOCT00000016227	TAG	398
ENSSOCT00000016211	TAG	398
ENSSOCT00000016182	TAG	398
ENSSOCT00000014745	TAA	874
ENSSOCT00000014682	TAA	874
ENSSOCT00000014904	TAA	874
ENSSOCT00000000841	TAA	678
ENSSOCT00000013953	TGA	823
ENSSOCT00000016379	TGA	108
ENSSOCT00000006654	TAG	129
ENSSOCT00000006606	TAG	129
ENSSOCT00000006676	TAG	129
ENSSOCT00000006638	TAG	129
ENSSOCT00000010399	TAG	602
ENSSOCT00000009975	TAG	602
ENSSOCT00000010322	TAG	602
ENSSOCT00000009932	TAG	602
ENSSOCT00000010237	TAG	602
ENSSOCT00000017309	TGA	1406
ENSSOCT00000017337	TGA	1406
ENSSOCT00000017303	TGA	1406
ENSSOCT00000017322	TGA	1406
ENSSOCT00000017320	TGA	1406
ENSSOCT00000010413	TAA	135
ENSSOCT00000013514	TAG	887
ENSSOCT00000023341	TGA	68
ENSSOCT00000023340	TAA	768
ENSSOCT00000012835	TAA	395
ENSSOCT00000005534	TGA	582
ENSSOCT00000005528	TGA	582
ENSSOCT00000010298	TGA	669
ENSSOCT00000011723	TAA	493
ENSSOCT00000022052	TAG	405
ENSSOCT00000022106	TGA	971
ENSSOCT00000022100	TGA	971
ENSSOCT00000022133	TAG	466
ENSSOCT00000022126	TAG	466
ENSSOCT00000022497	TAA	995
ENSSOCT00000022460	TGA	117
ENSSOCT00000002989	TAG	1148
ENSSOCT00000002986	TAA	453
ENSSOCT00000016926	TAA	48
ENSSOCT00000006467	TAA	58
ENSSOCT00000006443	TAA	242
ENSSOCT00000006417	TAG	741
ENSSOCT00000017283	TGA	99
ENSSOCT00000020420	TAA	1000
ENSSOCT00000019362	TGA	628
ENSSOCT00000002269	TAA	1189
ENSSOCT00000002272	TAA	1189
ENSSOCT00000013670	TGA	451
ENSSOCT00000019007	TGA	323
ENSSOCT00000019025	TGA	323
ENSSOCT00000019457	TAA	443
ENSSOCT00000007320	TGA	826
ENSSOCT00000006900	TGA	951
ENSSOCT00000021048	TAG	352
ENSSOCT00000021061	TAG	352
ENSSOCT00000020989	TAA	655
ENSSOCT00000000325	TGA	298
ENSSOCT00000010895	TGA	592
ENSSOCT00000015221	TGA	1161
ENSSOCT00000015216	TGA	1161
ENSSOCT00000015231	TGA	1161
ENSSOCT00000015207	TGA	1161
ENSSOCT00000019669	TGA	142
ENSSOCT00000019426	TGA	142
ENSSOCT00000019596	TGA	142
ENSSOCT00000019591	TGA	142
ENSSOCT00000019649	TGA	142
ENSSOCT00000019567	TGA	142
ENSSOCT00000020363	TGA	12
ENSSOCT00000022619	TAG	315
ENSSOCT00000010385	TGA	68
ENSSOCT00000010863	TAA	218
ENSSOCT00000004178	TGA	513
ENSSOCT00000013099	TGA	1000
ENSSOCT00000004381	TGA	623
ENSSOCT00000011195	TGA	350
ENSSOCT00000011140	TGA	405
ENSSOCT00000023897	TGA	280
ENSSOCT00000023895	TGA	280
ENSSOCT00000023894	TGA	280
ENSSOCT00000023898	TGA	280
ENSSOCT00000003896	TAA	1000
ENSSOCT00000011581	TGA	280
ENSSOCT00000020383	TGA	184
ENSSOCT00000005769	TAA	404
ENSSOCT00000013315	TAG	32
ENSSOCT00000019661	TAA	1084
ENSSOCT00000018912	TAA	173
ENSSOCT00000007784	TAG	638
ENSSOCT00000011597	TAG	193
ENSSOCT00000011721	TAG	193
ENSSOCT00000011810	TAG	193
ENSSOCT00000011567	TAG	573
ENSSOCT00000017860	TAA	382
ENSSOCT00000018433	TGA	264
ENSSOCT00000018438	TGA	264
ENSSOCT00000017889	TAA	1191
ENSSOCT00000018321	TAG	429
ENSSOCT00000018916	TGA	396
ENSSOCT00000006150	TGA	1231
ENSSOCT00000019815	TGA	155
ENSSOCT00000018815	TGA	367
ENSSOCT00000018803	TGA	367
ENSSOCT00000001371	TGA	194
ENSSOCT00000016210	TGA	54
ENSSOCT00000016190	TGA	54
ENSSOCT00000014219	TGA	161
ENSSOCT00000014072	TGA	262
ENSSOCT00000014211	TGA	1584
ENSSOCT00000015619	TGA	162
ENSSOCT00000001794	TAA	1101
ENSSOCT00000001805	TAG	1260
ENSSOCT00000002533	TGA	634
ENSSOCT00000010158	TAG	159
ENSSOCT00000010144	TAG	159
ENSSOCT00000010191	TAA	459
ENSSOCT00000008551	TGA	1437
ENSSOCT00000003535	TAG	675
ENSSOCT00000003567	TAG	675
ENSSOCT00000003556	TAG	675
ENSSOCT00000003549	TAG	675
ENSSOCT00000003578	TAG	675
ENSSOCT00000006399	TAA	442
ENSSOCT00000008833	TAG	2679
ENSSOCT00000022483	TAG	571
ENSSOCT00000008231	TAA	1112
ENSSOCT00000016612	TAA	265
ENSSOCT00000018160	TGA	662
ENSSOCT00000003022	TAG	1000
ENSSOCT00000003014	TAA	77
ENSSOCT00000003013	TAG	425
ENSSOCT00000017756	TAA	686
ENSSOCT00000017751	TAA	686
ENSSOCT00000023540	TGA	951
ENSSOCT00000018626	TAA	115
ENSSOCT00000018579	TAA	115
ENSSOCT00000023708	TGA	1116
ENSSOCT00000020137	TGA	139
ENSSOCT00000022161	TGA	169
ENSSOCT00000014664	TGA	389
ENSSOCT00000002243	TGA	342
ENSSOCT00000002248	TGA	342
ENSSOCT00000001584	TGA	185
ENSSOCT00000014717	TAG	1072
ENSSOCT00000014723	TAG	1072
ENSSOCT00000014597	TGA	1356
ENSSOCT00000020466	TGA	921
ENSSOCT00000020450	TGA	921
ENSSOCT00000020442	TGA	921
ENSSOCT00000016115	TAA	184
ENSSOCT00000004283	TGA	196
ENSSOCT00000018904	TAG	2120
ENSSOCT00000018638	TAG	2120
ENSSOCT00000018974	TAG	2120
ENSSOCT00000018624	TAG	2120
ENSSOCT00000018650	TAG	2120
ENSSOCT00000018435	TAG	2120
ENSSOCT00000018614	TAG	2120
ENSSOCT00000019081	TAG	2120
ENSSOCT00000019063	TAG	2120
ENSSOCT00000019060	TAG	2120
ENSSOCT00000012808	TAA	860
ENSSOCT00000006765	TGA	652
ENSSOCT00000006690	TGA	558
ENSSOCT00000018014	TGA	1174
ENSSOCT00000021586	TAG	126
ENSSOCT00000021614	TAA	292
ENSSOCT00000003860	TAA	1936
ENSSOCT00000003854	TAA	1936
ENSSOCT00000003782	TGA	420
ENSSOCT00000010788	TAG	642
ENSSOCT00000010770	TAG	615
ENSSOCT00000007806	TGA	115
ENSSOCT00000009621	TGA	777
ENSSOCT00000009560	TGA	777
ENSSOCT00000009509	TGA	777
ENSSOCT00000009544	TGA	777
ENSSOCT00000017473	TGA	101
ENSSOCT00000006633	TGA	795
ENSSOCT00000011340	TAG	109
ENSSOCT00000011044	TAG	109
ENSSOCT00000011406	TAG	109
ENSSOCT00000010343	TGA	335
ENSSOCT00000008918	TAG	93
ENSSOCT00000006244	TAA	628
ENSSOCT00000011977	TGA	702
ENSSOCT00000011990	TGA	702
ENSSOCT00000011952	TGA	702
ENSSOCT00000019533	TGA	159
ENSSOCT00000019528	TGA	159
ENSSOCT00000005648	TAA	32
ENSSOCT00000005560	TAA	24
ENSSOCT00000019796	TAA	27
ENSSOCT00000001308	TAA	547
ENSSOCT00000004432	TGA	695
ENSSOCT00000011282	TAG	1195
ENSSOCT00000021321	TGA	582
ENSSOCT00000013974	TGA	267
ENSSOCT00000002521	TGA	779
ENSSOCT00000002545	TAG	840
ENSSOCT00000002542	TAG	840
ENSSOCT00000002499	TGA	466
ENSSOCT00000002506	TGA	466
ENSSOCT00000015571	TGA	12
ENSSOCT00000009915	TGA	1000
ENSSOCT00000015456	TGA	2131
ENSSOCT00000012180	TAG	608
ENSSOCT00000022524	TAG	2856
ENSSOCT00000008552	TAA	1000
ENSSOCT00000004356	TAG	214
ENSSOCT00000011342	TAA	715
ENSSOCT00000011333	TAA	715
ENSSOCT00000004915	TGA	1000
ENSSOCT00000014241	TAA	337
ENSSOCT00000017704	TGA	32
ENSSOCT00000019280	TGA	75
ENSSOCT00000022673	TAA	4
ENSSOCT00000022657	TGA	414
ENSSOCT00000023570	TGA	841
ENSSOCT00000023584	TAA	1746
ENSSOCT00000023583	TAA	1746
ENSSOCT00000004457	TGA	955
ENSSOCT00000018984	TAA	171
ENSSOCT00000018975	TAA	171
ENSSOCT00000018992	TAA	1552
ENSSOCT00000018983	TAA	1552
ENSSOCT00000017241	TGA	149
ENSSOCT00000006481	TAA	11
ENSSOCT00000006478	TAG	3971
ENSSOCT00000020016	TAG	312
ENSSOCT00000021125	TGA	262
ENSSOCT00000021142	TGA	262
ENSSOCT00000021182	TGA	262
ENSSOCT00000021152	TGA	262
ENSSOCT00000021168	TGA	262
ENSSOCT00000018702	TAG	786
ENSSOCT00000009592	TAG	643
ENSSOCT00000009581	TAG	643
ENSSOCT00000005826	TAA	524
ENSSOCT00000005635	TAA	499
ENSSOCT00000023471	TGA	1716
ENSSOCT00000005235	TGA	33
ENSSOCT00000019557	TGA	554
ENSSOCT00000011002	TGA	433
ENSSOCT00000008826	TAA	353
ENSSOCT00000013173	TGA	1749
ENSSOCT00000021636	TAA	47
ENSSOCT00000021567	TAA	219
ENSSOCT00000021559	TAG	71
ENSSOCT00000021575	TGA	3031
ENSSOCT00000003887	TAA	493
ENSSOCT00000003870	TAA	493
ENSSOCT00000003891	TAA	493
ENSSOCT00000003916	TAA	493
ENSSOCT00000003816	TGA	1228
ENSSOCT00000020976	TAA	46
ENSSOCT00000020968	TAA	46
ENSSOCT00000004577	TGA	132
ENSSOCT00000008317	TAA	955
ENSSOCT00000003490	TGA	253
ENSSOCT00000003486	TGA	253
ENSSOCT00000003453	TAA	1394
ENSSOCT00000014340	TAA	64
ENSSOCT00000003088	TAA	1459
ENSSOCT00000017520	TGA	1106
ENSSOCT00000017525	TGA	1106
ENSSOCT00000011096	TGA	1211
ENSSOCT00000020598	TGA	60
ENSSOCT00000008922	TAG	647
ENSSOCT00000006201	TAA	665
ENSSOCT00000003207	TAA	283
ENSSOCT00000019763	TAG	2735
ENSSOCT00000013656	TAA	216
ENSSOCT00000018829	TGA	1617
ENSSOCT00000018841	TGA	1617
ENSSOCT00000018809	TGA	1617
ENSSOCT00000010330	TGA	53
ENSSOCT00000011150	TAA	2170
ENSSOCT00000015552	TAA	1491
ENSSOCT00000015883	TGA	117
ENSSOCT00000000089	TGA	246
ENSSOCT00000009983	TAA	430
ENSSOCT00000011084	TAA	673
ENSSOCT00000011133	TAA	673
ENSSOCT00000011127	TAA	673
ENSSOCT00000008550	TGA	71
ENSSOCT00000020535	TAG	381
ENSSOCT00000004879	TGA	146
ENSSOCT00000004883	TAA	200
ENSSOCT00000003701	TAA	121
ENSSOCT00000020180	TAG	1000
ENSSOCT00000007148	TGA	95
ENSSOCT00000023607	TAA	2604
ENSSOCT00000020060	TGA	176
ENSSOCT00000018890	TAA	256
ENSSOCT00000000679	TAA	1143
ENSSOCT00000015262	TAA	254
ENSSOCT00000022884	TAG	1132
ENSSOCT00000012101	TGA	632
ENSSOCT00000021906	TGA	1658
ENSSOCT00000005745	TGA	348
ENSSOCT00000005780	TAG	1174
