TriadT63119	TAA	124
TriadT36841	TAG	182
TriadT36840	TAG	38
TriadT63110	TAA	213
TriadT63117	TAA	200
TriadT63115	TGA	241
TriadT63114	TAA	542
TriadT38449	TAA	162
TriadT38448	TAA	620
TriadT38442	TAA	49
TriadT63074	TAA	108
TriadT37144	TAA	169
TriadT37495	TAA	141
TriadT37492	TAA	74
TriadT37142	TAA	56
TriadT38236	TAA	400
TriadT37729	TAG	289
TriadT38054	TAA	155
TriadT64233	TAA	67
TriadT63912	TAA	161
TriadT64231	TAG	591
TriadT63917	TAG	465
TriadT64057	TAG	245
TriadT64054	TAA	191
TriadT64053	TAA	288
TriadT64051	TAA	174
TriadT64058	TAA	129
TriadT37809	TAA	284
TriadT36865	TAA	717
TriadT63134	TAA	356
TriadT63137	TAA	50
TriadT35383	TAA	634
TriadT37121	TAA	352
TriadT35174	TAG	95
TriadT64214	TAA	478
TriadT63937	TAG	16
TriadT64216	TGA	81
TriadT63931	TAA	250
TriadT63930	TAA	86
TriadT63933	TAA	312
TriadT63932	TAA	242
TriadT64218	TGA	72
TriadT64078	TAG	130
TriadT64073	TAA	152
TriadT64072	TAA	132
TriadT63484	TAA	319
TriadT63487	TAA	465
TriadT63155	TAA	65
TriadT38488	TAA	127
TriadT37100	TAA	26
TriadT63648	TAA	220
TriadT63642	TAA	366
TriadT64302	TAG	465
TriadT64279	TGA	131
TriadT63958	TAA	406
TriadT64277	TAA	278
TriadT63955	TAA	57
TriadT64272	TAA	31
TriadT64092	TAA	298
TriadT64091	TAA	171
TriadT64090	TAA	117
TriadT35841	TAA	244
TriadT37840	TAA	494
TriadT63178	TAG	71
TriadT63173	TAG	443
TriadT35694	TAA	71
TriadT38207	TAA	133
TriadT37472	TAG	101
TriadT36784	TAA	95
TriadT37785	TAA	160
TriadT63786	TAG	385
TriadT63787	TAA	369
TriadT63784	TAA	438
TriadT63785	TAA	357
TriadT63781	TAG	317
TriadT36434	TAG	130
TriadT36922	TAA	663
TriadT38444	TAA	426
TriadT37067	TAA	712
TriadT63971	TAA	131
TriadT63201	TAA	701
TriadT63972	TAA	28
TriadT63207	TAG	152
TriadT63974	TAG	231
TriadT63205	TAA	293
TriadT63979	TAA	86
TriadT37642	TAA	402
TriadT37861	TAA	164
TriadT37648	TAA	208
TriadT63193	TAA	160
TriadT63191	TAA	285
TriadT38199	TAG	825
TriadT38228	TAA	568
TriadT38158	TAA	193
TriadT36902	TAG	418
TriadT36909	TAA	363
TriadT35221	TAA	326
TriadT37552	TGA	41
TriadT37621	TAA	59
TriadT37628	TAA	177
TriadT37339	TAA	414
TriadT37330	TAA	478
TriadT63422	TAA	248
TriadT63428	TAA	308
TriadT37963	TAG	84
TriadT37961	TAA	158
TriadT64349	TAA	34
TriadT63360	TAG	82
TriadT64346	TAA	157
TriadT38242	TAA	104
TriadT64198	TAA	174
TriadT64196	TGA	22
TriadT64192	TAG	386
TriadT64190	TAA	253
TriadT64191	TGA	1
TriadT36216	TAA	77
TriadT36212	TAA	116
TriadT37737	TAG	14
TriadT36962	TAA	179
TriadT63651	TAA	17
TriadT63652	TGA	1
TriadT63656	TAG	36
TriadT35244	TAA	105
TriadT38529	TAA	266
TriadT38523	TAG	207
TriadT64271	TAA	161
TriadT36460	TAA	65
TriadT63869	TAA	184
TriadT64388	TAG	292
TriadT64123	TAG	33
TriadT64381	TAA	84
TriadT63860	TAG	205
TriadT64385	TGA	284
TriadT63864	TAA	288
TriadT37607	TAA	421
TriadT37356	TAA	66
TriadT37351	TAA	141
TriadT37600	TAA	57
TriadT36003	TAA	186
TriadT63249	TAA	201
TriadT36005	TGA	177
TriadT36550	TAA	138
TriadT37979	TAG	192
TriadT37971	TAA	226
TriadT37976	TAA	70
TriadT38262	TAA	38
TriadT64171	TAG	220
TriadT63380	TAA	119
TriadT64173	TAA	79
TriadT64174	TAG	226
TriadT64176	TAA	104
TriadT63385	TAA	512
TriadT64179	TAA	183
TriadT37016	TAA	354
TriadT63138	TAA	89
TriadT64389	TAA	401
TriadT64380	TAA	315
TriadT36940	TAG	267
TriadT63672	TAG	39
TriadT63671	TAA	234
TriadT35913	TGA	248
TriadT35260	TAA	41
TriadT63847	TAA	171
TriadT37376	TAA	71
TriadT36021	TAA	57
TriadT63462	TAA	109
TriadT63461	TAA	226
TriadT37956	TAG	285
TriadT38286	TAA	195
TriadT38289	TAA	271
TriadT64151	TGA	587
TriadT64156	TAA	16
TriadT64155	TAA	93
TriadT63767	TAA	41
TriadT37030	TAA	72
TriadT63614	TGA	325
TriadT63615	TAG	534
TriadT63617	TAG	159
TriadT63610	TAA	122
TriadT63612	TGA	81
TriadT63613	TAA	79
TriadT63619	TAA	197
TriadT35934	TAA	9
TriadT63826	TAA	308
TriadT63823	TAG	48
TriadT63821	TAG	229
TriadT63375	TAA	106
TriadT64048	TAA	294
TriadT36517	TAA	401
TriadT38115	TAA	67
TriadT64138	TAG	64
TriadT64132	TAA	8
TriadT63662	TAA	92
TriadT37059	TAA	411
TriadT38086	TGA	177
TriadT63589	TAA	461
TriadT36985	TAA	197
TriadT63634	TAA	301
TriadT63635	TAA	75
TriadT35956	TAA	92
TriadT63808	TAA	114
TriadT63801	TGA	221
TriadT63805	TAA	177
TriadT63804	TAG	28
TriadT37919	TAA	270
TriadT35747	TAA	238
TriadT64116	TAA	354
TriadT64114	TAA	32
TriadT63323	TAA	122
TriadT64110	TAA	85
TriadT64384	TAG	145
TriadT37214	TAA	448
TriadT37071	TAG	72
TriadT37075	TAA	197
TriadT64394	TAA	258
TriadT38307	TAA	287
TriadT63778	TAA	137
TriadT63775	TGA	392
TriadT38152	TAG	384
TriadT63433	TAG	141
TriadT63308	TAG	80
TriadT63309	TGA	134
TriadT37276	TAA	38
TriadT63545	TAA	204
TriadT63547	TAG	59
TriadT63548	TGA	102
TriadT37096	TAA	237
TriadT64213	TAA	149
TriadT64074	TAA	92
TriadT63365	TAA	104
TriadT63361	TAA	689
TriadT64325	TGA	139
TriadT64324	TAA	131
TriadT64327	TAA	184
TriadT64321	TAA	1
TriadT64322	TAA	129
TriadT64329	TAA	60
TriadT49530	TAA	62
TriadT35520	TAA	409
TriadT63980	TAA	181
TriadT63981	TAA	29
TriadT63983	TAA	416
TriadT63986	TAA	167
TriadT63987	TGA	265
TriadT37522	TAA	244
TriadT37524	TAA	351
TriadT37528	TAA	171
TriadT36122	TAA	303
TriadT36699	TAA	192
TriadT37989	TAA	20
TriadT63698	TAA	130
TriadT63695	TAA	170
TriadT63691	TAG	156
TriadT64427	TAA	341
TriadT64424	TGA	74
TriadT64425	TAA	246
TriadT64422	TAA	259
TriadT64341	TAA	576
TriadT36785	TAG	67
TriadT36591	TGA	251
TriadT63737	TGA	337
TriadT63736	TAA	439
TriadT63738	TAG	222
TriadT35819	TAA	353
TriadT35818	TAA	35
TriadT64282	TAA	51
TriadT64284	TAA	292
TriadT64285	TAA	357
TriadT63505	TAA	445
TriadT63506	TAA	233
TriadT63502	TAA	340
TriadT35487	TAA	174
TriadT35480	TGA	293
TriadT36348	TAA	67
TriadT63082	TAA	110
TriadT63087	TAA	182
TriadT63086	TAA	86
TriadT63880	TAA	316
TriadT63883	TAA	361
TriadT63886	TAG	19
TriadT63889	TAA	196
TriadT63888	TAA	146
TriadT37197	TAA	65
TriadT37190	TAA	66
TriadT63757	TAA	384
TriadT63718	TAA	7
TriadT63713	TAA	155
TriadT63717	TAA	369
TriadT63716	TAA	349
TriadT64402	TAA	220
TriadT64009	TAA	301
TriadT64000	TAA	51
TriadT64003	TAA	238
TriadT64005	TAA	27
TriadT63527	TGA	21
TriadT63524	TAA	273
TriadT63522	TAA	334
TriadT36024	TAG	343
TriadT63529	TAA	80
TriadT64204	TAA	32
TriadT37388	TAG	293
TriadT35792	TAG	400
TriadT35460	TAA	328
TriadT35468	TAA	191
TriadT36386	TAG	87
TriadT38479	TAA	253
TriadT36979	TAA	150
TriadT64432	TAA	408
TriadT63359	TAA	277
TriadT37718	TAA	94
TriadT36440	TAA	48
TriadT35852	TAA	179
TriadT64080	TAA	138
TriadT63298	TGA	226
TriadT37541	TAA	342
TriadT64023	TAA	166
TriadT64020	TAA	412
TriadT64021	TAA	314
TriadT64027	TGA	400
TriadT37811	TAA	20
TriadT64348	TAA	378
TriadT36142	TAG	391
TriadT36635	TAA	137
TriadT35443	TAA	185
TriadT63108	TAA	91
TriadT63109	TGA	112
TriadT63100	TAG	128
TriadT63102	TAA	350
TriadT63103	TAA	7
TriadT63107	TGA	104
TriadT37155	TAA	179
TriadT38029	TAA	106
TriadT64220	TAG	42
TriadT64229	TAG	102
TriadT64046	TAA	35
TriadT64049	TAA	150
TriadT64069	TAA	468
TriadT36875	TAA	179
TriadT63123	TAG	62
TriadT63121	TAA	66
TriadT63128	TAA	266
TriadT37138	TAA	52
TriadT36263	TAA	386
TriadT35982	TAA	324
TriadT35180	TAA	577
TriadT38008	TAA	120
TriadT64202	TGA	49
TriadT64206	TAG	38
TriadT63924	TAA	420
TriadT64068	TAA	307
TriadT64065	TAA	429
TriadT64063	TGA	312
TriadT64060	TAA	340
TriadT36098	TAG	174
TriadT63493	TAA	215
TriadT63491	TAA	552
TriadT63497	TAA	57
TriadT63495	TAA	154
TriadT35406	TAA	95
TriadT36890	TAG	295
TriadT36897	TAA	76
TriadT63147	TAA	416
TriadT63140	TAA	294
TriadT63141	TAA	95
TriadT63143	TAG	57
TriadT38495	TAA	45
TriadT37449	TAA	102
TriadT63790	TAA	223
TriadT63793	TAA	384
TriadT63795	TAA	81
TriadT63797	TAA	348
TriadT63796	TAG	151
TriadT63799	TAA	543
TriadT38408	TAG	59
TriadT36421	TGA	46
TriadT36930	TAA	83
TriadT64185	TAA	204
TriadT63946	TAA	317
TriadT63947	TAA	176
TriadT63940	TGA	92
TriadT63941	TAA	24
TriadT63942	TAA	148
TriadT64084	TAA	1111
TriadT64088	TAA	348
TriadT37307	TGA	70
TriadT64353	TAA	61
TriadT63166	TAA	155
TriadT63161	TAG	247
TriadT35686	TAA	245
TriadT64410	TGA	289
TriadT37186	TAG	8
TriadT64263	TAA	391
TriadT36227	TAA	306
TriadT38513	TAA	448
TriadT64128	TGA	145
TriadT63961	TGA	266
TriadT35692	TAA	110
TriadT63181	TAA	261
TriadT63184	TGA	3
TriadT63188	TAA	104
TriadT49524	TAA	535
TriadT36673	TAA	17
TriadT38183	TGA	384
TriadT38231	TAA	187
TriadT64180	TAA	324
TriadT64182	TAA	267
TriadT36208	TAG	74
TriadT63643	TAG	116
TriadT63641	TAA	79
TriadT63647	TAA	410
TriadT38534	TAA	429
TriadT63238	TAG	102
TriadT64136	TAA	246
TriadT63235	TAG	136
TriadT64275	TAG	102
TriadT38259	TAA	143
TriadT64163	TAA	5
TriadT64162	TAA	260
TriadT64165	TAA	528
TriadT64164	TAA	135
TriadT64169	TAG	513
TriadT64168	TAA	526
TriadT63390	TAA	157
TriadT37422	TAG	577
TriadT63088	TAA	116
TriadT36957	TGA	170
TriadT63669	TAA	379
TriadT63664	TAA	35
TriadT63667	TAG	349
TriadT63666	TAG	336
TriadT35903	TAG	308
TriadT35270	TAG	594
TriadT63255	TAA	245
TriadT63252	TAG	89
TriadT35766	TAA	59
TriadT63870	TAA	137
TriadT63871	TAA	20
TriadT64392	TGA	121
TriadT64393	TAA	273
TriadT63876	TAA	106
TriadT35761	TGA	280
TriadT64360	TAG	133
TriadT64367	TAA	169
TriadT64369	TGA	111
TriadT37364	TAG	128
TriadT37369	TAA	56
TriadT63418	TAA	244
TriadT63412	TAA	53
TriadT63413	TAA	196
TriadT38435	TGA	359
TriadT38271	TAA	225
TriadT64149	TAA	302
TriadT64148	TAG	250
TriadT49508	TAA	136
TriadT37004	TAA	138
TriadT37007	TAA	14
TriadT63602	TGA	98
TriadT63601	TAA	363
TriadT64131	TAA	114
TriadT63276	TAA	173
TriadT63278	TAA	27
TriadT63852	TAA	248
TriadT63858	TAA	20
TriadT63838	TAA	179
TriadT36524	TGA	200
TriadT63476	TAA	138
TriadT63470	TAA	636
TriadT63472	TGA	691
TriadT63473	TAA	302
TriadT36034	TAA	103
TriadT35714	TAG	83
TriadT38294	TAA	81
TriadT38299	TAA	447
TriadT64126	TAA	119
TriadT64124	TAG	263
TriadT64122	TAA	444
TriadT64121	TGA	177
TriadT64237	TAG	115
TriadT37028	TGA	49
TriadT63405	TAA	193
TriadT63596	TAA	744
TriadT63591	TAA	358
TriadT63590	TAA	454
TriadT63599	TAG	245
TriadT63629	TAA	484
TriadT63628	TAG	10
TriadT36990	TAA	91
TriadT63621	TGA	324
TriadT63623	TAA	385
TriadT63622	TAG	308
TriadT63625	TAA	145
TriadT63627	TAA	187
TriadT35947	TAA	108
TriadT35944	TAA	21
TriadT36727	TAA	79
TriadT35366	TAA	237
TriadT64252	TAA	367
TriadT63834	TGA	337
TriadT63836	TAA	277
TriadT38333	TAG	276
TriadT38332	TAA	501
TriadT63457	TAA	194
TriadT63455	TAA	144
TriadT37901	TAA	87
TriadT37902	TAA	39
TriadT38108	TGA	73
TriadT63335	TAG	54
TriadT37592	TGA	101
TriadT37229	TAA	93
TriadT37040	TAA	124
TriadT37048	TAA	234
TriadT64370	TGA	419
TriadT64371	TGA	191
TriadT63816	TAA	229
TriadT63817	TAA	112
TriadT35755	TAA	154
TriadT64243	TAA	913
TriadT63310	TAA	307
TriadT63312	TAA	83
TriadT37206	TAA	1
TriadT63552	TAA	210
TriadT63551	TAG	123
TriadT63550	TAG	87
TriadT63557	TAA	87
TriadT63331	TAA	273
TriadT38377	TAA	376
TriadT64312	TAA	264
TriadT63768	TAA	62
TriadT63763	TAA	6
TriadT38140	TGA	313
TriadT64418	TAA	162
TriadT63996	TAG	471
TriadT37264	TAG	463
TriadT37267	TAA	179
TriadT36680	TAG	167
TriadT63571	TGA	405
TriadT49494	TAA	503
TriadT37081	TAA	308
TriadT37088	TAG	183
TriadT63686	TAA	331
TriadT63685	TAG	4
TriadT63683	TAA	269
TriadT37880	TAA	193
TriadT35658	TAA	246
TriadT35608	TAG	139
TriadT63964	TAA	152
TriadT64241	TAA	92
TriadT38351	TAA	369
TriadT38421	TAA	61
TriadT64331	TGA	495
TriadT64337	TGA	670
TriadT37748	TAG	48
TriadT63741	TAA	106
TriadT63746	TAA	113
TriadT63747	TGA	54
TriadT63745	TAA	130
TriadT63748	TAA	313
TriadT63749	TAA	229
TriadT35829	TAA	77
TriadT63350	TAA	345
TriadT63355	TAG	131
TriadT64295	TAG	391
TriadT64296	TAA	134
TriadT64290	TAA	406
TriadT64292	TAG	231
TriadT63383	TAG	299
TriadT38381	TAA	334
TriadT37531	TAA	87
TriadT37535	TAA	633
TriadT36312	TAA	600
TriadT63519	TAA	519
TriadT63518	TGA	486
TriadT63513	TAA	259
TriadT63511	TGA	95
TriadT63510	TAA	406
TriadT64430	TAG	18
TriadT64358	TAA	123
TriadT64359	TAA	395
TriadT64355	TAA	602
TriadT64351	TAG	296
TriadT37183	TAA	527
TriadT37760	TAA	97
TriadT36585	TGA	338
TriadT36582	TGA	428
TriadT63724	TAA	132
TriadT63722	TAG	267
TriadT64399	TAG	294
TriadT64011	TAA	32
TriadT64010	TAG	203
TriadT64016	TAA	71
TriadT64015	TAA	255
TriadT64014	TAA	178
TriadT63532	TAG	117
TriadT63536	TAG	225
TriadT63539	TAG	39
TriadT64030	TAA	239
TriadT64033	TAA	184
TriadT64032	TAA	286
TriadT35611	TAA	57
TriadT64119	TGA	530
TriadT38465	TAA	145
TriadT38462	TAA	648
TriadT38460	TAG	220
TriadT38398	TAA	282
TriadT63098	TAA	61
TriadT63092	TAA	91
TriadT63896	TAG	194
TriadT63893	TAA	164
TriadT63898	TAA	27
TriadT37708	TAG	14
TriadT64417	TGA	69
TriadT63706	TAA	166
TriadT63707	TAA	259
TriadT63705	TAG	920
TriadT63703	TAA	61
TriadT63700	TGA	60
TriadT35864	TAA	205
TriadT35865	TAA	50
TriadT63282	TAA	293
TriadT37572	TAA	71
TriadT64038	TAA	115
TriadT64035	TAG	58
TriadT64037	TAA	383
TriadT64036	TAA	2
TriadT37398	TAA	189
TriadT35456	TAA	62
