ENSTNIT00000020166	TGA	141
ENSTNIT00000020168	TAG	36
ENSTNIT00000009473	TGA	295
ENSTNIT00000021492	TAA	347
ENSTNIT00000018611	TAG	325
ENSTNIT00000014181	TAG	81
ENSTNIT00000018612	TAG	870
ENSTNIT00000007471	TAA	54
ENSTNIT00000020137	TGA	389
ENSTNIT00000020142	TAG	421
ENSTNIT00000022312	TAA	255
ENSTNIT00000002166	TAA	255
ENSTNIT00000016866	TAA	949
ENSTNIT00000016356	TAG	418
ENSTNIT00000014321	TGA	399
ENSTNIT00000005773	TAA	373
ENSTNIT00000011575	TGA	206
ENSTNIT00000015408	TAA	179
ENSTNIT00000015404	TGA	245
ENSTNIT00000010040	TAA	679
ENSTNIT00000010039	TGA	534
ENSTNIT00000010044	TGA	361
ENSTNIT00000009258	TGA	327
ENSTNIT00000021949	TGA	80
ENSTNIT00000009254	TAA	241
ENSTNIT00000019232	TAG	611
ENSTNIT00000016756	TGA	294
ENSTNIT00000009252	TGA	97
ENSTNIT00000000875	TGA	97
ENSTNIT00000018616	TGA	250
ENSTNIT00000010464	TGA	245
ENSTNIT00000010465	TAA	142
ENSTNIT00000017570	TGA	94
ENSTNIT00000008252	TGA	743
ENSTNIT00000020834	TAA	135
ENSTNIT00000014019	TAG	342
ENSTNIT00000001986	TGA	204
ENSTNIT00000006125	TAA	55
ENSTNIT00000006128	TGA	143
ENSTNIT00000006129	TAA	101
ENSTNIT00000019391	TGA	213
ENSTNIT00000019388	TGA	47
ENSTNIT00000019389	TGA	280
ENSTNIT00000008685	TGA	395
ENSTNIT00000016009	TAA	16
ENSTNIT00000013178	TGA	566
ENSTNIT00000005469	TGA	698
ENSTNIT00000011987	TAA	108
ENSTNIT00000012974	TGA	300
ENSTNIT00000016101	TGA	91
ENSTNIT00000007204	TAA	238
ENSTNIT00000008332	TAG	138
ENSTNIT00000005415	TGA	80
ENSTNIT00000005423	TAG	190
ENSTNIT00000000308	TGA	197
ENSTNIT00000000314	TAG	341
ENSTNIT00000021238	TGA	72
ENSTNIT00000008843	TAA	25
ENSTNIT00000018453	TGA	350
ENSTNIT00000017589	TAG	652
ENSTNIT00000015848	TAG	210
ENSTNIT00000015846	TAG	40
ENSTNIT00000000218	TAA	164
ENSTNIT00000015843	TAG	782
ENSTNIT00000002142	TGA	56
ENSTNIT00000013639	TAG	583
ENSTNIT00000013638	TAG	147
ENSTNIT00000005718	TGA	175
ENSTNIT00000005721	TGA	100
ENSTNIT00000005726	TGA	338
ENSTNIT00000000680	TAG	73
ENSTNIT00000019566	TAA	185
ENSTNIT00000020434	TAA	15
ENSTNIT00000020436	TAA	26
ENSTNIT00000020435	TAA	341
ENSTNIT00000015171	TGA	1125
ENSTNIT00000016540	TGA	83
ENSTNIT00000005868	TGA	82
ENSTNIT00000005861	TAG	50
ENSTNIT00000005864	TAG	163
ENSTNIT00000014818	TAG	177
ENSTNIT00000014819	TGA	313
ENSTNIT00000004406	TAG	156
ENSTNIT00000017767	TAG	80
ENSTNIT00000010385	TGA	712
ENSTNIT00000010380	TGA	168
ENSTNIT00000002517	TGA	246
ENSTNIT00000008616	TAA	101
ENSTNIT00000011106	TGA	300
ENSTNIT00000002712	TGA	88
ENSTNIT00000000411	TGA	674
ENSTNIT00000013423	TGA	207
ENSTNIT00000003064	TGA	48
ENSTNIT00000004436	TGA	39
ENSTNIT00000018996	TAA	475
ENSTNIT00000018994	TAA	284
ENSTNIT00000006828	TAA	505
ENSTNIT00000020147	TAG	246
ENSTNIT00000020152	TAG	760
ENSTNIT00000009451	TAA	535
ENSTNIT00000011592	TGA	198
ENSTNIT00000011594	TGA	90
ENSTNIT00000018855	TGA	93
ENSTNIT00000004161	TGA	93
ENSTNIT00000018632	TAA	371
ENSTNIT00000018483	TAG	269
ENSTNIT00000018484	TGA	171
ENSTNIT00000003242	TGA	258
ENSTNIT00000018487	TGA	258
ENSTNIT00000018489	TAA	837
ENSTNIT00000014550	TGA	315
ENSTNIT00000013922	TGA	68
ENSTNIT00000013166	TGA	241
ENSTNIT00000009720	TAA	133
ENSTNIT00000012919	TGA	157
ENSTNIT00000013248	TAG	264
ENSTNIT00000014190	TAA	182
ENSTNIT00000005218	TGA	5
ENSTNIT00000014731	TAA	332
ENSTNIT00000014734	TGA	578
ENSTNIT00000004490	TGA	83
ENSTNIT00000004483	TAG	21
ENSTNIT00000004017	TGA	178
ENSTNIT00000007388	TAG	262
ENSTNIT00000016770	TAA	76
ENSTNIT00000016778	TGA	402
ENSTNIT00000011128	TGA	351
ENSTNIT00000009283	TAG	140
ENSTNIT00000020567	TAG	153
ENSTNIT00000020564	TAA	162
ENSTNIT00000020563	TAG	719
ENSTNIT00000020559	TGA	702
ENSTNIT00000015797	TAA	430
ENSTNIT00000006553	TGA	52
ENSTNIT00000000893	TGA	622
ENSTNIT00000019370	TGA	622
ENSTNIT00000002352	TAA	39
ENSTNIT00000019371	TAA	39
ENSTNIT00000003972	TAA	521
ENSTNIT00000002322	TAA	521
ENSTNIT00000019377	TAG	967
ENSTNIT00000012004	TAA	165
ENSTNIT00000015988	TAA	595
ENSTNIT00000009687	TAG	798
ENSTNIT00000015983	TAA	218
ENSTNIT00000018900	TGA	206
ENSTNIT00000004815	TAG	10
ENSTNIT00000018890	TAG	46
ENSTNIT00000018897	TGA	512
ENSTNIT00000008066	TAA	36
ENSTNIT00000015715	TGA	410
ENSTNIT00000006897	TGA	285
ENSTNIT00000017819	TAA	245
ENSTNIT00000001368	TAA	120
ENSTNIT00000016754	TGA	253
ENSTNIT00000018539	TGA	577
ENSTNIT00000016753	TAG	61
ENSTNIT00000018012	TGA	717
ENSTNIT00000018018	TAA	250
ENSTNIT00000015724	TAA	874
ENSTNIT00000007898	TGA	73
ENSTNIT00000011311	TAG	276
ENSTNIT00000011302	TAA	325
ENSTNIT00000012267	TGA	468
ENSTNIT00000001997	TGA	348
ENSTNIT00000005361	TGA	555
ENSTNIT00000011037	TAA	608
ENSTNIT00000011041	TAA	349
ENSTNIT00000011040	TGA	154
ENSTNIT00000011042	TAA	176
ENSTNIT00000010927	TAA	203
ENSTNIT00000005906	TGA	437
ENSTNIT00000002263	TAG	885
ENSTNIT00000021141	TGA	148
ENSTNIT00000007072	TAG	177
ENSTNIT00000007077	TAA	328
ENSTNIT00000019955	TAG	588
ENSTNIT00000000068	TAG	588
ENSTNIT00000007828	TAG	814
ENSTNIT00000000247	TAA	240
ENSTNIT00000001931	TAA	240
ENSTNIT00000003189	TAA	240
ENSTNIT00000012706	TAA	240
ENSTNIT00000018240	TAA	122
ENSTNIT00000018237	TGA	22
ENSTNIT00000018242	TAG	633
ENSTNIT00000001434	TAG	255
ENSTNIT00000004821	TGA	173
ENSTNIT00000013616	TGA	334
ENSTNIT00000013615	TGA	346
ENSTNIT00000013614	TAA	50
ENSTNIT00000005842	TAG	369
ENSTNIT00000019592	TAA	523
ENSTNIT00000009255	TGA	359
ENSTNIT00000009224	TAG	315
ENSTNIT00000020410	TAA	231
ENSTNIT00000016782	TGA	91
ENSTNIT00000014793	TGA	59
ENSTNIT00000003249	TGA	125
ENSTNIT00000012320	TGA	59
ENSTNIT00000000611	TGA	630
ENSTNIT00000017744	TGA	197
ENSTNIT00000004342	TGA	158
ENSTNIT00000022043	TAA	120
ENSTNIT00000002379	TGA	235
ENSTNIT00000001510	TGA	551
ENSTNIT00000012324	TGA	566
ENSTNIT00000008088	TAA	94
ENSTNIT00000008078	TGA	32
ENSTNIT00000004329	TGA	32
ENSTNIT00000006563	TAG	120
ENSTNIT00000012230	TAA	640
ENSTNIT00000017617	TGA	501
ENSTNIT00000022047	TAA	383
ENSTNIT00000017621	TGA	231
ENSTNIT00000018654	TGA	298
ENSTNIT00000018653	TGA	326
ENSTNIT00000018651	TAG	89
ENSTNIT00000006808	TAG	465
ENSTNIT00000006803	TGA	400
ENSTNIT00000006804	TGA	393
ENSTNIT00000020204	TGA	162
ENSTNIT00000020212	TGA	169
ENSTNIT00000009524	TGA	196
ENSTNIT00000009517	TGA	224
ENSTNIT00000009516	TAA	493
ENSTNIT00000021917	TGA	322
ENSTNIT00000021460	TGA	204
ENSTNIT00000014022	TGA	227
ENSTNIT00000021457	TAA	650
ENSTNIT00000006560	TGA	475
ENSTNIT00000000850	TGA	475
ENSTNIT00000014018	TGA	293
ENSTNIT00000007433	TGA	267
ENSTNIT00000007434	TGA	129
ENSTNIT00000002906	TAG	226
ENSTNIT00000011212	TAG	226
ENSTNIT00000018534	TAA	512
ENSTNIT00000009935	TGA	358
ENSTNIT00000015461	TGA	397
ENSTNIT00000023166	TGA	399
ENSTNIT00000009942	TAG	57
ENSTNIT00000017519	TAA	436
ENSTNIT00000017518	TAG	143
ENSTNIT00000017516	TGA	301
ENSTNIT00000015459	TAG	320
ENSTNIT00000005199	TGA	81
ENSTNIT00000013096	TGA	163
ENSTNIT00000022446	TGA	480
ENSTNIT00000022440	TAG	449
ENSTNIT00000014065	TGA	105
ENSTNIT00000002561	TGA	59
ENSTNIT00000015073	TGA	148
ENSTNIT00000008765	TGA	381
ENSTNIT00000005685	TAA	245
ENSTNIT00000015937	TAA	17
ENSTNIT00000004508	TAA	155
ENSTNIT00000010885	TGA	753
ENSTNIT00000003704	TGA	185
ENSTNIT00000000453	TGA	394
ENSTNIT00000001778	TGA	333
ENSTNIT00000002952	TGA	333
ENSTNIT00000006980	TAG	650
ENSTNIT00000019271	TGA	226
ENSTNIT00000013821	TAA	223
ENSTNIT00000023162	TAG	217
ENSTNIT00000008893	TGA	277
ENSTNIT00000015810	TGA	342
ENSTNIT00000015526	TGA	503
ENSTNIT00000015818	TGA	238
ENSTNIT00000013974	TGA	724
ENSTNIT00000013975	TAG	75
ENSTNIT00000003268	TAG	69
ENSTNIT00000013980	TGA	324
ENSTNIT00000007655	TAG	228
ENSTNIT00000007653	TGA	3
ENSTNIT00000002940	TGA	96
ENSTNIT00000006570	TGA	303
ENSTNIT00000010148	TGA	133
ENSTNIT00000001928	TGA	192
ENSTNIT00000010951	TGA	288
ENSTNIT00000012146	TGA	102
ENSTNIT00000017445	TAG	315
ENSTNIT00000003164	TGA	67
ENSTNIT00000001761	TAA	17
ENSTNIT00000012142	TAA	216
ENSTNIT00000010208	TAG	133
ENSTNIT00000010558	TGA	13
ENSTNIT00000010555	TAA	198
ENSTNIT00000018040	TGA	782
ENSTNIT00000007880	TAG	473
ENSTNIT00000014969	TAG	288
ENSTNIT00000017451	TGA	385
ENSTNIT00000004473	TGA	385
ENSTNIT00000017450	TAG	119
ENSTNIT00000022999	TAG	206
ENSTNIT00000012291	TAG	675
ENSTNIT00000005600	TGA	193
ENSTNIT00000017452	TAA	148
ENSTNIT00000012286	TGA	287
ENSTNIT00000007255	TAA	139
ENSTNIT00000005592	TAG	185
ENSTNIT00000006082	TAG	170
ENSTNIT00000000072	TGA	40
ENSTNIT00000000102	TGA	40
ENSTNIT00000017099	TAA	559
ENSTNIT00000017105	TAA	369
ENSTNIT00000010909	TAA	85
ENSTNIT00000016612	TAA	247
ENSTNIT00000016611	TAA	247
ENSTNIT00000011015	TAA	453
ENSTNIT00000000804	TAA	453
ENSTNIT00000011018	TAG	164
ENSTNIT00000018337	TAG	717
ENSTNIT00000019971	TAA	396
ENSTNIT00000018343	TAA	83
ENSTNIT00000009661	TGA	199
ENSTNIT00000001084	TAA	82
ENSTNIT00000021336	TAG	140
ENSTNIT00000021341	TAA	57
ENSTNIT00000013379	TGA	497
ENSTNIT00000013378	TAG	347
ENSTNIT00000009665	TAG	263
ENSTNIT00000006330	TGA	117
ENSTNIT00000009664	TGA	408
ENSTNIT00000018212	TAA	831
ENSTNIT00000018213	TAG	185
ENSTNIT00000021559	TGA	138
ENSTNIT00000005754	TGA	132
ENSTNIT00000005763	TGA	179
ENSTNIT00000005761	TAA	35
ENSTNIT00000005821	TAA	33
ENSTNIT00000005823	TGA	213
ENSTNIT00000021552	TGA	529
ENSTNIT00000021551	TGA	325
ENSTNIT00000005947	TGA	414
ENSTNIT00000005555	TGA	83
ENSTNIT00000004939	TGA	316
ENSTNIT00000010591	TGA	339
ENSTNIT00000004947	TAA	67
ENSTNIT00000007133	TAA	67
ENSTNIT00000016927	TAA	357
ENSTNIT00000000331	TAA	268
ENSTNIT00000016934	TAA	268
ENSTNIT00000001686	TGA	5
ENSTNIT00000001806	TAA	100
ENSTNIT00000001509	TGA	514
ENSTNIT00000010339	TGA	610
ENSTNIT00000010678	TGA	537
ENSTNIT00000001566	TAA	36
ENSTNIT00000013945	TAA	287
ENSTNIT00000010132	TAA	410
ENSTNIT00000009001	TAA	38
ENSTNIT00000008997	TAG	437
ENSTNIT00000018673	TGA	324
ENSTNIT00000018671	TGA	131
ENSTNIT00000018676	TGA	384
ENSTNIT00000018679	TAG	123
ENSTNIT00000020191	TGA	237
ENSTNIT00000020162	TAA	893
ENSTNIT00000020188	TGA	328
ENSTNIT00000008033	TGA	19
ENSTNIT00000014461	TAA	84
ENSTNIT00000009495	TGA	92
ENSTNIT00000021475	TGA	150
ENSTNIT00000021784	TAA	520
ENSTNIT00000017072	TAG	248
ENSTNIT00000018183	TGA	172
ENSTNIT00000022926	TGA	15
ENSTNIT00000002928	TAA	217
ENSTNIT00000011480	TAA	550
ENSTNIT00000011478	TAA	445
ENSTNIT00000002700	TGA	156
ENSTNIT00000000947	TAG	126
ENSTNIT00000023143	TAG	343
ENSTNIT00000014143	TGA	193
ENSTNIT00000006494	TGA	130
ENSTNIT00000014144	TAG	565
ENSTNIT00000022346	TGA	169
ENSTNIT00000022344	TGA	100
ENSTNIT00000022350	TAA	249
ENSTNIT00000011563	TAA	103
ENSTNIT00000023180	TGA	598
ENSTNIT00000008746	TAA	614
ENSTNIT00000008744	TGA	218
ENSTNIT00000001900	TAG	520
ENSTNIT00000010492	TAA	171
ENSTNIT00000001620	TGA	69
ENSTNIT00000013594	TAG	117
ENSTNIT00000013599	TGA	376
ENSTNIT00000013601	TAA	90
ENSTNIT00000020519	TGA	176
ENSTNIT00000020523	TAA	17
ENSTNIT00000020520	TGA	308
ENSTNIT00000016736	TGA	390
ENSTNIT00000019870	TAG	151
ENSTNIT00000015836	TAA	324
ENSTNIT00000015831	TAA	134
ENSTNIT00000000825	TAA	421
ENSTNIT00000014003	TAA	562
ENSTNIT00000014001	TAA	174
ENSTNIT00000006594	TGA	1172
ENSTNIT00000019414	TGA	237
ENSTNIT00000019409	TAG	795
ENSTNIT00000019411	TGA	364
ENSTNIT00000011143	TGA	122
ENSTNIT00000009087	TGA	46
ENSTNIT00000022842	TGA	228
ENSTNIT00000017410	TGA	687
ENSTNIT00000016590	TGA	969
ENSTNIT00000016588	TGA	687
ENSTNIT00000016118	TGA	674
ENSTNIT00000000332	TAG	194
ENSTNIT00000020772	TAG	194
ENSTNIT00000017971	TGA	189
ENSTNIT00000017970	TGA	189
ENSTNIT00000000840	TAA	33
ENSTNIT00000023243	TGA	152
ENSTNIT00000007866	TGA	229
ENSTNIT00000016115	TGA	102
ENSTNIT00000014530	TGA	960
ENSTNIT00000014529	TGA	215
ENSTNIT00000014524	TGA	664
ENSTNIT00000012308	TGA	33
ENSTNIT00000012306	TGA	104
ENSTNIT00000000852	TGA	155
ENSTNIT00000002264	TGA	839
ENSTNIT00000002727	TGA	322
ENSTNIT00000008261	TGA	132
ENSTNIT00000022305	TGA	196
ENSTNIT00000018739	TAG	118
ENSTNIT00000022301	TAA	201
ENSTNIT00000017560	TAG	766
ENSTNIT00000000513	TAA	589
ENSTNIT00000011824	TAA	589
ENSTNIT00000022855	TGA	293
ENSTNIT00000013359	TGA	314
ENSTNIT00000013362	TGA	449
ENSTNIT00000018313	TAG	266
ENSTNIT00000018196	TGA	113
ENSTNIT00000018197	TAA	285
ENSTNIT00000003487	TAA	405
ENSTNIT00000018193	TAG	186
ENSTNIT00000018191	TGA	70
ENSTNIT00000001605	TGA	69
ENSTNIT00000022946	TAG	37
ENSTNIT00000008834	TAA	134
ENSTNIT00000008832	TGA	9
ENSTNIT00000003006	TGA	387
ENSTNIT00000004059	TAA	70
ENSTNIT00000014758	TGA	335
ENSTNIT00000003098	TGA	399
ENSTNIT00000021181	TGA	399
ENSTNIT00000004975	TAA	158
ENSTNIT00000010358	TAA	584
ENSTNIT00000000224	TGA	14
ENSTNIT00000000261	TGA	306
ENSTNIT00000007790	TGA	312
ENSTNIT00000006407	TAA	147
ENSTNIT00000008687	TGA	354
ENSTNIT00000008414	TGA	262
ENSTNIT00000021769	TGA	63
ENSTNIT00000008906	TAG	62
ENSTNIT00000003613	TAA	91
ENSTNIT00000007713	TGA	69
ENSTNIT00000019698	TAA	462
ENSTNIT00000019701	TGA	208
ENSTNIT00000002089	TAA	25
ENSTNIT00000018936	TGA	253
ENSTNIT00000018938	TGA	34
ENSTNIT00000018937	TGA	490
ENSTNIT00000008044	TGA	160
ENSTNIT00000003056	TGA	160
ENSTNIT00000008046	TAA	300
ENSTNIT00000021412	TGA	456
ENSTNIT00000021409	TAG	174
ENSTNIT00000007365	TAA	1011
ENSTNIT00000008203	TAA	456
ENSTNIT00000005638	TGA	140
ENSTNIT00000006765	TAG	197
ENSTNIT00000013962	TAA	95
ENSTNIT00000013963	TGA	213
ENSTNIT00000006296	TAA	242
ENSTNIT00000006242	TAA	122
ENSTNIT00000013106	TGA	130
ENSTNIT00000011462	TAA	187
ENSTNIT00000011464	TAG	85
ENSTNIT00000011458	TGA	355
ENSTNIT00000002965	TGA	355
ENSTNIT00000013958	TGA	40
ENSTNIT00000011466	TGA	364
ENSTNIT00000007283	TAG	81
ENSTNIT00000001982	TAA	139
ENSTNIT00000002853	TAA	115
ENSTNIT00000004166	TGA	463
ENSTNIT00000001413	TGA	144
ENSTNIT00000008722	TGA	175
ENSTNIT00000014169	TGA	161
ENSTNIT00000014164	TGA	141
ENSTNIT00000022329	TGA	539
ENSTNIT00000002854	TAG	254
ENSTNIT00000015393	TAG	398
ENSTNIT00000000083	TAA	157
ENSTNIT00000001003	TAA	356
ENSTNIT00000002108	TGA	536
ENSTNIT00000013209	TGA	536
ENSTNIT00000018474	TAA	783
ENSTNIT00000018481	TAG	159
ENSTNIT00000003506	TAG	159
ENSTNIT00000017484	TGA	504
ENSTNIT00000009811	TGA	301
ENSTNIT00000020547	TGA	405
ENSTNIT00000020538	TGA	34
ENSTNIT00000020541	TGA	439
ENSTNIT00000019315	TGA	179
ENSTNIT00000019311	TGA	300
ENSTNIT00000000063	TGA	300
ENSTNIT00000019312	TAA	133
ENSTNIT00000011502	TAG	115
ENSTNIT00000008264	TGA	437
ENSTNIT00000015859	TGA	78
ENSTNIT00000020658	TAA	172
ENSTNIT00000005576	TGA	130
ENSTNIT00000003775	TAA	568
ENSTNIT00000000466	TAA	568
ENSTNIT00000006053	TAA	568
ENSTNIT00000017396	TAA	128
ENSTNIT00000004689	TAA	10
ENSTNIT00000017403	TAG	74
ENSTNIT00000017725	TGA	96
ENSTNIT00000017721	TGA	303
ENSTNIT00000016297	TGA	78
ENSTNIT00000016301	TGA	367
ENSTNIT00000006544	TGA	424
ENSTNIT00000017997	TGA	270
ENSTNIT00000016360	TGA	537
ENSTNIT00000006441	TGA	217
ENSTNIT00000010490	TAA	506
ENSTNIT00000003180	TAA	506
ENSTNIT00000012064	TAA	159
ENSTNIT00000010491	TAA	204
ENSTNIT00000012062	TAA	450
ENSTNIT00000012063	TAA	184
ENSTNIT00000012056	TGA	32
ENSTNIT00000012124	TGA	388
ENSTNIT00000011164	TAA	46
ENSTNIT00000003969	TGA	587
ENSTNIT00000003888	TGA	517
ENSTNIT00000001713	TAG	382
ENSTNIT00000008406	TGA	200
ENSTNIT00000007846	TGA	455
ENSTNIT00000012328	TAA	238
ENSTNIT00000005370	TGA	173
ENSTNIT00000021429	TGA	678
ENSTNIT00000018764	TAG	110
ENSTNIT00000013189	TGA	367
ENSTNIT00000018765	TAA	419
ENSTNIT00000013341	TAA	35
ENSTNIT00000011061	TGA	378
ENSTNIT00000021626	TGA	86
ENSTNIT00000021624	TAG	202
ENSTNIT00000022147	TGA	490
ENSTNIT00000022151	TAA	479
ENSTNIT00000022153	TGA	170
ENSTNIT00000015690	TGA	46
ENSTNIT00000000293	TGA	46
ENSTNIT00000005806	TGA	20
ENSTNIT00000007769	TGA	367
ENSTNIT00000005385	TGA	487
ENSTNIT00000005387	TAG	555
ENSTNIT00000005381	TAG	44
ENSTNIT00000005356	TGA	287
ENSTNIT00000015249	TGA	65
ENSTNIT00000005066	TAG	39
ENSTNIT00000014817	TGA	93
ENSTNIT00000018109	TGA	450
ENSTNIT00000008503	TGA	141
ENSTNIT00000012546	TAA	598
ENSTNIT00000019686	TAA	26
ENSTNIT00000000282	TAG	1072
ENSTNIT00000019685	TAG	1072
ENSTNIT00000007826	TAG	286
ENSTNIT00000020719	TAA	192
ENSTNIT00000020715	TAA	363
ENSTNIT00000018917	TAA	134
ENSTNIT00000018916	TGA	112
ENSTNIT00000008061	TGA	117
ENSTNIT00000021437	TAA	618
ENSTNIT00000007385	TGA	473
ENSTNIT00000008794	TAA	353
ENSTNIT00000005619	TAA	192
ENSTNIT00000005288	TAA	554
ENSTNIT00000009539	TGA	515
ENSTNIT00000009540	TAG	515
ENSTNIT00000015134	TAA	116
ENSTNIT00000015135	TGA	85
ENSTNIT00000015136	TAA	53
ENSTNIT00000011222	TGA	219
ENSTNIT00000010890	TAG	678
ENSTNIT00000011445	TAA	50
ENSTNIT00000000275	TAA	50
ENSTNIT00000009926	TGA	87
ENSTNIT00000007496	TAA	161
ENSTNIT00000009928	TGA	316
ENSTNIT00000001803	TGA	128
ENSTNIT00000017120	TAA	45
ENSTNIT00000017123	TAA	54
ENSTNIT00000017126	TGA	1039
ENSTNIT00000017125	TGA	647
ENSTNIT00000008704	TGA	343
ENSTNIT00000010066	TAG	169
ENSTNIT00000010059	TGA	248
ENSTNIT00000018701	TGA	340
ENSTNIT00000014080	TGA	294
ENSTNIT00000014079	TAA	433
ENSTNIT00000013011	TGA	102
ENSTNIT00000013005	TGA	230
ENSTNIT00000008483	TAA	74
ENSTNIT00000006496	TAA	130
ENSTNIT00000009162	TAG	485
ENSTNIT00000009840	TAA	344
ENSTNIT00000015652	TGA	325
ENSTNIT00000015646	TGA	322
ENSTNIT00000006070	TGA	291
ENSTNIT00000006069	TGA	644
ENSTNIT00000023216	TAG	41
ENSTNIT00000015877	TGA	789
ENSTNIT00000008387	TGA	95
ENSTNIT00000006236	TGA	116
ENSTNIT00000014556	TGA	472
ENSTNIT00000014560	TGA	716
ENSTNIT00000013957	TAA	150
ENSTNIT00000012138	TGA	548
ENSTNIT00000013960	TGA	207
ENSTNIT00000006597	TAA	85
ENSTNIT00000002175	TGA	161
ENSTNIT00000016315	TGA	387
ENSTNIT00000016320	TAA	263
ENSTNIT00000012136	TGA	194
ENSTNIT00000000477	TGA	194
ENSTNIT00000013926	TAA	25
ENSTNIT00000012135	TAA	299
ENSTNIT00000012126	TAA	298
ENSTNIT00000010494	TGA	272
ENSTNIT00000017157	TGA	453
ENSTNIT00000017449	TAG	547
ENSTNIT00000022309	TAG	62
ENSTNIT00000021314	TGA	337
ENSTNIT00000008429	TGA	448
ENSTNIT00000017447	TGA	86
ENSTNIT00000012356	TAG	176
ENSTNIT00000017442	TGA	278
ENSTNIT00000012347	TAG	956
ENSTNIT00000009623	TAA	199
ENSTNIT00000011220	TGA	960
ENSTNIT00000001388	TAA	104
ENSTNIT00000003484	TAA	104
ENSTNIT00000010640	TGA	193
ENSTNIT00000013317	TGA	256
ENSTNIT00000013314	TAA	116
ENSTNIT00000013313	TAA	117
ENSTNIT00000013320	TAG	32
ENSTNIT00000020030	TGA	640
ENSTNIT00000009695	TGA	152
ENSTNIT00000020036	TGA	345
ENSTNIT00000020037	TAG	607
ENSTNIT00000005439	TGA	262
ENSTNIT00000021606	TAA	647
ENSTNIT00000012017	TGA	360
ENSTNIT00000022401	TAA	105
ENSTNIT00000022400	TGA	59
ENSTNIT00000005441	TGA	166
ENSTNIT00000005292	TGA	88
ENSTNIT00000008297	TAG	762
ENSTNIT00000022590	TAA	640
ENSTNIT00000002345	TGA	280
ENSTNIT00000022588	TAG	20
ENSTNIT00000002320	TGA	396
ENSTNIT00000022850	TAA	141
ENSTNIT00000014309	TAG	128
ENSTNIT00000014310	TGA	480
ENSTNIT00000014303	TGA	255
ENSTNIT00000014304	TGA	170
ENSTNIT00000014308	TAG	82
ENSTNIT00000005014	TGA	628
ENSTNIT00000004385	TAA	259
ENSTNIT00000009318	TGA	136
ENSTNIT00000004129	TGA	748
ENSTNIT00000010322	TGA	355
ENSTNIT00000010318	TGA	746
ENSTNIT00000006357	TAA	399
ENSTNIT00000017825	TGA	107
ENSTNIT00000019658	TAA	668
ENSTNIT00000020697	TGA	424
ENSTNIT00000020690	TGA	253
ENSTNIT00000018977	TGA	72
ENSTNIT00000018973	TGA	234
ENSTNIT00000003158	TAA	56
ENSTNIT00000002692	TAA	56
ENSTNIT00000002385	TGA	494
ENSTNIT00000001387	TGA	494
ENSTNIT00000002921	TAA	56
ENSTNIT00000013921	TGA	383
ENSTNIT00000005677	TAG	79
ENSTNIT00000009288	TAG	132
ENSTNIT00000017924	TGA	291
ENSTNIT00000017921	TAA	253
ENSTNIT00000017927	TGA	165
ENSTNIT00000015121	TAA	86
ENSTNIT00000007317	TAA	11
ENSTNIT00000000272	TGA	155
ENSTNIT00000002052	TAG	3
ENSTNIT00000002564	TAA	654
ENSTNIT00000002534	TGA	43
ENSTNIT00000000816	TAA	67
ENSTNIT00000002478	TAG	615
ENSTNIT00000017140	TGA	808
ENSTNIT00000017145	TGA	328
ENSTNIT00000003077	TGA	83
ENSTNIT00000011417	TAA	107
ENSTNIT00000011418	TGA	278
ENSTNIT00000011419	TAA	330
ENSTNIT00000011422	TGA	89
ENSTNIT00000011424	TGA	440
ENSTNIT00000019979	TAG	62
ENSTNIT00000006499	TGA	532
ENSTNIT00000000688	TAA	562
ENSTNIT00000022528	TAG	179
ENSTNIT00000022526	TAA	84
ENSTNIT00000011601	TGA	548
ENSTNIT00000005287	TGA	104
ENSTNIT00000017826	TGA	146
ENSTNIT00000011782	TGA	1593
ENSTNIT00000022369	TAG	526
ENSTNIT00000022373	TAA	627
ENSTNIT00000006513	TGA	351
ENSTNIT00000009775	TGA	159
ENSTNIT00000019851	TGA	219
ENSTNIT00000019852	TGA	234
ENSTNIT00000015495	TAG	320
ENSTNIT00000015493	TGA	247
ENSTNIT00000015494	TGA	387
ENSTNIT00000015498	TGA	439
ENSTNIT00000006721	TGA	56
ENSTNIT00000020470	TAA	143
ENSTNIT00000022983	TAG	136
ENSTNIT00000013899	TGA	529
ENSTNIT00000017568	TAA	493
ENSTNIT00000022648	TGA	165
ENSTNIT00000003130	TAA	577
ENSTNIT00000000821	TAA	577
ENSTNIT00000014935	TGA	714
ENSTNIT00000000844	TAA	382
ENSTNIT00000017678	TAA	382
ENSTNIT00000017679	TAA	382
ENSTNIT00000002684	TAA	382
ENSTNIT00000003605	TAA	382
ENSTNIT00000003666	TAA	382
ENSTNIT00000004177	TAG	313
ENSTNIT00000004012	TGA	219
ENSTNIT00000011027	TGA	704
ENSTNIT00000014575	TAG	418
ENSTNIT00000014578	TAA	438
ENSTNIT00000010280	TGA	207
ENSTNIT00000005404	TAA	392
ENSTNIT00000004243	TAG	111
ENSTNIT00000003600	TAG	111
ENSTNIT00000014239	TAG	111
ENSTNIT00000002664	TAG	111
ENSTNIT00000016128	TGA	1043
ENSTNIT00000005710	TGA	85
ENSTNIT00000016124	TAA	349
ENSTNIT00000016121	TAG	421
ENSTNIT00000018114	TAG	166
ENSTNIT00000005728	TAG	244
ENSTNIT00000019104	TGA	305
ENSTNIT00000018722	TGA	161
ENSTNIT00000018723	TAA	287
ENSTNIT00000018724	TAA	295
ENSTNIT00000006213	TAA	522
ENSTNIT00000006077	TGA	247
ENSTNIT00000011934	TGA	281
ENSTNIT00000002318	TGA	276
ENSTNIT00000020871	TGA	321
ENSTNIT00000005042	TAG	215
ENSTNIT00000020870	TAG	215
ENSTNIT00000003410	TGA	437
ENSTNIT00000011784	TGA	437
ENSTNIT00000002556	TGA	437
ENSTNIT00000002845	TAG	194
ENSTNIT00000013030	TAA	260
ENSTNIT00000013294	TGA	327
ENSTNIT00000013293	TAA	1222
ENSTNIT00000006246	TAA	183
ENSTNIT00000015869	TGA	215
ENSTNIT00000022197	TGA	122
ENSTNIT00000022196	TGA	1440
ENSTNIT00000022195	TGA	1407
ENSTNIT00000022188	TAA	445
ENSTNIT00000006299	TGA	740
ENSTNIT00000006210	TGA	358
ENSTNIT00000001288	TGA	98
ENSTNIT00000001563	TAA	93
ENSTNIT00000003284	TGA	98
ENSTNIT00000014367	TGA	98
ENSTNIT00000006211	TAG	28
ENSTNIT00000010782	TGA	185
ENSTNIT00000010947	TGA	205
ENSTNIT00000002869	TGA	133
ENSTNIT00000007646	TGA	171
ENSTNIT00000022575	TGA	419
ENSTNIT00000022865	TGA	213
ENSTNIT00000014287	TAA	368
ENSTNIT00000002171	TAA	370
ENSTNIT00000014281	TGA	142
ENSTNIT00000014284	TGA	385
ENSTNIT00000005047	TAA	56
ENSTNIT00000004364	TAA	160
ENSTNIT00000005316	TGA	42
ENSTNIT00000002037	TGA	56
ENSTNIT00000002217	TGA	285
ENSTNIT00000003606	TAA	104
ENSTNIT00000005315	TAA	53
ENSTNIT00000003808	TAA	264
ENSTNIT00000010005	TAG	390
ENSTNIT00000023284	TGA	172
ENSTNIT00000009994	TAA	96
ENSTNIT00000001906	TAA	96
ENSTNIT00000006206	TAG	886
ENSTNIT00000015319	TAA	582
ENSTNIT00000020676	TGA	268
ENSTNIT00000021923	TGA	1121
ENSTNIT00000020678	TAA	22
ENSTNIT00000014153	TGA	320
ENSTNIT00000017010	TGA	327
ENSTNIT00000017012	TGA	404
ENSTNIT00000017013	TAG	761
ENSTNIT00000019641	TAA	203
ENSTNIT00000020005	TGA	499
ENSTNIT00000013025	TGA	328
ENSTNIT00000016536	TAG	374
ENSTNIT00000011337	TAA	494
ENSTNIT00000016539	TGA	703
ENSTNIT00000012704	TGA	126
ENSTNIT00000011334	TAG	172
ENSTNIT00000018369	TAA	531
ENSTNIT00000017908	TAA	505
ENSTNIT00000004913	TGA	315
ENSTNIT00000002065	TGA	315
ENSTNIT00000017902	TGA	315
ENSTNIT00000017904	TAG	89
ENSTNIT00000017909	TGA	424
ENSTNIT00000015098	TGA	67
ENSTNIT00000015095	TGA	418
ENSTNIT00000015096	TGA	393
ENSTNIT00000001904	TGA	393
ENSTNIT00000015092	TGA	598
ENSTNIT00000011409	TAA	205
ENSTNIT00000011416	TAG	790
ENSTNIT00000010229	TGA	145
ENSTNIT00000012615	TGA	287
ENSTNIT00000007342	TAA	630
ENSTNIT00000006273	TGA	27
ENSTNIT00000003756	TGA	574
ENSTNIT00000020345	TGA	169
ENSTNIT00000019654	TAA	1408
ENSTNIT00000010844	TAA	197
ENSTNIT00000009245	TAA	308
ENSTNIT00000022779	TGA	89
ENSTNIT00000021066	TGA	221
ENSTNIT00000021070	TAA	341
ENSTNIT00000007185	TAA	273
ENSTNIT00000007187	TAA	7
ENSTNIT00000007182	TGA	141
ENSTNIT00000007183	TAA	91
ENSTNIT00000003498	TAG	55
ENSTNIT00000015087	TGA	827
ENSTNIT00000006798	TGA	161
ENSTNIT00000018148	TAG	430
ENSTNIT00000012281	TGA	398
ENSTNIT00000000311	TGA	534
ENSTNIT00000018151	TGA	534
ENSTNIT00000004011	TAA	70
ENSTNIT00000013518	TGA	246
ENSTNIT00000009332	TGA	100
ENSTNIT00000015479	TGA	380
ENSTNIT00000015473	TAG	579
ENSTNIT00000014185	TGA	185
ENSTNIT00000005220	TGA	209
ENSTNIT00000006110	TAG	40
ENSTNIT00000006106	TGA	422
ENSTNIT00000009373	TAA	75
ENSTNIT00000009989	TGA	135
ENSTNIT00000005484	TAA	72
ENSTNIT00000005338	TGA	211
ENSTNIT00000001558	TGA	860
ENSTNIT00000003957	TGA	586
ENSTNIT00000001251	TAA	61
ENSTNIT00000017703	TAA	61
ENSTNIT00000017706	TAA	60
ENSTNIT00000000158	TAA	60
ENSTNIT00000002174	TAA	55
ENSTNIT00000017705	TGA	38
ENSTNIT00000017704	TGA	37
ENSTNIT00000002516	TGA	50
ENSTNIT00000015743	TAA	140
ENSTNIT00000014604	TGA	325
ENSTNIT00000014598	TAG	180
ENSTNIT00000008871	TAG	27
ENSTNIT00000010259	TAG	238
ENSTNIT00000002674	TGA	110
ENSTNIT00000010959	TGA	222
ENSTNIT00000018059	TGA	152
ENSTNIT00000018053	TGA	178
ENSTNIT00000018055	TAA	326
ENSTNIT00000006715	TGA	352
ENSTNIT00000003004	TAA	81
ENSTNIT00000016363	TAA	81
ENSTNIT00000001384	TAA	81
ENSTNIT00000003103	TAA	99
ENSTNIT00000018426	TGA	137
ENSTNIT00000018425	TAA	161
ENSTNIT00000012777	TAA	143
ENSTNIT00000015742	TAA	169
ENSTNIT00000018422	TAG	313
ENSTNIT00000018423	TGA	601
ENSTNIT00000006241	TAG	197
ENSTNIT00000019422	TGA	94
ENSTNIT00000019425	TGA	487
ENSTNIT00000017316	TGA	89
ENSTNIT00000020893	TGA	528
ENSTNIT00000005682	TAA	31
ENSTNIT00000003681	TAA	184
ENSTNIT00000020849	TGA	376
ENSTNIT00000020852	TAG	56
ENSTNIT00000006369	TAG	1396
ENSTNIT00000006313	TGA	42
ENSTNIT00000006314	TAA	315
ENSTNIT00000009987	TGA	132
ENSTNIT00000012880	TAG	111
ENSTNIT00000014345	TGA	212
ENSTNIT00000011635	TGA	96
ENSTNIT00000009772	TGA	96
ENSTNIT00000014270	TAA	67
ENSTNIT00000022550	TAA	268
ENSTNIT00000014834	TGA	520
ENSTNIT00000013007	TGA	80
ENSTNIT00000007379	TGA	133
ENSTNIT00000015975	TGA	375
ENSTNIT00000016777	TGA	79
ENSTNIT00000013728	TGA	63
ENSTNIT00000013730	TGA	67
ENSTNIT00000013731	TGA	396
ENSTNIT00000013733	TAG	382
ENSTNIT00000019816	TGA	324
ENSTNIT00000019810	TGA	355
ENSTNIT00000001426	TGA	355
ENSTNIT00000015344	TAA	219
ENSTNIT00000015342	TGA	166
ENSTNIT00000009688	TAG	327
ENSTNIT00000008942	TGA	449
ENSTNIT00000008933	TGA	157
ENSTNIT00000008935	TGA	399
ENSTNIT00000009292	TAG	192
ENSTNIT00000021152	TGA	219
ENSTNIT00000017061	TGA	638
ENSTNIT00000003891	TGA	418
ENSTNIT00000018081	TAG	297
ENSTNIT00000018118	TGA	249
ENSTNIT00000008548	TAG	53
ENSTNIT00000000289	TGA	164
ENSTNIT00000012450	TGA	164
ENSTNIT00000008279	TGA	868
ENSTNIT00000011394	TGA	163
ENSTNIT00000006413	TAG	351
ENSTNIT00000011388	TAG	357
ENSTNIT00000016960	TAA	44
ENSTNIT00000015042	TAG	409
ENSTNIT00000012637	TGA	43
ENSTNIT00000012635	TGA	78
ENSTNIT00000013319	TGA	681
ENSTNIT00000002416	TGA	377
ENSTNIT00000003133	TGA	349
ENSTNIT00000000823	TGA	682
ENSTNIT00000008520	TAG	489
ENSTNIT00000008512	TAG	147
ENSTNIT00000009923	TAA	306
ENSTNIT00000011123	TGA	355
ENSTNIT00000010127	TGA	184
ENSTNIT00000006559	TGA	404
ENSTNIT00000006558	TGA	146
ENSTNIT00000014880	TGA	688
ENSTNIT00000018064	TAG	551
ENSTNIT00000018709	TAA	77
ENSTNIT00000023210	TAG	10
ENSTNIT00000018710	TAA	249
ENSTNIT00000010865	TGA	10
ENSTNIT00000007673	TGA	62
ENSTNIT00000015918	TGA	398
ENSTNIT00000006234	TGA	150
ENSTNIT00000006235	TGA	124
ENSTNIT00000018706	TGA	485
ENSTNIT00000006471	TGA	422
ENSTNIT00000003542	TGA	422
ENSTNIT00000017436	TGA	101
ENSTNIT00000011733	TGA	191
ENSTNIT00000021867	TAA	209
ENSTNIT00000001115	TGA	462
ENSTNIT00000021860	TAA	202
ENSTNIT00000021858	TAG	87
ENSTNIT00000021859	TGA	107
ENSTNIT00000013538	TAA	440
ENSTNIT00000013532	TGA	352
ENSTNIT00000005662	TAA	184
ENSTNIT00000011739	TGA	33
ENSTNIT00000023259	TAA	16
ENSTNIT00000010834	TGA	599
ENSTNIT00000008131	TGA	40
ENSTNIT00000009681	TGA	299
ENSTNIT00000011163	TGA	91
ENSTNIT00000023252	TGA	29
ENSTNIT00000015540	TAA	473
ENSTNIT00000015533	TAG	102
ENSTNIT00000012008	TAG	298
ENSTNIT00000005136	TGA	203
ENSTNIT00000005133	TGA	176
ENSTNIT00000010117	TGA	626
ENSTNIT00000009969	TGA	21
ENSTNIT00000010940	TAG	198
ENSTNIT00000017643	TGA	379
ENSTNIT00000014888	TAA	134
ENSTNIT00000002430	TGA	213
ENSTNIT00000001943	TAA	362
ENSTNIT00000014623	TGA	73
ENSTNIT00000014620	TGA	164
ENSTNIT00000014619	TGA	454
ENSTNIT00000014618	TGA	186
ENSTNIT00000014617	TGA	36
ENSTNIT00000014616	TAA	133
ENSTNIT00000010233	TGA	314
ENSTNIT00000012843	TAA	148
ENSTNIT00000012841	TAA	566
ENSTNIT00000012838	TGA	94
ENSTNIT00000016376	TGA	453
ENSTNIT00000016380	TAA	282
ENSTNIT00000019063	TGA	666
ENSTNIT00000014105	TGA	203
ENSTNIT00000014106	TAA	98
ENSTNIT00000019054	TAG	623
ENSTNIT00000003695	TAG	623
ENSTNIT00000019055	TAA	59
ENSTNIT00000019447	TAA	461
ENSTNIT00000019440	TAG	829
ENSTNIT00000019441	TAA	180
ENSTNIT00000019448	TGA	277
ENSTNIT00000019449	TAA	444
ENSTNIT00000020908	TGA	55
ENSTNIT00000020909	TAA	120
ENSTNIT00000020910	TAA	187
ENSTNIT00000020825	TGA	291
ENSTNIT00000013279	TGA	68
ENSTNIT00000020831	TAG	111
ENSTNIT00000020830	TGA	350
ENSTNIT00000013277	TAG	137
ENSTNIT00000012236	TAG	138
ENSTNIT00000007918	TAG	175
ENSTNIT00000007923	TAG	383
ENSTNIT00000007924	TAG	123
ENSTNIT00000021383	TGA	71
ENSTNIT00000013075	TAA	447
ENSTNIT00000007060	TGA	309
ENSTNIT00000013069	TAA	65
ENSTNIT00000005535	TAA	157
ENSTNIT00000019549	TAG	342
ENSTNIT00000011603	TGA	874
ENSTNIT00000011606	TAA	297
ENSTNIT00000018414	TAG	487
ENSTNIT00000005577	TAG	163
ENSTNIT00000006701	TAG	95
ENSTNIT00000006666	TGA	135
ENSTNIT00000000516	TGA	239
ENSTNIT00000014772	TGA	450
ENSTNIT00000014414	TAG	122
ENSTNIT00000001273	TAA	24
ENSTNIT00000014406	TAA	84
ENSTNIT00000011663	TAA	321
ENSTNIT00000022267	TAA	37
ENSTNIT00000012983	TAA	92
ENSTNIT00000008533	TAA	239
ENSTNIT00000018261	TGA	574
ENSTNIT00000000468	TGA	572
ENSTNIT00000000426	TGA	572
ENSTNIT00000001864	TAA	56
ENSTNIT00000003680	TAG	152
ENSTNIT00000012990	TGA	308
ENSTNIT00000020063	TGA	103
ENSTNIT00000010348	TGA	507
ENSTNIT00000004700	TAG	103
ENSTNIT00000013710	TAA	475
ENSTNIT00000013708	TAG	362
ENSTNIT00000013707	TGA	704
ENSTNIT00000013711	TAA	32
ENSTNIT00000019789	TGA	804
ENSTNIT00000015278	TAG	157
ENSTNIT00000005213	TGA	195
ENSTNIT00000016643	TGA	467
ENSTNIT00000007744	TGA	247
ENSTNIT00000005963	TAG	81
ENSTNIT00000016642	TAG	410
ENSTNIT00000004524	TGA	158
ENSTNIT00000004526	TGA	395
ENSTNIT00000017862	TGA	93
ENSTNIT00000017866	TGA	198
ENSTNIT00000017867	TGA	243
ENSTNIT00000007903	TGA	427
ENSTNIT00000012433	TAA	706
ENSTNIT00000021816	TAA	103
ENSTNIT00000015028	TAG	257
ENSTNIT00000001618	TAG	209
ENSTNIT00000000189	TGA	492
ENSTNIT00000015034	TGA	492
ENSTNIT00000011368	TGA	487
ENSTNIT00000011364	TGA	359
ENSTNIT00000011363	TGA	359
ENSTNIT00000012579	TAA	158
ENSTNIT00000012574	TGA	439
ENSTNIT00000005699	TGA	64
ENSTNIT00000005703	TGA	170
ENSTNIT00000005702	TAA	274
ENSTNIT00000003007	TGA	132
ENSTNIT00000005706	TGA	132
ENSTNIT00000022860	TGA	698
ENSTNIT00000008539	TGA	191
ENSTNIT00000018742	TGA	93
ENSTNIT00000009998	TGA	246
ENSTNIT00000005573	TGA	168
ENSTNIT00000020263	TAG	247
ENSTNIT00000020265	TAA	172
ENSTNIT00000020264	TAG	590
ENSTNIT00000009342	TAA	17
ENSTNIT00000009343	TAA	342
ENSTNIT00000009344	TAA	284
ENSTNIT00000015152	TGA	92
ENSTNIT00000010809	TGA	65
ENSTNIT00000013557	TAA	58
ENSTNIT00000013561	TGA	453
ENSTNIT00000010859	TAA	376
ENSTNIT00000011583	TGA	316
ENSTNIT00000011582	TAA	59
ENSTNIT00000007418	TGA	426
ENSTNIT00000021879	TGA	430
ENSTNIT00000021880	TGA	111
ENSTNIT00000021881	TAA	99
ENSTNIT00000021882	TAA	199
ENSTNIT00000021887	TAA	231
ENSTNIT00000013961	TGA	844
ENSTNIT00000009768	TAA	13
ENSTNIT00000017582	TAA	293
ENSTNIT00000017577	TAG	50
ENSTNIT00000015628	TGA	655
ENSTNIT00000015514	TAG	119
ENSTNIT00000015517	TGA	218
ENSTNIT00000005169	TAG	217
ENSTNIT00000013431	TGA	462
ENSTNIT00000015176	TGA	657
ENSTNIT00000010221	TGA	226
ENSTNIT00000019137	TAG	448
ENSTNIT00000019131	TGA	676
ENSTNIT00000019132	TGA	217
ENSTNIT00000017665	TGA	203
ENSTNIT00000005444	TGA	75
ENSTNIT00000000385	TGA	324
ENSTNIT00000010930	TGA	423
ENSTNIT00000000503	TGA	753
ENSTNIT00000001296	TAA	386
ENSTNIT00000001494	TAA	386
ENSTNIT00000011776	TGA	211
ENSTNIT00000010923	TAA	303
ENSTNIT00000016768	TAA	561
ENSTNIT00000010636	TGA	99
ENSTNIT00000006638	TAG	493
ENSTNIT00000006639	TAG	493
ENSTNIT00000005438	TGA	210
ENSTNIT00000003351	TAG	105
ENSTNIT00000019082	TGA	508
ENSTNIT00000013898	TAA	481
ENSTNIT00000006669	TGA	252
ENSTNIT00000019466	TGA	529
ENSTNIT00000000674	TGA	529
ENSTNIT00000019460	TAG	185
ENSTNIT00000009105	TAG	177
ENSTNIT00000002637	TAA	270
ENSTNIT00000009104	TAA	270
ENSTNIT00000009103	TGA	292
ENSTNIT00000005021	TGA	355
ENSTNIT00000009102	TGA	148
ENSTNIT00000020934	TAA	129
ENSTNIT00000020933	TAA	171
ENSTNIT00000016103	TAA	145
ENSTNIT00000016102	TAA	78
ENSTNIT00000022841	TAA	61
ENSTNIT00000003418	TAA	169
ENSTNIT00000011877	TAA	130
ENSTNIT00000011870	TAG	1002
ENSTNIT00000003535	TAA	513
ENSTNIT00000021687	TAA	501
ENSTNIT00000010645	TAA	130
ENSTNIT00000010135	TGA	126
ENSTNIT00000014392	TGA	261
ENSTNIT00000014390	TGA	206
ENSTNIT00000011789	TGA	392
ENSTNIT00000016157	TAG	251
ENSTNIT00000001491	TAA	28
ENSTNIT00000003129	TAG	217
ENSTNIT00000009798	TGA	147
ENSTNIT00000002476	TAG	52
ENSTNIT00000017388	TAA	458
ENSTNIT00000022282	TGA	327
ENSTNIT00000003505	TAG	1163
ENSTNIT00000020481	TAA	136
ENSTNIT00000023152	TAA	168
ENSTNIT00000008501	TAA	26
ENSTNIT00000004185	TAA	16
ENSTNIT00000011734	TAG	794
ENSTNIT00000020043	TGA	310
ENSTNIT00000020044	TAA	275
ENSTNIT00000020038	TAG	950
ENSTNIT00000020048	TAG	1072
ENSTNIT00000019770	TAG	334
ENSTNIT00000019775	TGA	464
ENSTNIT00000019774	TAA	564
ENSTNIT00000019773	TGA	569
ENSTNIT00000015938	TAA	182
ENSTNIT00000015936	TGA	143
ENSTNIT00000013775	TGA	375
ENSTNIT00000013769	TGA	310
ENSTNIT00000013771	TAA	73
ENSTNIT00000015307	TGA	183
ENSTNIT00000009088	TGA	168
ENSTNIT00000005948	TGA	239
ENSTNIT00000005949	TGA	120
ENSTNIT00000002594	TAG	362
ENSTNIT00000016522	TAG	362
ENSTNIT00000005943	TGA	327
ENSTNIT00000007082	TGA	183
ENSTNIT00000014681	TGA	136
ENSTNIT00000014682	TAA	832
ENSTNIT00000014680	TAA	282
ENSTNIT00000005206	TAA	207
ENSTNIT00000022808	TGA	601
ENSTNIT00000016875	TGA	39
ENSTNIT00000007545	TGA	212
ENSTNIT00000005211	TGA	154
ENSTNIT00000012760	TAA	88
ENSTNIT00000012757	TAG	360
ENSTNIT00000000435	TAG	360
ENSTNIT00000002699	TAG	360
ENSTNIT00000012752	TGA	579
ENSTNIT00000012753	TGA	238
ENSTNIT00000012409	TAA	247
ENSTNIT00000018823	TGA	262
ENSTNIT00000001625	TGA	205
ENSTNIT00000007544	TAG	243
ENSTNIT00000012596	TGA	230
ENSTNIT00000013089	TAA	20
ENSTNIT00000012603	TGA	265
ENSTNIT00000007541	TGA	77
ENSTNIT00000008556	TGA	453
ENSTNIT00000008560	TGA	465
ENSTNIT00000014426	TAA	250
ENSTNIT00000011348	TAA	403
ENSTNIT00000011342	TAA	207
ENSTNIT00000007992	TAG	251
ENSTNIT00000009214	TGA	933
ENSTNIT00000012906	TGA	338
ENSTNIT00000012905	TGA	655
ENSTNIT00000012907	TGA	278
ENSTNIT00000020287	TGA	330
ENSTNIT00000001531	TGA	330
ENSTNIT00000009359	TAG	246
ENSTNIT00000009360	TAG	688
ENSTNIT00000010828	TAG	483
ENSTNIT00000010826	TGA	73
ENSTNIT00000010822	TGA	631
ENSTNIT00000022089	TGA	196
ENSTNIT00000018438	TGA	113
ENSTNIT00000012747	TGA	57
ENSTNIT00000021323	TGA	534
ENSTNIT00000021908	TAG	744
ENSTNIT00000005769	TAA	234
ENSTNIT00000022890	TAG	90
ENSTNIT00000008242	TGA	426
ENSTNIT00000009404	TGA	241
ENSTNIT00000010130	TGA	322
ENSTNIT00000017090	TAA	300
ENSTNIT00000017091	TAG	128
ENSTNIT00000017097	TGA	525
ENSTNIT00000001832	TAA	167
ENSTNIT00000009379	TAG	89
ENSTNIT00000023211	TAG	119
ENSTNIT00000015194	TGA	315
ENSTNIT00000014852	TGA	209
ENSTNIT00000002710	TAA	98
ENSTNIT00000014851	TAA	98
ENSTNIT00000014853	TAA	166
ENSTNIT00000014855	TGA	509
ENSTNIT00000022936	TGA	509
ENSTNIT00000010193	TGA	79
ENSTNIT00000003198	TAA	940
ENSTNIT00000019162	TGA	301
ENSTNIT00000006899	TAG	343
ENSTNIT00000010745	TGA	269
ENSTNIT00000009144	TAA	258
ENSTNIT00000021721	TAG	216
ENSTNIT00000020928	TGA	170
ENSTNIT00000020949	TGA	322
ENSTNIT00000020951	TGA	247
ENSTNIT00000020953	TGA	388
ENSTNIT00000020956	TGA	158
ENSTNIT00000019019	TAG	588
ENSTNIT00000019018	TAA	57
ENSTNIT00000019015	TGA	45
ENSTNIT00000022812	TAA	254
ENSTNIT00000019022	TAG	354
ENSTNIT00000007885	TAA	71
ENSTNIT00000019487	TGA	495
ENSTNIT00000009085	TGA	475
ENSTNIT00000011847	TGA	521
ENSTNIT00000016129	TGA	107
ENSTNIT00000011857	TAA	199
ENSTNIT00000020783	TAA	378
ENSTNIT00000014986	TGA	348
ENSTNIT00000006996	TAG	429
ENSTNIT00000005355	TGA	247
ENSTNIT00000009779	TGA	101
ENSTNIT00000017228	TAG	267
ENSTNIT00000017230	TGA	307
ENSTNIT00000007970	TGA	65
ENSTNIT00000002977	TGA	181
ENSTNIT00000001653	TGA	181
ENSTNIT00000000794	TGA	89
ENSTNIT00000003529	TGA	89
ENSTNIT00000003967	TGA	89
ENSTNIT00000017366	TAG	117
ENSTNIT00000011704	TGA	462
ENSTNIT00000002605	TAG	665
ENSTNIT00000020247	TAG	665
ENSTNIT00000013498	TGA	86
ENSTNIT00000013490	TGA	156
ENSTNIT00000013489	TGA	125
ENSTNIT00000006408	TGA	11
ENSTNIT00000019751	TAA	62
ENSTNIT00000009920	TGA	203
ENSTNIT00000015913	TGA	188
ENSTNIT00000016953	TAG	731
ENSTNIT00000007041	TAA	468
ENSTNIT00000013230	TGA	602
ENSTNIT00000019724	TAA	191
ENSTNIT00000020751	TAA	331
ENSTNIT00000003662	TAA	141
ENSTNIT00000016261	TGA	879
ENSTNIT00000003961	TGA	245
ENSTNIT00000016252	TGA	116
ENSTNIT00000016258	TAA	192
ENSTNIT00000022255	TGA	192
ENSTNIT00000014664	TAA	510
ENSTNIT00000014662	TGA	435
ENSTNIT00000022258	TAA	528
ENSTNIT00000001521	TGA	300
ENSTNIT00000016818	TAA	95
ENSTNIT00000016815	TAG	382
ENSTNIT00000006648	TGA	271
ENSTNIT00000006651	TGA	10
ENSTNIT00000010614	TAG	34
ENSTNIT00000006399	TAG	633
ENSTNIT00000016951	TAG	503
ENSTNIT00000001617	TAA	219
ENSTNIT00000008303	TAA	215
ENSTNIT00000008175	TGA	108
ENSTNIT00000001466	TAA	194
ENSTNIT00000010702	TAA	970
ENSTNIT00000010800	TGA	642
ENSTNIT00000010796	TAA	81
ENSTNIT00000011247	TGA	355
ENSTNIT00000010900	TGA	475
ENSTNIT00000015735	TGA	245
ENSTNIT00000011937	TGA	738
ENSTNIT00000010134	TAG	270
ENSTNIT00000010897	TGA	781
ENSTNIT00000001568	TAG	829
ENSTNIT00000014877	TAG	829
ENSTNIT00000011331	TGA	454
ENSTNIT00000010131	TAA	116
ENSTNIT00000011323	TGA	161
ENSTNIT00000016085	TGA	397
ENSTNIT00000018820	TAA	718
ENSTNIT00000007103	TAA	113
ENSTNIT00000009907	TAG	526
ENSTNIT00000007100	TAG	744
ENSTNIT00000007096	TAA	502
ENSTNIT00000020306	TAA	422
ENSTNIT00000003691	TAA	574
ENSTNIT00000020301	TGA	142
ENSTNIT00000020303	TGA	237
ENSTNIT00000000320	TAA	607
ENSTNIT00000020311	TAA	607
ENSTNIT00000009382	TGA	171
ENSTNIT00000021524	TAA	272
ENSTNIT00000021521	TGA	599
ENSTNIT00000022758	TAA	383
ENSTNIT00000015884	TGA	448
ENSTNIT00000006537	TAA	91
ENSTNIT00000014497	TAA	361
ENSTNIT00000014502	TGA	668
ENSTNIT00000013229	TGA	592
ENSTNIT00000022739	TGA	373
ENSTNIT00000015736	TAA	1069
ENSTNIT00000005487	TGA	49
ENSTNIT00000014874	TAA	238
ENSTNIT00000011154	TGA	282
ENSTNIT00000009714	TAA	75
ENSTNIT00000013377	TAA	69
ENSTNIT00000010852	TAG	328
ENSTNIT00000023242	TGA	225
ENSTNIT00000005229	TAA	411
ENSTNIT00000009903	TGA	101
ENSTNIT00000001050	TGA	15
ENSTNIT00000008847	TGA	194
ENSTNIT00000003979	TAA	22
ENSTNIT00000009905	TGA	101
ENSTNIT00000004740	TGA	21
ENSTNIT00000006878	TAG	691
ENSTNIT00000008848	TAG	112
ENSTNIT00000015234	TAA	43
ENSTNIT00000015737	TAA	189
ENSTNIT00000005991	TAA	216
ENSTNIT00000019181	TAA	101
ENSTNIT00000008082	TGA	179
ENSTNIT00000009127	TAG	405
ENSTNIT00000009122	TAA	667
ENSTNIT00000019039	TAG	150
ENSTNIT00000020463	TGA	954
ENSTNIT00000007156	TGA	243
ENSTNIT00000006011	TAG	180
ENSTNIT00000019502	TAA	17
ENSTNIT00000019501	TAA	453
ENSTNIT00000005159	TAA	453
ENSTNIT00000000035	TGA	155
ENSTNIT00000007150	TGA	470
ENSTNIT00000004969	TAG	16
ENSTNIT00000016498	TAA	31
ENSTNIT00000016500	TAG	34
ENSTNIT00000010726	TGA	215
ENSTNIT00000008669	TAG	546
ENSTNIT00000012535	TAG	407
ENSTNIT00000022796	TGA	287
ENSTNIT00000000204	TGA	161
ENSTNIT00000001663	TGA	161
ENSTNIT00000017352	TGA	538
ENSTNIT00000002759	TAG	364
ENSTNIT00000017346	TAA	425
ENSTNIT00000022797	TAA	96
ENSTNIT00000014430	TAA	22
ENSTNIT00000014428	TGA	338
ENSTNIT00000014427	TGA	224
ENSTNIT00000014434	TGA	122
ENSTNIT00000007602	TAG	350
ENSTNIT00000007598	TAG	119
ENSTNIT00000021733	TGA	212
ENSTNIT00000005652	TAA	211
ENSTNIT00000022626	TGA	356
ENSTNIT00000011723	TGA	142
ENSTNIT00000011726	TGA	271
ENSTNIT00000004119	TGA	442
ENSTNIT00000020081	TAG	163
ENSTNIT00000020083	TGA	65
ENSTNIT00000021227	TAA	235
ENSTNIT00000021229	TAA	1
ENSTNIT00000000556	TGA	369
ENSTNIT00000021761	TGA	369
ENSTNIT00000003213	TGA	369
ENSTNIT00000010534	TAG	261
ENSTNIT00000017491	TGA	62
ENSTNIT00000019734	TAG	57
ENSTNIT00000019733	TGA	512
ENSTNIT00000019730	TAA	634
ENSTNIT00000016461	TAG	141
ENSTNIT00000007020	TAG	547
ENSTNIT00000006016	TAG	37
ENSTNIT00000014315	TGA	480
ENSTNIT00000016809	TAG	414
ENSTNIT00000003831	TGA	289
ENSTNIT00000000881	TGA	141
ENSTNIT00000014728	TGA	157
ENSTNIT00000001007	TGA	443
ENSTNIT00000013626	TAG	129
ENSTNIT00000008390	TGA	58
ENSTNIT00000005599	TAG	518
ENSTNIT00000007406	TAA	1
ENSTNIT00000012375	TGA	114
ENSTNIT00000010394	TAA	414
ENSTNIT00000007402	TGA	331
ENSTNIT00000017062	TGA	356
ENSTNIT00000018659	TAA	278
ENSTNIT00000018658	TAA	388
ENSTNIT00000022377	TGA	201
ENSTNIT00000021811	TGA	124
ENSTNIT00000022573	TGA	320
ENSTNIT00000022872	TAA	320
ENSTNIT00000018807	TAG	230
ENSTNIT00000012039	TGA	632
ENSTNIT00000008438	TAG	292
ENSTNIT00000016058	TAA	219
ENSTNIT00000016056	TGA	124
ENSTNIT00000016060	TGA	36
ENSTNIT00000003029	TGA	36
ENSTNIT00000000219	TAA	13
ENSTNIT00000015716	TGA	122
ENSTNIT00000012944	TGA	65
ENSTNIT00000012943	TAA	116
ENSTNIT00000020333	TAA	259
ENSTNIT00000020324	TAA	186
ENSTNIT00000007594	TAG	27
ENSTNIT00000021009	TAA	181
ENSTNIT00000011199	TAA	179
ENSTNIT00000021008	TAA	234
ENSTNIT00000021001	TGA	494
ENSTNIT00000009520	TGA	134
ENSTNIT00000004649	TAG	62
ENSTNIT00000007552	TGA	200
ENSTNIT00000010620	TAA	66
ENSTNIT00000019868	TGA	160
ENSTNIT00000014515	TGA	372
ENSTNIT00000011765	TAA	302
ENSTNIT00000016190	TGA	904
ENSTNIT00000000031	TAA	132
ENSTNIT00000001300	TGA	271
ENSTNIT00000001647	TGA	87
ENSTNIT00000017048	TGA	129
ENSTNIT00000016192	TAA	486
ENSTNIT00000014900	TAG	769
ENSTNIT00000017588	TAA	537
ENSTNIT00000015619	TGA	305
ENSTNIT00000017587	TAA	268
ENSTNIT00000016568	TGA	81
ENSTNIT00000017066	TGA	642
ENSTNIT00000002121	TGA	642
ENSTNIT00000002203	TGA	309
ENSTNIT00000008136	TGA	21
ENSTNIT00000016571	TGA	144
ENSTNIT00000022167	TGA	529
ENSTNIT00000019631	TAA	58
ENSTNIT00000013668	TAA	253
ENSTNIT00000012360	TGA	408
ENSTNIT00000013672	TAA	216
ENSTNIT00000013671	TAG	325
ENSTNIT00000002755	TGA	30
ENSTNIT00000015219	TGA	73
ENSTNIT00000016565	TGA	406
ENSTNIT00000007687	TAA	97
ENSTNIT00000019202	TGA	139
ENSTNIT00000021779	TAG	264
ENSTNIT00000009038	TGA	118
ENSTNIT00000003531	TGA	118
ENSTNIT00000003262	TGA	12
ENSTNIT00000014033	TAG	255
ENSTNIT00000014776	TGA	130
ENSTNIT00000011892	TAA	415
ENSTNIT00000009818	TAA	238
ENSTNIT00000003860	TGA	721
ENSTNIT00000017842	TAA	52
ENSTNIT00000017839	TGA	896
ENSTNIT00000008280	TGA	169
ENSTNIT00000012517	TAA	508
ENSTNIT00000012518	TGA	59
ENSTNIT00000012151	TAG	372
ENSTNIT00000016443	TGA	252
ENSTNIT00000001907	TGA	173
ENSTNIT00000003055	TGA	149
ENSTNIT00000003743	TGA	173
ENSTNIT00000001656	TGA	173
ENSTNIT00000002862	TGA	173
ENSTNIT00000003668	TGA	148
ENSTNIT00000004053	TAA	56
ENSTNIT00000007938	TAA	56
ENSTNIT00000017327	TAA	504
ENSTNIT00000017328	TGA	127
ENSTNIT00000006790	TAG	252
ENSTNIT00000011527	TAA	263
ENSTNIT00000001318	TGA	129
ENSTNIT00000005712	TGA	659
ENSTNIT00000013477	TGA	318
ENSTNIT00000016437	TGA	94
ENSTNIT00000017477	TAG	41
ENSTNIT00000022006	TAA	298
ENSTNIT00000022005	TAG	390
ENSTNIT00000018606	TGA	243
ENSTNIT00000021201	TAA	89
ENSTNIT00000013125	TAA	490
ENSTNIT00000021203	TAA	257
ENSTNIT00000013455	TAA	577
ENSTNIT00000013797	TGA	462
ENSTNIT00000013799	TAG	635
ENSTNIT00000009873	TGA	254
ENSTNIT00000009882	TAG	176
ENSTNIT00000004497	TAA	89
ENSTNIT00000017515	TGA	314
ENSTNIT00000015700	TAA	191
ENSTNIT00000012293	TAG	327
ENSTNIT00000015325	TAG	108
ENSTNIT00000014213	TGA	108
ENSTNIT00000014212	TAG	481
ENSTNIT00000013389	TGA	163
ENSTNIT00000002143	TAA	89
ENSTNIT00000015366	TGA	738
ENSTNIT00000014220	TAG	877
ENSTNIT00000015368	TAA	311
ENSTNIT00000015367	TGA	302
ENSTNIT00000006327	TGA	143
ENSTNIT00000014699	TGA	26
ENSTNIT00000014700	TAG	61
ENSTNIT00000014701	TAG	44
ENSTNIT00000014702	TAA	36
ENSTNIT00000014703	TAG	119
ENSTNIT00000014706	TAG	291
ENSTNIT00000014707	TGA	353
ENSTNIT00000010634	TGA	134
ENSTNIT00000012731	TGA	352
ENSTNIT00000012738	TAA	167
ENSTNIT00000017948	TGA	432
ENSTNIT00000017950	TAA	89
ENSTNIT00000020461	TAA	835
ENSTNIT00000000800	TAA	180
ENSTNIT00000022306	TGA	58
ENSTNIT00000012657	TGA	361
ENSTNIT00000012665	TAG	472
ENSTNIT00000008363	TAA	747
ENSTNIT00000010006	TAA	492
ENSTNIT00000019344	TAA	771
ENSTNIT00000022951	TGA	124
ENSTNIT00000008000	TAG	78
ENSTNIT00000012878	TGA	744
ENSTNIT00000016044	TAA	420
ENSTNIT00000021027	TGA	208
ENSTNIT00000005519	TAA	172
ENSTNIT00000005521	TAA	642
ENSTNIT00000005520	TAA	88
ENSTNIT00000003752	TAA	293
ENSTNIT00000005522	TAA	293
ENSTNIT00000007216	TGA	129
ENSTNIT00000006168	TAG	609
ENSTNIT00000012090	TAA	168
ENSTNIT00000009428	TGA	40
ENSTNIT00000009424	TGA	163
ENSTNIT00000009425	TAA	456
ENSTNIT00000007088	TAA	404
ENSTNIT00000009974	TAG	177
ENSTNIT00000003608	TAA	298
ENSTNIT00000000235	TGA	60
ENSTNIT00000008368	TAA	193
ENSTNIT00000008367	TAA	193
ENSTNIT00000007112	TAA	536
ENSTNIT00000008460	TGA	519
ENSTNIT00000008462	TGA	371
ENSTNIT00000014450	TGA	674
ENSTNIT00000011002	TAG	31
ENSTNIT00000011001	TGA	147
ENSTNIT00000022207	TAA	754
ENSTNIT00000000127	TAA	115
ENSTNIT00000002188	TGA	163
ENSTNIT00000001918	TGA	338
ENSTNIT00000014917	TAA	172
ENSTNIT00000008804	TGA	170
ENSTNIT00000010174	TAA	197
ENSTNIT00000010176	TAA	538
ENSTNIT00000010031	TGA	98
ENSTNIT00000023286	TGA	339
ENSTNIT00000012877	TAG	53
ENSTNIT00000005116	TAA	94
ENSTNIT00000008499	TGA	144
ENSTNIT00000022057	TGA	116
ENSTNIT00000009977	TGA	149
ENSTNIT00000021536	TAG	107
ENSTNIT00000001425	TAG	107
ENSTNIT00000013655	TGA	292
ENSTNIT00000004514	TGA	20
ENSTNIT00000019557	TGA	257
ENSTNIT00000019558	TAG	474
ENSTNIT00000009021	TGA	65
ENSTNIT00000009014	TGA	89
ENSTNIT00000004743	TGA	41
ENSTNIT00000006545	TAA	88
ENSTNIT00000021815	TGA	123
ENSTNIT00000008257	TGA	101
ENSTNIT00000014089	TGA	533
ENSTNIT00000014093	TAG	238
ENSTNIT00000000985	TGA	85
ENSTNIT00000008137	TAA	60
ENSTNIT00000008646	TGA	576
ENSTNIT00000012501	TGA	150
ENSTNIT00000012502	TAA	274
ENSTNIT00000012500	TGA	96
ENSTNIT00000001711	TGA	95
ENSTNIT00000001458	TAG	166
ENSTNIT00000000861	TGA	447
ENSTNIT00000007957	TGA	95
ENSTNIT00000010911	TAA	94
ENSTNIT00000014484	TAA	1062
ENSTNIT00000021174	TGA	333
ENSTNIT00000011546	TAA	183
ENSTNIT00000003314	TAA	183
ENSTNIT00000021986	TAA	84
ENSTNIT00000021985	TAA	319
ENSTNIT00000007463	TGA	161
ENSTNIT00000007467	TAA	311
ENSTNIT00000007469	TAA	63
ENSTNIT00000020131	TAA	400
ENSTNIT00000020123	TGA	33
ENSTNIT00000021712	TAA	47
ENSTNIT00000019268	TGA	215
ENSTNIT00000019269	TGA	712
ENSTNIT00000005305	TAG	392
ENSTNIT00000004644	TAG	392
ENSTNIT00000005848	TGA	230
ENSTNIT00000013817	TGA	150
ENSTNIT00000009416	TAA	18
ENSTNIT00000013245	TAA	2
ENSTNIT00000017580	TAA	130
ENSTNIT00000017595	TAA	17
ENSTNIT00000010054	TGA	198
ENSTNIT00000010055	TAG	794
ENSTNIT00000010056	TAG	289
ENSTNIT00000019237	TGA	452
ENSTNIT00000019238	TGA	61
ENSTNIT00000016759	TGA	389
ENSTNIT00000016771	TGA	367
ENSTNIT00000016766	TGA	367
ENSTNIT00000014881	TAG	193
ENSTNIT00000005298	TGA	464
ENSTNIT00000009358	TGA	73
ENSTNIT00000012667	TGA	395
ENSTNIT00000021673	TGA	391
ENSTNIT00000006392	TGA	443
ENSTNIT00000017596	TGA	337
ENSTNIT00000005348	TAG	216
ENSTNIT00000004457	TGA	32
ENSTNIT00000007345	TAG	217
ENSTNIT00000008822	TGA	21
ENSTNIT00000010710	TAA	213
ENSTNIT00000010712	TAA	213
ENSTNIT00000002344	TGA	200
ENSTNIT00000006121	TGA	203
ENSTNIT00000007336	TGA	22
ENSTNIT00000020649	TGA	442
ENSTNIT00000020645	TAG	1230
ENSTNIT00000016017	TGA	156
ENSTNIT00000016018	TAG	61
ENSTNIT00000016429	TAG	89
ENSTNIT00000001525	TGA	80
ENSTNIT00000011192	TGA	80
ENSTNIT00000008205	TGA	319
ENSTNIT00000012003	TGA	178
ENSTNIT00000009897	TGA	227
ENSTNIT00000021044	TAA	612
ENSTNIT00000005546	TAA	294
ENSTNIT00000022410	TGA	313
ENSTNIT00000018448	TAA	301
ENSTNIT00000007836	TGA	625
ENSTNIT00000015894	TAA	30
ENSTNIT00000003763	TAA	37
ENSTNIT00000006247	TAG	303
ENSTNIT00000005474	TGA	162
ENSTNIT00000000650	TAG	366
ENSTNIT00000023019	TGA	133
ENSTNIT00000001123	TGA	303
ENSTNIT00000022672	TAG	74
ENSTNIT00000022675	TGA	105
ENSTNIT00000009703	TGA	182
ENSTNIT00000001129	TAA	58
ENSTNIT00000000783	TAG	942
ENSTNIT00000023274	TAA	120
ENSTNIT00000004708	TAA	120
ENSTNIT00000019980	TAG	58
ENSTNIT00000001720	TAA	130
ENSTNIT00000016631	TAA	450
ENSTNIT00000017064	TAG	451
ENSTNIT00000002570	TGA	126
ENSTNIT00000016402	TGA	126
ENSTNIT00000016403	TAA	378
ENSTNIT00000020430	TGA	154
ENSTNIT00000015181	TAA	342
ENSTNIT00000005650	TAA	13
ENSTNIT00000005907	TAA	285
ENSTNIT00000002375	TAG	265
ENSTNIT00000007795	TAG	265
ENSTNIT00000001408	TAG	265
ENSTNIT00000007796	TGA	130
ENSTNIT00000005931	TGA	73
ENSTNIT00000005903	TAA	96
ENSTNIT00000023026	TGA	142
ENSTNIT00000004625	TGA	183
ENSTNIT00000005987	TAA	251
ENSTNIT00000022873	TAA	320
ENSTNIT00000018320	TAG	454
ENSTNIT00000006293	TGA	141
ENSTNIT00000016980	TAA	50
ENSTNIT00000022897	TGA	159
ENSTNIT00000010373	TAG	743
ENSTNIT00000001533	TGA	320
ENSTNIT00000022894	TAG	125
ENSTNIT00000002531	TGA	416
ENSTNIT00000002190	TAA	1307
ENSTNIT00000003480	TGA	363
ENSTNIT00000002213	TAG	7
ENSTNIT00000017304	TAA	411
ENSTNIT00000017307	TGA	291
ENSTNIT00000008606	TGA	162
ENSTNIT00000005900	TGA	195
ENSTNIT00000012471	TAA	89
ENSTNIT00000012478	TGA	107
ENSTNIT00000002453	TAA	225
ENSTNIT00000012198	TGA	4
ENSTNIT00000020869	TAA	101
ENSTNIT00000006862	TGA	50
ENSTNIT00000020158	TAG	85
ENSTNIT00000011569	TAA	186
ENSTNIT00000021484	TGA	301
ENSTNIT00000021959	TAA	179
ENSTNIT00000018646	TGA	584
ENSTNIT00000002463	TGA	139
ENSTNIT00000021967	TAA	186
ENSTNIT00000018517	TGA	665
ENSTNIT00000018519	TAA	904
ENSTNIT00000018515	TAA	536
ENSTNIT00000010125	TGA	105
ENSTNIT00000021245	TGA	254
ENSTNIT00000016230	TGA	334
ENSTNIT00000010704	TAA	241
ENSTNIT00000006807	TGA	329
ENSTNIT00000022492	TAA	83
ENSTNIT00000015391	TAA	386
ENSTNIT00000014170	TGA	292
ENSTNIT00000014171	TAA	624
ENSTNIT00000016656	TGA	160
ENSTNIT00000018528	TGA	82
ENSTNIT00000005579	TGA	223
ENSTNIT00000014727	TAA	405
ENSTNIT00000000602	TGA	5
ENSTNIT00000018150	TGA	230
ENSTNIT00000014744	TAA	431
ENSTNIT00000010458	TAA	23
ENSTNIT00000010452	TAA	399
ENSTNIT00000016654	TAG	181
ENSTNIT00000016702	TAA	198
ENSTNIT00000003334	TAG	133
ENSTNIT00000015664	TGA	153
ENSTNIT00000015658	TGA	173
ENSTNIT00000015662	TGA	344
ENSTNIT00000014014	TGA	103
ENSTNIT00000014011	TGA	463
ENSTNIT00000014005	TGA	148
ENSTNIT00000009133	TGA	376
ENSTNIT00000000355	TGA	150
ENSTNIT00000007666	TAA	653
ENSTNIT00000007122	TAA	144
ENSTNIT00000019383	TAA	144
ENSTNIT00000020585	TAA	163
ENSTNIT00000020581	TGA	523
ENSTNIT00000015999	TGA	368
ENSTNIT00000013177	TGA	639
ENSTNIT00000018417	TAA	876
ENSTNIT00000012015	TGA	618
ENSTNIT00000012287	TAA	270
ENSTNIT00000012288	TGA	283
ENSTNIT00000018415	TGA	69
ENSTNIT00000018010	TAA	646
ENSTNIT00000015020	TAA	60
ENSTNIT00000015021	TGA	175
ENSTNIT00000011299	TGA	508
ENSTNIT00000005596	TGA	46
ENSTNIT00000012964	TGA	191
ENSTNIT00000006063	TGA	642
ENSTNIT00000005028	TGA	30
ENSTNIT00000012171	TGA	171
ENSTNIT00000014061	TAA	971
ENSTNIT00000023335	TAG	176
ENSTNIT00000005031	TAG	176
ENSTNIT00000011024	TGA	417
ENSTNIT00000011025	TGA	280
ENSTNIT00000021108	TAG	142
ENSTNIT00000009789	TGA	829
ENSTNIT00000021107	TGA	179
ENSTNIT00000002038	TAA	125
ENSTNIT00000013112	TAG	435
ENSTNIT00000002154	TGA	269
ENSTNIT00000000313	TGA	217
ENSTNIT00000018378	TGA	1457
ENSTNIT00000022039	TAA	73
ENSTNIT00000003093	TGA	63
ENSTNIT00000022393	TAA	420
ENSTNIT00000002926	TGA	63
ENSTNIT00000007068	TGA	188
ENSTNIT00000022680	TGA	307
ENSTNIT00000022681	TAA	301
ENSTNIT00000020001	TGA	1045
ENSTNIT00000005636	TAG	520
ENSTNIT00000022685	TGA	269
ENSTNIT00000010392	TGA	227
ENSTNIT00000012369	TAA	358
ENSTNIT00000013606	TGA	812
ENSTNIT00000005748	TGA	282
ENSTNIT00000013608	TAA	461
ENSTNIT00000013611	TAA	718
ENSTNIT00000005756	TGA	824
ENSTNIT00000005878	TGA	234
ENSTNIT00000020400	TGA	416
ENSTNIT00000020402	TAA	342
ENSTNIT00000010901	TAG	390
ENSTNIT00000000140	TAG	390
ENSTNIT00000009633	TGA	197
ENSTNIT00000023285	TGA	594
ENSTNIT00000009172	TGA	211
ENSTNIT00000002524	TGA	211
ENSTNIT00000014821	TGA	82
ENSTNIT00000014823	TAG	489
ENSTNIT00000004402	TAG	62
ENSTNIT00000004401	TAA	103
ENSTNIT00000009173	TGA	306
ENSTNIT00000016956	TAA	47
ENSTNIT00000001862	TGA	1020
ENSTNIT00000002509	TGA	1020
ENSTNIT00000017781	TGA	1020
ENSTNIT00000002187	TGA	56
ENSTNIT00000002306	TGA	671
ENSTNIT00000002557	TGA	248
ENSTNIT00000004896	TGA	178
ENSTNIT00000007721	TAG	311
ENSTNIT00000004901	TAA	70
ENSTNIT00000007720	TAG	241
ENSTNIT00000006109	TGA	412
ENSTNIT00000005657	TGA	76
ENSTNIT00000008099	TAG	472
ENSTNIT00000008096	TGA	302
ENSTNIT00000008094	TGA	377
ENSTNIT00000013234	TAA	480
ENSTNIT00000012211	TAA	72
ENSTNIT00000012214	TAA	172
ENSTNIT00000012218	TGA	766
ENSTNIT00000007294	TGA	195
ENSTNIT00000022482	TAG	176
ENSTNIT00000018660	TAA	70
ENSTNIT00000018665	TGA	112
ENSTNIT00000006835	TAG	335
ENSTNIT00000001341	TAG	340
ENSTNIT00000006836	TAG	264
ENSTNIT00000009032	TGA	151
ENSTNIT00000013435	TGA	151
ENSTNIT00000018493	TGA	206
ENSTNIT00000018492	TGA	206
ENSTNIT00000013110	TAA	214
ENSTNIT00000013109	TAA	79
ENSTNIT00000008725	TGA	93
ENSTNIT00000016186	TGA	308
ENSTNIT00000001666	TGA	540
ENSTNIT00000013107	TGA	540
ENSTNIT00000013465	TGA	666
ENSTNIT00000021334	TAA	906
ENSTNIT00000001890	TAA	62
ENSTNIT00000022837	TAA	307
ENSTNIT00000009045	TGA	203
ENSTNIT00000022433	TAA	366
ENSTNIT00000022430	TGA	362
ENSTNIT00000022431	TGA	397
ENSTNIT00000022428	TAG	684
ENSTNIT00000008774	TGA	282
ENSTNIT00000014195	TAG	41
ENSTNIT00000014192	TAG	130
ENSTNIT00000004503	TAG	21
ENSTNIT00000019279	TGA	634
ENSTNIT00000016502	TAA	88
ENSTNIT00000006334	TGA	656
ENSTNIT00000002841	TAG	237
ENSTNIT00000003492	TGA	336
ENSTNIT00000012069	TGA	166
ENSTNIT00000016507	TGA	675
ENSTNIT00000016511	TGA	513
ENSTNIT00000003986	TGA	513
ENSTNIT00000016725	TGA	126
ENSTNIT00000016722	TAG	43
ENSTNIT00000016510	TGA	797
ENSTNIT00000016718	TGA	262
ENSTNIT00000009274	TGA	75
ENSTNIT00000020557	TAG	135
ENSTNIT00000009279	TGA	22
ENSTNIT00000020554	TGA	741
ENSTNIT00000020551	TGA	207
ENSTNIT00000020550	TGA	163
ENSTNIT00000017505	TGA	798
ENSTNIT00000012158	TAG	273
ENSTNIT00000019362	TGA	147
ENSTNIT00000017274	TGA	169
ENSTNIT00000019366	TAG	353
ENSTNIT00000014597	TGA	472
ENSTNIT00000018885	TGA	588
ENSTNIT00000018883	TGA	570
ENSTNIT00000001571	TAG	21
ENSTNIT00000004579	TAG	121
ENSTNIT00000017365	TGA	124
ENSTNIT00000017364	TGA	374
ENSTNIT00000006151	TAG	151
ENSTNIT00000018028	TGA	231
ENSTNIT00000018029	TGA	342
ENSTNIT00000007163	TGA	347
ENSTNIT00000014964	TAA	339
ENSTNIT00000014959	TGA	497
ENSTNIT00000014957	TAA	4
ENSTNIT00000009958	TAA	23
ENSTNIT00000007235	TAG	245
ENSTNIT00000007237	TAG	147
ENSTNIT00000017562	TAA	306
ENSTNIT00000022717	TGA	352
ENSTNIT00000000246	TAA	24
ENSTNIT00000022711	TGA	241
ENSTNIT00000022712	TGA	697
ENSTNIT00000011010	TAA	627
ENSTNIT00000016361	TAA	23
ENSTNIT00000000348	TAG	62
ENSTNIT00000011051	TGA	441
ENSTNIT00000008288	TAG	307
ENSTNIT00000001266	TAA	397
ENSTNIT00000021346	TGA	186
ENSTNIT00000021351	TAA	391
ENSTNIT00000021349	TGA	348
ENSTNIT00000018061	TGA	243
ENSTNIT00000021502	TGA	51
ENSTNIT00000005777	TAA	302
ENSTNIT00000018273	TGA	390
ENSTNIT00000018277	TAG	610
ENSTNIT00000009454	TGA	404
ENSTNIT00000013970	TGA	248
ENSTNIT00000010643	TAA	168
ENSTNIT00000005329	TAA	484
ENSTNIT00000012778	TGA	70
ENSTNIT00000012779	TAG	372
ENSTNIT00000001581	TGA	229
ENSTNIT00000001000	TAA	325
ENSTNIT00000004231	TGA	64
ENSTNIT00000010330	TAA	286
ENSTNIT00000008119	TGA	531
ENSTNIT00000008115	TGA	69
ENSTNIT00000005743	TAG	15
ENSTNIT00000010482	TAG	49
ENSTNIT00000018691	TAG	1213
ENSTNIT00000007395	TGA	504
ENSTNIT00000018682	TAA	579
ENSTNIT00000018684	TAA	366
ENSTNIT00000018689	TAA	335
ENSTNIT00000018690	TGA	137
ENSTNIT00000020202	TGA	567
ENSTNIT00000006817	TAG	208
ENSTNIT00000020194	TGA	332
ENSTNIT00000020196	TAA	163
ENSTNIT00000020201	TGA	18
ENSTNIT00000009509	TAA	261
ENSTNIT00000009506	TAA	197
ENSTNIT00000000417	TAA	429
ENSTNIT00000009505	TAA	429
ENSTNIT00000021440	TGA	89
ENSTNIT00000021286	TGA	1151
ENSTNIT00000021284	TAA	37
ENSTNIT00000021290	TGA	729
ENSTNIT00000021287	TGA	218
ENSTNIT00000021291	TAG	88
ENSTNIT00000007439	TAA	269
ENSTNIT00000013827	TGA	127
ENSTNIT00000013826	TAA	34
ENSTNIT00000020979	TGA	360
ENSTNIT00000004235	TAG	347
ENSTNIT00000001704	TAA	117
ENSTNIT00000000625	TGA	1103
ENSTNIT00000001177	TGA	192
ENSTNIT00000008373	TAG	457
ENSTNIT00000014131	TAA	58
ENSTNIT00000014128	TGA	337
ENSTNIT00000001172	TAG	121
ENSTNIT00000016745	TAA	193
ENSTNIT00000016746	TGA	273
ENSTNIT00000012993	TAG	508
ENSTNIT00000009960	TAG	31
ENSTNIT00000017212	TAA	115
ENSTNIT00000008751	TGA	50
ENSTNIT00000015083	TAA	757
ENSTNIT00000021767	TAA	284
ENSTNIT00000001685	TGA	464
ENSTNIT00000017052	TGA	67
ENSTNIT00000004699	TGA	125
ENSTNIT00000021316	TAA	236
ENSTNIT00000010639	TAG	288
ENSTNIT00000019255	TAA	101
ENSTNIT00000022961	TGA	123
ENSTNIT00000011176	TAA	253
ENSTNIT00000005449	TGA	302
ENSTNIT00000013965	TAG	486
ENSTNIT00000013966	TGA	128
ENSTNIT00000013969	TAA	246
ENSTNIT00000018544	TAA	128
ENSTNIT00000018302	TAA	144
ENSTNIT00000011973	TAA	119
ENSTNIT00000009979	TAA	630
ENSTNIT00000009415	TAG	484
ENSTNIT00000016148	TGA	178
ENSTNIT00000021556	TAG	110
ENSTNIT00000010567	TGA	203
ENSTNIT00000017964	TAA	127
ENSTNIT00000017959	TGA	83
ENSTNIT00000002629	TAG	436
ENSTNIT00000022780	TAG	436
ENSTNIT00000002886	TAG	436
ENSTNIT00000003985	TAA	353
ENSTNIT00000003154	TAA	353
ENSTNIT00000006922	TGA	151
ENSTNIT00000005613	TGA	82
ENSTNIT00000012285	TGA	155
ENSTNIT00000004893	TGA	195
ENSTNIT00000005602	TAA	490
ENSTNIT00000022772	TAG	177
ENSTNIT00000003873	TGA	824
ENSTNIT00000006565	TAG	13
ENSTNIT00000017116	TGA	7
ENSTNIT00000022693	TAA	55
ENSTNIT00000011075	TGA	120
ENSTNIT00000020918	TAG	74
ENSTNIT00000013046	TGA	41
ENSTNIT00000004554	TGA	71
ENSTNIT00000011982	TAA	858
ENSTNIT00000019959	TGA	117
ENSTNIT00000021376	TGA	166
ENSTNIT00000011173	TAA	151
ENSTNIT00000003541	TGA	8
ENSTNIT00000011172	TAA	63
ENSTNIT00000005791	TGA	205
ENSTNIT00000018224	TGA	877
ENSTNIT00000011981	TGA	306
ENSTNIT00000018228	TGA	133
ENSTNIT00000018295	TAA	121
ENSTNIT00000018297	TGA	372
ENSTNIT00000005837	TAA	674
ENSTNIT00000005830	TGA	55
ENSTNIT00000017536	TGA	491
ENSTNIT00000014280	TAG	172
ENSTNIT00000006880	TAA	404
ENSTNIT00000007786	TGA	379
ENSTNIT00000001246	TGA	50
ENSTNIT00000017534	TAG	423
ENSTNIT00000014782	TAG	1001
ENSTNIT00000004930	TGA	566
ENSTNIT00000018527	TGA	108
ENSTNIT00000016918	TGA	223
ENSTNIT00000016917	TAA	323
ENSTNIT00000011013	TGA	215
ENSTNIT00000010351	TAG	106
ENSTNIT00000010352	TAG	488
ENSTNIT00000005793	TGA	215
ENSTNIT00000009362	TGA	584
ENSTNIT00000019688	TGA	273
ENSTNIT00000000145	TAA	739
ENSTNIT00000018363	TAA	739
ENSTNIT00000020746	TAG	155
ENSTNIT00000018930	TAG	811
ENSTNIT00000018922	TGA	838
ENSTNIT00000018925	TGA	338
ENSTNIT00000008047	TGA	368
ENSTNIT00000009009	TGA	311
ENSTNIT00000009010	TGA	125
ENSTNIT00000000143	TGA	90
ENSTNIT00000015881	TGA	355
ENSTNIT00000018128	TAG	97
ENSTNIT00000021088	TGA	75
ENSTNIT00000021092	TGA	460
ENSTNIT00000005646	TAA	189
ENSTNIT00000000856	TAA	238
ENSTNIT00000003534	TAA	36
ENSTNIT00000008393	TAA	36
ENSTNIT00000003807	TAA	36
ENSTNIT00000006793	TAA	36
ENSTNIT00000009486	TGA	220
ENSTNIT00000021297	TAA	405
ENSTNIT00000021795	TAA	316
ENSTNIT00000021803	TGA	516
ENSTNIT00000015220	TGA	266
ENSTNIT00000006429	TAG	49
ENSTNIT00000006428	TAA	167
ENSTNIT00000006427	TAA	117
ENSTNIT00000016801	TGA	773
ENSTNIT00000015677	TAA	175
ENSTNIT00000003301	TAA	175
ENSTNIT00000007719	TAA	164
ENSTNIT00000011492	TGA	126
ENSTNIT00000018127	TGA	340
ENSTNIT00000004670	TAA	171
ENSTNIT00000000879	TAG	113
ENSTNIT00000004078	TAA	323
ENSTNIT00000004144	TAA	1
ENSTNIT00000014156	TGA	204
ENSTNIT00000022354	TGA	106
ENSTNIT00000022359	TGA	744
ENSTNIT00000022361	TGA	330
ENSTNIT00000022362	TGA	768
ENSTNIT00000014261	TAG	422
ENSTNIT00000002653	TAG	80
ENSTNIT00000003923	TGA	20
ENSTNIT00000013589	TAG	353
ENSTNIT00000003058	TGA	280
ENSTNIT00000000994	TGA	280
ENSTNIT00000002563	TGA	297
ENSTNIT00000015565	TGA	280
ENSTNIT00000002624	TGA	280
ENSTNIT00000003698	TGA	221
ENSTNIT00000003405	TGA	280
ENSTNIT00000001898	TGA	221
ENSTNIT00000015567	TAA	293
ENSTNIT00000005278	TGA	249
ENSTNIT00000008236	TAA	74
ENSTNIT00000013850	TGA	260
ENSTNIT00000019881	TAA	36
ENSTNIT00000019887	TAA	273
ENSTNIT00000015821	TGA	708
ENSTNIT00000009190	TGA	309
ENSTNIT00000021833	TAA	482
ENSTNIT00000009191	TAA	820
ENSTNIT00000007870	TAA	224
ENSTNIT00000009188	TGA	135
ENSTNIT00000011260	TAG	327
ENSTNIT00000009184	TGA	88
ENSTNIT00000006032	TGA	541
ENSTNIT00000006033	TGA	260
ENSTNIT00000014533	TAA	94
ENSTNIT00000013990	TGA	247
ENSTNIT00000013992	TAG	294
ENSTNIT00000011150	TGA	152
ENSTNIT00000017742	TAA	141
ENSTNIT00000000717	TAA	141
ENSTNIT00000002076	TAA	133
ENSTNIT00000016308	TAA	133
ENSTNIT00000022892	TGA	94
ENSTNIT00000017987	TGA	94
ENSTNIT00000016312	TGA	474
ENSTNIT00000011153	TGA	170
ENSTNIT00000010550	TGA	760
ENSTNIT00000018406	TGA	241
ENSTNIT00000007852	TGA	84
ENSTNIT00000005607	TAG	622
ENSTNIT00000011281	TAA	518
ENSTNIT00000002029	TAA	93
ENSTNIT00000012304	TAA	267
ENSTNIT00000012298	TGA	204
ENSTNIT00000001467	TGA	192
ENSTNIT00000009627	TGA	192
ENSTNIT00000010120	TAA	27
ENSTNIT00000009799	TAG	377
ENSTNIT00000011046	TAA	262
ENSTNIT00000021631	TGA	518
ENSTNIT00000022696	TAG	204
ENSTNIT00000013350	TAA	14
ENSTNIT00000017114	TGA	79
ENSTNIT00000018322	TGA	286
ENSTNIT00000003517	TGA	286
ENSTNIT00000005818	TGA	362
ENSTNIT00000018318	TAA	66
ENSTNIT00000018316	TGA	1088
ENSTNIT00000017112	TAG	127
ENSTNIT00000005816	TGA	89
ENSTNIT00000005799	TAG	184
ENSTNIT00000018204	TAA	147
ENSTNIT00000023267	TGA	250
ENSTNIT00000011068	TGA	255
ENSTNIT00000009651	TGA	229
ENSTNIT00000005071	TGA	41
ENSTNIT00000009337	TGA	359
ENSTNIT00000003862	TAG	464
ENSTNIT00000002970	TAG	304
ENSTNIT00000012161	TAA	243
ENSTNIT00000017584	TAG	387
ENSTNIT00000000470	TAG	387
ENSTNIT00000015262	TGA	100
ENSTNIT00000004959	TAG	193
ENSTNIT00000004949	TGA	265
ENSTNIT00000010291	TAG	615
ENSTNIT00000016476	TGA	646
ENSTNIT00000001679	TAA	40
ENSTNIT00000012554	TGA	670
ENSTNIT00000012556	TAA	329
ENSTNIT00000012560	TAG	1210
ENSTNIT00000019667	TGA	382
ENSTNIT00000019668	TGA	97
ENSTNIT00000020721	TAG	165
ENSTNIT00000020722	TAG	866
ENSTNIT00000002125	TAG	866
ENSTNIT00000020728	TGA	66
ENSTNIT00000020729	TAA	153
ENSTNIT00000018910	TAG	323
ENSTNIT00000019962	TGA	94
ENSTNIT00000018906	TGA	501
ENSTNIT00000008455	TAA	214
ENSTNIT00000008069	TGA	975
ENSTNIT00000015523	TGA	476
ENSTNIT00000012278	TGA	305
ENSTNIT00000021406	TGA	107
ENSTNIT00000021408	TAA	293
ENSTNIT00000021407	TAG	49
ENSTNIT00000022944	TGA	214
ENSTNIT00000004905	TAA	206
ENSTNIT00000005626	TAG	511
ENSTNIT00000006771	TAA	293
ENSTNIT00000004542	TGA	32
ENSTNIT00000008353	TAG	187
ENSTNIT00000011470	TGA	569
ENSTNIT00000010109	TGA	162
ENSTNIT00000001758	TAA	250
ENSTNIT00000003882	TAA	63
ENSTNIT00000023085	TGA	56
ENSTNIT00000017137	TAG	211
ENSTNIT00000017138	TGA	179
ENSTNIT00000001210	TGA	349
ENSTNIT00000017464	TAA	329
ENSTNIT00000002811	TAA	175
ENSTNIT00000021660	TGA	62
ENSTNIT00000010069	TGA	240
ENSTNIT00000020335	TAG	223
ENSTNIT00000020339	TGA	342
ENSTNIT00000000318	TGA	80
ENSTNIT00000006218	TAG	52
ENSTNIT00000010612	TAG	248
ENSTNIT00000000440	TAG	412
ENSTNIT00000020488	TGA	359
ENSTNIT00000018469	TGA	216
ENSTNIT00000019904	TGA	236
ENSTNIT00000009828	TAA	423
ENSTNIT00000020528	TAG	114
ENSTNIT00000013868	TGA	475
ENSTNIT00000013865	TGA	134
ENSTNIT00000019305	TGA	515
ENSTNIT00000006060	TGA	30
ENSTNIT00000006054	TAA	423
ENSTNIT00000006056	TAG	201
ENSTNIT00000006057	TGA	644
ENSTNIT00000021513	TGA	375
ENSTNIT00000002420	TGA	190
ENSTNIT00000018222	TAG	93
ENSTNIT00000014551	TGA	63
ENSTNIT00000013929	TAA	455
ENSTNIT00000016329	TAG	164
ENSTNIT00000001515	TAG	164
ENSTNIT00000016330	TAA	399
ENSTNIT00000010245	TAG	698
ENSTNIT00000017331	TGA	357
ENSTNIT00000000114	TAG	521
ENSTNIT00000010524	TGA	110
ENSTNIT00000010520	TAG	397
ENSTNIT00000012047	TAA	273
ENSTNIT00000002898	TAA	545
ENSTNIT00000018157	TAG	266
ENSTNIT00000013198	TAA	156
ENSTNIT00000012317	TGA	487
ENSTNIT00000012791	TAG	291
ENSTNIT00000008938	TGA	706
ENSTNIT00000009620	TGA	431
ENSTNIT00000018776	TAG	465
ENSTNIT00000018774	TAG	208
ENSTNIT00000018772	TAG	633
ENSTNIT00000007567	TGA	430
ENSTNIT00000013322	TAG	255
ENSTNIT00000013002	TAG	38
ENSTNIT00000006257	TGA	1523
ENSTNIT00000016385	TAA	105
ENSTNIT00000021611	TGA	255
ENSTNIT00000021615	TAG	369
ENSTNIT00000011244	TAA	81
ENSTNIT00000016389	TGA	627
ENSTNIT00000011191	TGA	52
ENSTNIT00000013691	TAA	327
ENSTNIT00000011243	TAA	404
ENSTNIT00000008508	TGA	269
ENSTNIT00000021166	TGA	190
ENSTNIT00000003471	TGA	61
ENSTNIT00000015683	TGA	62
ENSTNIT00000022602	TGA	374
ENSTNIT00000002099	TGA	361
ENSTNIT00000014314	TGA	187
ENSTNIT00000014311	TGA	446
ENSTNIT00000004316	TGA	446
ENSTNIT00000003054	TAA	12
ENSTNIT00000005393	TAA	12
ENSTNIT00000005391	TAA	10
ENSTNIT00000005400	TGA	377
ENSTNIT00000005398	TGA	473
ENSTNIT00000004990	TAA	16
ENSTNIT00000010305	TAA	126
ENSTNIT00000000270	TGA	143
ENSTNIT00000007775	TAA	354
ENSTNIT00000018134	TAG	394
ENSTNIT00000019652	TAA	25
ENSTNIT00000019653	TAA	79
ENSTNIT00000019648	TGA	51
ENSTNIT00000019649	TGA	159
ENSTNIT00000020708	TGA	603
ENSTNIT00000018964	TGA	359
ENSTNIT00000009532	TGA	95
ENSTNIT00000009529	TAA	43
ENSTNIT00000021427	TGA	100
ENSTNIT00000004107	TAA	244
ENSTNIT00000005688	TAG	35
ENSTNIT00000008456	TGA	298
ENSTNIT00000011144	TGA	350
ENSTNIT00000017786	TAA	951
ENSTNIT00000007369	TGA	247
ENSTNIT00000007368	TGA	236
ENSTNIT00000000818	TGA	282
ENSTNIT00000007367	TGA	282
ENSTNIT00000002567	TGA	93
ENSTNIT00000000864	TGA	203
ENSTNIT00000004021	TAA	451
ENSTNIT00000000588	TAG	164
ENSTNIT00000008480	TAA	274
ENSTNIT00000002720	TAG	85
ENSTNIT00000011451	TAA	471
ENSTNIT00000022103	TGA	28
ENSTNIT00000022101	TAG	808
ENSTNIT00000005582	TAG	265
ENSTNIT00000007510	TGA	671
ENSTNIT00000002603	TAG	208
ENSTNIT00000002760	TGA	62
ENSTNIT00000022521	TAG	358
ENSTNIT00000022522	TAA	323
ENSTNIT00000022404	TAA	95
ENSTNIT00000005294	TGA	121
ENSTNIT00000022398	TAG	337
ENSTNIT00000003617	TGA	18
ENSTNIT00000004719	TAG	170
ENSTNIT00000010659	TGA	107
ENSTNIT00000005178	TGA	67
ENSTNIT00000004214	TGA	312
ENSTNIT00000009246	TGA	247
ENSTNIT00000011395	TAG	565
ENSTNIT00000009241	TGA	185
ENSTNIT00000009242	TAA	239
ENSTNIT00000019848	TAG	276
ENSTNIT00000011389	TAA	112
ENSTNIT00000013892	TGA	559
ENSTNIT00000013891	TAA	510
ENSTNIT00000006080	TAA	83
ENSTNIT00000006079	TGA	88
ENSTNIT00000018555	TGA	177
ENSTNIT00000021658	TGA	244
ENSTNIT00000015861	TAG	326
ENSTNIT00000015866	TGA	438
ENSTNIT00000015868	TAG	72
ENSTNIT00000015867	TGA	99
ENSTNIT00000004850	TGA	99
ENSTNIT00000014945	TAA	194
ENSTNIT00000010729	TGA	72
ENSTNIT00000017691	TAA	23
ENSTNIT00000017696	TAA	148
ENSTNIT00000014564	TGA	70
ENSTNIT00000013950	TAA	92
ENSTNIT00000017827	TAA	49
ENSTNIT00000000393	TAA	207
ENSTNIT00000003182	TGA	379
ENSTNIT00000001763	TAA	284
ENSTNIT00000001116	TAA	242
ENSTNIT00000004080	TAA	259
ENSTNIT00000018047	TGA	459
ENSTNIT00000002861	TGA	161
ENSTNIT00000013575	TGA	198
ENSTNIT00000004651	TAA	126
ENSTNIT00000016151	TGA	99
ENSTNIT00000020815	TGA	484
ENSTNIT00000012117	TGA	345
ENSTNIT00000010440	TAA	129
ENSTNIT00000010441	TAA	129
ENSTNIT00000004146	TAA	11
ENSTNIT00000001876	TGA	29
ENSTNIT00000002733	TAG	141
ENSTNIT00000000515	TAG	32
ENSTNIT00000002434	TGA	227
ENSTNIT00000000885	TGA	227
ENSTNIT00000004099	TAA	148
ENSTNIT00000008519	TAA	341
ENSTNIT00000001380	TAA	119
ENSTNIT00000006605	TAA	119
ENSTNIT00000002334	TAA	119
ENSTNIT00000012346	TGA	98
ENSTNIT00000012337	TAA	264
ENSTNIT00000008513	TAA	503
ENSTNIT00000015044	TAG	263
ENSTNIT00000003422	TAA	314
ENSTNIT00000011235	TAA	314
ENSTNIT00000013016	TGA	36
ENSTNIT00000020017	TAA	42
ENSTNIT00000002170	TAA	42
ENSTNIT00000020020	TGA	127
ENSTNIT00000006116	TAG	542
ENSTNIT00000011094	TAA	73
ENSTNIT00000011087	TAA	64
ENSTNIT00000011088	TGA	293
ENSTNIT00000013064	TGA	462
ENSTNIT00000022184	TGA	180
ENSTNIT00000011578	TGA	185
ENSTNIT00000009723	TAG	307
ENSTNIT00000010848	TAA	948
ENSTNIT00000014352	TGA	207
ENSTNIT00000022989	TAG	169
ENSTNIT00000003537	TGA	167
ENSTNIT00000021757	TGA	167
ENSTNIT00000022582	TGA	72
ENSTNIT00000014291	TGA	557
ENSTNIT00000014294	TAA	85
ENSTNIT00000014295	TAA	959
ENSTNIT00000005005	TGA	194
ENSTNIT00000004376	TGA	249
ENSTNIT00000004370	TGA	72
ENSTNIT00000002325	TGA	25
ENSTNIT00000005640	TGA	25
ENSTNIT00000003414	TGA	70
ENSTNIT00000001922	TGA	113
ENSTNIT00000019694	TGA	113
ENSTNIT00000020682	TGA	706
ENSTNIT00000020685	TGA	134
ENSTNIT00000018371	TGA	688
ENSTNIT00000006014	TGA	568
ENSTNIT00000019628	TGA	762
ENSTNIT00000019630	TAG	426
ENSTNIT00000022769	TGA	409
ENSTNIT00000015439	TGA	71
ENSTNIT00000008990	TAA	824
ENSTNIT00000008992	TAA	354
ENSTNIT00000013303	TGA	128
ENSTNIT00000018945	TGA	14
ENSTNIT00000010030	TGA	502
ENSTNIT00000005274	TGA	254
ENSTNIT00000001080	TAA	45
ENSTNIT00000001236	TAA	45
ENSTNIT00000021585	TAA	75
ENSTNIT00000010032	TAA	787
ENSTNIT00000022766	TAA	243
ENSTNIT00000007604	TGA	397
ENSTNIT00000002754	TGA	326
ENSTNIT00000021583	TGA	56
ENSTNIT00000017915	TAA	248
ENSTNIT00000011813	TAA	177
ENSTNIT00000015110	TAA	261
ENSTNIT00000015108	TGA	241
ENSTNIT00000008380	TGA	71
ENSTNIT00000012607	TGA	490
ENSTNIT00000005674	TGA	286
ENSTNIT00000017174	TAG	422
ENSTNIT00000015211	TGA	520
ENSTNIT00000011434	TAA	313
ENSTNIT00000001545	TAA	313
ENSTNIT00000011436	TAG	56
ENSTNIT00000009141	TAG	207
ENSTNIT00000016213	TGA	624
ENSTNIT00000009006	TGA	83
ENSTNIT00000002680	TGA	108
ENSTNIT00000001621	TAA	187
ENSTNIT00000023077	TAA	6
ENSTNIT00000009719	TAA	213
ENSTNIT00000001063	TAA	230
ENSTNIT00000018164	TAA	117
ENSTNIT00000018165	TAA	43
ENSTNIT00000015358	TAA	21
ENSTNIT00000021804	TGA	55
ENSTNIT00000021807	TAG	265
ENSTNIT00000006526	TAA	107
ENSTNIT00000021464	TAA	111
ENSTNIT00000001027	TGA	142
ENSTNIT00000019867	TGA	148
ENSTNIT00000009783	TAG	229
ENSTNIT00000021461	TGA	195
ENSTNIT00000015504	TAG	362
ENSTNIT00000015506	TAA	60
ENSTNIT00000015505	TAA	183
ENSTNIT00000015508	TGA	204
ENSTNIT00000015510	TAG	623
ENSTNIT00000015509	TGA	560
ENSTNIT00000023054	TGA	176
ENSTNIT00000005909	TAA	191
ENSTNIT00000002840	TGA	328
ENSTNIT00000013909	TGA	869
ENSTNIT00000013908	TAA	78
ENSTNIT00000006096	TAG	119
ENSTNIT00000009205	TGA	38
ENSTNIT00000005711	TAA	64
ENSTNIT00000022414	TAA	312
ENSTNIT00000017719	TGA	240
ENSTNIT00000017715	TGA	290
ENSTNIT00000002762	TGA	290
ENSTNIT00000017718	TGA	886
ENSTNIT00000017711	TAG	337
ENSTNIT00000010413	TGA	542
ENSTNIT00000014588	TGA	239
ENSTNIT00000014586	TGA	48
ENSTNIT00000006704	TGA	343
ENSTNIT00000009031	TGA	15
ENSTNIT00000012315	TAG	222
ENSTNIT00000013531	TAA	312
ENSTNIT00000012816	TGA	474
ENSTNIT00000001075	TGA	176
ENSTNIT00000012810	TGA	176
ENSTNIT00000005708	TGA	83
ENSTNIT00000002119	TGA	317
ENSTNIT00000006183	TGA	257
ENSTNIT00000009052	TGA	1231
ENSTNIT00000019096	TGA	64
ENSTNIT00000019090	TAA	569
ENSTNIT00000003279	TGA	685
ENSTNIT00000019091	TAG	656
ENSTNIT00000018732	TAA	127
ENSTNIT00000018734	TAG	271
ENSTNIT00000009577	TGA	163
ENSTNIT00000009570	TGA	253
ENSTNIT00000013039	TAG	226
ENSTNIT00000007022	TAG	167
ENSTNIT00000004047	TAG	167
ENSTNIT00000005778	TGA	258
ENSTNIT00000003392	TGA	174
ENSTNIT00000022970	TGA	13
ENSTNIT00000014338	TGA	55
ENSTNIT00000014332	TAG	100
ENSTNIT00000014334	TAG	497
ENSTNIT00000000958	TAA	110
ENSTNIT00000011625	TAA	190
ENSTNIT00000003722	TAA	190
ENSTNIT00000003976	TAA	190
ENSTNIT00000002148	TAA	651
ENSTNIT00000002574	TAA	190
ENSTNIT00000001988	TGA	537
ENSTNIT00000001897	TAA	190
ENSTNIT00000011623	TAG	194
ENSTNIT00000022564	TAA	249
ENSTNIT00000022563	TGA	83
ENSTNIT00000022878	TGA	168
ENSTNIT00000005606	TAA	269
ENSTNIT00000006426	TAG	442
ENSTNIT00000005040	TAG	211
ENSTNIT00000004351	TGA	488
ENSTNIT00000003170	TAA	161
ENSTNIT00000001239	TGA	40
ENSTNIT00000022746	TGA	98
ENSTNIT00000015969	TGA	119
ENSTNIT00000013737	TGA	516
ENSTNIT00000013738	TAA	150
ENSTNIT00000013745	TAA	322
ENSTNIT00000013747	TAA	275
ENSTNIT00000014909	TAG	327
ENSTNIT00000017002	TGA	141
ENSTNIT00000008931	TAA	320
ENSTNIT00000011491	TAG	93
ENSTNIT00000000845	TAG	302
ENSTNIT00000000989	TAG	302
ENSTNIT00000021150	TAG	302
ENSTNIT00000002956	TAG	302
ENSTNIT00000001424	TAG	302
ENSTNIT00000003792	TAG	302
ENSTNIT00000011493	TAG	361
ENSTNIT00000011495	TAA	58
ENSTNIT00000012446	TAA	230
ENSTNIT00000012448	TGA	313
ENSTNIT00000010489	TGA	488
ENSTNIT00000017894	TAG	504
ENSTNIT00000017898	TAA	125
ENSTNIT00000008230	TGA	348
ENSTNIT00000008663	TGA	104
ENSTNIT00000003503	TGA	104
ENSTNIT00000008226	TAG	177
ENSTNIT00000008662	TAG	397
ENSTNIT00000000908	TGA	40
ENSTNIT00000001169	TGA	347
ENSTNIT00000001187	TAA	135
ENSTNIT00000003437	TGA	168
ENSTNIT00000011402	TAA	564
ENSTNIT00000004217	TAA	564
ENSTNIT00000011399	TGA	445
ENSTNIT00000012631	TGA	301
ENSTNIT00000015872	TGA	617
ENSTNIT00000001468	TGA	617
ENSTNIT00000003485	TGA	356
ENSTNIT00000000486	TGA	814
ENSTNIT00000008532	TGA	163
ENSTNIT00000022133	TGA	482
ENSTNIT00000008521	TGA	103
ENSTNIT00000020512	TGA	90
ENSTNIT00000010119	TGA	761
ENSTNIT00000009348	TAG	518
ENSTNIT00000010875	TAG	335
ENSTNIT00000010871	TAA	83
ENSTNIT00000002164	TAA	83
ENSTNIT00000010872	TGA	285
ENSTNIT00000010964	TGA	466
ENSTNIT00000022126	TAA	34
ENSTNIT00000022129	TAG	439
ENSTNIT00000003234	TGA	40
ENSTNIT00000021076	TAG	637
ENSTNIT00000005549	TAG	281
ENSTNIT00000004954	TAG	14
ENSTNIT00000023067	TAG	41
ENSTNIT00000008217	TGA	171
ENSTNIT00000023075	TAA	81
ENSTNIT00000002006	TAG	726
ENSTNIT00000021834	TAG	726
ENSTNIT00000021826	TGA	807
ENSTNIT00000013501	TAA	213
ENSTNIT00000014275	TAA	147
ENSTNIT00000009804	TAA	438
ENSTNIT00000010600	TGA	357
ENSTNIT00000009805	TGA	439
ENSTNIT00000002890	TGA	261
ENSTNIT00000016572	TGA	348
ENSTNIT00000018367	TGA	397
ENSTNIT00000015483	TGA	482
ENSTNIT00000015489	TAG	148
ENSTNIT00000015487	TGA	104
ENSTNIT00000001070	TGA	68
ENSTNIT00000010101	TAG	477
ENSTNIT00000010108	TGA	99
ENSTNIT00000021468	TAG	1230
ENSTNIT00000021565	TAA	306
ENSTNIT00000017649	TGA	304
ENSTNIT00000003934	TAG	403
ENSTNIT00000021561	TGA	92
ENSTNIT00000009403	TAG	141
ENSTNIT00000003583	TGA	97
ENSTNIT00000003749	TGA	159
ENSTNIT00000001148	TAA	69
ENSTNIT00000014609	TAA	149
ENSTNIT00000014613	TGA	176
ENSTNIT00000010249	TAA	136
ENSTNIT00000012785	TGA	160
ENSTNIT00000003205	TGA	268
ENSTNIT00000012784	TGA	604
ENSTNIT00000012782	TAA	609
ENSTNIT00000012788	TAA	273
ENSTNIT00000016392	TGA	677
ENSTNIT00000017336	TGA	203
ENSTNIT00000006679	TAG	423
ENSTNIT00000012925	TGA	307
ENSTNIT00000000765	TGA	249
ENSTNIT00000010943	TAA	194
ENSTNIT00000010944	TAG	220
ENSTNIT00000019432	TGA	78
ENSTNIT00000019439	TAA	295
ENSTNIT00000019438	TAA	391
ENSTNIT00000021470	TAG	771
ENSTNIT00000000169	TAG	771
ENSTNIT00000010905	TGA	254
ENSTNIT00000020884	TAA	220
ENSTNIT00000010945	TGA	92
ENSTNIT00000007500	TAG	202
ENSTNIT00000007304	TGA	226
ENSTNIT00000010946	TGA	84
ENSTNIT00000008858	TGA	699
ENSTNIT00000009549	TGA	936
ENSTNIT00000011304	TGA	338
ENSTNIT00000006285	TAA	1060
ENSTNIT00000013059	TAA	177
ENSTNIT00000016378	TGA	268
ENSTNIT00000006691	TGA	401
ENSTNIT00000012995	TGA	488
ENSTNIT00000012994	TAG	107
ENSTNIT00000001238	TGA	173
ENSTNIT00000003791	TGA	173
ENSTNIT00000001688	TAA	70
ENSTNIT00000003094	TAA	70
ENSTNIT00000001991	TGA	157
ENSTNIT00000014402	TGA	62
ENSTNIT00000014399	TGA	162
ENSTNIT00000011651	TAA	669
ENSTNIT00000011652	TGA	106
ENSTNIT00000005331	TAG	413
ENSTNIT00000005336	TGA	143
ENSTNIT00000022280	TGA	426
ENSTNIT00000021147	TAA	134
ENSTNIT00000022540	TGA	109
ENSTNIT00000001912	TGA	198
ENSTNIT00000000933	TGA	162
ENSTNIT00000014846	TAG	356
ENSTNIT00000010426	TAA	354
ENSTNIT00000014112	TGA	87
ENSTNIT00000013720	TGA	349
ENSTNIT00000005541	TGA	89
ENSTNIT00000003208	TGA	130
ENSTNIT00000022762	TGA	130
ENSTNIT00000019807	TAA	351
ENSTNIT00000019808	TAA	806
ENSTNIT00000019802	TAA	278
ENSTNIT00000019803	TGA	108
ENSTNIT00000015267	TGA	169
ENSTNIT00000021182	TAA	159
ENSTNIT00000016695	TGA	625
ENSTNIT00000015605	TAA	22
ENSTNIT00000002580	TGA	385
ENSTNIT00000008950	TAA	25
ENSTNIT00000008944	TAG	120
ENSTNIT00000021184	TAG	382
ENSTNIT00000005089	TAA	317
ENSTNIT00000009820	TGA	130
ENSTNIT00000015596	TGA	246
ENSTNIT00000001694	TGA	246
ENSTNIT00000022802	TAG	111
ENSTNIT00000000615	TAG	111
ENSTNIT00000007217	TAG	64
ENSTNIT00000015599	TGA	103
ENSTNIT00000018597	TGA	81
ENSTNIT00000015568	TAA	375
ENSTNIT00000015602	TAA	375
ENSTNIT00000010405	TAA	49
ENSTNIT00000012425	TAA	27
ENSTNIT00000017873	TAA	726
ENSTNIT00000011748	TGA	296
ENSTNIT00000001465	TGA	388
ENSTNIT00000015059	TGA	388
ENSTNIT00000011378	TAG	131
ENSTNIT00000011380	TAA	562
ENSTNIT00000016898	TGA	28
ENSTNIT00000005715	TGA	409
ENSTNIT00000005716	TAA	283
ENSTNIT00000012565	TAA	602
ENSTNIT00000002135	TGA	129
ENSTNIT00000022806	TAA	213
ENSTNIT00000010996	TAA	276
ENSTNIT00000001917	TAG	423
ENSTNIT00000003603	TGA	419
ENSTNIT00000011112	TAG	66
ENSTNIT00000011114	TAA	69
ENSTNIT00000018878	TGA	664
ENSTNIT00000012203	TGA	438
ENSTNIT00000020251	TGA	438
ENSTNIT00000020253	TGA	686
ENSTNIT00000020833	TAA	107
ENSTNIT00000007083	TAG	139
ENSTNIT00000010812	TAG	235
ENSTNIT00000006222	TGA	32
ENSTNIT00000009235	TGA	357
ENSTNIT00000009237	TGA	491
ENSTNIT00000003927	TAA	526
ENSTNIT00000021848	TAA	526
ENSTNIT00000021849	TAA	526
ENSTNIT00000009231	TGA	75
ENSTNIT00000021258	TGA	637
ENSTNIT00000009234	TAG	226
ENSTNIT00000009233	TGA	270
ENSTNIT00000001235	TGA	268
ENSTNIT00000015170	TGA	268
ENSTNIT00000010359	TAG	156
ENSTNIT00000015060	TAA	322
ENSTNIT00000010363	TGA	255
ENSTNIT00000015069	TGA	79
ENSTNIT00000016715	TGA	1012
ENSTNIT00000001435	TAA	344
ENSTNIT00000015167	TAA	344
ENSTNIT00000007302	TAA	224
ENSTNIT00000015550	TAA	312
ENSTNIT00000005160	TGA	82
ENSTNIT00000005147	TGA	95
ENSTNIT00000014067	TAG	658
ENSTNIT00000010225	TGA	265
ENSTNIT00000010224	TAA	509
ENSTNIT00000010228	TAA	329
ENSTNIT00000010742	TAG	773
ENSTNIT00000017676	TAG	163
ENSTNIT00000017669	TAG	493
ENSTNIT00000017674	TGA	799
ENSTNIT00000014634	TGA	285
ENSTNIT00000016465	TAA	108
ENSTNIT00000016466	TAG	311
ENSTNIT00000012853	TAA	887
ENSTNIT00000012850	TGA	149
ENSTNIT00000019603	TAA	218
ENSTNIT00000019605	TGA	969
ENSTNIT00000019609	TAA	545
ENSTNIT00000016357	TGA	366
ENSTNIT00000015769	TAA	613
ENSTNIT00000001149	TAA	398
ENSTNIT00000015772	TAA	398
ENSTNIT00000015773	TAG	162
ENSTNIT00000019053	TAA	360
ENSTNIT00000005673	TAA	42
ENSTNIT00000006658	TGA	188
ENSTNIT00000019457	TGA	538
ENSTNIT00000019456	TGA	140
ENSTNIT00000020900	TGA	585
ENSTNIT00000020903	TGA	515
ENSTNIT00000007438	TGA	223
ENSTNIT00000002687	TGA	305
ENSTNIT00000020901	TGA	305
ENSTNIT00000013289	TGA	436
ENSTNIT00000004145	TAA	108
ENSTNIT00000006036	TAA	77
ENSTNIT00000011861	TAG	303
ENSTNIT00000011862	TGA	100
ENSTNIT00000011859	TGA	41
ENSTNIT00000011866	TAG	637
ENSTNIT00000011863	TGA	97
ENSTNIT00000008550	TGA	543
ENSTNIT00000021693	TAA	55
ENSTNIT00000001836	TAA	568
ENSTNIT00000021696	TAA	568
ENSTNIT00000001209	TAG	78
ENSTNIT00000021697	TAG	78
ENSTNIT00000000530	TAG	78
ENSTNIT00000013084	TAA	161
ENSTNIT00000011800	TGA	162
ENSTNIT00000014382	TAG	115
ENSTNIT00000010404	TAG	48
ENSTNIT00000022144	TAG	476
ENSTNIT00000007371	TGA	278
ENSTNIT00000000610	TGA	194
ENSTNIT00000003733	TAG	110
ENSTNIT00000017421	TGA	137
ENSTNIT00000011677	TAA	21
ENSTNIT00000022294	TAA	286
ENSTNIT00000005318	TGA	299
ENSTNIT00000005317	TGA	199
ENSTNIT00000022300	TGA	548
ENSTNIT00000003902	TAA	303
ENSTNIT00000007639	TAA	465
ENSTNIT00000001712	TAG	238
ENSTNIT00000009945	TGA	306
ENSTNIT00000015464	TGA	131
ENSTNIT00000015462	TAG	145
ENSTNIT00000016629	TGA	1088
ENSTNIT00000013787	TGA	352
ENSTNIT00000015288	TGA	153
ENSTNIT00000007536	TGA	122
ENSTNIT00000014225	TGA	373
ENSTNIT00000005950	TGA	19
ENSTNIT00000005957	TGA	785
ENSTNIT00000008496	TAA	677
ENSTNIT00000005260	TAA	873
ENSTNIT00000004543	TGA	196
ENSTNIT00000017856	TAA	318
ENSTNIT00000017855	TAA	695
ENSTNIT00000017849	TGA	764
ENSTNIT00000016873	TAG	32
ENSTNIT00000017857	TAA	94
ENSTNIT00000003302	TAA	94
ENSTNIT00000010816	TAG	345
ENSTNIT00000022061	TAG	234
ENSTNIT00000012408	TGA	37
ENSTNIT00000012771	TGA	540
ENSTNIT00000000022	TGA	540
ENSTNIT00000001366	TAA	70
ENSTNIT00000003114	TAA	70
ENSTNIT00000002176	TAA	348
ENSTNIT00000000702	TAA	348
ENSTNIT00000015703	TGA	659
ENSTNIT00000015741	TAA	397
ENSTNIT00000017409	TAA	490
ENSTNIT00000012593	TGA	79
ENSTNIT00000017415	TAA	162
ENSTNIT00000008576	TAG	196
ENSTNIT00000000168	TAG	42
ENSTNIT00000008569	TAG	42
ENSTNIT00000008571	TAG	489
ENSTNIT00000013158	TGA	468
ENSTNIT00000018857	TGA	297
ENSTNIT00000016220	TAA	305
ENSTNIT00000020277	TGA	336
ENSTNIT00000020270	TGA	394
ENSTNIT00000010545	TGA	253
ENSTNIT00000010546	TGA	253
ENSTNIT00000006873	TAA	568
ENSTNIT00000010840	TAA	351
ENSTNIT00000002859	TGA	107
ENSTNIT00000008564	TGA	107
ENSTNIT00000022016	TAA	407
ENSTNIT00000014243	TGA	406
ENSTNIT00000013550	TAG	59
ENSTNIT00000014829	TGA	370
ENSTNIT00000021876	TAG	125
ENSTNIT00000021870	TGA	229
ENSTNIT00000021878	TAG	321
ENSTNIT00000002394	TGA	796
ENSTNIT00000002806	TAG	38
ENSTNIT00000020921	TAG	324
ENSTNIT00000017080	TGA	910
ENSTNIT00000017079	TGA	44
ENSTNIT00000017083	TGA	666
ENSTNIT00000007853	TAG	111
ENSTNIT00000012781	TGA	116
ENSTNIT00000019556	TAG	116
ENSTNIT00000023336	TAA	390
ENSTNIT00000015530	TGA	741
ENSTNIT00000017133	TGA	153
ENSTNIT00000014870	TGA	258
ENSTNIT00000010149	TGA	85
ENSTNIT00000014863	TGA	564
ENSTNIT00000010444	TGA	399
ENSTNIT00000011240	TGA	214
ENSTNIT00000002225	TAA	20
ENSTNIT00000012683	TAG	198
ENSTNIT00000005641	TAA	457
ENSTNIT00000009877	TGA	401
ENSTNIT00000019151	TAA	412
ENSTNIT00000019144	TAA	138
ENSTNIT00000011279	TAG	186
ENSTNIT00000022420	TGA	174
ENSTNIT00000002251	TGA	130
ENSTNIT00000002578	TAG	140
ENSTNIT00000010730	TGA	241
ENSTNIT00000012827	TGA	67
ENSTNIT00000012830	TGA	67
ENSTNIT00000012829	TAA	385
ENSTNIT00000012828	TAA	385
ENSTNIT00000007391	TGA	293
ENSTNIT00000022917	TGA	71
ENSTNIT00000012301	TAG	209
ENSTNIT00000020456	TAG	256
ENSTNIT00000020455	TGA	318
ENSTNIT00000009678	TGA	123
ENSTNIT00000019066	TAG	229
ENSTNIT00000019065	TAG	928
ENSTNIT00000019071	TGA	737
ENSTNIT00000019068	TGA	132
ENSTNIT00000019072	TAG	412
ENSTNIT00000009092	TGA	215
ENSTNIT00000009089	TAA	16
ENSTNIT00000009090	TGA	1014
ENSTNIT00000009093	TGA	439
ENSTNIT00000004358	TGA	310
ENSTNIT00000009094	TGA	310
ENSTNIT00000020780	TGA	187
ENSTNIT00000016110	TAG	66
ENSTNIT00000016116	TAA	566
ENSTNIT00000023187	TGA	50
ENSTNIT00000011838	TAA	94
ENSTNIT00000017234	TGA	48
ENSTNIT00000008289	TAG	181
ENSTNIT00000018107	TAG	236
ENSTNIT00000002616	TAG	731
ENSTNIT00000017406	TAA	222
ENSTNIT00000002159	TAG	519
ENSTNIT00000011694	TAA	701
ENSTNIT00000011699	TGA	293
ENSTNIT00000022234	TGA	119
ENSTNIT00000013487	TAA	297
ENSTNIT00000013486	TAG	338
ENSTNIT00000013479	TGA	70
ENSTNIT00000006419	TAA	126
ENSTNIT00000006422	TAG	48
ENSTNIT00000020056	TGA	44
ENSTNIT00000020053	TAA	164
ENSTNIT00000019761	TGA	136
ENSTNIT00000015909	TAA	156
ENSTNIT00000015907	TGA	480
ENSTNIT00000008475	TAA	467
ENSTNIT00000015903	TAG	118
ENSTNIT00000015910	TGA	126
ENSTNIT00000015911	TGA	125
ENSTNIT00000013220	TGA	316
ENSTNIT00000014341	TGA	117
ENSTNIT00000013768	TAG	96
ENSTNIT00000005929	TAA	138
ENSTNIT00000005933	TAA	17
ENSTNIT00000005938	TGA	191
ENSTNIT00000020769	TAA	379
ENSTNIT00000020770	TGA	217
ENSTNIT00000020762	TGA	81
ENSTNIT00000001965	TAG	49
ENSTNIT00000020763	TAG	49
ENSTNIT00000020764	TGA	642
ENSTNIT00000020765	TGA	847
ENSTNIT00000020768	TGA	753
ENSTNIT00000007055	TAG	429
ENSTNIT00000006453	TGA	110
ENSTNIT00000004707	TGA	225
ENSTNIT00000017270	TGA	119
ENSTNIT00000016887	TAG	162
ENSTNIT00000015755	TGA	208
ENSTNIT00000010096	TAA	254
ENSTNIT00000015543	TGA	49
ENSTNIT00000017057	TAG	59
ENSTNIT00000002134	TGA	359
ENSTNIT00000002040	TGA	75
ENSTNIT00000000366	TAG	648
ENSTNIT00000001587	TGA	135
ENSTNIT00000002347	TGA	47
ENSTNIT00000007533	TGA	564
ENSTNIT00000008168	TAA	104
ENSTNIT00000023084	TAA	35
ENSTNIT00000010781	TAA	101
ENSTNIT00000010707	TAG	48
ENSTNIT00000009746	TGA	464
ENSTNIT00000021310	TAA	94
ENSTNIT00000001364	TAA	94
ENSTNIT00000021309	TAA	94
ENSTNIT00000001973	TAA	245
ENSTNIT00000018828	TAA	245
ENSTNIT00000012893	TAA	17
ENSTNIT00000006177	TAA	32
ENSTNIT00000020294	TGA	663
ENSTNIT00000020292	TGA	177
ENSTNIT00000002518	TGA	177
ENSTNIT00000002810	TAA	459
ENSTNIT00000009369	TAA	459
ENSTNIT00000009374	TGA	700
ENSTNIT00000019554	TAA	235
ENSTNIT00000022077	TAG	263
ENSTNIT00000022074	TGA	241
ENSTNIT00000005222	TAA	267
ENSTNIT00000018428	TGA	667
ENSTNIT00000005480	TAG	327
ENSTNIT00000010675	TGA	89
ENSTNIT00000010673	TAA	238
ENSTNIT00000010883	TGA	1052
ENSTNIT00000018158	TGA	215
ENSTNIT00000010668	TGA	638
ENSTNIT00000022724	TAA	1099
ENSTNIT00000018074	TGA	232
ENSTNIT00000023005	TAG	34
ENSTNIT00000016632	TGA	54
ENSTNIT00000002016	TGA	62
ENSTNIT00000003384	TGA	62
ENSTNIT00000001394	TGA	62
ENSTNIT00000005505	TGA	62
ENSTNIT00000005501	TGA	251
ENSTNIT00000001849	TGA	251
ENSTNIT00000005499	TGA	102
ENSTNIT00000005090	TAA	623
ENSTNIT00000009865	TGA	157
ENSTNIT00000002078	TGA	157
ENSTNIT00000004127	TGA	157
ENSTNIT00000023254	TGA	17
ENSTNIT00000004198	TGA	792
ENSTNIT00000014887	TGA	206
ENSTNIT00000014882	TAA	117
ENSTNIT00000021576	TGA	506
ENSTNIT00000010186	TGA	410
ENSTNIT00000010182	TGA	130
ENSTNIT00000019168	TGA	38
ENSTNIT00000016792	TAG	447
ENSTNIT00000016669	TGA	131
ENSTNIT00000009156	TGA	42
ENSTNIT00000021726	TAG	111
ENSTNIT00000012856	TAG	135
ENSTNIT00000021727	TGA	99
ENSTNIT00000022784	TGA	536
ENSTNIT00000009076	TGA	105
ENSTNIT00000021728	TGA	227
ENSTNIT00000004628	TGA	388
ENSTNIT00000018195	TGA	388
ENSTNIT00000016491	TAA	240
ENSTNIT00000014765	TAA	218
ENSTNIT00000017262	TGA	279
ENSTNIT00000007984	TAA	203
ENSTNIT00000014421	TAG	69
ENSTNIT00000002892	TGA	420
ENSTNIT00000004042	TGA	51
ENSTNIT00000007617	TGA	217
ENSTNIT00000007609	TAA	179
ENSTNIT00000007612	TGA	83
ENSTNIT00000001934	TGA	377
ENSTNIT00000003362	TGA	113
ENSTNIT00000000174	TGA	107
ENSTNIT00000004549	TGA	462
ENSTNIT00000002403	TGA	541
ENSTNIT00000005359	TAA	259
ENSTNIT00000005350	TAG	329
ENSTNIT00000020237	TAA	85
ENSTNIT00000005771	TAG	89
ENSTNIT00000004332	TAA	98
ENSTNIT00000022250	TGA	831
ENSTNIT00000022251	TGA	831
ENSTNIT00000022253	TAA	330
ENSTNIT00000022254	TAA	241
ENSTNIT00000021220	TGA	78
ENSTNIT00000018566	TAG	280
ENSTNIT00000020118	TGA	204
ENSTNIT00000019740	TGA	124
ENSTNIT00000015891	TGA	271
ENSTNIT00000005996	TAG	86
ENSTNIT00000014115	TGA	452
ENSTNIT00000015560	TGA	1019
ENSTNIT00000022535	TGA	113
ENSTNIT00000011550	TGA	383
ENSTNIT00000016264	TAA	427
ENSTNIT00000003277	TAG	532
ENSTNIT00000016268	TAG	532
ENSTNIT00000003350	TAG	532
ENSTNIT00000009264	TGA	218
ENSTNIT00000015594	TGA	350
ENSTNIT00000004009	TGA	342
ENSTNIT00000014447	TGA	218
ENSTNIT00000015732	TAA	442
ENSTNIT00000016832	TGA	65
ENSTNIT00000016823	TGA	996
ENSTNIT00000016826	TAA	304
ENSTNIT00000000553	TAG	162
ENSTNIT00000019498	TGA	218
ENSTNIT00000010397	TGA	224
ENSTNIT00000010398	TAA	421
ENSTNIT00000006348	TAA	22
ENSTNIT00000001597	TGA	164
ENSTNIT00000015085	TGA	329
ENSTNIT00000006346	TAG	199
ENSTNIT00000008146	TGA	549
ENSTNIT00000020906	TAA	95
ENSTNIT00000020128	TAG	121
ENSTNIT00000011312	TGA	196
ENSTNIT00000016072	TAG	152
ENSTNIT00000016071	TAA	369
ENSTNIT00000001495	TGA	154
ENSTNIT00000016070	TGA	154
ENSTNIT00000016068	TGA	44
ENSTNIT00000000669	TGA	160
ENSTNIT00000016092	TGA	340
ENSTNIT00000013859	TGA	335
ENSTNIT00000012960	TAA	388
ENSTNIT00000020800	TGA	228
ENSTNIT00000012958	TGA	163
ENSTNIT00000012956	TGA	154
ENSTNIT00000020797	TAA	176
ENSTNIT00000012952	TAA	177
ENSTNIT00000012953	TAA	188
ENSTNIT00000007085	TAA	398
ENSTNIT00000013854	TAA	137
ENSTNIT00000006200	TAG	11
ENSTNIT00000016088	TGA	118
ENSTNIT00000009398	TAA	340
ENSTNIT00000018144	TAA	52
ENSTNIT00000002456	TAA	52
ENSTNIT00000000014	TAA	52
ENSTNIT00000002071	TAA	52
ENSTNIT00000020990	TGA	251
ENSTNIT00000020993	TGA	202
ENSTNIT00000020992	TAA	65
ENSTNIT00000016208	TGA	334
ENSTNIT00000017071	TGA	85
ENSTNIT00000006540	TAG	35
ENSTNIT00000001263	TAA	132
ENSTNIT00000012242	TAA	43
ENSTNIT00000004225	TGA	149
ENSTNIT00000004955	TGA	149
ENSTNIT00000021717	TGA	3500
ENSTNIT00000008401	TAG	85
ENSTNIT00000019637	TGA	292
ENSTNIT00000007358	TGA	59
ENSTNIT00000001131	TAA	302
ENSTNIT00000017042	TAA	392
ENSTNIT00000014242	TGA	648
ENSTNIT00000003623	TAG	238
ENSTNIT00000016204	TAA	69
ENSTNIT00000017535	TGA	327
ENSTNIT00000010758	TGA	407
ENSTNIT00000015851	TGA	373
ENSTNIT00000015852	TAA	52
ENSTNIT00000015853	TGA	164
ENSTNIT00000001402	TAG	213
ENSTNIT00000010753	TAG	1171
ENSTNIT00000003626	TGA	67
ENSTNIT00000015856	TGA	563
ENSTNIT00000021584	TGA	138
ENSTNIT00000010750	TAG	31
ENSTNIT00000007831	TGA	272
ENSTNIT00000010749	TGA	856
ENSTNIT00000017803	TAG	338
ENSTNIT00000017801	TGA	340
ENSTNIT00000015225	TGA	229
ENSTNIT00000015232	TAA	127
ENSTNIT00000005242	TGA	678
ENSTNIT00000019190	TGA	270
ENSTNIT00000019189	TAA	241
ENSTNIT00000016652	TGA	233
ENSTNIT00000019192	TGA	234
ENSTNIT00000019191	TGA	92
ENSTNIT00000009832	TAG	304
ENSTNIT00000020967	TGA	491
ENSTNIT00000009051	TAG	207
ENSTNIT00000020965	TAG	139
ENSTNIT00000019031	TGA	270
ENSTNIT00000019026	TAG	207
ENSTNIT00000019025	TAA	207
ENSTNIT00000000753	TAA	510
ENSTNIT00000019520	TAA	510
ENSTNIT00000019521	TAA	510
ENSTNIT00000003412	TAA	510
ENSTNIT00000010717	TAG	454
ENSTNIT00000011880	TGA	425
ENSTNIT00000011886	TAA	713
ENSTNIT00000006045	TGA	358
ENSTNIT00000006378	TGA	183
ENSTNIT00000008540	TGA	675
ENSTNIT00000003804	TAG	261
ENSTNIT00000016556	TAA	139
ENSTNIT00000016557	TAA	139
ENSTNIT00000008680	TGA	346
ENSTNIT00000008675	TAA	210
ENSTNIT00000001699	TGA	859
ENSTNIT00000016558	TGA	859
ENSTNIT00000001718	TGA	859
ENSTNIT00000001764	TGA	859
ENSTNIT00000012530	TAA	33
ENSTNIT00000012532	TAG	191
ENSTNIT00000004008	TGA	202
ENSTNIT00000004036	TGA	40
ENSTNIT00000017361	TAA	604
ENSTNIT00000008007	TGA	329
ENSTNIT00000011535	TGA	139
ENSTNIT00000016446	TGA	125
ENSTNIT00000021990	TAG	330
ENSTNIT00000021992	TAA	760
ENSTNIT00000021993	TGA	371
ENSTNIT00000021994	TGA	124
ENSTNIT00000013133	TGA	602
ENSTNIT00000020099	TGA	398
ENSTNIT00000013136	TGA	408
ENSTNIT00000021185	TGA	437
ENSTNIT00000021186	TGA	340
ENSTNIT00000013440	TGA	301
ENSTNIT00000013439	TGA	95
ENSTNIT00000008383	TAA	153
ENSTNIT00000015442	TAA	158
ENSTNIT00000013807	TGA	111
ENSTNIT00000000309	TAG	398
ENSTNIT00000009204	TAG	398
ENSTNIT00000017613	TAA	65
ENSTNIT00000005976	TGA	81
ENSTNIT00000005975	TGA	161
ENSTNIT00000005972	TAA	33
ENSTNIT00000014322	TGA	229
ENSTNIT00000016793	TGA	201
ENSTNIT00000017994	TGA	246
ENSTNIT00000016794	TAA	90
ENSTNIT00000016251	TAG	259
ENSTNIT00000017991	TAG	746
ENSTNIT00000017609	TGA	585
ENSTNIT00000010052	TGA	543
ENSTNIT00000016850	TAA	222
ENSTNIT00000016849	TGA	173
ENSTNIT00000016846	TGA	244
ENSTNIT00000011142	TGA	256
ENSTNIT00000008374	TGA	69
ENSTNIT00000005038	TGA	69
ENSTNIT00000002348	TAA	226
ENSTNIT00000016856	TGA	475
ENSTNIT00000012746	TGA	127
ENSTNIT00000012744	TGA	547
ENSTNIT00000023220	TGA	124
ENSTNIT00000007015	TAA	224
ENSTNIT00000019356	TGA	341
ENSTNIT00000020617	TGA	262
ENSTNIT00000008379	TGA	396
ENSTNIT00000009182	TAA	473
ENSTNIT00000015708	TGA	371
ENSTNIT00000008210	TGA	200
ENSTNIT00000015151	TAG	386
ENSTNIT00000015711	TGA	363
ENSTNIT00000016049	TGA	118
ENSTNIT00000021514	TGA	3
ENSTNIT00000012932	TGA	460
ENSTNIT00000012939	TGA	817
ENSTNIT00000005517	TAG	219
ENSTNIT00000013553	TAG	259
ENSTNIT00000022795	TGA	1098
ENSTNIT00000018460	TGA	786
ENSTNIT00000006957	TGA	946
ENSTNIT00000006956	TGA	212
ENSTNIT00000001635	TGA	59
ENSTNIT00000022297	TAG	235
ENSTNIT00000014512	TGA	1237
ENSTNIT00000014503	TAG	277
ENSTNIT00000014509	TGA	658
ENSTNIT00000014508	TAG	499
ENSTNIT00000014507	TGA	148
ENSTNIT00000005465	TAG	520
ENSTNIT00000005460	TGA	32
ENSTNIT00000021151	TGA	268
ENSTNIT00000010113	TGA	781
ENSTNIT00000016222	TAA	62
ENSTNIT00000017625	TAA	130
ENSTNIT00000001076	TGA	151
ENSTNIT00000001805	TGA	260
ENSTNIT00000017023	TAG	98
ENSTNIT00000015153	TAA	15
ENSTNIT00000003718	TGA	37
ENSTNIT00000023052	TGA	17
ENSTNIT00000023053	TAA	20
ENSTNIT00000014931	TAG	344
ENSTNIT00000014932	TAG	139
ENSTNIT00000003634	TAG	139
ENSTNIT00000003090	TAA	775
ENSTNIT00000005992	TAA	207
ENSTNIT00000013829	TAG	302
ENSTNIT00000003890	TGA	115
ENSTNIT00000023017	TAG	197
ENSTNIT00000013214	TAG	749
ENSTNIT00000004152	TAG	869
ENSTNIT00000004808	TAA	23
ENSTNIT00000014113	TAG	153
ENSTNIT00000013677	TAA	215
ENSTNIT00000013679	TGA	38
ENSTNIT00000013683	TAA	69
ENSTNIT00000023042	TAA	168
ENSTNIT00000001418	TGA	264
ENSTNIT00000019212	TGA	152
ENSTNIT00000006455	TGA	348
ENSTNIT00000005914	TAA	359
ENSTNIT00000019522	TAG	139
ENSTNIT00000021925	TGA	5
ENSTNIT00000006740	TAA	123
ENSTNIT00000002610	TGA	119
ENSTNIT00000006743	TGA	526
ENSTNIT00000006746	TAA	350
ENSTNIT00000014037	TAA	114
ENSTNIT00000014036	TAG	854
ENSTNIT00000014044	TGA	181
ENSTNIT00000008659	TGA	47
ENSTNIT00000008660	TGA	294
ENSTNIT00000012168	TAA	205
ENSTNIT00000012506	TGA	48
ENSTNIT00000010602	TAA	55
ENSTNIT00000008610	TAA	37
ENSTNIT00000001607	TGA	73
ENSTNIT00000000903	TAG	184
ENSTNIT00000001012	TAA	577
ENSTNIT00000000552	TAG	187
ENSTNIT00000007948	TAG	197
ENSTNIT00000017341	TGA	217
ENSTNIT00000014646	TAA	585
ENSTNIT00000016424	TAG	508
ENSTNIT00000021180	TAG	336
ENSTNIT00000021978	TAA	241
ENSTNIT00000021176	TGA	160
ENSTNIT00000016582	TGA	318
ENSTNIT00000021158	TAG	89
ENSTNIT00000001293	TAG	80
ENSTNIT00000021975	TGA	77
ENSTNIT00000003587	TGA	77
ENSTNIT00000007452	TAA	321
ENSTNIT00000018529	TAA	532
ENSTNIT00000013458	TAG	131
ENSTNIT00000009947	TAG	669
ENSTNIT00000011290	TGA	163
ENSTNIT00000017592	TGA	276
ENSTNIT00000011227	TAA	40
ENSTNIT00000017558	TGA	297
ENSTNIT00000008286	TGA	761
ENSTNIT00000013190	TAG	221
ENSTNIT00000015467	TGA	177
ENSTNIT00000009480	TGA	100
ENSTNIT00000003918	TAG	662
ENSTNIT00000015389	TAA	120
ENSTNIT00000010019	TGA	611
ENSTNIT00000010022	TAG	546
ENSTNIT00000004493	TGA	346
ENSTNIT00000007575	TGA	69
ENSTNIT00000015688	TGA	212
ENSTNIT00000007574	TGA	39
ENSTNIT00000004439	TAA	51
ENSTNIT00000019247	TAA	125
ENSTNIT00000007576	TAG	80
ENSTNIT00000019250	TAA	607
ENSTNIT00000012988	TAA	117
ENSTNIT00000014696	TGA	133
ENSTNIT00000001443	TAA	68
ENSTNIT00000014695	TAA	69
ENSTNIT00000014694	TAA	60
ENSTNIT00000014693	TGA	228
ENSTNIT00000014692	TAG	183
ENSTNIT00000008287	TAA	138
ENSTNIT00000014698	TAA	57
ENSTNIT00000014697	TAA	43
ENSTNIT00000012678	TAA	519
ENSTNIT00000003105	TAA	68
ENSTNIT00000000642	TAA	68
ENSTNIT00000017941	TAA	68
ENSTNIT00000017938	TGA	600
ENSTNIT00000008899	TAA	699
ENSTNIT00000018502	TGA	93
ENSTNIT00000008892	TGA	764
ENSTNIT00000009483	TGA	533
ENSTNIT00000005548	TGA	840
ENSTNIT00000016031	TGA	570
ENSTNIT00000016029	TGA	294
ENSTNIT00000008120	TGA	200
ENSTNIT00000014539	TGA	253
ENSTNIT00000006448	TAA	66
ENSTNIT00000010097	TGA	68
ENSTNIT00000021037	TGA	121
ENSTNIT00000018497	TGA	231
ENSTNIT00000021294	TGA	297
ENSTNIT00000008637	TAG	74
ENSTNIT00000021293	TGA	522
ENSTNIT00000007234	TAA	356
ENSTNIT00000005537	TAA	403
ENSTNIT00000006164	TGA	123
ENSTNIT00000007226	TGA	352
ENSTNIT00000007132	TGA	112
ENSTNIT00000007131	TAG	668
ENSTNIT00000007232	TAA	782
ENSTNIT00000005585	TAG	57
ENSTNIT00000017470	TGA	109
ENSTNIT00000009438	TAA	74
ENSTNIT00000009436	TGA	112
ENSTNIT00000016709	TGA	99
ENSTNIT00000010666	TGA	481
ENSTNIT00000016647	TAA	208
ENSTNIT00000010661	TAA	294
ENSTNIT00000003389	TAA	62
ENSTNIT00000014443	TAG	354
ENSTNIT00000014437	TGA	493
ENSTNIT00000014439	TAG	655
ENSTNIT00000016240	TGA	567
ENSTNIT00000005486	TGA	54
ENSTNIT00000010003	TAA	202
ENSTNIT00000005479	TGA	76
ENSTNIT00000022210	TGA	192
ENSTNIT00000010658	TGA	66
ENSTNIT00000000257	TAA	471
ENSTNIT00000002738	TAA	193
ENSTNIT00000005779	TAA	151
ENSTNIT00000003283	TGA	116
ENSTNIT00000019141	TGA	272
ENSTNIT00000007124	TGA	297
ENSTNIT00000005801	TAG	110
ENSTNIT00000022662	TGA	811
ENSTNIT00000003132	TGA	632
ENSTNIT00000021749	TAG	423
ENSTNIT00000005184	TAA	114
ENSTNIT00000019991	TGA	364
ENSTNIT00000021747	TGA	153
ENSTNIT00000006949	TAG	174
ENSTNIT00000013663	TGA	569
ENSTNIT00000021541	TAG	330
ENSTNIT00000009181	TGA	162
ENSTNIT00000019546	TGA	302
ENSTNIT00000015186	TGA	306
ENSTNIT00000020373	TAA	146
ENSTNIT00000020372	TGA	247
ENSTNIT00000020376	TAG	650
ENSTNIT00000014643	TGA	60
ENSTNIT00000014541	TGA	756
ENSTNIT00000005884	TAA	333
ENSTNIT00000005889	TGA	487
ENSTNIT00000005989	TGA	711
ENSTNIT00000007196	TAG	18
ENSTNIT00000007644	TAG	89
ENSTNIT00000016994	TAG	76
ENSTNIT00000016995	TAA	69
ENSTNIT00000014102	TGA	269
ENSTNIT00000014097	TAG	509
ENSTNIT00000002427	TGA	256
ENSTNIT00000000953	TGA	40
ENSTNIT00000003394	TAA	189
ENSTNIT00000017324	TGA	238
ENSTNIT00000001794	TAA	182
ENSTNIT00000017314	TGA	487
ENSTNIT00000017315	TAG	339
ENSTNIT00000017318	TAA	328
ENSTNIT00000001203	TAA	328
ENSTNIT00000012484	TAA	326
ENSTNIT00000012187	TAG	111
ENSTNIT00000012186	TGA	138
ENSTNIT00000012184	TGA	71
ENSTNIT00000012189	TGA	193
ENSTNIT00000012188	TGA	170
ENSTNIT00000007963	TAA	433
ENSTNIT00000001941	TAA	433
ENSTNIT00000007962	TGA	42
ENSTNIT00000009730	TAG	347
ENSTNIT00000016410	TGA	289
