TraesPAR_scaffold_036811_01G000500.1	TGA	1
TraesPAR_scaffold_182154_01G000100.1	TAA	1
TraesPAR_scaffold_046645_01G000200.1	TAG	2
TraesPAR_scaffold_030867_01G000400.1	TGA	1
TraesPAR_scaffold_089216_01G000200.1	TGA	2
TraesPAR_scaffold_083943_01G000300.1	TAG	2
TraesPAR_scaffold_140911_01G000100.1	TAA	1
TraesPAR_scaffold_003371_01G000300.1	TGA	1
TraesPAR_scaffold_054031_01G000200.1	TAG	2
TraesPAR_scaffold_146688_01G000300.1	TGA	1
TraesPAR_scaffold_056460_01G000200.1	TGA	1
TraesPAR_scaffold_008836_01G000100.1	TGA	1
TraesPAR_scaffold_025990_01G000200.1	TAA	2
TraesPAR_scaffold_047668_01G000100.1	TGA	2
TraesPAR_scaffold_044351_01G000400.1	TGA	2
TraesPAR_scaffold_008730_01G000300.1	TAA	2
TraesPAR_scaffold_066170_01G000200.1	TAG	1
TraesPAR_scaffold_179562_01G000100.1	TAA	2
TraesPAR_scaffold_059463_01G000200.1	TGA	2
TraesPAR_scaffold_085277_01G000100.1	TAA	2
TraesPAR_scaffold_297140_01G000100.1	TGA	2
TraesPAR_scaffold_106294_01G000100.1	TGA	2
TraesPAR_scaffold_213378_01G000200.1	TGA	2
TraesPAR_scaffold_045604_01G000100.1	TGA	1
TraesPAR_scaffold_001681_01G000200.1	TGA	1
TraesPAR_scaffold_004129_01G000200.1	TGA	1
TraesPAR_scaffold_088223_01G000100.1	TGA	1
TraesPAR_scaffold_049197_01G000100.1	TAA	1
TraesPAR_scaffold_040812_01G000100.1	TAG	2
TraesPAR_scaffold_118703_01G000100.1	TGA	1
TraesPAR_scaffold_019309_01G000200.1	TAA	1
TraesPAR_scaffold_122976_01G000200.1	TGA	1
TraesPAR_scaffold_022021_01G000900.1	TAG	2
TraesPAR_scaffold_037710_01G000100.1	TGA	1
TraesPAR_scaffold_073552_01G000100.1	TGA	1
TraesPAR_scaffold_007698_01G000500.1	TGA	1
TraesPAR_scaffold_151867_01G000100.1	TGA	1
TraesPAR_scaffold_086141_01G000300.1	TAA	2
TraesPAR_scaffold_082671_01G000200.1	TAG	2
TraesPAR_scaffold_027445_01G000200.1	TGA	2
TraesPAR_scaffold_147933_01G000200.1	TAG	1
TraesPAR_scaffold_080921_01G000100.1	TAG	2
TraesPAR_scaffold_100254_01G000100.1	TGA	1
TraesPAR_scaffold_089709_01G000100.1	TGA	1
TraesPAR_scaffold_129899_01G000100.1	TGA	2
TraesPAR_scaffold_126324_01G000100.1	TGA	2
TraesPAR_scaffold_020948_01G000200.1	TGA	1
TraesPAR_scaffold_005002_01G000100.1	TAA	1
TraesPAR_scaffold_084758_01G000100.1	TAG	2
TraesPAR_scaffold_019830_01G000100.1	TGA	1
TraesPAR_scaffold_052181_01G000200.1	TAG	1
TraesPAR_scaffold_102944_01G000100.1	TAG	1
TraesPAR_scaffold_028554_01G000100.1	TGA	2
TraesPAR_scaffold_098511_01G000200.1	TAA	2
TraesPAR_scaffold_024439_01G000300.1	TAG	2
TraesPAR_scaffold_267845_01G000100.1	TAA	1
TraesPAR_scaffold_015289_01G000700.1	TGA	2
TraesPAR_scaffold_001763_01G000100.1	TGA	2
TraesPAR_scaffold_149326_01G000100.1	TGA	2
TraesPAR_scaffold_009385_01G000100.1	TAA	2
TraesPAR_scaffold_046182_01G000200.1	TGA	1
TraesPAR_scaffold_077138_01G000100.1	TGA	1
TraesPAR_scaffold_050181_01G000400.1	TGA	2
TraesPAR_scaffold_008535_01G000100.1	TGA	1
TraesPAR_scaffold_003492_01G000500.1	TAG	2
TraesPAR_scaffold_003782_01G000400.1	TGA	2
TraesPAR_scaffold_104092_01G000100.1	TGA	1
TraesPAR_scaffold_113992_01G000200.1	TGA	1
TraesPAR_scaffold_072165_01G000100.1	TAA	2
TraesPAR_scaffold_001885_01G000300.1	TGA	2
TraesPAR_scaffold_122299_01G000100.1	TAG	2
TraesPAR_scaffold_051290_01G000400.1	TGA	2
TraesPAR_scaffold_094257_01G000100.1	TAG	2
TraesPAR_scaffold_015891_01G000600.1	TGA	2
TraesPAR_scaffold_469676_01G000100.1	TAG	1
TraesPAR_scaffold_101698_01G000100.1	TAG	1
TraesPAR_scaffold_047335_01G000100.1	TGA	2
TraesPAR_scaffold_038539_01G000100.1	TGA	2
TraesPAR_scaffold_000464_01G000400.1	TAA	2
TraesPAR_scaffold_050511_01G000100.1	TAG	1
TraesPAR_scaffold_039770_01G000100.1	TAA	2
TraesPAR_scaffold_033967_01G000100.1	TGA	2
TraesPAR_scaffold_184323_01G000100.1	TGA	2
TraesPAR_scaffold_152649_01G000100.1	TAA	1
TraesPAR_scaffold_025762_01G000100.1	TGA	2
TraesPAR_scaffold_765266_01G000100.1	TAA	1
TraesPAR_scaffold_017496_01G000100.1	TGA	2
TraesPAR_scaffold_053868_01G000100.1	TGA	1
TraesPAR_scaffold_017649_01G000100.1	TGA	1
TraesPAR_scaffold_035030_01G000100.1	TAA	1
TraesPAR_scaffold_008841_01G000400.1	TGA	2
TraesPAR_scaffold_002038_01G000300.1	TAA	2
TraesPAR_scaffold_076454_01G000200.1	TGA	1
TraesPAR_scaffold_089785_01G000100.1	TAA	1
TraesPAR_scaffold_133940_01G000200.1	TAG	2
TraesPAR_scaffold_026980_01G000100.1	TGA	1
TraesPAR_scaffold_004145_01G000200.1	TGA	1
TraesPAR_scaffold_013617_01G000100.1	TGA	1
