MGP_WSBEiJ_T0024289	TAA	1704
MGP_WSBEiJ_T0024290	TAA	1704
MGP_WSBEiJ_T0036627	TGA	252
MGP_WSBEiJ_T0087908	TAG	722
MGP_WSBEiJ_T0087903	TGA	1314
MGP_WSBEiJ_T0073685	TAA	204
MGP_WSBEiJ_T0096455	TAA	1245
MGP_WSBEiJ_T0040569	TAG	411
MGP_WSBEiJ_T0026168	TAG	1500
MGP_WSBEiJ_T0085401	TAG	111
MGP_WSBEiJ_T0090493	TAG	1730
MGP_WSBEiJ_T0086628	TGA	491
MGP_WSBEiJ_T0052610	TAG	1756
MGP_WSBEiJ_T0087012	TGA	2617
MGP_WSBEiJ_T0087011	TGA	2617
MGP_WSBEiJ_T0081249	TAG	1413
MGP_WSBEiJ_T0070249	TGA	314
MGP_WSBEiJ_T0070246	TGA	619
MGP_WSBEiJ_T0057986	TGA	552
MGP_WSBEiJ_T0030417	TGA	167
MGP_WSBEiJ_T0034998	TGA	576
MGP_WSBEiJ_T0054462	TAA	235
MGP_WSBEiJ_T0054460	TAA	235
MGP_WSBEiJ_T0054461	TAA	235
MGP_WSBEiJ_T0054459	TAA	235
MGP_WSBEiJ_T0019755	TAA	614
MGP_WSBEiJ_T0076232	TAG	1772
MGP_WSBEiJ_T0072735	TAA	307
MGP_WSBEiJ_T0022831	TAA	1708
MGP_WSBEiJ_T0062297	TAA	337
MGP_WSBEiJ_T0084098	TAA	4
MGP_WSBEiJ_T0086632	TGA	1122
MGP_WSBEiJ_T0034520	TAG	384
MGP_WSBEiJ_T0037322	TGA	1072
MGP_WSBEiJ_T0041561	TGA	237
MGP_WSBEiJ_T0019998	TAG	229
MGP_WSBEiJ_T0024941	TAG	757
MGP_WSBEiJ_T0039712	TGA	2851
MGP_WSBEiJ_T0071416	TGA	38
MGP_WSBEiJ_T0083483	TAA	718
MGP_WSBEiJ_T0021478	TAG	97
MGP_WSBEiJ_T0021474	TAG	321
MGP_WSBEiJ_T0053702	TGA	2125
MGP_WSBEiJ_T0069591	TAG	145
MGP_WSBEiJ_T0026209	TAA	22
MGP_WSBEiJ_T0064485	TAG	1028
MGP_WSBEiJ_T0035549	TGA	786
MGP_WSBEiJ_T0035550	TGA	786
MGP_WSBEiJ_T0070754	TAG	483
MGP_WSBEiJ_T0058036	TAG	91
MGP_WSBEiJ_T0093791	TGA	371
MGP_WSBEiJ_T0090348	TGA	85
MGP_WSBEiJ_T0077970	TAG	532
MGP_WSBEiJ_T0041085	TAA	1484
MGP_WSBEiJ_T0032056	TGA	452
MGP_WSBEiJ_T0032049	TGA	1263
MGP_WSBEiJ_T0088664	TAG	1299
MGP_WSBEiJ_T0045151	TGA	41
MGP_WSBEiJ_T0020337	TGA	1110
MGP_WSBEiJ_T0020338	TGA	504
MGP_WSBEiJ_T0046719	TGA	62
MGP_WSBEiJ_T0036609	TAA	2433
MGP_WSBEiJ_T0018741	TAG	881
MGP_WSBEiJ_T0045695	TGA	493
MGP_WSBEiJ_T0030873	TAA	634
MGP_WSBEiJ_T0046524	TAG	330
MGP_WSBEiJ_T0088754	TAG	348
MGP_WSBEiJ_T0072237	TAA	268
MGP_WSBEiJ_T0031311	TAA	560
MGP_WSBEiJ_T0026245	TAA	645
MGP_WSBEiJ_T0068753	TGA	1366
MGP_WSBEiJ_T0027690	TAA	1569
MGP_WSBEiJ_T0039291	TGA	443
MGP_WSBEiJ_T0059380	TGA	1889
MGP_WSBEiJ_T0024013	TGA	279
MGP_WSBEiJ_T0055910	TGA	2788
MGP_WSBEiJ_T0031494	TGA	432
MGP_WSBEiJ_T0093570	TGA	3621
MGP_WSBEiJ_T0068986	TGA	2836
MGP_WSBEiJ_T0068984	TGA	2787
MGP_WSBEiJ_T0040623	TAA	826
MGP_WSBEiJ_T0087479	TGA	753
MGP_WSBEiJ_T0048528	TAG	286
MGP_WSBEiJ_T0018967	TGA	294
MGP_WSBEiJ_T0025420	TGA	20
MGP_WSBEiJ_T0044530	TGA	1385
MGP_WSBEiJ_T0043981	TAA	1351
MGP_WSBEiJ_T0011616	TGA	358
MGP_WSBEiJ_T0011632	TGA	1221
MGP_WSBEiJ_T0011617	TAA	87
MGP_WSBEiJ_T0011623	TGA	294
MGP_WSBEiJ_T0055344	TGA	870
MGP_WSBEiJ_T0034982	TGA	604
MGP_WSBEiJ_T0034981	TGA	610
MGP_WSBEiJ_T0034984	TGA	604
MGP_WSBEiJ_T0045411	TGA	73
MGP_WSBEiJ_T0045410	TGA	87
MGP_WSBEiJ_T0038254	TGA	558
MGP_WSBEiJ_T0025315	TGA	49
MGP_WSBEiJ_T0084112	TAG	43
MGP_WSBEiJ_T0023228	TGA	164
MGP_WSBEiJ_T0033953	TAA	2891
MGP_WSBEiJ_T0011611	TAG	104
MGP_WSBEiJ_T0011607	TAA	331
MGP_WSBEiJ_T0011598	TAA	84
MGP_WSBEiJ_T0011595	TGA	310
MGP_WSBEiJ_T0079451	TAG	230
MGP_WSBEiJ_T0020363	TAG	128
MGP_WSBEiJ_T0020360	TAG	127
MGP_WSBEiJ_T0029433	TGA	116
MGP_WSBEiJ_T0094884	TGA	401
MGP_WSBEiJ_T0094885	TGA	394
MGP_WSBEiJ_T0094886	TGA	385
