MGP_SPRETEiJ_T0074429	TGA	1333
MGP_SPRETEiJ_T0074428	TGA	370
MGP_SPRETEiJ_T0027403	TAA	1569
MGP_SPRETEiJ_T0069187	TGA	463
MGP_SPRETEiJ_T0069182	TAA	418
MGP_SPRETEiJ_T0092750	TAG	664
MGP_SPRETEiJ_T0092751	TAG	362
MGP_SPRETEiJ_T0068004	TAA	1449
MGP_SPRETEiJ_T0076562	TAA	46
MGP_SPRETEiJ_T0059574	TAA	1231
MGP_SPRETEiJ_T0039431	TAA	978
MGP_SPRETEiJ_T0073679	TAA	28
MGP_SPRETEiJ_T0046503	TAG	330
MGP_SPRETEiJ_T0032637	TGA	466
MGP_SPRETEiJ_T0083827	TAA	71
MGP_SPRETEiJ_T0058919	TGA	116
MGP_SPRETEiJ_T0077996	TGA	27
MGP_SPRETEiJ_T0053186	TGA	673
MGP_SPRETEiJ_T0053183	TAA	14
MGP_SPRETEiJ_T0056102	TGA	368
MGP_SPRETEiJ_T0044763	TGA	76
MGP_SPRETEiJ_T0054101	TAG	189
MGP_SPRETEiJ_T0025613	TGA	283
MGP_SPRETEiJ_T0094361	TAG	1010
MGP_SPRETEiJ_T0094348	TAA	990
MGP_SPRETEiJ_T0094351	TAA	989
MGP_SPRETEiJ_T0020839	TGA	171
MGP_SPRETEiJ_T0071658	TAG	672
MGP_SPRETEiJ_T0040597	TAA	946
MGP_SPRETEiJ_T0040595	TAA	907
MGP_SPRETEiJ_T0011185	TAG	104
MGP_SPRETEiJ_T0011187	TAA	87
MGP_SPRETEiJ_T0011193	TGA	294
MGP_SPRETEiJ_T0079224	TAG	534
MGP_SPRETEiJ_T0081636	TAG	1393
MGP_SPRETEiJ_T0092474	TAA	303
MGP_SPRETEiJ_T0076379	TAG	2
MGP_SPRETEiJ_T0076378	TAG	90
MGP_SPRETEiJ_T0024462	TAG	754
MGP_SPRETEiJ_T0024447	TGA	306
MGP_SPRETEiJ_T0049601	TGA	589
MGP_SPRETEiJ_T0056323	TAG	366
MGP_SPRETEiJ_T0058782	TAA	1101
MGP_SPRETEiJ_T0065919	TAA	22
MGP_SPRETEiJ_T0068933	TAG	404
MGP_SPRETEiJ_T0038680	TAA	476
MGP_SPRETEiJ_T0092264	TAA	527
MGP_SPRETEiJ_T0092265	TAA	590
MGP_SPRETEiJ_T0092192	TGA	67
MGP_SPRETEiJ_T0025483	TAA	398
MGP_SPRETEiJ_T0073461	TAA	3187
MGP_SPRETEiJ_T0024958	TGA	20
MGP_SPRETEiJ_T0025538	TGA	3028
MGP_SPRETEiJ_T0019794	TAG	127
MGP_SPRETEiJ_T0019799	TAG	128
MGP_SPRETEiJ_T0050748	TAG	33
MGP_SPRETEiJ_T0036688	TAG	232
MGP_SPRETEiJ_T0056682	TAG	753
MGP_SPRETEiJ_T0039862	TGA	1068
MGP_SPRETEiJ_T0046956	TGA	583
MGP_SPRETEiJ_T0038957	TAA	1125
MGP_SPRETEiJ_T0034109	TAA	30
MGP_SPRETEiJ_T0052677	TAG	1756
MGP_SPRETEiJ_T0095679	TAG	470
MGP_SPRETEiJ_T0090920	TGA	3
MGP_SPRETEiJ_T0090913	TGA	44
MGP_SPRETEiJ_T0031567	TAA	84
MGP_SPRETEiJ_T0088159	TAG	109
MGP_SPRETEiJ_T0064995	TAA	1850
MGP_SPRETEiJ_T0040530	TAG	411
MGP_SPRETEiJ_T0025181	TGA	1011
MGP_SPRETEiJ_T0038145	TGA	558
MGP_SPRETEiJ_T0041540	TGA	243
MGP_SPRETEiJ_T0091138	TAG	934
MGP_SPRETEiJ_T0046414	TAG	162
MGP_SPRETEiJ_T0046416	TAG	181
MGP_SPRETEiJ_T0046417	TAG	171
MGP_SPRETEiJ_T0036799	TGA	73
MGP_SPRETEiJ_T0062258	TAA	763
MGP_SPRETEiJ_T0038219	TAG	167
MGP_SPRETEiJ_T0024194	TAA	244
MGP_SPRETEiJ_T0089642	TAG	1821
MGP_SPRETEiJ_T0063967	TAA	260
MGP_SPRETEiJ_T0020316	TGA	38640
MGP_SPRETEiJ_T0081371	TAA	4
MGP_SPRETEiJ_T0031431	TGA	1105
MGP_SPRETEiJ_T0018999	TGA	519
MGP_SPRETEiJ_T0043031	TAA	11
MGP_SPRETEiJ_T0030146	TGA	167
MGP_SPRETEiJ_T0065178	TAG	731
MGP_SPRETEiJ_T0042029	TGA	1712
MGP_SPRETEiJ_T0049583	TAA	129
MGP_SPRETEiJ_T0040477	TAG	1699
MGP_SPRETEiJ_T0039717	TAG	1264
MGP_SPRETEiJ_T0084380	TAA	243
MGP_SPRETEiJ_T0087129	TGA	25
MGP_SPRETEiJ_T0062531	TAA	379
MGP_SPRETEiJ_T0069139	TAA	160
MGP_SPRETEiJ_T0048879	TGA	2367
MGP_SPRETEiJ_T0062393	TGA	1350
MGP_SPRETEiJ_T0032415	TAA	261
MGP_SPRETEiJ_T0032414	TAA	492
MGP_SPRETEiJ_T0032413	TAA	492
MGP_SPRETEiJ_T0044784	TGA	1778
MGP_SPRETEiJ_T0071808	TGA	146
MGP_SPRETEiJ_T0023376	TAA	1483
MGP_SPRETEiJ_T0037876	TGA	773
MGP_SPRETEiJ_T0037873	TGA	731
MGP_SPRETEiJ_T0087056	TGA	1121
MGP_SPRETEiJ_T0087053	TAA	364
MGP_SPRETEiJ_T0087052	TGA	492
MGP_SPRETEiJ_T0031284	TAA	15
MGP_SPRETEiJ_T0065271	TGA	135
MGP_SPRETEiJ_T0032136	TAG	2217
MGP_SPRETEiJ_T0037927	TAG	503
MGP_SPRETEiJ_T0051756	TGA	1622
MGP_SPRETEiJ_T0050509	TGA	1480
MGP_SPRETEiJ_T0050885	TAA	1160
MGP_SPRETEiJ_T0011175	TAG	122
MGP_SPRETEiJ_T0011172	TGA	330
MGP_SPRETEiJ_T0020940	TAG	97
MGP_SPRETEiJ_T0020936	TAG	320
MGP_SPRETEiJ_T0074229	TGA	94
MGP_SPRETEiJ_T0095422	TAA	718
MGP_SPRETEiJ_T0031789	TGA	1259
MGP_SPRETEiJ_T0031797	TGA	452
MGP_SPRETEiJ_T0075421	TAG	132
MGP_SPRETEiJ_T0062753	TGA	311
MGP_SPRETEiJ_T0065821	TAG	501
MGP_SPRETEiJ_T0091064	TGA	72
MGP_SPRETEiJ_T0030605	TGA	134
MGP_SPRETEiJ_T0037751	TGA	140
MGP_SPRETEiJ_T0070568	TGA	619
MGP_SPRETEiJ_T0070572	TGA	314
MGP_SPRETEiJ_T0070562	TGA	1047
MGP_SPRETEiJ_T0079650	TAG	51
MGP_SPRETEiJ_T0042700	TGA	496
MGP_SPRETEiJ_T0040922	TGA	300
MGP_SPRETEiJ_T0077797	TAG	308
MGP_SPRETEiJ_T0043320	TAA	434
MGP_SPRETEiJ_T0024738	TGA	3
MGP_SPRETEiJ_T0071929	TGA	118
MGP_SPRETEiJ_T0068578	TGA	1092
MGP_SPRETEiJ_T0025822	TAA	3622
MGP_SPRETEiJ_T0079972	TGA	146
MGP_SPRETEiJ_T0038368	TGA	393
MGP_SPRETEiJ_T0079406	TAA	2137
MGP_SPRETEiJ_T0079410	TAA	2135
MGP_SPRETEiJ_T0052889	TAA	78
MGP_SPRETEiJ_T0058316	TAG	342
MGP_SPRETEiJ_T0089392	TAA	274
MGP_SPRETEiJ_T0027792	TAG	109
MGP_SPRETEiJ_T0051358	TAG	2151
MGP_SPRETEiJ_T0051353	TAG	5174
MGP_SPRETEiJ_T0074846	TGA	149
MGP_SPRETEiJ_T0074847	TGA	149
MGP_SPRETEiJ_T0088711	TGA	742
MGP_SPRETEiJ_T0031705	TGA	146
MGP_SPRETEiJ_T0090377	TGA	1
MGP_SPRETEiJ_T0057041	TGA	3068
MGP_SPRETEiJ_T0057048	TGA	555
MGP_SPRETEiJ_T0031520	TAG	125
MGP_SPRETEiJ_T0096891	TAG	130
MGP_SPRETEiJ_T0096892	TAG	129
MGP_SPRETEiJ_T0075303	TAA	183
MGP_SPRETEiJ_T0065133	TGA	331
MGP_SPRETEiJ_T0040583	TAA	829
MGP_SPRETEiJ_T0087180	TAG	592
MGP_SPRETEiJ_T0053475	TAG	406
MGP_SPRETEiJ_T0083996	TGA	497
MGP_SPRETEiJ_T0059654	TAG	3346
MGP_SPRETEiJ_T0036482	TGA	252
MGP_SPRETEiJ_T0077831	TAA	572
MGP_SPRETEiJ_T0097181	TGA	1094
MGP_SPRETEiJ_T0036269	TGA	1433
MGP_SPRETEiJ_T0090399	TGA	12
MGP_SPRETEiJ_T0048642	TGA	1881
MGP_SPRETEiJ_T0025757	TAG	1495
MGP_SPRETEiJ_T0023467	TAG	51
MGP_SPRETEiJ_T0045376	TGA	80
MGP_SPRETEiJ_T0045375	TGA	94
MGP_SPRETEiJ_T0049138	TGA	385
MGP_SPRETEiJ_T0019437	TAG	229
MGP_SPRETEiJ_T0020544	TAG	222
MGP_SPRETEiJ_T0068361	TAG	155
MGP_SPRETEiJ_T0035756	TGA	2134
MGP_SPRETEiJ_T0028384	TGA	1191
MGP_SPRETEiJ_T0061854	TAA	1237
MGP_SPRETEiJ_T0090828	TGA	85
MGP_SPRETEiJ_T0092834	TAG	198
MGP_SPRETEiJ_T0073885	TAG	1695
MGP_SPRETEiJ_T0022709	TGA	164
MGP_SPRETEiJ_T0080951	TAA	614
MGP_SPRETEiJ_T0026497	TAA	1376
MGP_SPRETEiJ_T0011202	TGA	1220
MGP_SPRETEiJ_T0081626	TAA	41
MGP_SPRETEiJ_T0069095	TAA	433
MGP_SPRETEiJ_T0079885	TAA	327
MGP_SPRETEiJ_T0079884	TAA	221
MGP_SPRETEiJ_T0079900	TAG	1837
MGP_SPRETEiJ_T0074384	TGA	347
MGP_SPRETEiJ_T0064752	TGA	1524
MGP_SPRETEiJ_T0071296	TGA	280
MGP_SPRETEiJ_T0071273	TAA	438
MGP_SPRETEiJ_T0071268	TGA	147
MGP_SPRETEiJ_T0030935	TAA	142
MGP_SPRETEiJ_T0087906	TGA	1981
MGP_SPRETEiJ_T0019634	TAA	71
MGP_SPRETEiJ_T0019633	TAA	84
MGP_SPRETEiJ_T0032741	TAG	494
MGP_SPRETEiJ_T0027997	TGA	258
MGP_SPRETEiJ_T0027999	TGA	520
MGP_SPRETEiJ_T0086756	TAA	2437
MGP_SPRETEiJ_T0020748	TGA	1506
MGP_SPRETEiJ_T0042808	TAA	846
MGP_SPRETEiJ_T0058224	TGA	1861
MGP_SPRETEiJ_T0029325	TAG	2122
MGP_SPRETEiJ_T0037192	TGA	1072
MGP_SPRETEiJ_T0033312	TGA	857
MGP_SPRETEiJ_T0027563	TAG	442
MGP_SPRETEiJ_T0073067	TAG	1614
MGP_SPRETEiJ_T0033711	TAA	80
MGP_SPRETEiJ_T0033713	TGA	3
MGP_SPRETEiJ_T0033712	TAA	80
MGP_SPRETEiJ_T0045664	TGA	493
MGP_SPRETEiJ_T0069500	TAG	1630
MGP_SPRETEiJ_T0069518	TGA	1663
MGP_SPRETEiJ_T0056945	TAG	1403
MGP_SPRETEiJ_T0091928	TAG	425
MGP_SPRETEiJ_T0088351	TGA	1306
MGP_SPRETEiJ_T0094110	TGA	3609
MGP_SPRETEiJ_T0043169	TAA	231
MGP_SPRETEiJ_T0083276	TGA	862
MGP_SPRETEiJ_T0038974	TAG	267
MGP_SPRETEiJ_T0026153	TGA	55
MGP_SPRETEiJ_T0051464	TGA	128
MGP_SPRETEiJ_T0039199	TGA	445
MGP_SPRETEiJ_T0044647	TAA	1199
MGP_SPRETEiJ_T0025850	TAA	650
MGP_SPRETEiJ_T0088779	TGA	22
MGP_SPRETEiJ_T0069031	TGA	88
MGP_SPRETEiJ_T0030856	TGA	389
MGP_SPRETEiJ_T0086432	TGA	474
MGP_SPRETEiJ_T0094425	TGA	535
MGP_SPRETEiJ_T0094422	TGA	1519
MGP_SPRETEiJ_T0069807	TAA	770
MGP_SPRETEiJ_T0046691	TAG	836
MGP_SPRETEiJ_T0096976	TAA	1246
MGP_SPRETEiJ_T0093875	TGA	231
MGP_SPRETEiJ_T0078003	TGA	857
MGP_SPRETEiJ_T0084182	TAG	1150
MGP_SPRETEiJ_T0062700	TGA	665
MGP_SPRETEiJ_T0032156	TAA	212
MGP_SPRETEiJ_T0063039	TGA	1046
MGP_SPRETEiJ_T0040201	TAG	1611
MGP_SPRETEiJ_T0082970	TGA	458
MGP_SPRETEiJ_T0045125	TGA	41
MGP_SPRETEiJ_T0036440	TAA	2720
MGP_SPRETEiJ_T0085818	TAG	111
MGP_SPRETEiJ_T0064610	TGA	237
MGP_SPRETEiJ_T0064614	TGA	237
MGP_SPRETEiJ_T0073388	TAG	127
MGP_SPRETEiJ_T0076938	TAA	31
MGP_SPRETEiJ_T0076937	TAA	122
MGP_SPRETEiJ_T0022528	TGA	594
MGP_SPRETEiJ_T0042453	TGA	260
MGP_SPRETEiJ_T0036767	TAA	841
MGP_SPRETEiJ_T0094816	TGA	595
MGP_SPRETEiJ_T0056752	TAA	242
MGP_SPRETEiJ_T0056809	TAA	136
MGP_SPRETEiJ_T0061063	TGA	1096
MGP_SPRETEiJ_T0018183	TAG	881
MGP_SPRETEiJ_T0080783	TAG	318
MGP_SPRETEiJ_T0080784	TAG	248
MGP_SPRETEiJ_T0044867	TGA	279
MGP_SPRETEiJ_T0026700	TAG	401
MGP_SPRETEiJ_T0042625	TGA	63
MGP_SPRETEiJ_T0030372	TGA	63
MGP_SPRETEiJ_T0085965	TAA	2010
MGP_SPRETEiJ_T0030140	TAG	555
MGP_SPRETEiJ_T0074042	TAA	204
