ENSEAST00005005010	TGA	806
ENSEAST00005004998	TAA	4
ENSEAST00005005012	TGA	526
ENSEAST00005005013	TGA	526
ENSEAST00005024174	TAA	24
ENSEAST00005022348	TGA	619
ENSEAST00005022342	TGA	719
ENSEAST00005020993	TGA	472
ENSEAST00005027892	TAG	96
ENSEAST00005027895	TGA	367
ENSEAST00005025462	TAA	1194
ENSEAST00005025463	TAG	695
ENSEAST00005025456	TAG	496
ENSEAST00005025451	TAG	23
ENSEAST00005007240	TAG	1000
ENSEAST00005007245	TAA	590
ENSEAST00005007865	TGA	152
ENSEAST00005007859	TGA	1318
ENSEAST00005003028	TAA	435
ENSEAST00005004723	TAG	34
ENSEAST00005004719	TAG	34
ENSEAST00005016643	TAA	19
ENSEAST00005000164	TGA	949
ENSEAST00005001331	TGA	126
ENSEAST00005010325	TGA	137
ENSEAST00005034955	TGA	118
ENSEAST00005034953	TGA	631
ENSEAST00005001834	TAG	598
ENSEAST00005001832	TGA	1000
ENSEAST00005006893	TAG	616
ENSEAST00005034219	TGA	2
ENSEAST00005036105	TAG	781
ENSEAST00005036003	TAG	214
ENSEAST00005036001	TAG	214
ENSEAST00005027068	TGA	116
ENSEAST00005021706	TGA	551
ENSEAST00005022913	TGA	1513
ENSEAST00005028839	TGA	400
ENSEAST00005030308	TAA	436
ENSEAST00005030322	TAA	17
ENSEAST00005026451	TAA	1000
ENSEAST00005026453	TAA	571
ENSEAST00005012445	TAG	265
ENSEAST00005011982	TAA	1000
ENSEAST00005011980	TGA	460
ENSEAST00005000238	TGA	147
ENSEAST00005018069	TAA	1280
ENSEAST00005031554	TAG	1408
ENSEAST00005017217	TAA	65
ENSEAST00005017221	TGA	341
ENSEAST00005029469	TAA	422
ENSEAST00005016187	TGA	5
ENSEAST00005016181	TGA	5
ENSEAST00005028874	TGA	55
ENSEAST00005010425	TAA	1795
ENSEAST00005010419	TAA	1795
ENSEAST00005007963	TGA	104
ENSEAST00005003279	TAA	24
ENSEAST00005005314	TGA	1051
ENSEAST00005005312	TGA	1000
ENSEAST00005033319	TGA	572
ENSEAST00005033313	TGA	572
ENSEAST00005011043	TAA	19
ENSEAST00005011048	TAA	368
ENSEAST00005011046	TAA	368
ENSEAST00005011045	TGA	639
ENSEAST00005033470	TAG	205
ENSEAST00005014061	TGA	583
ENSEAST00005017095	TGA	1000
ENSEAST00005017097	TGA	1000
ENSEAST00005034672	TGA	1003
ENSEAST00005034675	TAG	1946
ENSEAST00005002121	TGA	544
ENSEAST00005000955	TGA	763
ENSEAST00005028517	TAG	597
ENSEAST00005028514	TAG	597
ENSEAST00005028510	TAG	799
ENSEAST00005035737	TGA	11
ENSEAST00005035739	TAA	155
ENSEAST00005035740	TAG	316
ENSEAST00005015839	TGA	789
ENSEAST00005024971	TAG	6
ENSEAST00005024965	TGA	79
ENSEAST00005031899	TGA	4
ENSEAST00005031895	TGA	4
ENSEAST00005031905	TGA	4
ENSEAST00005016928	TAA	287
ENSEAST00005031131	TAG	1
ENSEAST00005009663	TAA	71
ENSEAST00005009668	TGA	113
ENSEAST00005029882	TAA	38
ENSEAST00005029883	TGA	1998
ENSEAST00005029881	TGA	2254
ENSEAST00005019074	TAG	1000
ENSEAST00005018056	TGA	498
ENSEAST00005026669	TAA	1354
ENSEAST00005026678	TGA	302
ENSEAST00005018370	TGA	560
ENSEAST00005030561	TAA	1722
ENSEAST00005030556	TAA	413
ENSEAST00005030558	TGA	38
ENSEAST00005030546	TAA	3370
ENSEAST00005016256	TGA	1540
ENSEAST00005016260	TAA	15
ENSEAST00005008674	TAG	1000
ENSEAST00005005372	TGA	432
ENSEAST00005003403	TGA	1642
ENSEAST00005035695	TGA	230
ENSEAST00005021194	TGA	663
ENSEAST00005021119	TAA	19
ENSEAST00005019496	TAG	1000
ENSEAST00005025987	TAG	35
ENSEAST00005035426	TAA	128
ENSEAST00005017422	TGA	893
ENSEAST00005026870	TGA	44
ENSEAST00005009884	TGA	307
ENSEAST00005009887	TAG	226
ENSEAST00005019411	TGA	6
ENSEAST00005019412	TGA	735
ENSEAST00005028105	TAA	409
ENSEAST00005028107	TGA	409
ENSEAST00005028117	TAA	182
ENSEAST00005005782	TAG	1544
ENSEAST00005005791	TGA	2972
ENSEAST00005005794	TGA	245
ENSEAST00005025701	TGA	156
ENSEAST00005025704	TGA	348
ENSEAST00005006492	TGA	241
ENSEAST00005032083	TAA	51
ENSEAST00005032080	TGA	51
ENSEAST00005032072	TGA	816
ENSEAST00005032066	TGA	816
ENSEAST00005032069	TGA	816
ENSEAST00005030830	TAA	607
ENSEAST00005006797	TAG	75
ENSEAST00005008095	TAG	1297
ENSEAST00005033642	TAG	2621
ENSEAST00005033638	TGA	128
ENSEAST00005010702	TAG	2
ENSEAST00005013596	TAG	20
ENSEAST00005013597	TGA	232
ENSEAST00005036740	TGA	3569
ENSEAST00005036743	TGA	3569
ENSEAST00005036735	TAA	1384
ENSEAST00005036732	TAA	1384
ENSEAST00005020830	TGA	970
ENSEAST00005020824	TAA	624
ENSEAST00005027826	TGA	425
ENSEAST00005027818	TGA	1000
ENSEAST00005019905	TGA	1839
ENSEAST00005029348	TAA	888
ENSEAST00005016584	TGA	13
ENSEAST00005016596	TAA	524
ENSEAST00005016592	TAA	524
ENSEAST00005023150	TAG	424
ENSEAST00005004377	TAG	66
ENSEAST00005004385	TAG	278
ENSEAST00005004392	TAG	278
ENSEAST00005004216	TGA	743
ENSEAST00005010216	TGA	1000
ENSEAST00005037104	TGA	1000
ENSEAST00005037101	TAG	467
ENSEAST00005000964	TGA	371
ENSEAST00005000936	TGA	536
ENSEAST00005000935	TGA	37
ENSEAST00005033210	TAA	177
ENSEAST00005033206	TGA	611
ENSEAST00005033200	TGA	607
ENSEAST00005023111	TGA	160
ENSEAST00005014480	TAA	219
ENSEAST00005008114	TGA	1000
ENSEAST00005035859	TGA	967
ENSEAST00005035865	TGA	967
ENSEAST00005035852	TGA	391
ENSEAST00005013224	TAG	78
ENSEAST00005022231	TAA	516
ENSEAST00005022232	TAG	101
ENSEAST00005023054	TGA	1221
ENSEAST00005020503	TGA	265
ENSEAST00005020505	TAG	465
ENSEAST00005020504	TGA	465
ENSEAST00005026810	TAA	16
ENSEAST00005026806	TAA	31
ENSEAST00005025679	TAA	544
ENSEAST00005000681	TAA	811
ENSEAST00005031353	TGA	28
ENSEAST00005031366	TAG	1125
ENSEAST00005000703	TGA	372
ENSEAST00005000715	TGA	571
ENSEAST00005000712	TGA	581
ENSEAST00005017901	TAA	1159
ENSEAST00005020243	TAG	1000
ENSEAST00005000092	TAA	31
ENSEAST00005023732	TAG	1088
ENSEAST00005023735	TAG	1088
ENSEAST00005023733	TAG	456
ENSEAST00005006961	TGA	616
ENSEAST00005007515	TGA	3
ENSEAST00005007507	TAG	1000
ENSEAST00005003177	TGA	713
ENSEAST00005012946	TGA	285
ENSEAST00005011269	TAA	103
ENSEAST00005014206	TAA	30
ENSEAST00005014201	TAA	30
ENSEAST00005014213	TAA	30
ENSEAST00005037432	TAA	170
ENSEAST00005006014	TGA	1000
ENSEAST00005006019	TGA	1020
ENSEAST00005006006	TAA	1009
ENSEAST00005032223	TAA	1
ENSEAST00005032222	TAA	1
ENSEAST00005014706	TGA	1000
ENSEAST00005014710	TGA	87
ENSEAST00005014707	TGA	87
ENSEAST00005014708	TGA	1000
ENSEAST00005014711	TGA	105
ENSEAST00005014724	TAA	2
ENSEAST00005014722	TGA	2
ENSEAST00005035570	TGA	1000
ENSEAST00005035561	TAG	1000
ENSEAST00005015934	TGA	1262
ENSEAST00005015938	TGA	1262
ENSEAST00005015931	TGA	1262
ENSEAST00005023248	TAA	1000
ENSEAST00005017141	TGA	1000
ENSEAST00005027686	TGA	725
ENSEAST00005027681	TGA	1140
ENSEAST00005009482	TGA	4
ENSEAST00005009463	TGA	1009
ENSEAST00005009458	TAA	965
ENSEAST00005030011	TGA	1924
ENSEAST00005029996	TGA	1000
ENSEAST00005030002	TGA	136
ENSEAST00005010997	TGA	413
ENSEAST00005010000	TGA	146
ENSEAST00005027965	TGA	274
ENSEAST00005016432	TGA	1119
ENSEAST00005016430	TAG	12
ENSEAST00005016431	TGA	1082
ENSEAST00005016433	TGA	1082
ENSEAST00005030967	TAG	973
ENSEAST00005034121	TGA	18
ENSEAST00005034114	TAG	107
ENSEAST00005029285	TGA	1000
ENSEAST00005029301	TGA	104
ENSEAST00005002083	TAG	29
ENSEAST00005006658	TGA	75
ENSEAST00005028704	TAA	18
ENSEAST00005015219	TGA	7
ENSEAST00005035216	TGA	497
ENSEAST00005016213	TAA	7
ENSEAST00005023787	TAG	15
ENSEAST00005023785	TAG	15
ENSEAST00005019211	TAA	160
ENSEAST00005036533	TGA	20
ENSEAST00005032828	TGA	78
ENSEAST00005032826	TGA	227
ENSEAST00005020939	TGA	63
ENSEAST00005013857	TGA	745
ENSEAST00005013858	TAG	745
ENSEAST00005024469	TGA	1392
ENSEAST00005026119	TGA	6
ENSEAST00005017839	TGA	302
ENSEAST00005017837	TGA	1000
ENSEAST00005017834	TAA	151
ENSEAST00005015659	TGA	1256
ENSEAST00005015661	TGA	1256
ENSEAST00005007519	TAA	84
ENSEAST00005002394	TGA	607
ENSEAST00005022511	TGA	47
ENSEAST00005021576	TGA	450
ENSEAST00005021569	TAG	371
ENSEAST00005021572	TGA	369
ENSEAST00005008986	TGA	76
ENSEAST00005008985	TGA	76
ENSEAST00005027571	TAA	682
ENSEAST00005010349	TAG	405
ENSEAST00005027331	TAG	53
ENSEAST00005027328	TGA	1473
ENSEAST00005001116	TAA	363
ENSEAST00005001106	TGA	149
ENSEAST00005029655	TAA	4
ENSEAST00005029654	TGA	1000
ENSEAST00005029653	TGA	1000
ENSEAST00005011427	TGA	548
ENSEAST00005011425	TAG	1000
ENSEAST00005011420	TAG	1000
ENSEAST00005011423	TAG	664
ENSEAST00005026622	TGA	36
ENSEAST00005019768	TGA	234
ENSEAST00005006258	TAA	36
ENSEAST00005006270	TAA	36
ENSEAST00005033064	TGA	188
ENSEAST00005030706	TGA	435
ENSEAST00005030708	TGA	435
ENSEAST00005034237	TGA	1971
ENSEAST00005034235	TGA	1971
ENSEAST00005006629	TAG	1641
ENSEAST00005006640	TAA	250
ENSEAST00005008289	TGA	38
ENSEAST00005001417	TAG	30
ENSEAST00005008281	TGA	560
ENSEAST00005033838	TGA	473
ENSEAST00005033826	TAA	349
ENSEAST00005033830	TGA	2032
ENSEAST00005033827	TGA	2032
ENSEAST00005013508	TAA	1000
ENSEAST00005013510	TGA	22
ENSEAST00005013509	TAG	31
ENSEAST00005013497	TGA	111
ENSEAST00005035671	TAG	82
ENSEAST00005022122	TGA	164
ENSEAST00005021374	TAA	226
ENSEAST00005020635	TAA	1195
ENSEAST00005028224	TGA	112
ENSEAST00005028225	TGA	112
ENSEAST00005025633	TGA	1000
ENSEAST00005025634	TGA	31
ENSEAST00005025636	TAG	610
ENSEAST00005029514	TGA	5
ENSEAST00005029500	TGA	1130
ENSEAST00005029503	TAG	838
ENSEAST00005029509	TAG	838
ENSEAST00005029501	TGA	39
ENSEAST00005023847	TGA	463
ENSEAST00005023848	TAG	981
ENSEAST00005015882	TGA	9
ENSEAST00005007342	TAA	7
ENSEAST00005004587	TGA	699
ENSEAST00005004598	TGA	549
ENSEAST00005004586	TGA	28
ENSEAST00005031066	TGA	9
ENSEAST00005010054	TAA	917
ENSEAST00005027229	TAA	1000
ENSEAST00005027237	TAA	171
ENSEAST00005000803	TAG	134
ENSEAST00005034911	TGA	1000
ENSEAST00005004937	TAA	227
ENSEAST00005008599	TGA	5
ENSEAST00005008594	TAA	65
ENSEAST00005033938	TAA	195
ENSEAST00005033943	TGA	31
ENSEAST00005008626	TAG	2842
ENSEAST00005003844	TGA	1642
ENSEAST00005036239	TGA	917
ENSEAST00005036226	TAA	254
ENSEAST00005024207	TGA	137
ENSEAST00005024205	TGA	137
ENSEAST00005024204	TAG	1000
ENSEAST00005024208	TAG	1582
ENSEAST00005024209	TAA	1553
ENSEAST00005022407	TGA	420
ENSEAST00005004310	TAA	943
ENSEAST00005033323	TGA	355
ENSEAST00005033312	TGA	143
ENSEAST00005033316	TGA	143
ENSEAST00005022064	TGA	1000
ENSEAST00005022044	TAG	304
ENSEAST00005021071	TGA	599
ENSEAST00005010875	TGA	1000
ENSEAST00005010878	TGA	1000
ENSEAST00005019635	TGA	15
ENSEAST00005030481	TAA	34
ENSEAST00005018311	TGA	1018
ENSEAST00005018308	TAG	14
ENSEAST00005025346	TAA	245
ENSEAST00005025345	TAA	430
ENSEAST00005029154	TGA	821
ENSEAST00005003053	TAA	103
ENSEAST00005008812	TGA	1000
ENSEAST00005008825	TGA	976
ENSEAST00005008821	TGA	976
ENSEAST00005012609	TGA	364
ENSEAST00005012617	TGA	364
ENSEAST00005012603	TGA	591
ENSEAST00005016171	TAG	57
ENSEAST00005023635	TAG	6
ENSEAST00005035026	TAG	535
ENSEAST00005019795	TGA	1095
ENSEAST00005032110	TGA	856
ENSEAST00005032130	TAG	37
ENSEAST00005032140	TAG	29
ENSEAST00005001874	TAG	1049
ENSEAST00005001873	TGA	50
ENSEAST00005006881	TAG	946
ENSEAST00005006865	TAG	584
ENSEAST00005013969	TGA	24
ENSEAST00005015002	TGA	774
ENSEAST00005033098	TGA	726
ENSEAST00005033093	TAG	18
ENSEAST00005033100	TAG	18
ENSEAST00005033089	TGA	127
ENSEAST00005033095	TAG	18
ENSEAST00005033096	TAG	18
ENSEAST00005026996	TGA	45
ENSEAST00005026992	TGA	45
ENSEAST00005027003	TGA	298
ENSEAST00005025147	TAA	1000
ENSEAST00005025143	TGA	1000
ENSEAST00005025158	TAA	288
ENSEAST00005025152	TAA	322
ENSEAST00005002321	TGA	1158
ENSEAST00005021751	TAA	133
ENSEAST00005022878	TGA	317
ENSEAST00005021688	TGA	31
ENSEAST00005021687	TGA	23
ENSEAST00005021678	TGA	610
ENSEAST00005021679	TAA	18
ENSEAST00005030214	TGA	749
ENSEAST00005030216	TGA	749
ENSEAST00005030219	TGA	739
ENSEAST00005030227	TGA	849
ENSEAST00005030225	TAG	446
ENSEAST00005009830	TGA	95
ENSEAST00005029824	TGA	37
ENSEAST00005018947	TGA	27
ENSEAST00005026435	TAA	719
ENSEAST00005026439	TGA	666
ENSEAST00005016670	TGA	152
ENSEAST00005016123	TGA	26
ENSEAST00005016119	TGA	26
ENSEAST00005023600	TGA	30
ENSEAST00005006549	TGA	67
ENSEAST00005028922	TAA	3
ENSEAST00005028930	TGA	134
ENSEAST00005005316	TGA	1755
ENSEAST00005015424	TGA	24
ENSEAST00005036379	TAG	778
ENSEAST00005036378	TAG	778
ENSEAST00005036393	TAA	708
ENSEAST00005014008	TAA	1000
ENSEAST00005014018	TGA	830
ENSEAST00005013730	TAA	316
ENSEAST00005013731	TAA	316
ENSEAST00005028573	TGA	921
ENSEAST00005028575	TAA	18
ENSEAST00005035766	TAA	250
ENSEAST00005031968	TGA	1000
ENSEAST00005016865	TAG	1000
ENSEAST00005016867	TGA	366
ENSEAST00005010185	TGA	380
ENSEAST00005029868	TGA	398
ENSEAST00005029860	TGA	1000
ENSEAST00005029853	TGA	587
ENSEAST00005029851	TGA	177
ENSEAST00005029852	TGA	177
ENSEAST00005018454	TAG	710
ENSEAST00005001540	TGA	574
ENSEAST00005001534	TGA	574
ENSEAST00005001546	TGA	574
ENSEAST00005001530	TAA	122
ENSEAST00005003505	TAG	1766
ENSEAST00005003496	TAG	1766
ENSEAST00005012163	TAG	622
ENSEAST00005002640	TGA	927
ENSEAST00005004010	TGA	1528
ENSEAST00005004018	TAG	867
ENSEAST00005004013	TAG	867
ENSEAST00005003999	TGA	947
ENSEAST00005004968	TGA	1040
ENSEAST00005004963	TGA	1629
ENSEAST00005035347	TGA	9
ENSEAST00005035352	TAG	1509
ENSEAST00005035350	TAA	43
ENSEAST00005035346	TAA	170
ENSEAST00005020360	TGA	72
ENSEAST00005026050	TGA	1000
ENSEAST00005022266	TAG	338
ENSEAST00005022267	TAG	338
ENSEAST00005022268	TAG	338
ENSEAST00005021263	TGA	1021
ENSEAST00005017487	TGA	644
ENSEAST00005025937	TAA	582
ENSEAST00005007166	TAA	53
ENSEAST00005007173	TAG	201
ENSEAST00005004673	TAG	576
ENSEAST00005019453	TGA	375
ENSEAST00005019456	TGA	375
ENSEAST00005019451	TAG	1447
ENSEAST00005028030	TGA	10
ENSEAST00005028028	TGA	10
ENSEAST00005005719	TAA	513
ENSEAST00005005710	TAA	85
ENSEAST00005031996	TGA	1347
ENSEAST00005031993	TAG	204
ENSEAST00005031992	TAG	148
ENSEAST00005006366	TGA	1031
ENSEAST00005014784	TGA	1000
ENSEAST00005003713	TAA	1000
ENSEAST00005003711	TAG	784
ENSEAST00005003707	TAG	784
ENSEAST00005003718	TAG	784
ENSEAST00005003714	TAG	784
ENSEAST00005012868	TGA	789
ENSEAST00005012866	TGA	121
ENSEAST00005012862	TGA	121
ENSEAST00005012857	TGA	671
ENSEAST00005012869	TAA	471
ENSEAST00005024617	TAG	226
ENSEAST00005023315	TAA	1402
ENSEAST00005020759	TGA	239
ENSEAST00005025288	TGA	1008
ENSEAST00005025291	TGA	1008
ENSEAST00005019851	TGA	82
ENSEAST00005019846	TGA	363
ENSEAST00005000276	TGA	122
ENSEAST00005016537	TGA	618
ENSEAST00005029424	TAA	934
ENSEAST00005024037	TGA	7
ENSEAST00005024048	TGA	553
ENSEAST00005008014	TAG	5
ENSEAST00005008018	TAA	211
ENSEAST00005012454	TAA	726
ENSEAST00005012438	TAA	934
ENSEAST00005009378	TAA	363
ENSEAST00005011126	TAG	934
ENSEAST00005011128	TAG	934
ENSEAST00005004300	TAA	859
ENSEAST00005000953	TGA	289
ENSEAST00005006083	TGA	31
ENSEAST00005006087	TGA	31
ENSEAST00005020057	TGA	116
ENSEAST00005007887	TAG	811
ENSEAST00005025594	TGA	19
ENSEAST00005025599	TGA	30
ENSEAST00005002172	TAG	17
ENSEAST00005015240	TGA	217
ENSEAST00005017017	TGA	2732
ENSEAST00005031832	TGA	697
ENSEAST00005031843	TGA	697
ENSEAST00005031840	TGA	697
ENSEAST00005029980	TGA	799
ENSEAST00005029972	TAA	31
ENSEAST00005019054	TAA	577
ENSEAST00005010833	TGA	1000
ENSEAST00005020136	TGA	973
ENSEAST00005017953	TGA	8
ENSEAST00005017938	TGA	1
ENSEAST00005031417	TAG	742
ENSEAST00005031410	TGA	622
ENSEAST00005020303	TGA	30
ENSEAST00005020256	TAA	81
ENSEAST00005016826	TAA	710
ENSEAST00005016821	TAA	208
ENSEAST00005016818	TGA	61
ENSEAST00005007040	TGA	103
ENSEAST00005002416	TGA	24
ENSEAST00005002397	TAG	1000
ENSEAST00005037441	TAA	463
ENSEAST00005037442	TAA	716
ENSEAST00005028440	TAG	1000
ENSEAST00005028431	TAA	140
ENSEAST00005035542	TAA	9
ENSEAST00005035546	TGA	1000
ENSEAST00005035551	TGA	1000
ENSEAST00005035555	TGA	1000
ENSEAST00005035554	TAA	155
ENSEAST00005035557	TAA	155
ENSEAST00005024751	TAA	2
ENSEAST00005011763	TGA	28
ENSEAST00005009518	TAG	50
ENSEAST00005027629	TGA	24
ENSEAST00005011712	TAG	146
ENSEAST00005011715	TAA	371
ENSEAST00005005863	TGA	836
ENSEAST00005001292	TGA	36
ENSEAST00005001290	TGA	154
ENSEAST00005018247	TAA	97
ENSEAST00005025827	TAA	658
ENSEAST00005025834	TGA	1000
ENSEAST00005030906	TGA	2
ENSEAST00005034107	TGA	490
ENSEAST00005032962	TGA	20
ENSEAST00005032972	TGA	20
ENSEAST00005032966	TGA	20
ENSEAST00005010581	TGA	455
ENSEAST00005010584	TGA	1418
ENSEAST00005002345	TGA	1000
ENSEAST00005013611	TGA	340
ENSEAST00005013609	TGA	345
ENSEAST00005035264	TGA	188
ENSEAST00005032841	TGA	635
ENSEAST00005032842	TGA	268
ENSEAST00005032837	TGA	268
ENSEAST00005032840	TGA	268
ENSEAST00005032834	TGA	33
ENSEAST00005020932	TGA	145
ENSEAST00005020933	TAG	143
ENSEAST00005020926	TAG	544
ENSEAST00005020916	TGA	155
ENSEAST00005016268	TAG	1000
ENSEAST00005026169	TGA	1330
ENSEAST00005027114	TGA	176
ENSEAST00005027120	TGA	1000
ENSEAST00005018769	TAA	1000
ENSEAST00005031252	TAA	189
ENSEAST00005010307	TGA	318
ENSEAST00005019742	TGA	243
ENSEAST00005019741	TGA	243
ENSEAST00005019739	TGA	713
ENSEAST00005037034	TAA	159
ENSEAST00005029666	TGA	25
ENSEAST00005029665	TAA	276
ENSEAST00005029676	TGA	32
ENSEAST00005029670	TAA	1000
ENSEAST00005029669	TAA	1000
ENSEAST00005011370	TGA	470
ENSEAST00005011374	TAG	2092
ENSEAST00005011395	TGA	33
ENSEAST00005006304	TGA	1
ENSEAST00005033154	TGA	97
ENSEAST00005033145	TAA	1286
ENSEAST00005033152	TAA	329
ENSEAST00005014431	TAG	123
ENSEAST00005034311	TGA	556
ENSEAST00005033755	TAA	21
ENSEAST00005033752	TAG	530
ENSEAST00005033757	TAG	375
ENSEAST00005002959	TAG	428
ENSEAST00005002964	TGA	591
ENSEAST00005022192	TGA	42
ENSEAST00005022189	TGA	42
ENSEAST00005021442	TGA	1593
ENSEAST00005028242	TGA	268
ENSEAST00005020021	TAA	262
ENSEAST00005000675	TGA	731
ENSEAST00005000670	TGA	486
ENSEAST00005029550	TGA	8
ENSEAST00005023945	TGA	53
ENSEAST00005023957	TGA	317
ENSEAST00005007407	TGA	29
ENSEAST00005026174	TAG	86
ENSEAST00005004526	TGA	587
ENSEAST00005025310	TAG	52
ENSEAST00005011240	TGA	507
ENSEAST00005011249	TGA	764
ENSEAST00005011244	TGA	507
ENSEAST00005011252	TGA	507
ENSEAST00005037325	TGA	950
ENSEAST00005014310	TAG	459
ENSEAST00005001620	TGA	385
ENSEAST00005034862	TGA	110
ENSEAST00005005895	TGA	1068
ENSEAST00005005893	TGA	1174
ENSEAST00005005901	TGA	78
ENSEAST00005005920	TAA	1353
ENSEAST00005005954	TAA	1353
ENSEAST00005005934	TAA	1353
ENSEAST00005005915	TAA	1353
ENSEAST00005032186	TGA	101
ENSEAST00005032188	TGA	28
ENSEAST00005001670	TAG	413
ENSEAST00005001666	TGA	520
ENSEAST00005033948	TAA	1000
ENSEAST00005033959	TAG	44
ENSEAST00005003940	TAG	575
ENSEAST00005003938	TGA	3241
ENSEAST00005003941	TGA	3241
ENSEAST00005003945	TGA	1582
ENSEAST00005013156	TGA	23
ENSEAST00005013144	TAA	128
ENSEAST00005035408	TGA	1143
ENSEAST00005035414	TGA	417
ENSEAST00005024251	TAG	146
ENSEAST00005024256	TGA	2
ENSEAST00005033310	TAA	240
ENSEAST00005033308	TGA	240
ENSEAST00005033305	TAG	806
ENSEAST00005033314	TAG	380
ENSEAST00005033309	TAG	129
ENSEAST00005033300	TAG	191
ENSEAST00005023206	TGA	22
ENSEAST00005023204	TAA	1000
ENSEAST00005018855	TGA	2
ENSEAST00005018857	TGA	2
ENSEAST00005021094	TGA	418
ENSEAST00005026296	TAG	2102
ENSEAST00005010924	TAA	216
ENSEAST00005011256	TGA	930
ENSEAST00005011245	TGA	1034
ENSEAST00005010926	TGA	651
ENSEAST00005010920	TAA	124
ENSEAST00005011838	TGA	133
ENSEAST00005011841	TAA	1742
ENSEAST00005011842	TGA	1024
ENSEAST00005011846	TGA	170
ENSEAST00005030390	TAA	1
ENSEAST00005030388	TAA	1
ENSEAST00005020316	TAG	1000
ENSEAST00005020305	TGA	1782
ENSEAST00005020307	TGA	1101
ENSEAST00005020304	TAG	1101
ENSEAST00005020306	TGA	1180
ENSEAST00005026020	TAA	334
ENSEAST00005026021	TAA	334
ENSEAST00005016337	TGA	703
ENSEAST00005006747	TAG	178
ENSEAST00005006738	TAG	361
ENSEAST00005006740	TGA	1000
ENSEAST00005003135	TGA	376
ENSEAST00005003130	TGA	265
ENSEAST00005003127	TGA	752
ENSEAST00005007734	TGA	37
ENSEAST00005007740	TAA	14
ENSEAST00005007743	TAA	14
ENSEAST00005012571	TAA	826
ENSEAST00005018967	TGA	864
ENSEAST00005034581	TAG	1000
ENSEAST00005006801	TAG	872
ENSEAST00005006806	TAG	358
ENSEAST00005006805	TGA	36
ENSEAST00005036138	TGA	383
ENSEAST00005036139	TAA	252
ENSEAST00005036135	TAA	382
ENSEAST00005036132	TGA	566
ENSEAST00005014959	TGA	32
ENSEAST00005026983	TAA	315
ENSEAST00005025090	TAG	1451
ENSEAST00005028811	TGA	102
ENSEAST00005021649	TAG	1000
ENSEAST00005021650	TGA	204
ENSEAST00005027556	TGA	281
ENSEAST00005009808	TGA	35
ENSEAST00005018834	TGA	369
ENSEAST00005018835	TAG	654
ENSEAST00005001161	TAG	171
ENSEAST00005001155	TGA	207
ENSEAST00005001153	TAG	164
ENSEAST00005011497	TGA	247
ENSEAST00005011487	TAG	58
ENSEAST00005026562	TGA	2049
ENSEAST00005033167	TAA	297
ENSEAST00005030759	TAA	30
ENSEAST00005030784	TAA	15
ENSEAST00005030770	TAA	15
ENSEAST00005030775	TAA	15
ENSEAST00005030764	TAG	869
ENSEAST00005008268	TAG	783
ENSEAST00005016102	TGA	890
ENSEAST00005003602	TAG	1734
ENSEAST00005003606	TAA	52
ENSEAST00005008058	TGA	2549
ENSEAST00005010460	TAA	11
ENSEAST00005010462	TAA	11
ENSEAST00005002726	TGA	1000
ENSEAST00005005276	TAG	284
ENSEAST00005033247	TAA	212
ENSEAST00005033256	TAA	212
ENSEAST00005010674	TAA	465
ENSEAST00005023783	TAG	1000
ENSEAST00005023780	TAG	1000
ENSEAST00005023772	TAG	1000
ENSEAST00005023790	TAG	1000
ENSEAST00005036304	TAA	198
ENSEAST00005036300	TGA	296
ENSEAST00005017110	TGA	886
ENSEAST00005017111	TGA	886
ENSEAST00005017113	TGA	886
ENSEAST00005034712	TGA	1169
ENSEAST00005025586	TGA	547
ENSEAST00005035826	TGA	172
ENSEAST00005035821	TGA	256
ENSEAST00005035825	TGA	54
ENSEAST00005034317	TGA	57
ENSEAST00005034323	TGA	57
ENSEAST00005034319	TGA	489
ENSEAST00005022644	TGA	205
ENSEAST00005022640	TGA	2310
ENSEAST00005022633	TAA	511
ENSEAST00005007308	TGA	628
ENSEAST00005007303	TAG	1110
ENSEAST00005006661	TGA	857
ENSEAST00005031032	TGA	755
ENSEAST00005031036	TGA	36
ENSEAST00005031060	TGA	793
ENSEAST00005031063	TGA	736
ENSEAST00005031058	TGA	290
ENSEAST00005031053	TGA	290
ENSEAST00005031052	TAG	57
ENSEAST00005004105	TGA	2398
ENSEAST00005004096	TGA	2683
ENSEAST00005009698	TGA	622
ENSEAST00005027177	TGA	124
ENSEAST00005027170	TGA	1
ENSEAST00005027164	TAA	1161
ENSEAST00005019175	TAA	34
ENSEAST00005019179	TAA	34
ENSEAST00005019174	TAG	951
ENSEAST00005029898	TAA	8
ENSEAST00005029900	TAA	8
ENSEAST00005005669	TGA	11
ENSEAST00005032957	TAA	137
ENSEAST00005018400	TAA	748
ENSEAST00005006056	TGA	1036
ENSEAST00005034479	TAA	502
ENSEAST00005001517	TGA	7
ENSEAST00005035318	TGA	524
ENSEAST00005035313	TGA	524
ENSEAST00005035310	TGA	524
ENSEAST00005021304	TAG	198
ENSEAST00005021300	TAG	198
ENSEAST00005027940	TAG	323
ENSEAST00005027935	TAG	17
ENSEAST00005025429	TAG	1004
ENSEAST00005020436	TGA	392
ENSEAST00005029273	TGA	59
ENSEAST00005016479	TGA	1557
ENSEAST00005016477	TGA	1557
ENSEAST00005016472	TGA	2352
ENSEAST00005016470	TGA	526
ENSEAST00005016471	TGA	261
ENSEAST00005016473	TGA	261
ENSEAST00005016474	TGA	261
ENSEAST00005007224	TGA	244
ENSEAST00005007217	TAG	1378
ENSEAST00005020391	TGA	384
ENSEAST00005003001	TAA	110
ENSEAST00005008773	TGA	854
ENSEAST00005008762	TGA	664
ENSEAST00005008765	TGA	664
ENSEAST00005009971	TGA	1000
ENSEAST00005009976	TAG	727
ENSEAST00005005764	TGA	246
ENSEAST00005008182	TAG	50
ENSEAST00005008187	TGA	314
ENSEAST00005008178	TAG	478
ENSEAST00005008188	TGA	1000
ENSEAST00005003761	TGA	945
ENSEAST00005030128	TGA	306
ENSEAST00005015088	TGA	85
ENSEAST00005012786	TAA	258
ENSEAST00005024510	TGA	1000
ENSEAST00005022958	TAG	320
ENSEAST00005022959	TAG	71
ENSEAST00005020978	TGA	236
ENSEAST00005020976	TGA	59
ENSEAST00005020981	TGA	238
ENSEAST00005030273	TGA	189
ENSEAST00005031451	TAG	216
ENSEAST00005000265	TGA	1000
ENSEAST00005000263	TGA	1000
ENSEAST00005018163	TAA	352
ENSEAST00005025293	TAG	1000
ENSEAST00005025285	TAG	1000
ENSEAST00005025274	TAG	1000
ENSEAST00005017868	TGA	1000
ENSEAST00005017874	TGA	162
ENSEAST00005007931	TAG	804
ENSEAST00005007907	TGA	8
ENSEAST00005003312	TAA	217
ENSEAST00005003316	TAA	217
ENSEAST00005012373	TGA	1000
ENSEAST00005012372	TGA	1000
ENSEAST00005009330	TGA	655
ENSEAST00005009328	TGA	655
ENSEAST00005011024	TGA	77
ENSEAST00005036429	TGA	539
ENSEAST00005036433	TGA	539
ENSEAST00005036431	TGA	539
ENSEAST00005037126	TGA	23
ENSEAST00005006156	TAG	1020
ENSEAST00005006159	TAG	1020
ENSEAST00005002146	TAG	507
ENSEAST00005002154	TAG	253
ENSEAST00005028538	TGA	299
ENSEAST00005028534	TAG	299
ENSEAST00005028546	TGA	299
ENSEAST00005024431	TGA	575
ENSEAST00005024934	TGA	562
ENSEAST00005031858	TAG	218
ENSEAST00005031842	TGA	178
ENSEAST00005010788	TAA	115
ENSEAST00005010787	TGA	1013
ENSEAST00005011687	TGA	663
ENSEAST00005029050	TAA	143
ENSEAST00005003428	TAG	111
ENSEAST00005005140	TAA	241
ENSEAST00005005144	TAA	241
ENSEAST00005005146	TAA	241
ENSEAST00005005497	TGA	1598
ENSEAST00005009171	TGA	509
ENSEAST00005009169	TAG	478
ENSEAST00005009166	TGA	1000
ENSEAST00005009167	TGA	1000
ENSEAST00005032521	TGA	2065
ENSEAST00005021177	TGA	15
ENSEAST00005034945	TAG	322
ENSEAST00005028470	TAA	285
ENSEAST00005028472	TAA	285
ENSEAST00005028486	TGA	47
ENSEAST00005035455	TAA	20
ENSEAST00005017370	TGA	1042
ENSEAST00005016022	TGA	372
ENSEAST00005016007	TAA	535
ENSEAST00005016018	TAG	541
ENSEAST00005016011	TAG	541
ENSEAST00005007570	TGA	986
ENSEAST00005022093	TAG	448
ENSEAST00005028157	TAA	1640
ENSEAST00005028147	TAA	1640
ENSEAST00005028153	TAA	1640
ENSEAST00005028143	TAA	1640
ENSEAST00005028145	TGA	1303
ENSEAST00005019360	TAG	159
ENSEAST00005001254	TGA	70
ENSEAST00005006465	TAA	1000
ENSEAST00005032100	TAA	297
ENSEAST00005030858	TAG	974
ENSEAST00005008064	TGA	510
ENSEAST00005008070	TGA	510
ENSEAST00005035174	TGA	1000
ENSEAST00005013627	TGA	1142
ENSEAST00005036702	TGA	1000
ENSEAST00005019185	TAG	78
ENSEAST00005032789	TGA	1
ENSEAST00005020844	TGA	3609
ENSEAST00005027794	TAG	18
ENSEAST00005018423	TAG	566
ENSEAST00005029375	TAA	332
ENSEAST00005029374	TAG	8
ENSEAST00005029379	TAG	8
ENSEAST00005029373	TGA	245
ENSEAST00005029372	TGA	212
ENSEAST00005023662	TGA	1
ENSEAST00005023660	TGA	464
ENSEAST00005024072	TAG	518
ENSEAST00005022478	TGA	145
ENSEAST00005004191	TAA	550
ENSEAST00005009853	TGA	1000
ENSEAST00005004198	TAA	968
ENSEAST00005004411	TAA	57
ENSEAST00005031140	TGA	206
ENSEAST00005034467	TAG	856
ENSEAST00005034471	TAG	856
ENSEAST00005034469	TAG	856
ENSEAST00005001189	TAA	787
ENSEAST00005027361	TGA	742
ENSEAST00005027358	TAG	2470
ENSEAST00005027364	TAA	759
ENSEAST00005014533	TGA	18
ENSEAST00005036986	TAG	1339
ENSEAST00005036987	TGA	1289
ENSEAST00005001021	TAG	913
ENSEAST00005006301	TAA	125
ENSEAST00005006294	TAA	125
ENSEAST00005006295	TGA	2031
ENSEAST00005006296	TAA	99
ENSEAST00005003681	TAG	74
ENSEAST00005003668	TAG	1078
ENSEAST00005003670	TAA	1078
ENSEAST00005003665	TAG	1078
ENSEAST00005033800	TAA	1000
ENSEAST00005002874	TAG	19
ENSEAST00005013531	TGA	410
ENSEAST00005004814	TAG	1000
ENSEAST00005004809	TAG	1000
ENSEAST00005004813	TGA	636
ENSEAST00005024302	TGA	272
ENSEAST00005024304	TGA	4
ENSEAST00005020615	TGA	419
ENSEAST00005020610	TGA	419
ENSEAST00005031328	TAA	401
ENSEAST00005017933	TAG	539
ENSEAST00005017931	TGA	1777
ENSEAST00005030658	TAG	24
ENSEAST00005000747	TGA	77
ENSEAST00005000744	TGA	361
ENSEAST00005023710	TGA	1000
ENSEAST00005007472	TGA	745
ENSEAST00005007470	TGA	745
ENSEAST00005028111	TGA	242
ENSEAST00005012350	TAA	589
ENSEAST00005011297	TAA	32
ENSEAST00005011291	TAA	2111
ENSEAST00005037373	TAA	38
ENSEAST00005034806	TGA	6
ENSEAST00005034800	TGA	171
ENSEAST00005034802	TGA	171
ENSEAST00005005968	TAA	1000
ENSEAST00005032199	TGA	105
ENSEAST00005032205	TGA	105
ENSEAST00005032198	TAA	134
ENSEAST00005001766	TGA	31
ENSEAST00005001760	TGA	31
ENSEAST00005036192	TGA	65
ENSEAST00005036196	TGA	1000
ENSEAST00005028906	TGA	1000
ENSEAST00005028972	TGA	180
ENSEAST00005026232	TGA	820
ENSEAST00005026240	TAA	357
ENSEAST00005020435	TAA	37
ENSEAST00005000344	TAG	1000
ENSEAST00005030362	TAA	29
ENSEAST00005016391	TAG	202
ENSEAST00005002061	TAG	434
ENSEAST00005004967	TAA	4
ENSEAST00005028732	TAG	946
ENSEAST00005028736	TGA	35
ENSEAST00005028727	TAA	35
ENSEAST00005028722	TAG	651
ENSEAST00005010661	TAA	335
ENSEAST00005010657	TGA	969
ENSEAST00005031670	TGA	2
ENSEAST00005031673	TAG	461
ENSEAST00005015346	TAA	819
ENSEAST00005015336	TAG	417
ENSEAST00005015340	TGA	249
ENSEAST00005015343	TGA	112
ENSEAST00005036577	TGA	4
ENSEAST00005036576	TGA	354
ENSEAST00005023623	TAG	1000
ENSEAST00005035118	TGA	139
ENSEAST00005035119	TGA	139
ENSEAST00005026614	TAA	485
ENSEAST00005013872	TAG	1000
ENSEAST00005013883	TAA	165
ENSEAST00005035862	TGA	164
ENSEAST00005017223	TGA	1000
ENSEAST00005017233	TGA	238
ENSEAST00005024662	TGA	154
ENSEAST00005015683	TGA	427
ENSEAST00005018717	TGA	456
ENSEAST00005018716	TGA	456
ENSEAST00005025044	TGA	128
ENSEAST00005025048	TGA	128
ENSEAST00005021870	TAG	632
ENSEAST00005021657	TGA	493
ENSEAST00005009006	TGA	234
ENSEAST00005031275	TGA	89
ENSEAST00005031274	TGA	89
ENSEAST00005031277	TGA	89
ENSEAST00005001079	TGA	1
ENSEAST00005001087	TGA	923
ENSEAST00005001080	TGA	720
ENSEAST00005029781	TAA	144
ENSEAST00005026525	TGA	31
ENSEAST00005026532	TGA	31
ENSEAST00005026529	TGA	31
ENSEAST00005026537	TGA	31
ENSEAST00005034255	TGA	225
ENSEAST00005033105	TGA	1360
ENSEAST00005033102	TGA	1360
ENSEAST00005017288	TAG	1000
ENSEAST00005017286	TAA	770
ENSEAST00005008316	TGA	445
ENSEAST00005008317	TGA	445
ENSEAST00005014353	TAG	1000
ENSEAST00005001425	TGA	1755
ENSEAST00005035641	TGA	340
ENSEAST00005004911	TGA	675
ENSEAST00005036842	TAA	331
ENSEAST00005036834	TAA	26
ENSEAST00005036833	TAA	26
ENSEAST00005036844	TGA	424
ENSEAST00005022151	TAG	366
ENSEAST00005022149	TAA	3015
ENSEAST00005022147	TAA	3015
ENSEAST00005036347	TGA	121
ENSEAST00005032692	TGA	1278
ENSEAST00005032685	TGA	551
ENSEAST00005032684	TGA	551
ENSEAST00005032687	TAG	314
ENSEAST00005032705	TAA	42
ENSEAST00005032710	TAA	1000
ENSEAST00005021398	TAA	249
ENSEAST00005002327	TGA	26
ENSEAST00005025603	TAG	300
ENSEAST00005025602	TAA	449
ENSEAST00005017552	TAG	2652
ENSEAST00005017554	TAG	2652
ENSEAST00005017546	TGA	207
ENSEAST00005017548	TAA	207
ENSEAST00005017544	TGA	802
ENSEAST00005023843	TGA	793
ENSEAST00005023874	TGA	248
ENSEAST00005007262	TGA	798
ENSEAST00005010158	TGA	832
ENSEAST00005010145	TAG	1000
ENSEAST00005027213	TGA	1518
ENSEAST00005037538	TAA	1901
ENSEAST00005037537	TAA	1901
ENSEAST00005037522	TGA	1308
ENSEAST00005000842	TAG	729
ENSEAST00005000843	TGA	385
ENSEAST00005005620	TGA	112
ENSEAST00005005613	TGA	237
ENSEAST00005001603	TAG	6
ENSEAST00005001596	TAG	6
ENSEAST00005014588	TGA	213
ENSEAST00005003522	TGA	378
ENSEAST00005003518	TGA	348
ENSEAST00005033888	TGA	213
ENSEAST00005033889	TGA	235
ENSEAST00005033892	TGA	13
ENSEAST00005033890	TAA	13
ENSEAST00005012146	TGA	1000
ENSEAST00005012133	TAA	977
ENSEAST00005004987	TGA	289
ENSEAST00005002231	TGA	10
ENSEAST00005015189	TAA	599
ENSEAST00005022837	TGA	1000
ENSEAST00005024828	TAG	369
ENSEAST00005033356	TAA	65
ENSEAST00005033348	TAG	1826
ENSEAST00005033351	TAG	1826
ENSEAST00005033364	TAG	1826
ENSEAST00005033359	TGA	1114
ENSEAST00005019600	TAA	378
ENSEAST00005025447	TGA	319
ENSEAST00005025440	TGA	718
ENSEAST00005000552	TGA	176
ENSEAST00005000468	TGA	1000
ENSEAST00005029200	TAA	499
ENSEAST00005011760	TAA	161
ENSEAST00005007833	TAG	309
ENSEAST00005007840	TAA	160
ENSEAST00005003008	TAA	203
ENSEAST00005003012	TGA	203
ENSEAST00005003026	TAG	9
ENSEAST00005008779	TGA	1
ENSEAST00005008787	TGA	1000
ENSEAST00005008780	TGA	1000
ENSEAST00005012634	TAA	1
ENSEAST00005037569	TAA	36
ENSEAST00005037568	TAA	36
ENSEAST00005037560	TGA	504
ENSEAST00005037562	TAA	1093
ENSEAST00005037561	TAA	1093
ENSEAST00005034961	TGA	575
ENSEAST00005034963	TAG	826
ENSEAST00005034965	TGA	1000
ENSEAST00005006732	TAA	107
ENSEAST00005001849	TGA	955
ENSEAST00005006905	TGA	1000
ENSEAST00005015037	TAG	7
ENSEAST00005015026	TGA	81
ENSEAST00005015022	TGA	1000
ENSEAST00005015027	TAA	1059
ENSEAST00005015025	TAA	1059
ENSEAST00005033524	TGA	19
ENSEAST00005036126	TGA	504
ENSEAST00005035979	TGA	1915
ENSEAST00005012766	TAA	32
ENSEAST00005012758	TAA	8
ENSEAST00005012760	TAA	8
ENSEAST00005027043	TAA	41
ENSEAST00005021736	TGA	226
ENSEAST00005021730	TGA	226
ENSEAST00005021729	TGA	314
ENSEAST00005021720	TAG	1000
ENSEAST00005022895	TAG	782
ENSEAST00005020658	TGA	54
ENSEAST00005030180	TAA	143
ENSEAST00005027830	TAA	378
ENSEAST00005026634	TGA	4
ENSEAST00005026636	TGA	4
ENSEAST00005026633	TAA	26
ENSEAST00005026635	TAA	26
ENSEAST00005018060	TAA	357
ENSEAST00005012423	TGA	541
ENSEAST00005012415	TGA	1542
ENSEAST00005012411	TAG	525
ENSEAST00005015452	TGA	1000
ENSEAST00005015450	TGA	1000
ENSEAST00005033469	TGA	26
ENSEAST00005014123	TAA	360
ENSEAST00005014120	TAG	1004
ENSEAST00005034642	TAG	97
ENSEAST00005034634	TAA	225
ENSEAST00005015843	TAA	660
ENSEAST00005015844	TGA	2964
ENSEAST00005015848	TGA	2964
ENSEAST00005015858	TAA	326
ENSEAST00005031940	TGA	103
ENSEAST00005016912	TGA	428
ENSEAST00005009649	TAG	387
ENSEAST00005026687	TAG	1473
ENSEAST00005026690	TAG	1149
ENSEAST00005005067	TAA	12
ENSEAST00005030535	TGA	1348
ENSEAST00005016247	TAA	1674
ENSEAST00005016252	TAA	1000
ENSEAST00005034406	TAG	31
ENSEAST00005008690	TAG	308
ENSEAST00005002627	TAG	189
ENSEAST00005002634	TGA	189
ENSEAST00005002626	TGA	152
ENSEAST00005012268	TGA	37
ENSEAST00005004107	TAA	1000
ENSEAST00005021224	TGA	156
ENSEAST00005021221	TAG	34
ENSEAST00005026902	TGA	855
ENSEAST00005013926	TGA	172
ENSEAST00005006808	TAG	3068
ENSEAST00005006817	TAG	3068
ENSEAST00005004658	TGA	2287
ENSEAST00005004647	TGA	220
ENSEAST00005009938	TGA	5
ENSEAST00005027732	TAA	18
ENSEAST00005019417	TGA	207
ENSEAST00005019414	TAA	207
ENSEAST00005019423	TGA	455
ENSEAST00005028061	TGA	35
ENSEAST00005011823	TAG	436
ENSEAST00005025717	TGA	149
ENSEAST00005025719	TAG	145
ENSEAST00005025718	TAG	145
ENSEAST00005025728	TGA	314
ENSEAST00005006484	TGA	490
ENSEAST00005006487	TGA	611
ENSEAST00005006481	TGA	611
ENSEAST00005006471	TGA	98
ENSEAST00005006488	TAG	739
ENSEAST00005014805	TGA	272
ENSEAST00005006773	TAA	58
ENSEAST00005007680	TGA	9
ENSEAST00005002751	TGA	1836
ENSEAST00005026624	TAA	203
ENSEAST00005005154	TGA	642
ENSEAST00005015412	TAG	846
ENSEAST00005002492	TGA	91
ENSEAST00005020801	TGA	1801
ENSEAST00005020797	TGA	1801
ENSEAST00005027741	TGA	730
ENSEAST00005027744	TGA	730
ENSEAST00005000298	TGA	875
ENSEAST00005029338	TAG	256
ENSEAST00005029336	TAG	256
ENSEAST00005029331	TAG	712
ENSEAST00005029330	TGA	903
ENSEAST00005029333	TGA	903
ENSEAST00005029337	TGA	903
ENSEAST00005016624	TGA	653
ENSEAST00005015752	TAA	829
ENSEAST00005015757	TAA	27
ENSEAST00005007990	TGA	105
ENSEAST00005014530	TGA	369
ENSEAST00005032923	TAA	90
ENSEAST00005004264	TGA	38
ENSEAST00005004270	TGA	38
ENSEAST00005037079	TGA	370
ENSEAST00005037080	TGA	370
ENSEAST00005037077	TGA	370
ENSEAST00005037085	TGA	67
ENSEAST00005000925	TGA	2522
ENSEAST00005006332	TGA	41
ENSEAST00005013821	TAA	31
ENSEAST00005013819	TGA	181
ENSEAST00005013827	TGA	21
ENSEAST00005034753	TGA	663
ENSEAST00005034748	TGA	663
ENSEAST00005034765	TAG	21
ENSEAST00005034764	TGA	1748
ENSEAST00005006116	TGA	1000
ENSEAST00005006120	TGA	849
ENSEAST00005018626	TGA	584
ENSEAST00005018628	TGA	381
ENSEAST00005024383	TAG	1000
ENSEAST00005024382	TAG	1000
ENSEAST00005018636	TAA	1064
ENSEAST00005022215	TGA	24
ENSEAST00005020530	TGA	1000
ENSEAST00005020540	TGA	1000
ENSEAST00005020525	TGA	1000
ENSEAST00005020522	TGA	1000
ENSEAST00005020535	TGA	1000
ENSEAST00005017982	TAG	576
ENSEAST00005031375	TGA	34
ENSEAST00005018488	TGA	1000
ENSEAST00005028984	TAG	1000
ENSEAST00005007495	TAA	231
ENSEAST00005007502	TAA	456
ENSEAST00005007510	TAA	456
ENSEAST00005007497	TAA	456
ENSEAST00005007491	TAA	456
ENSEAST00005005429	TGA	903
ENSEAST00005005415	TGA	953
ENSEAST00005004615	TGA	15
ENSEAST00005014233	TAG	628
ENSEAST00005001697	TAA	112
ENSEAST00005001711	TGA	957
ENSEAST00005028405	TGA	1000
ENSEAST00005028407	TGA	1000
ENSEAST00005028402	TGA	1000
ENSEAST00005035581	TAG	290
ENSEAST00005018832	TAG	1000
ENSEAST00005017155	TAG	34
ENSEAST00005027619	TGA	1788
ENSEAST00005009479	TAA	197
ENSEAST00005009483	TAA	197
ENSEAST00005009480	TAA	197
ENSEAST00005009475	TGA	1691
ENSEAST00005009484	TGA	313
ENSEAST00005009481	TGA	313
ENSEAST00005025870	TGA	1000
ENSEAST00005025867	TGA	1070
ENSEAST00005016446	TAG	8
ENSEAST00005016453	TGA	1
ENSEAST00005016455	TGA	122
ENSEAST00005018338	TGA	847
ENSEAST00005030953	TAG	2
ENSEAST00005008143	TAG	1467
ENSEAST00005008140	TAG	1467
ENSEAST00005029304	TAG	130
ENSEAST00005029316	TAG	1000
ENSEAST00005029310	TGA	8
ENSEAST00005029306	TGA	48
ENSEAST00005029323	TAA	1
ENSEAST00005029311	TAA	1
ENSEAST00005029318	TAA	1
ENSEAST00005029578	TAG	22
ENSEAST00005002068	TGA	446
ENSEAST00005028695	TAG	1000
ENSEAST00005015295	TAG	1396
ENSEAST00005015296	TGA	444
ENSEAST00005036774	TAG	485
ENSEAST00005032802	TGA	333
ENSEAST00005020959	TAA	374
ENSEAST00005034192	TGA	892
ENSEAST00005035936	TAG	706
ENSEAST00005017816	TGA	60
ENSEAST00005015628	TGA	201
ENSEAST00005015629	TGA	201
ENSEAST00005015631	TGA	202
ENSEAST00005024148	TAG	1000
ENSEAST00005024146	TAG	1000
ENSEAST00005018733	TGA	1349
ENSEAST00005018729	TGA	1349
ENSEAST00005018734	TAA	1
ENSEAST00005022498	TAA	3
ENSEAST00005021621	TGA	164
ENSEAST00005021626	TAG	438
ENSEAST00005008928	TAG	1000
ENSEAST00005008941	TAG	333
ENSEAST00005010328	TGA	251
ENSEAST00005027312	TGA	117
ENSEAST00005012041	TAA	18
ENSEAST00005001125	TGA	726
ENSEAST00005001129	TGA	665
ENSEAST00005029651	TGA	32
ENSEAST00005011402	TGA	96
ENSEAST00005011398	TGA	38
ENSEAST00005019783	TGA	1000
ENSEAST00005019782	TGA	1000
ENSEAST00005019778	TGA	259
ENSEAST00005006211	TGA	580
ENSEAST00005006215	TAG	620
ENSEAST00005030730	TGA	773
ENSEAST00005030724	TGA	773
ENSEAST00005030738	TGA	148
ENSEAST00005010466	TAA	1269
ENSEAST00005003552	TAG	230
ENSEAST00005035707	TAG	184
ENSEAST00005036874	TGA	1000
ENSEAST00005022095	TAG	195
ENSEAST00005022096	TAG	16
ENSEAST00005013428	TGA	1000
ENSEAST00005013423	TGA	1000
ENSEAST00005028199	TGA	49
ENSEAST00005028197	TGA	155
ENSEAST00005001355	TGA	1
ENSEAST00005029525	TGA	579
ENSEAST00005029526	TGA	164
ENSEAST00005034299	TGA	605
ENSEAST00005029128	TAG	356
ENSEAST00005029127	TGA	48
ENSEAST00005023870	TGA	1692
ENSEAST00005033769	TGA	1000
ENSEAST00005007361	TAG	979
ENSEAST00005007358	TAG	1000
ENSEAST00005009200	TGA	247
ENSEAST00005004502	TAA	1000
ENSEAST00005037288	TGA	1232
ENSEAST00005000878	TAG	745
ENSEAST00005005552	TGA	1000
ENSEAST00005008625	TAA	862
ENSEAST00005033927	TAG	386
ENSEAST00005033922	TAG	386
ENSEAST00005003990	TGA	203
ENSEAST00005003991	TAG	178
ENSEAST00005003988	TAG	178
ENSEAST00005004971	TAA	318
ENSEAST00005036221	TAG	1018
ENSEAST00005013122	TAA	31
ENSEAST00005032323	TGA	44
ENSEAST00005032322	TGA	113
ENSEAST00005023168	TAG	16
ENSEAST00005022022	TAA	759
ENSEAST00005022026	TAA	759
ENSEAST00005030126	TAA	14
ENSEAST00005030114	TGA	141
ENSEAST00005026248	TGA	368
ENSEAST00005026253	TAA	559
ENSEAST00005026258	TAA	710
ENSEAST00005026255	TAA	559
ENSEAST00005026254	TAG	85
ENSEAST00005010896	TAA	484
ENSEAST00005010893	TAG	263
ENSEAST00005010898	TAG	1064
ENSEAST00005000606	TGA	468
ENSEAST00005000589	TGA	468
ENSEAST00005000580	TGA	1067
ENSEAST00005030437	TGA	243
ENSEAST00005018316	TGA	1000
ENSEAST00005029169	TGA	1
ENSEAST00005001944	TAG	1431
ENSEAST00005020402	TGA	1047
ENSEAST00005007769	TAG	416
ENSEAST00005007778	TGA	1000
ENSEAST00005031714	TAA	209
ENSEAST00005031713	TGA	1093
ENSEAST00005031710	TGA	1093
ENSEAST00005031709	TAA	1008
ENSEAST00005031708	TAA	901
ENSEAST00005031706	TGA	358
ENSEAST00005012591	TGA	1302
ENSEAST00005012588	TGA	1000
ENSEAST00005001896	TGA	145
ENSEAST00005006828	TGA	99
ENSEAST00005006833	TAA	141
ENSEAST00005014919	TGA	126
ENSEAST00005022860	TGA	389
ENSEAST00005022862	TAA	533
ENSEAST00005022864	TGA	474
ENSEAST00005022865	TGA	474
ENSEAST00005030250	TAA	558
ENSEAST00005030243	TAA	8
ENSEAST00005009832	TAG	1398
ENSEAST00005009840	TGA	1000
ENSEAST00005029810	TGA	210
ENSEAST00005029812	TAA	210
ENSEAST00005006666	TAG	1000
ENSEAST00005011866	TGA	579
ENSEAST00005011874	TGA	579
ENSEAST00005011870	TGA	579
ENSEAST00005018934	TAG	206
ENSEAST00005019958	TAA	1000
ENSEAST00005019971	TAA	1010
ENSEAST00005019969	TAA	1000
ENSEAST00005019964	TAA	1000
ENSEAST00005000158	TGA	853
ENSEAST00005000166	TGA	853
ENSEAST00005000180	TAG	1313
ENSEAST00005000186	TGA	853
ENSEAST00005000159	TGA	55
ENSEAST00005000168	TGA	114
ENSEAST00005034223	TGA	547
ENSEAST00005016140	TGA	664
ENSEAST00005016128	TGA	664
ENSEAST00005016144	TGA	664
ENSEAST00005016133	TGA	664
ENSEAST00005006559	TGA	671
ENSEAST00005010486	TAA	1384
ENSEAST00005010484	TGA	1455
ENSEAST00005002258	TGA	998
ENSEAST00005005257	TAA	1271
ENSEAST00005035615	TAA	1
ENSEAST00005015445	TAG	235
ENSEAST00005036980	TAG	67
ENSEAST00005032628	TAG	1000
ENSEAST00005014006	TGA	699
ENSEAST00005021351	TGA	115
ENSEAST00005034739	TAG	484
ENSEAST00005013740	TAG	29
ENSEAST00005013754	TAA	57
ENSEAST00005028549	TGA	1000
ENSEAST00005028563	TAA	55
ENSEAST00005028559	TAG	55
ENSEAST00005025551	TAA	12
ENSEAST00005017596	TAA	28
ENSEAST00005023976	TAA	71
ENSEAST00005023971	TGA	23
ENSEAST00005023972	TGA	23
ENSEAST00005024898	TAA	20
ENSEAST00005024896	TGA	80
ENSEAST00005024905	TAG	129
ENSEAST00005024903	TAG	129
ENSEAST00005021539	TAA	351
ENSEAST00005016830	TGA	564
ENSEAST00005016849	TGA	158
ENSEAST00005004123	TAA	1798
ENSEAST00005004119	TAG	534
ENSEAST00005004125	TGA	1000
ENSEAST00005004129	TGA	1000
ENSEAST00005019127	TGA	288
ENSEAST00005019117	TAA	581
ENSEAST00005019121	TAG	1161
ENSEAST00005019120	TAG	546
ENSEAST00005027142	TGA	1000
ENSEAST00005027136	TAA	421
ENSEAST00005011651	TGA	166
ENSEAST00005026740	TAA	5
ENSEAST00005026726	TAA	304
ENSEAST00005026728	TAA	304
ENSEAST00005010680	TAA	680
ENSEAST00005010693	TGA	1000
ENSEAST00005032296	TGA	206
ENSEAST00005030632	TGA	324
ENSEAST00005030633	TGA	75
ENSEAST00005030631	TGA	13
ENSEAST00005030636	TGA	1844
ENSEAST00005034457	TGA	595
ENSEAST00005034446	TGA	552
ENSEAST00005034443	TGA	552
ENSEAST00005034440	TGA	404
ENSEAST00005034449	TGA	719
ENSEAST00005001542	TGA	337
ENSEAST00005003456	TAA	101
ENSEAST00005003463	TGA	352
ENSEAST00005003457	TGA	352
ENSEAST00005002623	TAG	50
ENSEAST00005006306	TAA	677
ENSEAST00005005180	TGA	71
ENSEAST00005005176	TGA	71
ENSEAST00005005179	TGA	71
ENSEAST00005035349	TAG	690
ENSEAST00005035348	TAG	690
ENSEAST00005035342	TAG	307
ENSEAST00005035344	TAG	254
ENSEAST00005035328	TAA	290
ENSEAST00005035335	TGA	911
ENSEAST00005006864	TGA	715
ENSEAST00005022275	TGA	1000
ENSEAST00005022273	TGA	1000
ENSEAST00005022272	TGA	1000
ENSEAST00005022295	TAG	841
ENSEAST00005022292	TAA	32
ENSEAST00005021276	TAA	43
ENSEAST00005023304	TGA	26
ENSEAST00005017474	TGA	381
ENSEAST00005025933	TGA	609
ENSEAST00005025919	TGA	505
ENSEAST00005025927	TGA	133
ENSEAST00005025922	TGA	133
ENSEAST00005007176	TGA	653
ENSEAST00005008731	TGA	234
ENSEAST00005004668	TGA	152
ENSEAST00005009954	TAG	95
ENSEAST00005019488	TAG	293
ENSEAST00005028041	TAA	8
ENSEAST00005005731	TGA	841
ENSEAST00005032006	TAG	1199
ENSEAST00005035052	TGA	36
ENSEAST00005035041	TGA	932
ENSEAST00005006423	TGA	1396
ENSEAST00005006425	TGA	1064
ENSEAST00005003730	TGA	146
ENSEAST00005007671	TGA	348
ENSEAST00005033577	TGA	27
ENSEAST00005036055	TAG	1970
ENSEAST00005036051	TAG	1970
ENSEAST00005036059	TAG	1970
ENSEAST00005036046	TAA	101
ENSEAST00005035284	TGA	26
ENSEAST00005024549	TGA	1
ENSEAST00005024555	TAG	897
ENSEAST00005026396	TGA	558
ENSEAST00005026387	TGA	1684
ENSEAST00005026395	TGA	1684
ENSEAST00005032949	TAA	1001
ENSEAST00005018403	TGA	936
ENSEAST00005018402	TGA	936
ENSEAST00005019836	TAG	414
ENSEAST00005000277	TGA	1000
ENSEAST00005016535	TAG	450
ENSEAST00005016533	TAG	450
ENSEAST00005016532	TAG	450
ENSEAST00005029401	TGA	464
ENSEAST00005029405	TGA	882
ENSEAST00005028933	TGA	146
ENSEAST00005028938	TGA	1067
ENSEAST00005008026	TGA	28
ENSEAST00005008023	TGA	28
ENSEAST00005009049	TGA	74
ENSEAST00005012461	TAG	3
ENSEAST00005012459	TAG	3
ENSEAST00005012453	TAG	3694
ENSEAST00005004293	TGA	31
ENSEAST00005004288	TGA	31
ENSEAST00005001465	TGA	523
ENSEAST00005001468	TAG	1357
ENSEAST00005001476	TAA	872
ENSEAST00005006079	TAG	94
ENSEAST00005006080	TAA	827
ENSEAST00005006088	TAA	827
ENSEAST00005006073	TAA	827
ENSEAST00005006084	TAA	827
ENSEAST00005006071	TGA	210
ENSEAST00005006064	TGA	445
ENSEAST00005032311	TGA	14
ENSEAST00005032365	TAA	978
ENSEAST00005015135	TAA	5
ENSEAST00005015129	TAA	5
ENSEAST00005015123	TAA	5
ENSEAST00005015120	TAA	5
ENSEAST00005015127	TAA	5
ENSEAST00005015140	TAA	5
ENSEAST00005013303	TAG	5
ENSEAST00005016984	TAG	137
ENSEAST00005031816	TAA	3304
ENSEAST00005027244	TAG	34
ENSEAST00005027242	TGA	109
ENSEAST00005009611	TGA	293
ENSEAST00005010820	TGA	365
ENSEAST00005019004	TGA	436
ENSEAST00005019005	TGA	436
ENSEAST00005000767	TGA	465
ENSEAST00005000771	TGA	465
ENSEAST00005031422	TGA	394
ENSEAST00005031416	TAA	195
ENSEAST00005023804	TAG	305
ENSEAST00005023811	TAA	93
ENSEAST00005029000	TGA	285
ENSEAST00005002415	TAG	1184
ENSEAST00005002406	TGA	41
ENSEAST00005018321	TAA	399
ENSEAST00005018906	TGA	461
ENSEAST00005014271	TAG	23
ENSEAST00005035498	TGA	643
ENSEAST00005035501	TGA	643
ENSEAST00005015992	TGA	174
ENSEAST00005015988	TGA	174
ENSEAST00005015984	TGA	174
ENSEAST00005015993	TGA	130
ENSEAST00005015990	TAA	130
ENSEAST00005015996	TGA	58
ENSEAST00005024788	TAG	9
ENSEAST00005024786	TAG	9
ENSEAST00005017068	TAA	95
ENSEAST00005009533	TAA	46
ENSEAST00005009528	TAG	460
ENSEAST00005009529	TAA	223
ENSEAST00005008883	TGA	354
ENSEAST00005008880	TGA	1563
ENSEAST00005008886	TAG	409
ENSEAST00005008866	TGA	17
ENSEAST00005008865	TGA	1000
ENSEAST00005008867	TGA	1000
ENSEAST00005005870	TGA	609
ENSEAST00005005868	TAG	336
ENSEAST00005001272	TAG	360
ENSEAST00005025766	TAG	615
ENSEAST00005000453	TGA	309
ENSEAST00005034068	TAG	321
ENSEAST00005034067	TAG	321
ENSEAST00005034069	TGA	11
ENSEAST00005007873	TAA	835
ENSEAST00005015318	TAG	843
ENSEAST00005035152	TGA	10
ENSEAST00005012673	TGA	1
ENSEAST00005012671	TAA	1000
ENSEAST00005012685	TGA	613
ENSEAST00005032754	TAA	2
ENSEAST00005020865	TAA	1000
ENSEAST00005017239	TGA	5
ENSEAST00005017762	TGA	27
ENSEAST00005022447	TGA	655
ENSEAST00005022437	TAG	101
ENSEAST00005008922	TAG	1052
ENSEAST00005031246	TGA	652
ENSEAST00005010289	TGA	3
ENSEAST00005010297	TAG	1226
ENSEAST00005010284	TGA	199
ENSEAST00005019689	TAG	123
ENSEAST00005019687	TGA	22
ENSEAST00005001000	TGA	1378
ENSEAST00005000995	TAA	60
ENSEAST00005000999	TGA	998
ENSEAST00005001002	TAA	111
ENSEAST00005033133	TGA	66
ENSEAST00005033139	TGA	601
ENSEAST00005006179	TGA	270
ENSEAST00005006178	TGA	1000
ENSEAST00005032427	TAG	1692
ENSEAST00005032429	TGA	832
ENSEAST00005034293	TGA	151
ENSEAST00005015256	TAA	117
ENSEAST00005008285	TGA	420
ENSEAST00005002902	TGA	932
ENSEAST00005002913	TAA	446
ENSEAST00005004830	TGA	1000
ENSEAST00005024320	TAA	1000
ENSEAST00005024324	TGA	849
ENSEAST00005024323	TAG	241
ENSEAST00005036863	TGA	140
ENSEAST00005036862	TGA	140
ENSEAST00005036882	TAG	1420
ENSEAST00005036890	TAG	163
ENSEAST00005036889	TAG	163
ENSEAST00005036888	TAG	163
ENSEAST00005022181	TGA	24
ENSEAST00005028299	TGA	170
ENSEAST00005028290	TGA	1142
ENSEAST00005031303	TGA	898
ENSEAST00005010532	TAA	48
ENSEAST00005000658	TAG	1000
ENSEAST00005000648	TGA	214
ENSEAST00005000651	TGA	1
ENSEAST00005000652	TGA	730
ENSEAST00005000660	TGA	1000
ENSEAST00005016768	TAA	419
ENSEAST00005029571	TAA	583
ENSEAST00005016777	TAG	119
ENSEAST00005016319	TAA	46
ENSEAST00005016315	TAG	427
ENSEAST00005016314	TAG	765
ENSEAST00005016316	TAG	427
ENSEAST00005004914	TGA	57
ENSEAST00005003231	TAG	244
ENSEAST00005012872	TAG	378
ENSEAST00005004537	TAG	41
ENSEAST00005004534	TAG	41
ENSEAST00005011174	TAA	37
ENSEAST00005004163	TGA	253
ENSEAST00005037337	TAA	1
ENSEAST00005000857	TGA	1671
ENSEAST00005000868	TGA	86
ENSEAST00005034830	TAA	14
ENSEAST00005032175	TAG	182
ENSEAST00005001662	TGA	3
ENSEAST00005001653	TAG	402
ENSEAST00005013362	TGA	24
ENSEAST00005003935	TGA	1000
ENSEAST00005013358	TGA	895
ENSEAST00005036171	TGA	731
ENSEAST00005008470	TGA	46
ENSEAST00005024273	TAG	1099
ENSEAST00005024271	TAA	995
ENSEAST00005024276	TGA	590
ENSEAST00005026915	TAA	14
ENSEAST00005026933	TGA	828
ENSEAST00005026917	TGA	828
ENSEAST00005026937	TGA	828
ENSEAST00005026927	TGA	828
ENSEAST00005026922	TGA	828
ENSEAST00005033708	TGA	360
ENSEAST00005033710	TGA	360
ENSEAST00005033712	TGA	360
ENSEAST00005033263	TGA	436
ENSEAST00005033267	TGA	774
ENSEAST00005023183	TGA	581
ENSEAST00005021979	TAA	41
ENSEAST00005021981	TAA	41
ENSEAST00005030079	TGA	3122
ENSEAST00005026206	TGA	17
ENSEAST00005026215	TAA	1000
ENSEAST00005000635	TAG	456
ENSEAST00005016364	TAG	12
ENSEAST00005016367	TAG	12
ENSEAST00005016368	TAG	12
ENSEAST00005006729	TGA	208
ENSEAST00005006728	TAA	22
ENSEAST00005006730	TAA	22
ENSEAST00005010627	TAG	936
ENSEAST00005010688	TGA	127
ENSEAST00005002025	TGA	512
ENSEAST00005002033	TGA	291
ENSEAST00005002798	TGA	1123
ENSEAST00005002801	TAG	403
ENSEAST00005002811	TAG	476
ENSEAST00005002807	TAG	476
ENSEAST00005002796	TAA	3
ENSEAST00005007713	TGA	459
ENSEAST00005005220	TAA	372
ENSEAST00005026316	TGA	925
ENSEAST00005026314	TGA	925
ENSEAST00005034576	TAA	1000
ENSEAST00005006721	TGA	107
ENSEAST00005006726	TGA	816
ENSEAST00005013915	TAG	611
ENSEAST00005035891	TGA	1167
ENSEAST00005018694	TAA	24
ENSEAST00005018692	TAA	24
ENSEAST00005018688	TAA	24
ENSEAST00005018696	TGA	36
ENSEAST00005022582	TAG	47
ENSEAST00005022588	TAG	2203
ENSEAST00005021638	TAA	1112
ENSEAST00005021631	TAA	1112
ENSEAST00005021637	TAG	1898
ENSEAST00005021640	TAG	1898
ENSEAST00005018871	TAA	838
ENSEAST00005001171	TAA	1000
ENSEAST00005011473	TAG	458
ENSEAST00005026555	TGA	1000
ENSEAST00005000316	TGA	72
ENSEAST00005017326	TAA	1198
ENSEAST00005030772	TGA	44
ENSEAST00005010481	TGA	1078
ENSEAST00005010480	TGA	1078
ENSEAST00005010470	TGA	33
ENSEAST00005003393	TGA	1000
ENSEAST00005013449	TAA	1421
ENSEAST00005013453	TAG	1000
ENSEAST00005013461	TAG	1000
ENSEAST00005013469	TAG	1000
ENSEAST00005015489	TGA	421
ENSEAST00005035625	TGA	1446
ENSEAST00005012499	TGA	551
ENSEAST00005020096	TAA	581
ENSEAST00005028629	TAG	1694
ENSEAST00005028624	TAG	398
ENSEAST00005017641	TAA	93
ENSEAST00005017646	TAG	291
ENSEAST00005022659	TGA	108
ENSEAST00005007287	TGA	651
ENSEAST00005007301	TGA	85
ENSEAST00005007297	TAA	13
ENSEAST00005009684	TAA	45
ENSEAST00005004104	TAG	1000
ENSEAST00005031002	TAG	6
ENSEAST00005030987	TGA	6
ENSEAST00005030997	TGA	6
ENSEAST00005031010	TGA	6
ENSEAST00005031007	TGA	6
ENSEAST00005030990	TGA	6
ENSEAST00005031009	TGA	6
ENSEAST00005031014	TGA	6
ENSEAST00005027183	TAG	1178
ENSEAST00005029923	TAG	1000
ENSEAST00005011534	TAG	1000
ENSEAST00005032977	TGA	336
ENSEAST00005032980	TAG	336
ENSEAST00005001797	TGA	670
ENSEAST00005033871	TAG	1000
ENSEAST00005033868	TAG	1000
ENSEAST00005001780	TAG	1135
ENSEAST00005001783	TGA	1985
ENSEAST00005009632	TAG	104
ENSEAST00005009631	TAG	334
ENSEAST00005009630	TGA	1109
ENSEAST00005009633	TGA	38
ENSEAST00005033558	TAG	580
ENSEAST00005021004	TAA	251
ENSEAST00005019563	TGA	183
ENSEAST00005025411	TGA	681
ENSEAST00005025412	TGA	1564
ENSEAST00005000526	TGA	1010
ENSEAST00005000543	TGA	566
ENSEAST00005000511	TGA	566
ENSEAST00005000527	TGA	566
ENSEAST00005016507	TGA	1000
ENSEAST00005016485	TGA	15
ENSEAST00005002989	TGA	1000
ENSEAST00005013914	TAG	804
ENSEAST00005002972	TAA	1000
ENSEAST00005013908	TGA	2044
ENSEAST00005007005	TGA	1022
ENSEAST00005007004	TGA	1022
ENSEAST00005035096	TGA	81
ENSEAST00005035095	TAG	27
ENSEAST00005035090	TGA	1000
ENSEAST00005032552	TGA	717
ENSEAST00005018347	TGA	1960
ENSEAST00005018342	TAG	616
ENSEAST00005001827	TGA	59
ENSEAST00005034150	TAA	338
ENSEAST00005034163	TGA	381
ENSEAST00005003766	TGA	1
ENSEAST00005015092	TAG	246
ENSEAST00005015067	TAG	246
ENSEAST00005015086	TAG	246
ENSEAST00005015074	TAG	246
ENSEAST00005036041	TGA	44
ENSEAST00005013674	TAG	1245
ENSEAST00005012800	TGA	2339
ENSEAST00005012794	TAA	847
ENSEAST00005027058	TGA	110
ENSEAST00005022938	TGA	563
ENSEAST00005022925	TGA	1000
ENSEAST00005022943	TAA	418
ENSEAST00005020983	TGA	2
ENSEAST00005034411	TGA	1
ENSEAST00005034417	TGA	883
ENSEAST00005034415	TGA	883
ENSEAST00005026373	TGA	23
ENSEAST00005012022	TGA	71
ENSEAST00005012024	TAA	438
ENSEAST00005012034	TAG	455
ENSEAST00005012027	TAG	455
ENSEAST00005012042	TAG	455
ENSEAST00005031557	TAA	62
ENSEAST00005031558	TAA	62
ENSEAST00005000226	TAG	276
ENSEAST00005018157	TGA	4139
ENSEAST00005018147	TAG	3238
ENSEAST00005018156	TAG	3238
ENSEAST00005018161	TAG	3238
ENSEAST00005019235	TGA	684
ENSEAST00005019232	TAA	684
ENSEAST00005019230	TGA	684
ENSEAST00005018159	TGA	432
ENSEAST00005017848	TGA	125
ENSEAST00005017855	TGA	125
ENSEAST00005006596	TGA	382
ENSEAST00005007958	TAA	25
ENSEAST00005007942	TGA	3249
ENSEAST00005012383	TAA	1946
ENSEAST00005011056	TGA	406
ENSEAST00005017176	TAG	298
ENSEAST00005036445	TAA	39
ENSEAST00005033439	TAG	959
ENSEAST00005033434	TGA	1470
ENSEAST00005014073	TGA	434
ENSEAST00005032730	TGA	4051
ENSEAST00005032732	TGA	3643
ENSEAST00005006147	TGA	37
ENSEAST00005006152	TGA	37
ENSEAST00005006137	TGA	228
ENSEAST00005032355	TAG	213
ENSEAST00005019938	TGA	1704
ENSEAST00005019935	TGA	1704
ENSEAST00005028518	TAG	2249
ENSEAST00005028528	TGA	54
ENSEAST00005018533	TAG	530
ENSEAST00005015823	TGA	201
ENSEAST00005015820	TGA	1017
ENSEAST00005024955	TAG	826
ENSEAST00005022816	TAA	149
ENSEAST00005022836	TAA	149
ENSEAST00005022822	TAA	149
ENSEAST00005022831	TAA	149
ENSEAST00005022827	TAA	149
ENSEAST00005022839	TAA	149
ENSEAST00005023038	TGA	1511
ENSEAST00005031898	TGA	85
ENSEAST00005031906	TGA	387
ENSEAST00005021483	TGA	768
ENSEAST00005021475	TGA	768
ENSEAST00005021471	TGA	768
ENSEAST00005016947	TAA	91
ENSEAST00005016944	TAA	1910
ENSEAST00005031117	TAG	130
ENSEAST00005031125	TGA	516
ENSEAST00005019116	TAA	145
ENSEAST00005019105	TGA	282
ENSEAST00005018017	TGA	24
ENSEAST00005000077	TAG	104
ENSEAST00005000089	TGA	561
ENSEAST00005000113	TAA	267
ENSEAST00005018393	TAA	599
ENSEAST00005018388	TAA	104
ENSEAST00005030520	TGA	24
ENSEAST00005034373	TGA	1000
ENSEAST00005034376	TAG	1000
ENSEAST00005034368	TGA	1000
ENSEAST00005034018	TGA	544
ENSEAST00005034005	TGA	1385
ENSEAST00005034009	TGA	1385
ENSEAST00005029102	TAA	390
ENSEAST00005003442	TGA	155
ENSEAST00005003450	TGA	137
ENSEAST00005003444	TAG	137
ENSEAST00005003446	TAG	11
ENSEAST00005003263	TAA	1046
ENSEAST00005005487	TGA	17
ENSEAST00005035401	TGA	1266
ENSEAST00005035397	TGA	1
ENSEAST00005035395	TGA	696
ENSEAST00005014513	TGA	551
ENSEAST00005021176	TAG	396
ENSEAST00005014515	TGA	760
ENSEAST00005034913	TGA	380
ENSEAST00005028483	TAG	66
ENSEAST00005026014	TAA	137
ENSEAST00005026008	TAA	127
ENSEAST00005026007	TAA	127
ENSEAST00005035492	TGA	481
ENSEAST00005035489	TGA	481
ENSEAST00005017435	TGA	305
ENSEAST00005017434	TGA	684
ENSEAST00005026868	TGA	67
ENSEAST00005016004	TAA	1496
ENSEAST00005015999	TAA	1496
ENSEAST00005015994	TAG	793
ENSEAST00005007123	TAG	128
ENSEAST00005007117	TAG	1459
ENSEAST00005007111	TAG	1459
ENSEAST00005007103	TAG	62
ENSEAST00005022090	TGA	36
ENSEAST00005022069	TAA	36
ENSEAST00005026505	TAA	26
ENSEAST00005026499	TGA	595
ENSEAST00005018883	TGA	708
ENSEAST00005018881	TGA	708
ENSEAST00005028096	TAG	554
ENSEAST00005028092	TAG	554
ENSEAST00005005772	TGA	1000
ENSEAST00005018298	TGA	44
ENSEAST00005025754	TGA	25
ENSEAST00005025760	TGA	353
ENSEAST00005006435	TGA	1000
ENSEAST00005006437	TGA	1000
ENSEAST00005006440	TGA	85
ENSEAST00005006454	TAA	37
ENSEAST00005032056	TGA	1
ENSEAST00005032062	TGA	1
ENSEAST00005032052	TAA	177
ENSEAST00005032071	TAA	1788
ENSEAST00005032051	TAA	1788
ENSEAST00005034051	TGA	608
ENSEAST00005034036	TGA	201
ENSEAST00005035195	TAG	159
ENSEAST00005035203	TAG	159
ENSEAST00005022404	TGA	413
ENSEAST00005002354	TAA	22
ENSEAST00005002351	TAG	34
ENSEAST00005027812	TAG	148
ENSEAST00005027811	TGA	616
ENSEAST00005034172	TGA	323
ENSEAST00005034166	TGA	650
ENSEAST00005016066	TGA	362
ENSEAST00005019909	TAG	1182
ENSEAST00005019914	TGA	1
ENSEAST00005029368	TGA	42
ENSEAST00005029364	TAG	1660
ENSEAST00005029371	TGA	1660
ENSEAST00005029378	TAG	1660
ENSEAST00005017691	TGA	3218
ENSEAST00005016600	TGA	660
ENSEAST00005024108	TGA	712
ENSEAST00005037005	TGA	14
ENSEAST00005037006	TGA	14
ENSEAST00005037007	TGA	14
ENSEAST00005022457	TGA	578
ENSEAST00005022451	TAG	53
ENSEAST00005022449	TGA	1000
ENSEAST00005022466	TGA	220
ENSEAST00005031189	TGA	393
ENSEAST00005031191	TGA	393
ENSEAST00005031190	TAA	1000
ENSEAST00005031192	TGA	61
ENSEAST00005031198	TAA	462
ENSEAST00005004239	TAA	1003
ENSEAST00005004236	TAA	1003
ENSEAST00005001205	TGA	823
ENSEAST00005027339	TGA	169
ENSEAST00005027337	TAG	293
ENSEAST00005019676	TAG	801
ENSEAST00005019681	TAG	801
ENSEAST00005019679	TAG	801
ENSEAST00005001017	TAG	1422
ENSEAST00005001013	TAG	1422
ENSEAST00005033659	TGA	11
ENSEAST00005002897	TAG	413
ENSEAST00005002894	TAG	413
ENSEAST00005002906	TAG	413
ENSEAST00005002901	TAG	413
ENSEAST00005002910	TAG	413
ENSEAST00005002903	TAG	413
ENSEAST00005035843	TAG	224
ENSEAST00005035885	TGA	55
ENSEAST00005035868	TGA	432
ENSEAST00005035850	TGA	432
ENSEAST00005035841	TGA	39
ENSEAST00005035857	TGA	432
ENSEAST00005035863	TGA	432
ENSEAST00005035876	TGA	432
ENSEAST00005035845	TGA	432
ENSEAST00005035881	TGA	55
ENSEAST00005013248	TAG	255
ENSEAST00005024414	TGA	734
ENSEAST00005024422	TGA	552
ENSEAST00005020489	TAA	5
ENSEAST00005026795	TAA	10
ENSEAST00005026786	TAA	10
ENSEAST00005028301	TAG	234
ENSEAST00005010779	TGA	2443
ENSEAST00005010783	TGA	153
ENSEAST00005031346	TAA	213
ENSEAST00005000733	TAG	288
ENSEAST00005000718	TGA	627
ENSEAST00005017882	TAA	117
ENSEAST00005030651	TGA	72
ENSEAST00005016763	TAG	229
ENSEAST00005029614	TAA	249
ENSEAST00005029610	TGA	43
ENSEAST00005029605	TGA	1528
ENSEAST00005023709	TGA	1001
ENSEAST00005006972	TGA	289
ENSEAST00005006967	TGA	221
ENSEAST00005003160	TAA	240
ENSEAST00005034254	TGA	538
ENSEAST00005012956	TGA	579
ENSEAST00005037356	TGA	166
ENSEAST00005037365	TAA	1895
ENSEAST00005034785	TGA	621
ENSEAST00005006013	TGA	248
ENSEAST00005005983	TGA	35
ENSEAST00005032238	TGA	91
ENSEAST00005032272	TAG	505
ENSEAST00005001754	TAG	21
ENSEAST00005028355	TAA	416
ENSEAST00005024682	TAA	8
ENSEAST00005004785	TGA	1801
ENSEAST00005027697	TGA	270
ENSEAST00005009442	TGA	620
ENSEAST00005009440	TGA	1382
ENSEAST00005030026	TAG	2
ENSEAST00005010018	TGA	1000
ENSEAST00005027984	TGA	1000
ENSEAST00005026225	TAA	43
ENSEAST00005026222	TAA	43
ENSEAST00005026223	TAA	43
ENSEAST00005026219	TAA	43
ENSEAST00005000422	TGA	78
ENSEAST00005000427	TAG	78
ENSEAST00005000402	TAA	22
ENSEAST00005000430	TAA	22
ENSEAST00005025491	TGA	560
ENSEAST00005025495	TGA	252
ENSEAST00005016415	TAA	1892
ENSEAST00005016420	TGA	260
ENSEAST00005002056	TGA	1377
ENSEAST00005002044	TGA	167
ENSEAST00005006675	TAA	165
ENSEAST00005031621	TGA	77
ENSEAST00005031626	TGA	77
ENSEAST00005031637	TGA	77
ENSEAST00005031632	TGA	77
ENSEAST00005031644	TAA	77
ENSEAST00005031646	TGA	77
ENSEAST00005015382	TAG	29
ENSEAST00005015394	TGA	116
ENSEAST00005015392	TGA	749
ENSEAST00005034519	TAG	1000
ENSEAST00005013867	TGA	37
ENSEAST00005035976	TAA	635
ENSEAST00005035969	TAG	1000
ENSEAST00005035965	TAG	1000
ENSEAST00005035974	TAG	1000
ENSEAST00005035963	TAG	1000
ENSEAST00005018705	TAG	738
ENSEAST00005025028	TAA	538
ENSEAST00005021602	TAA	204
ENSEAST00005021589	TGA	745
ENSEAST00005008977	TAA	459
ENSEAST00005008967	TAA	324
ENSEAST00005008980	TGA	1196
ENSEAST00005018513	TAA	939
ENSEAST00005006652	TAG	176
ENSEAST00005030343	TAG	794
ENSEAST00005030348	TGA	1559
ENSEAST00005001104	TGA	1000
ENSEAST00005001103	TAG	2491
ENSEAST00005001111	TAG	2491
ENSEAST00005001092	TGA	1589
ENSEAST00005001100	TGA	1472
ENSEAST00005001107	TGA	1472
ENSEAST00005029761	TGA	1000
ENSEAST00005029760	TGA	1000
ENSEAST00005029758	TGA	1000
ENSEAST00005029767	TGA	1000
ENSEAST00005029765	TGA	1000
ENSEAST00005011421	TAG	148
ENSEAST00005026618	TGA	615
ENSEAST00005026615	TAA	637
ENSEAST00005019823	TAA	1000
ENSEAST00005006255	TGA	351
ENSEAST00005006240	TGA	881
ENSEAST00005033084	TAG	1773
ENSEAST00005030691	TGA	1000
ENSEAST00005030696	TGA	1010
ENSEAST00005014349	TGA	457
ENSEAST00005006625	TAA	25
ENSEAST00005008339	TAA	10
ENSEAST00005008334	TGA	51
ENSEAST00005008499	TGA	278
ENSEAST00005008500	TGA	278
ENSEAST00005033819	TGA	780
ENSEAST00005033816	TGA	780
ENSEAST00005033822	TAG	369
ENSEAST00005003525	TGA	117
ENSEAST00005003536	TGA	205
ENSEAST00005035679	TAG	65
ENSEAST00005035713	TAA	1000
ENSEAST00005035721	TAA	1000
ENSEAST00005013488	TGA	466
ENSEAST00005013493	TAG	440
ENSEAST00005013492	TGA	366
ENSEAST00005013376	TAA	57
ENSEAST00005036850	TAA	7
ENSEAST00005036852	TAA	7
ENSEAST00005036853	TAA	7
ENSEAST00005021381	TGA	313
ENSEAST00005021382	TGA	313
ENSEAST00005023017	TAA	906
ENSEAST00005023014	TAA	906
ENSEAST00005028193	TGA	33
ENSEAST00005025648	TAA	871
ENSEAST00005023884	TAA	73
ENSEAST00005023886	TGA	69
ENSEAST00005022726	TGA	71
ENSEAST00005029092	TAG	457
ENSEAST00005007369	TGA	706
ENSEAST00005031102	TGA	737
ENSEAST00005000780	TGA	10
ENSEAST00005033014	TGA	908
ENSEAST00005014608	TAA	778
ENSEAST00005008576	TAA	1020
ENSEAST00005030064	TGA	792
ENSEAST00005003861	TAA	1000
ENSEAST00005003856	TAA	31
ENSEAST00005004978	TAA	373
ENSEAST00005012999	TAA	880
ENSEAST00005012997	TAA	880
ENSEAST00005012995	TAA	880
ENSEAST00005012987	TAA	880
ENSEAST00005012993	TAA	880
ENSEAST00005012990	TAG	880
ENSEAST00005024199	TGA	7
ENSEAST00005024193	TGA	1000
ENSEAST00005024797	TGA	47
ENSEAST00005021027	TAA	1099
ENSEAST00005019646	TGA	44
ENSEAST00005019643	TAG	326
ENSEAST00005000565	TGA	1000
ENSEAST00005012151	TAA	20
ENSEAST00005012276	TGA	4
ENSEAST00005012280	TGA	2471
ENSEAST00005012278	TGA	4
ENSEAST00005029205	TGA	1544
ENSEAST00005029207	TGA	676
ENSEAST00005029209	TAA	696
ENSEAST00005004044	TAA	132
ENSEAST00005007819	TGA	10
ENSEAST00005031768	TGA	57
ENSEAST00005031766	TGA	57
ENSEAST00005003066	TGA	1000
ENSEAST00005020207	TAG	1
ENSEAST00005008830	TAG	388
ENSEAST00005008836	TAG	659
ENSEAST00005004756	TAG	1000
ENSEAST00005004753	TAG	1000
ENSEAST00005004758	TGA	289
ENSEAST00005035015	TGA	112
ENSEAST00005035016	TAG	11
ENSEAST00005035006	TAA	1114
ENSEAST00005001866	TGA	615
ENSEAST00005034628	TGA	1097
ENSEAST00005016298	TAG	94
ENSEAST00005006857	TGA	709
ENSEAST00005019164	TGA	1
ENSEAST00005037155	TAA	257
ENSEAST00005036074	TAA	834
ENSEAST00005012717	TAG	898
ENSEAST00005012719	TAG	898
ENSEAST00005012718	TAG	898
ENSEAST00005027048	TAA	92
ENSEAST00005027056	TAG	62
ENSEAST00005025160	TAG	3
ENSEAST00005021745	TAA	218
ENSEAST00005022882	TGA	1115
ENSEAST00005021693	TGA	1266
ENSEAST00005021696	TGA	1000
ENSEAST00005027847	TAG	69
ENSEAST00005026413	TAA	6
ENSEAST00005018094	TAG	320
ENSEAST00005018093	TAG	320
ENSEAST00005000199	TAG	133
ENSEAST00005030819	TGA	862
ENSEAST00005028919	TAA	696
ENSEAST00005023602	TGA	1462
ENSEAST00005023598	TGA	141
ENSEAST00005006531	TAA	183
ENSEAST00005006547	TGA	211
ENSEAST00005002287	TGA	19
ENSEAST00005005345	TGA	1000
ENSEAST00005005343	TGA	135
ENSEAST00005005341	TAG	731
ENSEAST00005005351	TAG	976
ENSEAST00005005352	TAG	976
ENSEAST00005004501	TGA	223
ENSEAST00005004506	TGA	1000
ENSEAST00005036373	TGA	310
ENSEAST00005036358	TGA	12
ENSEAST00005034655	TAG	220
ENSEAST00005034651	TGA	182
ENSEAST00005028581	TAA	1000
ENSEAST00005035758	TAA	351
ENSEAST00005005033	TAA	26
ENSEAST00005015863	TGA	201
ENSEAST00005024874	TAA	1517
ENSEAST00005021467	TAG	807
ENSEAST00005021461	TGA	222
ENSEAST00005021460	TGA	407
ENSEAST00005031915	TGA	16
ENSEAST00005016871	TGA	427
ENSEAST00005009629	TGA	1
ENSEAST00005010851	TGA	1263
ENSEAST00005011601	TAA	194
ENSEAST00005026696	TGA	1167
ENSEAST00005000030	TGA	7
ENSEAST00005000031	TAG	809
ENSEAST00005030584	TAG	360
ENSEAST00005030586	TGA	626
ENSEAST00005014500	TAA	1192
ENSEAST00005014509	TAA	1192
ENSEAST00005003494	TAA	57
ENSEAST00005003488	TAA	57
ENSEAST00005003486	TGA	894
ENSEAST00005002612	TAA	45
ENSEAST00005004033	TGA	728
ENSEAST00005004032	TAG	32
ENSEAST00005035363	TAA	13
ENSEAST00005022253	TGA	608
ENSEAST00005022252	TGA	1632
ENSEAST00005022251	TGA	1632
ENSEAST00005022250	TGA	1632
ENSEAST00005022248	TGA	946
ENSEAST00005022249	TGA	422
ENSEAST00005022243	TGA	2722
ENSEAST00005026446	TAG	30
ENSEAST00005026444	TGA	16
ENSEAST00005019520	TGA	1000
ENSEAST00005019521	TGA	270
ENSEAST00005019524	TGA	270
ENSEAST00005019523	TAA	102
ENSEAST00005017438	TGA	535
ENSEAST00005025954	TAG	899
ENSEAST00005026893	TGA	1
ENSEAST00005007156	TAG	529
ENSEAST00005009926	TGA	1058
ENSEAST00005009920	TGA	7
ENSEAST00005019436	TGA	1428
ENSEAST00005019433	TGA	386
ENSEAST00005006383	TGA	462
ENSEAST00005006394	TAA	43
ENSEAST00005006386	TGA	1180
ENSEAST00005014828	TAA	445
ENSEAST00005014826	TGA	32
ENSEAST00005014819	TAA	309
ENSEAST00005033605	TAA	1715
ENSEAST00005005199	TAA	29
ENSEAST00005005196	TGA	137
ENSEAST00005024609	TAG	187
ENSEAST00005006538	TGA	135
ENSEAST00005026594	TAA	330
ENSEAST00005026597	TGA	330
ENSEAST00005019780	TAA	77
ENSEAST00005004353	TAA	36
ENSEAST00005027752	TAG	267
ENSEAST00005027757	TAG	267
ENSEAST00005025192	TGA	2505
ENSEAST00005019857	TAG	34
ENSEAST00005019862	TAG	536
ENSEAST00005001142	TGA	20
ENSEAST00005000307	TGA	268
ENSEAST00005000311	TGA	274
ENSEAST00005016615	TGA	1000
ENSEAST00005023996	TAA	152
ENSEAST00005023994	TAA	350
ENSEAST00005023997	TAG	1000
ENSEAST00005023995	TGA	1000
ENSEAST00005023984	TGA	1000
ENSEAST00005023985	TAG	966
ENSEAST00005023998	TGA	1000
ENSEAST00005015745	TGA	1381
ENSEAST00005012429	TAG	47
ENSEAST00005012424	TAA	30
ENSEAST00005009404	TAG	156
ENSEAST00005009406	TAG	156
ENSEAST00005004282	TAG	18
ENSEAST00005004251	TAA	544
ENSEAST00005011074	TAA	1001
ENSEAST00005011077	TAA	1001
ENSEAST00005011070	TAA	1001
ENSEAST00005011084	TGA	1461
ENSEAST00005011094	TGA	154
ENSEAST00005000969	TAG	949
ENSEAST00005000961	TAG	949
ENSEAST00005000968	TGA	450
ENSEAST00005006356	TAA	1000
ENSEAST00005006355	TGA	288
ENSEAST00005034775	TAA	800
ENSEAST00005034770	TAG	112
ENSEAST00005006102	TAG	235
ENSEAST00005008463	TGA	285
ENSEAST00005015213	TAA	644
ENSEAST00005015212	TAG	69
ENSEAST00005013328	TAG	992
ENSEAST00005013359	TGA	1
ENSEAST00005018578	TGA	227
ENSEAST00005024996	TAA	711
ENSEAST00005024992	TGA	1000
ENSEAST00005023093	TGA	186
ENSEAST00005023088	TAA	8
ENSEAST00005021564	TAA	1000
ENSEAST00005021556	TAG	2
ENSEAST00005021571	TGA	413
ENSEAST00005029967	TAA	148
ENSEAST00005010739	TAA	1000
ENSEAST00005020117	TAA	61
ENSEAST00005031401	TAG	503
ENSEAST00005031392	TAG	631
ENSEAST00005031387	TGA	42
ENSEAST00005031395	TAG	631
ENSEAST00005020265	TAA	300
ENSEAST00005018484	TGA	713
ENSEAST00005018483	TAA	404
ENSEAST00005018481	TAA	404
ENSEAST00005023789	TAA	1127
ENSEAST00005023778	TAA	1127
ENSEAST00005016241	TAA	1000
ENSEAST00005006994	TGA	5
ENSEAST00005028968	TGA	746
ENSEAST00005006990	TAA	58
ENSEAST00005006987	TAA	58
ENSEAST00005006995	TAA	58
ENSEAST00005006980	TAA	699
ENSEAST00005006996	TGA	885
ENSEAST00005005383	TAA	267
ENSEAST00005005380	TGA	267
ENSEAST00005005387	TGA	334
ENSEAST00005007537	TAG	34
ENSEAST00005007540	TGA	34
ENSEAST00005005447	TGA	1277
ENSEAST00005005449	TGA	42
ENSEAST00005005434	TGA	4231
ENSEAST00005005439	TGA	4231
ENSEAST00005012978	TGA	16
ENSEAST00005004622	TAG	419
ENSEAST00005012971	TAG	1770
ENSEAST00005006106	TGA	948
ENSEAST00005014184	TAG	615
ENSEAST00005035530	TGA	1014
ENSEAST00005015959	TAA	20
ENSEAST00005015962	TGA	1353
ENSEAST00005017033	TAG	23
ENSEAST00005009492	TGA	583
ENSEAST00005011731	TGA	413
ENSEAST00005001295	TAA	102
ENSEAST00005025806	TGA	34
ENSEAST00005025801	TGA	365
ENSEAST00005016456	TGA	1181
ENSEAST00005008129	TAG	29
ENSEAST00005008133	TGA	22
ENSEAST00005008126	TGA	22
ENSEAST00005028678	TAA	530
ENSEAST00005028681	TAA	30
ENSEAST00005002709	TAG	451
ENSEAST00005002699	TGA	1000
ENSEAST00005002717	TAA	95
ENSEAST00005003822	TGA	26
ENSEAST00005013626	TGA	1364
ENSEAST00005035253	TAA	1000
ENSEAST00005019362	TGA	187
ENSEAST00005036766	TGA	1000
ENSEAST00005036767	TGA	1768
ENSEAST00005036768	TAG	1000
ENSEAST00005032866	TAA	259
ENSEAST00005032853	TAA	259
ENSEAST00005032850	TAA	733
ENSEAST00005034528	TGA	103
ENSEAST00005034529	TAG	1000
ENSEAST00005034534	TAA	688
ENSEAST00005028734	TAA	702
ENSEAST00005018591	TGA	420
ENSEAST00005016127	TGA	3862
ENSEAST00005016134	TAA	3753
ENSEAST00005026149	TGA	48
ENSEAST00005035926	TAG	852
ENSEAST00005027095	TGA	775
ENSEAST00005017808	TGA	1000
ENSEAST00005017827	TAA	217
ENSEAST00005015616	TAG	311
ENSEAST00005024120	TAA	931
ENSEAST00005018794	TAG	465
ENSEAST00005021609	TGA	136
ENSEAST00005021601	TAG	37
ENSEAST00005008961	TGA	237
ENSEAST00005008959	TGA	844
ENSEAST00005008955	TAG	98
ENSEAST00005010312	TGA	270
ENSEAST00005018991	TGA	66
ENSEAST00005018997	TGA	24
ENSEAST00005027306	TGA	1160
ENSEAST00005019737	TGA	86
ENSEAST00005011396	TAG	1000
ENSEAST00005006233	TGA	875
ENSEAST00005014465	TGA	514
ENSEAST00005014448	TGA	1304
ENSEAST00005014447	TAA	399
ENSEAST00005013470	TGA	1000
ENSEAST00005035691	TGA	392
ENSEAST00005004946	TAA	407
ENSEAST00005036907	TAG	1052
ENSEAST00005022202	TAG	449
ENSEAST00005000680	TAA	3
ENSEAST00005000679	TGA	1000
ENSEAST00005029537	TAG	1
ENSEAST00005029109	TAA	1086
ENSEAST00005029113	TGA	582
ENSEAST00005023939	TGA	1243
ENSEAST00005023933	TGA	1243
ENSEAST00005023951	TGA	1243
ENSEAST00005007314	TAG	394
ENSEAST00005007425	TGA	31
ENSEAST00005007416	TGA	50
ENSEAST00005016720	TGA	1071
ENSEAST00005004523	TGA	1858
ENSEAST00005000957	TAG	2
ENSEAST00005005538	TGA	429
ENSEAST00005005545	TGA	354
ENSEAST00005032141	TGA	1105
ENSEAST00005032166	TAA	9
ENSEAST00005001611	TGA	1000
ENSEAST00005001688	TAG	67
ENSEAST00005008641	TAA	38
ENSEAST00005014625	TAA	212
ENSEAST00005003969	TGA	1
ENSEAST00005003976	TGA	1
ENSEAST00005036267	TAA	234
ENSEAST00005013137	TAA	9
ENSEAST00005013141	TAA	9
ENSEAST00005035421	TAG	1000
ENSEAST00005024242	TGA	25
ENSEAST00005024241	TGA	25
ENSEAST00005024232	TAG	463
ENSEAST00005024236	TAG	186
ENSEAST00005017374	TGA	126
ENSEAST00005017166	TGA	484
ENSEAST00005022017	TGA	738
ENSEAST00005022008	TGA	738
ENSEAST00005030108	TAG	35
ENSEAST00005026306	TGA	659
ENSEAST00005026303	TGA	56
ENSEAST00005026305	TAA	56
ENSEAST00005026309	TGA	1000
ENSEAST00005000594	TAA	36
ENSEAST00005000597	TAA	36
ENSEAST00005000625	TGA	78
ENSEAST00005030460	TAG	326
ENSEAST00005026045	TGA	239
ENSEAST00005025381	TGA	1357
ENSEAST00005025387	TGA	907
ENSEAST00005025385	TAA	467
ENSEAST00005006763	TGA	1216
ENSEAST00005006760	TGA	6
ENSEAST00005001994	TGA	348
ENSEAST00005001997	TAG	1000
ENSEAST00005007768	TGA	61
ENSEAST00005007757	TGA	32
ENSEAST00005012583	TGA	14
ENSEAST00005016236	TGA	769
ENSEAST00005028967	TGA	1487
ENSEAST00005028966	TGA	1487
ENSEAST00005006852	TAG	1000
ENSEAST00005006859	TAG	1000
ENSEAST00005006843	TAG	1000
ENSEAST00005018468	TAG	128
ENSEAST00005022843	TGA	2193
ENSEAST00005022851	TGA	1
ENSEAST00005018847	TAG	12
ENSEAST00005018846	TGA	108
ENSEAST00005018851	TGA	168
ENSEAST00005000157	TAG	3248
ENSEAST00005000155	TAA	1253
ENSEAST00005000154	TGA	552
ENSEAST00005030743	TAA	269
ENSEAST00005008248	TGA	8
ENSEAST00005008249	TGA	8
ENSEAST00005008244	TAG	244
ENSEAST00005008241	TGA	244
ENSEAST00005008238	TGA	2133
ENSEAST00005008234	TGA	275
ENSEAST00005008232	TGA	275
ENSEAST00005028809	TGA	751
ENSEAST00005015534	TGA	2014
ENSEAST00005015547	TGA	1
ENSEAST00005036427	TAA	489
ENSEAST00005024650	TAG	16
ENSEAST00005025537	TGA	73
ENSEAST00005035810	TGA	1000
ENSEAST00005022569	TAA	35
ENSEAST00005022708	TGA	1042
ENSEAST00005022723	TAA	1985
ENSEAST00005031026	TGA	1000
ENSEAST00005019148	TGA	921
ENSEAST00005019131	TGA	909
ENSEAST00005019133	TGA	909
ENSEAST00005029953	TAA	1000
ENSEAST00005029944	TGA	33
ENSEAST00005005680	TAG	431
ENSEAST00005005683	TGA	81
ENSEAST00005005687	TGA	81
ENSEAST00005026749	TGA	510
ENSEAST00005019194	TGA	221
ENSEAST00005032944	TGA	61
ENSEAST00005006035	TGA	127
ENSEAST00005032282	TAG	763
ENSEAST00005032274	TGA	62
ENSEAST00005032275	TGA	62
ENSEAST00005034458	TGA	326
ENSEAST00005034459	TGA	127
ENSEAST00005001504	TGA	483
ENSEAST00005014763	TAG	43
ENSEAST00005002551	TGA	2278
ENSEAST00005014641	TGA	54
ENSEAST00005033925	TGA	33
ENSEAST00005035314	TGA	1032
ENSEAST00005035325	TAA	554
ENSEAST00005035320	TAA	554
ENSEAST00005012326	TAA	1000
ENSEAST00005031289	TAA	64
ENSEAST00005027944	TGA	17
ENSEAST00005019532	TGA	1000
ENSEAST00005029269	TGA	137
ENSEAST00005029268	TAG	197
ENSEAST00005029261	TGA	185
ENSEAST00005029257	TGA	328
ENSEAST00005007205	TGA	1477
ENSEAST00005007195	TAA	798
ENSEAST00005007201	TAA	798
ENSEAST00005004713	TGA	6
ENSEAST00005009991	TAA	200
ENSEAST00005009997	TAG	233
ENSEAST00005009996	TAG	233
ENSEAST00005027989	TAG	1000
ENSEAST00005027996	TAG	703
ENSEAST00005005758	TAA	55
ENSEAST00005005752	TAG	55
ENSEAST00005011466	TGA	1584
ENSEAST00005006496	TAA	781
ENSEAST00005006403	TGA	486
ENSEAST00005032594	TGA	1965
ENSEAST00005032601	TGA	1965
ENSEAST00005032599	TGA	1965
ENSEAST00005032579	TAA	127
ENSEAST00005032578	TAA	127
ENSEAST00005032586	TGA	444
ENSEAST00005032585	TGA	444
ENSEAST00005008191	TGA	443
ENSEAST00005008195	TGA	266
ENSEAST00005004030	TGA	241
ENSEAST00005004220	TAA	238
ENSEAST00005033574	TGA	143
ENSEAST00005015108	TGA	831
ENSEAST00005015111	TGA	831
ENSEAST00005015117	TGA	831
ENSEAST00005015115	TGA	831
ENSEAST00005009851	TAG	780
ENSEAST00005036072	TGA	798
ENSEAST00005036062	TGA	162
ENSEAST00005036070	TAG	22
ENSEAST00005024567	TGA	167
ENSEAST00005024568	TGA	167
ENSEAST00005007948	TAG	13
ENSEAST00005022970	TGA	363
ENSEAST00005030262	TGA	158
ENSEAST00005026411	TAA	76
ENSEAST00005026408	TAA	458
ENSEAST00005026409	TAA	2
ENSEAST00005026412	TGA	1100
ENSEAST00005026410	TGA	1100
ENSEAST00005026405	TGA	1466
ENSEAST00005018114	TGA	313
ENSEAST00005000246	TGA	12
ENSEAST00005000250	TGA	1000
ENSEAST00005000258	TGA	1000
ENSEAST00005029388	TAA	1000
ENSEAST00005036981	TGA	1000
ENSEAST00005003334	TGA	494
ENSEAST00005003327	TGA	702
ENSEAST00005012464	TGA	7
ENSEAST00005012474	TAA	56
ENSEAST00005011038	TAA	1556
ENSEAST00005011032	TAG	45
ENSEAST00005011031	TGA	382
ENSEAST00005037146	TGA	44
ENSEAST00005037139	TAG	184
ENSEAST00005037140	TAG	184
ENSEAST00005014355	TGA	69
ENSEAST00005006170	TAA	938
ENSEAST00005006168	TAA	938
ENSEAST00005002134	TGA	743
ENSEAST00005015144	TAG	245
ENSEAST00005015142	TAG	245
ENSEAST00005024461	TGA	254
ENSEAST00005018553	TAG	738
ENSEAST00005024911	TGA	33
ENSEAST00005023004	TGA	297
ENSEAST00005023003	TGA	473
ENSEAST00005016962	TAA	445
ENSEAST00005023005	TGA	924
ENSEAST00005031864	TGA	596
ENSEAST00005031865	TGA	596
ENSEAST00005027256	TGA	1000
ENSEAST00005027257	TGA	1000
ENSEAST00005009596	TAG	977
ENSEAST00005009601	TGA	659
ENSEAST00005009605	TGA	91
ENSEAST00005019028	TAG	372
ENSEAST00005011664	TGA	2
ENSEAST00005011665	TAA	1865
ENSEAST00005020158	TGA	156
ENSEAST00005020153	TGA	679
ENSEAST00005020165	TAG	606
ENSEAST00005020162	TGA	1000
ENSEAST00005000061	TAG	4
ENSEAST00005000070	TAG	4
ENSEAST00005034354	TAA	32
ENSEAST00005034338	TGA	336
ENSEAST00005034336	TGA	306
ENSEAST00005029066	TGA	977
ENSEAST00005007056	TGA	185
ENSEAST00005002429	TGA	1203
ENSEAST00005002662	TGA	64
ENSEAST00005002669	TAG	1826
ENSEAST00005005488	TGA	43
ENSEAST00005005475	TAG	493
ENSEAST00005014285	TGA	2201
ENSEAST00005021163	TGA	368
ENSEAST00005021157	TGA	1000
ENSEAST00005028461	TGA	268
ENSEAST00005028460	TAG	142
ENSEAST00005036285	TAG	2203
ENSEAST00005036283	TAG	2203
ENSEAST00005035515	TAG	791
ENSEAST00005026846	TAG	1000
ENSEAST00005015980	TGA	493
ENSEAST00005024774	TAG	295
ENSEAST00005013254	TAA	1000
ENSEAST00005017084	TAA	312
ENSEAST00005009546	TAA	43
ENSEAST00005011741	TAA	45
ENSEAST00005019347	TAG	1000
ENSEAST00005019353	TAG	1000
ENSEAST00005001264	TGA	822
ENSEAST00005001261	TGA	822
ENSEAST00005001256	TGA	822
ENSEAST00005001265	TAA	327
ENSEAST00005025777	TAG	1000
ENSEAST00005025774	TAG	683
ENSEAST00005030493	TGA	745
ENSEAST00005030871	TAA	163
ENSEAST00005034087	TAA	8
ENSEAST00005034083	TAA	8
ENSEAST00005014872	TAG	81
ENSEAST00005012656	TAG	688
ENSEAST00005012672	TGA	26
ENSEAST00005012679	TAG	751
ENSEAST00005012676	TAG	760
ENSEAST00005012684	TGA	26
ENSEAST00005036717	TAG	210
ENSEAST00005036730	TAG	546
ENSEAST00005032750	TAG	22
ENSEAST00005020888	TAA	172
ENSEAST00005017755	TGA	8
ENSEAST00005024071	TGA	2192
ENSEAST00005022430	TGA	301
ENSEAST00005022424	TGA	817
ENSEAST00005004207	TAG	346
ENSEAST00005004433	TGA	1000
ENSEAST00005004419	TAG	181
ENSEAST00005031151	TGA	157
ENSEAST00005031152	TGA	157
ENSEAST00005031149	TGA	157
ENSEAST00005031173	TAG	351
ENSEAST00005027365	TAA	354
ENSEAST00005027380	TGA	116
ENSEAST00005011161	TAA	46
ENSEAST00005011160	TAG	46
ENSEAST00005036995	TAA	133
ENSEAST00005000975	TGA	1480
ENSEAST00005033123	TAA	198
ENSEAST00005006265	TGA	544
ENSEAST00005001408	TAG	516
ENSEAST00005001402	TGA	66
ENSEAST00005001400	TAA	111
ENSEAST00005014378	TGA	138
ENSEAST00005014368	TAA	1213
ENSEAST00005033795	TGA	234
ENSEAST00005033788	TAA	1019
ENSEAST00005033791	TGA	13
ENSEAST00005033781	TGA	755
ENSEAST00005002919	TGA	614
ENSEAST00005002926	TGA	1651
ENSEAST00005002931	TGA	434
ENSEAST00005002933	TGA	465
ENSEAST00005002936	TGA	434
ENSEAST00005002928	TGA	749
ENSEAST00005036905	TAG	239
ENSEAST00005022157	TGA	441
ENSEAST00005028269	TGA	2
ENSEAST00005028265	TGA	2
ENSEAST00005028272	TGA	357
ENSEAST00005020036	TAA	449
ENSEAST00005019654	TGA	247
ENSEAST00005000643	TGA	590
ENSEAST00005017660	TGA	88
ENSEAST00005017658	TGA	88
ENSEAST00005017652	TGA	88
ENSEAST00005017649	TGA	88
ENSEAST00005017654	TGA	88
ENSEAST00005016789	TGA	1000
ENSEAST00005016794	TAG	1000
ENSEAST00005029588	TAA	580
ENSEAST00005007397	TGA	96
ENSEAST00005007434	TGA	20
ENSEAST00005003232	TGA	1409
ENSEAST00005003241	TGA	420
ENSEAST00005012937	TGA	169
ENSEAST00005012942	TGA	169
ENSEAST00005012938	TGA	129
ENSEAST00005011200	TAA	314
ENSEAST00005011198	TAA	314
ENSEAST00005004186	TAA	939
ENSEAST00005004182	TAA	939
ENSEAST00005037342	TAG	466
ENSEAST00005037345	TAG	1979
ENSEAST00005005962	TGA	9
ENSEAST00005005953	TAA	29
ENSEAST00005005966	TAA	1737
ENSEAST00005014698	TGA	15
ENSEAST00005024283	TGA	363
ENSEAST00005024286	TGA	471
ENSEAST00005024287	TGA	439
ENSEAST00005021958	TGA	828
ENSEAST00005021957	TAA	862
ENSEAST00005009423	TGA	1176
ENSEAST00005009422	TGA	1176
ENSEAST00005030056	TAG	1405
ENSEAST00005030057	TAG	903
ENSEAST00005026204	TAG	208
ENSEAST00005019477	TGA	457
ENSEAST00005026196	TAA	233
ENSEAST00005020416	TGA	1000
ENSEAST00005000371	TGA	1
ENSEAST00005030361	TAG	1445
ENSEAST00005030355	TAG	89
ENSEAST00005016375	TGA	248
ENSEAST00005016377	TAA	292
ENSEAST00005016373	TGA	578
ENSEAST00005016372	TGA	578
ENSEAST00005002009	TGA	181
ENSEAST00005006697	TGA	712
ENSEAST00005006710	TGA	198
ENSEAST00005002812	TAA	751
ENSEAST00005031654	TGA	811
ENSEAST00005012513	TAA	3
ENSEAST00005015365	TGA	1273
ENSEAST00005015364	TGA	1273
ENSEAST00005035112	TAG	645
ENSEAST00005035100	TAG	133
ENSEAST00005035106	TAG	89
ENSEAST00005034372	TGA	1000
ENSEAST00005035896	TGA	1706
ENSEAST00005035903	TGA	1706
ENSEAST00005015719	TAG	1
ENSEAST00005015713	TGA	616
ENSEAST00005021846	TGA	22
ENSEAST00005021854	TGA	1327
ENSEAST00005021860	TGA	1327
ENSEAST00005021850	TGA	1327
ENSEAST00005009005	TAA	93
ENSEAST00005008997	TGA	71
ENSEAST00005008996	TGA	289
ENSEAST00005027519	TGA	38
ENSEAST00005027516	TGA	38
ENSEAST00005018869	TAA	1000
ENSEAST00005018863	TGA	1000
ENSEAST00005001178	TGA	1055
ENSEAST00005000110	TGA	2252
ENSEAST00005030790	TGA	568
ENSEAST00005008230	TAA	41
ENSEAST00005016076	TAG	666
ENSEAST00005016081	TAG	1000
ENSEAST00005003614	TGA	1000
ENSEAST00005003619	TGA	1000
ENSEAST00005003617	TGA	102
ENSEAST00005003612	TGA	765
ENSEAST00005003620	TGA	765
ENSEAST00005003608	TGA	382
ENSEAST00005015494	TGA	850
ENSEAST00005015528	TGA	1241
ENSEAST00005036332	TAA	1000
ENSEAST00005036330	TGA	1326
ENSEAST00005028608	TAA	14
ENSEAST00005028606	TAG	364
ENSEAST00005025612	TGA	211
ENSEAST00005025617	TAA	633
ENSEAST00005023831	TGA	213
ENSEAST00005023828	TGA	213
ENSEAST00005007279	TAA	362
ENSEAST00005007278	TGA	1000
ENSEAST00005007291	TGA	377
ENSEAST00005004072	TGA	636
ENSEAST00005004063	TAG	1616
ENSEAST00005004056	TAA	1
ENSEAST00005004553	TAA	593
ENSEAST00005004549	TAA	593
ENSEAST00005031012	TAG	635
ENSEAST00005027195	TGA	1061
ENSEAST00005027193	TGA	1000
ENSEAST00005011345	TGA	1681
ENSEAST00005011350	TAG	1000
ENSEAST00005011347	TAG	1000
ENSEAST00005011336	TAG	906
ENSEAST00005011546	TGA	44
ENSEAST00005000827	TAA	297
ENSEAST00005000836	TAA	297
ENSEAST00005000824	TAA	10
ENSEAST00005033002	TGA	262
ENSEAST00005001589	TGA	126
ENSEAST00005014574	TGA	183
ENSEAST00005033842	TGA	44
ENSEAST00005033853	TGA	167
ENSEAST00005033850	TGA	167
ENSEAST00005003514	TAG	123
ENSEAST00005003515	TGA	603
ENSEAST00005003510	TAG	438
ENSEAST00005008549	TAG	260
ENSEAST00005008544	TGA	1297
ENSEAST00005001777	TAG	1000
ENSEAST00005002571	TAG	165
ENSEAST00005002575	TGA	2
ENSEAST00005003901	TAG	648
ENSEAST00005003904	TAG	648
