CBN04967.1	TGA	174
CBN21335.1	TAA	200
CBN18992.1	TAA	242
CBN18987.1	TGA	302
CBN20243.2	TGA	112
CBN20243.1	TGA	112
CBN12992.1	TGA	114
CBN12985.1	TAA	135
CBN05919.1	TAA	220
CBN28615.1	TGA	152
CBN04178.1	TAA	290
CBN04175.1	TGA	161
CBN04183.1	TAA	207
CBN02734.1	TAA	112
CBN02731.1	TAA	120
CBN01188.1	TAG	79
CBN01187.1	TAA	27
CBN01190.1	TAA	286
CBN09125.1	TAA	50
CBN09125.2	TAA	68
CBN09131.1	TAA	95
CBN12988.1	TAA	130
CBN07382.1	TGA	17
CBN28893.1	TAA	134
CBN20835.1	TAA	69
CBN20837.1	TGA	81
CBN20841.1	TAG	22
CBN20843.1	TAA	262
CBN09766.1	TGA	208
CBN01719.1	TGA	105
CBN25051.1	TGA	135
CBN25048.1	TGA	100
CBN25476b.1	TAA	377
CBN25478.1	TAG	94
CBN25483.1	TAA	321
CBN24194.1	TAA	51
CBN24192.1	TAA	231
CBN24191.1	TAA	135
CBN24187.1	TAA	57
CBN24186.1	TGA	295
CBN09472.1	TAG	81
CBN32884.1	TGA	89
CBN32885.1	TAA	49
CBN32882.1	TAA	286
CBN32883.1	TAA	15
CBN13267.1	TGA	84
CBN10517.1	TAA	361
CBN11918.1	TAA	125
CBN11922.1	TAA	71
CBN14874.1	TAA	154
CBN18306.1	TAA	111
CBN18308.1	TGA	225
CBN18313.1	TAA	331
CBN09949.1	TAA	379
CBN09953.1	TAA	171
CBN17619.1	TAA	38
CBN17615.1	TGA	167
CBN17617.1	TAA	197
CBN24509.1	TAA	104
CBN19236.1	TAA	249
CBN32484.1	TAG	324
CBN32484.2	TAG	99
CBN08801.1	TAA	67
CBN06314.1	TGA	377
CBN01876.1	TAA	63
CBN07875.1	TAA	123
CBN12629.1	TGA	75
CBN09226.1	TAG	280
CBN20966.1	TAA	97
CBN11534.1	TAA	277
CBN11533.1	TAA	45
CBN15404.1	TGA	130
CBN15401.1	TAA	139
CBN15396.1	TAA	213
CBN20606.2	TAA	114
CBN20606.1	TAA	103
CBN20607.1	TGA	143
CBN20612.1	TAA	286
CBN23575.1	TGA	77
CBN21509.1	TAG	359
CBN21513.1	TAA	117
CBN28394.1	TAG	303
CBN22817.1	TGA	155
CBN25347.1	TGA	376
CBN29944.1	TAA	230
CBN18174.1	TGA	65
CBN12601.1	TAA	149
CBN22071.1	TGA	53
CBN08738.1	TGA	100
CBN29327.1	TAA	197
CBN29328.1	TAA	65
CBN29159.1	TGA	86
CBN08560.1	TAA	50
CBN06231.1	TAA	330
CBN06228.1	TAG	45
CBN06226.1	TAA	255
CBN08155.1	TAA	143
CBN09032.1	TGA	146
CBN04733.1	TGA	88
CBN14526.1	TAA	206
CBN17909.1	TAA	55
CBN05504.1	TGA	192
CBN05499.1	TAA	90
CBN02111.1	TAA	57
CBN31887.1	TGA	91
CBN23897.1	TAA	232
CBN22080.1	TGA	31
CBN15955.1	TGA	27
CBN16762.1	TAA	203
CBN29764.1	TAA	76
CBN29756.1	TAA	143
CBN20382.1	TAA	32
CBN13486.1	TGA	108
CBN11033.1	TAA	27
CBN28131.1	TAG	83
CBN03931.1	TGA	71
CBN26192.1	TAA	38
CBN18845.1	TAA	213
CBN17247.1	TAA	237
CBN04890.1	TGA	74
CBN17254.1	TAA	247
CBN17253.1	TAA	18
CBN12122.1	TAA	220
CBN12117.1	TAA	309
CBN12123.1	TAA	14
CBN12124.1	TAA	87
CBN06790.1	TAG	193
CBN06786.1	TAA	12
CBN06788.1	TAA	554
CBN04260.1	TAG	100
CBN25942.1	TGA	171
CBN03256.1	TGA	24
CBN03260.1	TAA	36
CBN23285.1	TAA	35
CBN01269.1	TAA	100
CBN03479.1	TAA	103
CBN03484.1	TAA	111
CBN18728.1	TGA	56
CBN05994.1	TGA	121
CBN04834.1	TAA	53
CBN04830.1	TAA	156
CBN00839.1	TAG	187
CBN00661.1	TAA	66
CBN03074.1	TAG	46
CBN07496.1	TAG	70
CBN06103.1	TAA	125
CBN19153.1	TAA	137
CBN03834.1	TAA	40
CBN11808.1	TGA	29
CBN17000.1	TAA	100
CBN30786.1	TGA	143
CBN30790.1	TGA	219
CBN14246.1	TAA	102
CBN14250.1	TAA	110
CBN23769.1	TAG	438
CBN28479.1	TAA	49
CBN31965.1	TAA	438
CBN32840.1	TGA	194
CBN03320.1	TAA	104
CBN10371.1	TGA	90
CBN26165.1	TAA	106
CBN26167.1	TGA	64
CBN26168.1	TAG	271
CBN05349.1	TAG	411
CBN04096.1	TGA	71
CBN05526.1	TAA	4
CBN14338.1	TAA	36
CBN07299.1	TAA	57
CBN07298.1	TAA	168
CBN07303.1	TAG	93
CBN32282.1	TGA	115
CBN32279.1	TAA	73
CBN32276.1	TAG	43
CBN00126.1	TAA	92
CBN00128.1	TAA	200
CBN00130.1	TAA	168
CBN08324.1	TAA	35
CBN06930.1	TAA	19
CBN05812.1	TGA	352
CBN05806.1	TGA	189
CBN26393.1	TAG	57
CBN26390.1	TAA	54
CBN01368.1	TAA	113
CBN01597.1	TAA	45
CBN00755.1	TAA	100
CBN00762.1	TAA	68
CBN00764.1	TGA	301
CBN00763.1	TAA	40
CBN21642.1	TAG	485
CBN02330.1	TGA	155
CBN25838.1	TAA	120
CBN21992.1	TGA	366
CBN18093.1	TAA	98
CBN09373.1	TAA	140
CBN09368.1	TAA	33
CBN13169.1	TAG	64
CBN31401.1	TAG	288
CBN10604.1	TAA	115
CBN10595.1	TAA	87
CBN19851.1	TAA	194
CBN15722.1	TAA	64
CBN15722.2	TAA	59
CBN15715.1	TAG	183
CBN30127.1	TGA	128
CBN30575.1	TAA	240
CBN30582.1	TAA	102
CBN23300.1	TGA	349
CBN13995.1	TGA	198
CBN14001.1	TAG	43
CBN24646.1	TAA	254
CBN08477a.1	TAA	481
CBN08477b.1	TAA	481
CBN10942.1	TAA	156
CBN08481.1	TAG	82
CBN10935.1	TAA	133
CBN04459.2	TAA	147
CBN04459.1	TAA	57
CBN23763.1	TGA	341
CBN12677.1	TGA	95
CBN12682.1	TAA	55
CBN14664.1	TAA	495
CBN06447.1	TAA	77
CBN00406.1	TAA	88
CBN00408.1	TGA	262
CBN02967.1	TGA	101
CBN02969.1	TAA	116
CBN03308.1	TAG	42
CBN15883.1	TAA	224
CBN15875.1	TAA	422
CBN28046.1	TAA	209
CBN23872.1	TAG	106
CBN24452.1	TGA	103
CBN24448.1	TGA	183
CBN31129.1	TAA	94
CBN29858.1	TAA	74
CBN18274.1	TGA	72
CBN30357.1	TAG	544
CBN30356.1	TAA	84
CBN12452.1	TAA	252
CBN12453.1	TGA	112
CBN21804.1	TAA	52
CBN25228.1	TAA	59
CBN16486.1	TAA	66
CBN16493.1	TAG	96
CBN14157.1	TAG	136
CBN30700.1	TAG	94
CBN03557.1	TAA	337
CBN18377.1	TGA	197
CBN18379.1	TAA	70
CBN18382.1	TAA	174
CBN05161.1	TAA	146
CBN09984.1	TGA	75
CBN08690.1	TAA	136
CBN18035.1	TGA	273
CBN18035.2	TGA	284
CBN07093.1	TGA	269
CBN02524.1	TGA	157
CBN08007.1	TGA	58
CBN00580.1	TAA	23
CBN16331.1	TAA	528
CBN24393.1	TAA	122
CBN23216.1	TAA	125
CBN10290.1	TAA	330
CBN23694.1	TAA	139
CBN26093.1	TGA	40
CBN17109.1	TAA	37
CBN10147.1	TAG	34
CBN10148.1	TAG	37
CBN17843.1	TGA	22
CBN17839.1	TAA	47
CBN25375.1	TGA	18
CBN22439.1	TAA	59
CBN11107.1	TAA	49
CBN11105.1	TAA	149
CBN11110.1	TAA	94
CBN21755.1	TGA	192
CBN11346.1	TAA	252
CBN11349.1	TAA	164
CBN11351.1	TAA	81
CBN09399.1	TAA	10
CBN09397.1	TAA	119
CBN12966.1	TAA	140
CBN14801.1	TAA	148
CBN14798.1	TAA	135
CBN31741.1	TGA	314
CBN31738.1	TAA	182
CBN29669.1	TGA	53
CBN08254.1	TGA	104
CBN08246.1	TAA	138
CBN18593.1	TAA	147
CBN08865.1	TAA	379
CBN07268.1	TAG	85
CBN08895.1	TAA	63
CBN08896.1	TAG	208
CBN08897.1	TAA	408
CBN17324.1	TAA	38
CBN06936.1	TAA	93
CBN06940.1	TAA	105
CBN01291.1	TAG	113
CBN01289.1	TAA	35
CBN32750.1	TAA	57
CBN00676.1	TAA	6
CBN00677.1	TAA	224
CBN00681.1	TGA	149
CBN02181.1	TGA	53
CBN00030.1	TGA	549
CBN00027.1	TAA	39
CBN07777.1	TAA	15
CBN07783.1	TAG	347
CBN08103.1	TGA	86
CBN19344.1	TGA	112
CBN22246.1	TAA	142
CBN15473.1	TAA	41
CBN15474.1	TGA	27
CBN15496.1	TGA	24
CBN15497.1	TAA	208
CBN29465.1	TAA	177
CBN28555.1	TGA	45
CBN23879.1	TAA	270
CBN23876.1	TGA	40
CBN32807.1	TAA	43
CBN10472.1	TGA	53
CBN10465.1	TAA	64
CBN10466.1	TAG	71
CBN13376.1	TAA	112
CBN13384.1	TGA	191
CBN28420.1	TAA	10
CBN03945.1	TGA	159
CBN29128.1	TAA	68
CBN26403.1	TAA	58
CBN14151.1	TAA	47
CBN20130.1	TAA	260
CBN12755.1	TAA	193
CBN17964.1	TAG	79
CBN04378.1	TAA	88
CBN17959.1	TAA	42
CBN06014.1	TGA	210
CBN17956.1	TAA	86
CBN06735.1	TAA	99
CBN22918.1	TAA	429
CBN22916.1	TAA	87
CBN11248.1	TAA	87
CBN05200.1	TAA	49
CBN07615.1	TAA	43
CBN07618.1	TAG	188
CBN07622.1	TGA	137
CBN00226.1	TAA	129
CBN08404.1	TAA	344
CBN06917.1	TAA	67
CBN05753.1	TAA	106
CBN05754.1	TAA	275
CBN01166.1	TAA	58
CBN20545.1	TGA	385
CBN02433.1	TAA	69
CBN02426.1	TGA	152
CBN02431.1	TGA	192
CBN00555.1	TGA	65
CBN18190.1	TAA	75
CBN18188.1	TAA	333
CBN19456.1	TGA	117
CBN19455.1	TAA	96
CBN19459.1	TGA	273
CBN16711.1	TAG	387
CBN16712.1	TAG	108
CBN16706.1	TGA	36
CBN15797.1	TGA	140
CBN15796.1	TGA	116
CBN29117.1	TAA	98
CBN29116.1	TGA	109
CBN14450.1	TAG	40
CBN14449.1	TAA	195
CBN14079.1	TAA	135
CBN04928.1	TAG	287
CBN05081.1	TGA	154
CBN06832.1	TGA	43
CBN08603.1	TAG	30
CBN05949.1	TAA	61
CBN05950.1	TAA	63
CBN10710.1	TAA	69
CBN20227.1	TGA	136
CBN04648.1	TAA	21
CBN04652.1	TAA	67
CBN04649.1	TGA	8
CBN04653.1	TAA	18
CBN12167.1	TAA	140
CBN02053.1	TAA	69
CBN10039.1	TAA	11
CBN19162.1	TAG	269
CBN29145.1	TAA	236
CBN02698.1	TAA	17
CBN21133.1	TAA	213
CBN16002.1	TAA	68
CBN15365.1	TGA	423
CBN15374.1	TAG	63
CBN00298.1	TGA	587
CBN00297.1	TAA	55
CBN22754.1	TGA	53
CBN24196.1	TAA	88
CBN21681.1	TAA	41
CBN21677.1	TAA	204
CBN21675.1	TAA	98
CBN13238.1	TAA	266
CBN10485.1	TAA	99
CBN19651.1	TAA	145
CBN19650.1	TAA	40
CBN10493.1	TAA	85
CBN11891.1	TAG	29
CBN28529.1	TAG	57
CBN28525.1	TAG	344
CBN18342.1	TAG	90
CBN18341.1	TAA	352
CBN18338.1	TAA	55
CBN23392.1	TAA	320
CBN23391.1	TAA	168
CBN30466.1	TAA	233
CBN18669.1	TAG	168
CBN09903.1	TGA	24
CBN15137.1	TAA	55
CBN09899.1	TAA	157
CBN09896.1	TAG	90
CBN09898.1	TGA	47
CBN32527.1	TAA	74
CBN32526.1	TAA	117
CBN12846.1	TGA	52
CBN02600.1	TAG	291
CBN06283.1	TGA	99
CBN06279.1	TAA	212
CBN01912.2	TAA	8
CBN01912.1	TAA	208
CBN02855.1	TAA	74
CBN02264.1	TAA	40
CBN07864.1	TAG	160
CBN09262.1	TAA	74
CBN04776.1	TAA	436
CBN04775.1	TAA	47
CBN16924.1	TAA	84
CBN20624.1	TAG	280
CBN20617.1	TAA	90
CBN10391.1	TAA	209
CBN10387.1	TAA	112
CBN10388.1	TAA	143
CBN20039.1	TGA	330
CBN25959.1	TAA	334
CBN13458.1	TAA	94
CBN13457.1	TAA	88
CBN17876.1	TGA	4
CBN29994.1	TAA	34
CBN22329.1	TGA	45
CBN25349.1	TGA	369
CBN16207.1	TGA	38
CBN16212.1	TAA	359
CBN12649.1	TGA	89
CBN30254.1	TAG	444
CBN09323.1	TAA	173
CBN20556.1	TGA	135
CBN11413.1	TAA	122
CBN11414.1	TAG	329
CBN03674.1	TGA	70
CBN14716.1	TAA	64
CBN29211.1	TAA	253
CBN03145.1	TGA	281
CBN10454.1	TGA	96
CBN18490.1	TGA	94
CBN18491.1	TGA	59
CBN06239.1	TAA	126
CBN06244.1	TAG	361
CBN16216.1	TAG	380
CBN24170.1	TAA	184
CBN17440.1	TAA	124
CBN17437.1	TAA	67
CBN06975.1	TAA	105
CBN06983.1	TGA	5
CBN16782.1	TGA	58
CBN01558.1	TGA	98
CBN01555.1	TGA	108
CBN01555.2	TGA	163
CBN01562.1	TAA	35
CBN02140.1	TAA	156
CBN02144.1	TAG	148
CBN14759.1	TAA	304
CBN19375.1	TAA	123
CBN19378.1	TAA	107
CBN11606.1	TAA	165
CBN11610.2	TAA	166
CBN11610.1	TAA	125
CBN14956.1	TAA	43
CBN11761.1	TGA	102
CBN15579.1	TGA	83
CBN15578.1	TAA	280
CBN09749.1	TGA	125
CBN09751.1	TAA	107
CBN09745.1	TAA	174
CBN23802.1	TAA	99
CBN04397.1	TAA	11
CBN21293.1	TAA	87
CBN21287.1	TAA	291
CBN19037.1	TAA	62
CBN12094.1	TGA	179
CBN12086.1	TAG	187
CBN06818.1	TAA	116
CBN06816.1	TAG	91
CBN06815.1	TAA	49
CBN32116.1	TAA	179
CBN32591.1	TAG	131
CBN18676.1	TGA	176
CBN20807.1	TAA	17
CBN10952.1	TAG	108
CBN00806.1	TAA	84
CBN02566.1	TAA	45
CBN25554.1	TAG	221
CBN07494.1	TGA	417
CBN07488.1	TGA	184
CBN07485.1	TAG	523
CBN05567.1	TGA	63
CBN04516.1	TAG	443
CBN04522.1	TAA	94
CBN03031.1	TGA	349
CBN10569.1	TAA	3
CBN10568.1	TAA	52
CBN10566.1	TGA	53
CBN30876.1	TGA	168
CBN11974.1	TAA	113
CBN23466.1	TAA	199
CBN14195.1	TAA	143
CBN14619.1	TGA	436
CBN14624.1	TAA	112
CBN28451.1	TAG	170
CBN28446.1	TAG	7
CBN17612.1	TAG	268
CBN24523.2	TAA	53
CBN24523.1	TAA	104
CBN03347.1	TAA	48
CBN03348.1	TGA	62
CBN32453.1	TGA	175
CBN19974.1	TAG	53
CBN19973.1	TAA	55
CBN04312.1	TAA	66
CBN04313.1	TAA	83
CBN12916.1	TAA	152
CBN12917.1	TAA	20
CBN12924.1	TGA	167
CBN21878.1	TGA	101
CBN26014.1	TAA	184
CBN26006.1	TAA	439
CBN26008.1	TAA	122
CBN05304.1	TAA	119
CBN12266.1	TAA	171
CBN06355.1	TAG	406
CBN04125.1	TAG	88
CBN04131.1	TAG	161
CBN02782.1	TAA	52
CBN09180.1	TAG	33
CBN08290.1	TAG	112
CBN08289.1	TAA	175
CBN00102.1	TAA	125
CBN04727.1	TGA	63
CBN04725.1	TAA	233
CBN14307.1	TAG	358
CBN20749.1	TGA	152
CBN20750.1	TAA	81
CBN20746.1	TAA	257
CBN26369.1	TAA	138
CBN01650.1	TGA	121
CBN24277.1	TGA	25
CBN24279.1	TGA	312
CBN00979.1	TAA	63
CBN22812.1	TAA	1
CBN22805.1	TAA	241
CBN18143.1	TAA	143
CBN24118.1	TAA	207
CBN24123.1	TAA	351
CBN30328.1	TAA	66
CBN30327.1	TGA	84
CBN25097.1	TAG	122
CBN25098.1	TGA	230
CBN22367.1	TAA	129
CBN29276.1	TAA	209
CBN29284.1	TAG	221
CBN10586.1	TAA	46
CBN15266.1	TAG	142
CBN15272.1	TAA	71
CBN11994.1	TAA	298
CBN11988.1	TAA	130
CBN11990.1	TGA	117
CBN19803.1	TGA	168
CBN15689.1	TAA	247
CBN15694.1	TGA	41
CBN13993.1	TGA	18
CBN23288.1	TGA	92
CBN23292.1	TAA	40
CBN23294b.1	TAA	71
CBN23294a.1	TAA	39
CBN09824.1	TAA	73
CBN09821.1	TAG	367
CBN08529.1	TAA	33
CBN10563.1	TGA	87
CBN03831.1	TAA	399
CBN06058.1	TAG	32
CBN06062.1	TAG	64
CBN25065.1	TGA	38
CBN07062.1	TAA	207
CBN12707.1	TAA	238
CBN18915.1	TAA	184
CBN06399.1	TGA	87
CBN01851.1	TAG	79
CBN31979.1	TGA	95
CBN21195.1	TAA	111
CBN21539.1	TGA	64
CBN17142.1	TAG	244
CBN15930.2	TAA	111
CBN15930.1	TAA	111
CBN14880.1	TAG	57
CBN15933.1	TAA	95
CBN15664.1	TAG	125
CBN15656.1	TAA	226
CBN23528.1	TAA	167
CBN20433.1	TGA	62
CBN28061.1	TAG	198
CBN28059.1	TAA	236
CBN26239.1	TGA	268
CBN25624.1	TGA	265
CBN25616.1	TAA	225
CBN25622.1	TAA	72
CBN03891.1	TAA	60
CBN12419.1	TAG	108
CBN16519.1	TAA	440
CBN16522.1	TGA	298
CBN29065.1	TAA	66
CBN32039.1	TAA	122
CBN03209.1	TAA	347
CBN32839.1	TGA	186
CBN10513.1	TAA	25
CBN31801.1	TAG	170
CBN18761.1	TGA	38
CBN04778.3	TAA	106
CBN04778.2	TAA	198
CBN04778.1	TAA	84
CBN17556.1	TAA	325
CBN18027.1	TAA	88
CBN15275.1	TAA	164
CBN04295.1	TAA	175
CBN07566.1	TGA	315
CBN32899.1	TAG	33
CBN32896.1	TAA	49
CBN21885.1	TAA	176
CBN16358.1	TAG	241
CBN16355.1	TAA	141
CBN16360.1	TAA	163
CBN23492.1	TAA	182
CBN15301.1	TAA	39
CBN14311.1	TAA	73
CBN14311.2	TAA	47
CBN09613.1	TAA	133
CBN23209.1	TAA	161
CBN23212.1	TAA	58
CBN23213.1	TAA	137
CBN23214.1	TGA	96
CBN29583.1	TAG	298
CBN10339.1	TAA	88
CBN10340.1	TAA	391
CBN25069.1	TGA	117
CBN19886.1	TAG	28
CBN24704.1	TAA	184
CBN24699.1	TAA	243
CBN24701.1	TAA	294
CBN17141.1	TAA	327
CBN22764.1	TGA	307
CBN22758.1	TAG	165
CBN17786.1	TGA	111
CBN12186.1	TAG	105
CBN22434.1	TAA	274
CBN06651.1	TAA	1
CBN11076.1	TAA	125
CBN07332.1	TAG	45
CBN07334.1	TGA	118
CBN01116.1	TAA	142
CBN01122.1	TAA	239
CBN32247.1	TAA	147
CBN08217.1	TAA	88
CBN08215.1	TGA	306
CBN18636.1	TGA	244
CBN05819.1	TAA	56
CBN05819.2	TAA	62
CBN06911.1	TAA	163
CBN06907.1	TAA	46
CBN01323.1	TAG	82
CBN00746.1	TGA	84
CBN00747.1	TAG	402
CBN00751.1	TAA	28
CBN00754.1	TAA	167
CBN02667.1	TGA	170
CBN02304.1	TGA	373
CBN00055.1	TGA	52
CBN25808.1	TAA	44
CBN25807.1	TAA	128
CBN07827.1	TAA	48
CBN31373.1	TAA	51
CBN11522.1	TAA	139
CBN11517.1	TAA	62
CBN22223.1	TAG	206
CBN16816.1	TAA	85
CBN16822.1	TAA	110
CBN15773.1	TGA	185
CBN15768.1	TAA	143
CBN23369.1	TAA	44
CBN09548.1	TAG	180
CBN09545.1	TAA	153
CBN14539.1	TAA	145
CBN12829.1	TAA	142
CBN14070.1	TAA	50
CBN23913.1	TAA	181
CBN23908.1	TAA	85
CBN24604.1	TAA	205
CBN24602.1	TAG	513
CBN13414.1	TAG	35
CBN21440.1	TAA	526
CBN21441.1	TGA	49
CBN20139.1	TAG	114
CBN25945.1	TAA	303
CBN30841.1	TAA	86
CBN30839.1	TAA	320
CBN05980.1	TAA	61
CBN02902.1	TAA	34
CBN02899.1	TAA	126
CBN00008.1	TGA	41
CBN05191.1	TAA	193
CBN08388.1	TAA	96
CBN08391.1	TAA	316
CBN00181.1	TGA	204
CBN00176.1	TAA	78
CBN04894.1	TAA	117
CBN04893.1	TAG	82
CBN20503.1	TGA	477
CBN20496.1	TAA	125
CBN10212.1	TGA	77
CBN10207.1	TGA	31
CBN01509.1	TAA	69
CBN01510.1	TGA	40
CBN34433.1	TAA	99
CBN24396.1	TGA	341
CBN24399.1	TAA	56
CBN00898.1	TAA	113
CBN00904.1	TAA	113
CBN24968.1	TAA	131
CBN24965.1	TAG	150
CBN25182.1	TGA	142
CBN25179.1	TAG	248
CBN31310.1	TAA	27
CBN31307.1	TAA	375
CBN31536.1	TAA	40
CBN11731.1	TAG	393
CBN11728.1	TAA	180
CBN19477.1	TAA	135
CBN15793.1	TAA	36
CBN18431.1	TAA	100
CBN18429.1	TAA	61
CBN08632.1	TAG	335
CBN03430.1	TAA	120
CBN08576.1	TAA	56
CBN04864.1	TAG	72
CBN04863.1	TAA	411
CBN04858.1	TGA	77
CBN04859.1	TAG	146
CBN10745.1	TAA	91
CBN10683.1	TAG	76
CBN04600.1	TAA	100
CBN07141.1	TAA	268
CBN06517.1	TAA	117
CBN06518.1	TGA	5
CBN21353.1	TAA	326
CBN03761.1	TGA	186
CBN02018.1	TGA	81
CBN18975.1	TGA	149
CBN08019.1	TAA	558
CBN20246.1	TAG	113
CBN18983.1	TAA	154
CBN01250.1	TAA	209
CBN09111.1	TGA	259
CBN16275.1	TAA	302
CBN16280.1	TAG	469
CBN20857.1	TAA	175
CBN20856.1	TAA	11
CBN16029.1	TAA	239
CBN16034.1	TAG	87
CBN20331.1	TAA	140
CBN23716.1	TAG	329
CBN24991.1	TAA	176
CBN00293.2	TAA	131
CBN00293.1	TAA	90
CBN00289.1	TAA	49
CBN25430.1	TGA	65
CBN10099a.1	TAA	22
CBN12336.1	TAA	93
CBN12338.1	TAA	234
CBN21712.1	TAG	235
CBN21714.1	TGA	158
CBN09452.1	TAA	111
CBN14848.1	TAG	62
CBN14851.1	TAA	152
CBN10502.1	TAG	81
CBN32332.1	TAA	316
CBN13902.1	TGA	105
CBN13896.1	TAA	114
CBN18327.1	TAG	87
CBN18328.1	TGA	50
CBN28167.1	TAA	173
CBN17289.1	TAA	264
CBN05603.1	TAA	75
CBN05597.1	TAA	97
CBN02231.1	TGA	164
CBN20642.1	TGA	52
CBN20913.1	TAA	273
CBN20907.1	TAG	128
CBN16908.1	TAA	17
CBN18641.1	TAA	106
CBN29502.1	TGA	71
CBN15046.1	TGA	74
CBN24126.1	TGA	128
CBN10421.1	TAA	112
CBN32958.1	TAA	64
CBN32957.1	TAA	112
CBN32959.1	TGA	116
CBN32960.1	TAG	43
CBN15554.1	TAA	115
CBN19987.1	TGA	469
CBN19988.1	TAA	155
CBN21522.1	TAA	88
CBN31862.1	TAA	477
CBN17929.1	TGA	140
CBN06712.1	TGA	703
CBN11201.1	TAA	232
CBN11439.1	TAA	95
CBN11438.1	TAG	94
CBN03121.1	TAA	86
CBN03119.1	TAA	258
CBN03117.1	TAA	99
CBN03115.1	TAA	42
CBN05265.1	TAA	221
CBN07594.1	TGA	45
CBN09552.1	TAA	20
CBN08139.1	TGA	67
CBN08474.1	TAA	466
CBN03622.1	TAA	188
CBN00258.1	TGA	60
CBN00257.1	TAA	263
CBN00255.1	TAA	224
CBN09005.1	TGA	28
CBN05703.1	TGA	91
CBN05697.1	TAA	100
CBN05696.1	TAA	267
CBN04711.1	TGA	43
CBN04708.1	TAA	184
CBN07050.1	TAA	520
CBN07052.1	TAA	360
CBN04443.1	TGA	66
CBN02133.1	TAA	99
CBN02125.1	TGA	250
CBN02378.1	TAA	219
CBN25085.1	TAA	325
CBN16634.1	TAA	128
CBN31180.1	TGA	121
CBN07733.1	TAG	125
CBN07728.1	TAG	10
CBN07730.1	TAA	129
CBN11643.1	TAA	34
CBN19447.1	TGA	213
CBN19452.1	TAA	138
CBN19453.1	TGA	282
CBN16122.1	TGA	57
CBN16123.1	TAA	144
CBN19557.1	TAA	198
CBN19556.1	TGA	235
CBN15867.1	TAA	103
CBN15614.1	TAA	126
CBN15607.1	TAA	162
CBN14376.1	TAA	50
CBN15606.1	TAA	231
CBN23077.1	TGA	254
CBN23850.1	TAA	178
CBN23846.1	TAA	260
CBN28820.1	TAA	142
CBN28820.2	TAA	123
CBN32972.1	TGA	46
CBN32976.1	TGA	73
CBN13550.1	TAA	115
CBN03383.1	TAA	160
CBN21321.1	TAA	478
CBN10758.1	TAA	188
CBN19011.1	TGA	122
CBN10909.1	TAG	101
CBN10911.1	TAA	155
CBN30959.1	TAA	429
CBN13050.1	TGA	115
CBN13049.1	TAG	124
CBN05901.1	TAG	297
CBN06849.1	TAA	181
CBN06845.1	TAA	20
CBN05471.1	TGA	47
CBN05470.1	TAA	47
CBN05469.1	TAG	67
CBN20830.1	TAA	94
CBN12102.1	TAA	81
CBN04203.1	TAA	164
CBN02754.1	TGA	152
CBN30230.1	TAG	270
CBN10805.1	TAA	300
CBN22362.1	TAA	41
CBN18850.1	TAA	453
CBN01741.1	TAA	197
CBN00372.1	TAA	18
CBN00368.1	TAG	87
CBN00374.1	TAA	83
CBN25499.1	TAA	388
CBN31460.1	TGA	14
CBN09072.1	TAA	88
CBN00869.1	TAA	264
CBN19122.1	TAG	48
CBN01732.1	TAG	77
CBN19598.1	TAA	367
CBN09657.1	TAA	319
CBN09664.1	TAA	2
CBN14593.1	TAA	174
CBN29634.1	TAA	85
CBN09929.1	TGA	211
CBN09927.1	TGA	167
CBN32834.1	TAA	95
CBN24489.1	TGA	73
CBN24487.1	TAA	150
CBN17373.1	TAA	139
CBN17370.1	TAA	281
CBN03994.1	TAA	124
CBN05285.1	TAA	170
CBN04316.1	TAA	67
CBN01943.1	TAA	115
CBN07904.1	TAA	354
CBN07359.1	TAA	160
CBN07364.1	TAA	188
CBN09245.1	TAA	57
CBN09253.1	TGA	49
CBN09254.1	TAA	145
CBN08304.1	TAA	292
CBN17001.1	TAA	81
CBN11811.1	TGA	316
CBN15420.1	TAA	58
CBN23596.1	TGA	72
CBN23597.1	TGA	129
CBN23603.1	TAA	117
CBN21593.1	TAG	108
CBN21593.2	TAG	105
CBN01031.1	TAA	72
CBN25861.1	TGA	96
CBN22839.1	TAG	401
CBN24855.1	TAG	68
CBN29959.1	TAA	196
CBN29960.1	TGA	89
CBN16244.1	TGA	96
CBN16243.1	TAA	150
CBN16235.1	TGA	21
CBN16241.1	TAA	104
CBN12578.1	TGA	87
CBN25330.2	TAA	151
CBN25330.1	TAA	160
CBN22050.1	TGA	77
CBN09311.1	TAA	347
CBN09312.1	TGA	441
CBN09312.2	TGA	441
CBN09306.1	TAG	47
CBN13147.1	TGA	147
CBN13145.1	TAA	117
CBN32433.1	TGA	122
CBN19791.1	TAA	81
CBN19786.1	TAA	174
CBN14018.1	TAA	116
CBN03973.1	TAA	222
CBN03970.1	TAA	218
CBN03798.1	TAA	17
CBN17394.1	TAA	34
CBN17385.1	TAG	254
CBN12736.1	TGA	98
CBN00467.1	TGA	79
CBN31450.1	TGA	265
CBN13666.1	TAG	11
CBN32846.1	TAG	96
CBN29738.1	TAA	3
CBN23158.1	TAA	112
CBN23563.1	TAA	223
CBN14456.1	TAG	165
CBN14456.2	TAG	266
CBN20402.1	TAA	374
CBN19733.1	TGA	117
CBN19725.1	TAG	270
CBN24898.1	TAA	393
CBN24902.1	TAG	109
CBN26210.1	TAA	44
CBN26209.1	TAA	56
CBN26208.1	TAA	367
CBN26207.1	TAA	241
CBN17186.1	TAA	111
CBN17190.1	TAA	244
CBN17189.1	TAA	60
CBN04910.1	TAG	541
CBN17194.1	TAA	269
CBN04913.1	TAA	284
CBN10816.1	TAA	107
CBN22989.1	TGA	125
CBN29924.1	TAA	157
CBN26166.1	TAA	220
CBN30377.1	TAA	172
CBN12390.1	TGA	121
CBN12394.1	TAA	120
CBN03243.1	TAA	125
CBN32620.1	TGA	7
CBN08748.1	TAA	318
CBN04854.1	TAA	95
CBN04845.1	TAA	44
CBN17978.1	TGA	191
CBN01453.1	TAA	206
CBN00820.1	TAG	89
CBN00816.1	TAA	379
CBN02074.1	TAA	556
CBN08808.1	TAG	209
CBN08068.1	TAA	276
CBN20981.1	TAA	72
CBN34429.1	TGA	122
CBN34428.1	TAA	112
CBN34431.1	TAA	37
CBN11827.1	TAA	250
CBN15346.1	TAA	186
CBN15348.1	TGA	71
CBN09584.1	TAA	247
CBN14673.1	TAA	139
CBN29546.1	TAA	141
CBN24020.1	TAA	236
CBN24574.2	TAA	99
CBN24574.1	TAA	99
CBN24565.1	TAA	107
CBN13317.1	TAA	57
CBN04072.1	TAA	110
CBN04069.1	TAA	198
CBN18948.1	TGA	128
CBN18950.1	TGA	65
CBN12911.1	TAA	203
CBN12913.1	TAA	117
CBN05052.1	TAA	128
CBN05047.1	TAA	250
CBN05053.1	TAG	236
CBN10168.1	TGA	110
CBN10170.1	TGA	36
CBN04097.1	TAG	361
CBN12220.1	TGA	71
CBN12224.1	TAG	343
CBN22378.1	TAA	50
CBN15921.1	TGA	176
CBN14892.1	TAA	55
CBN06604.1	TAA	118
CBN06604.2	TAA	179
CBN06596.1	TAG	150
CBN14887.1	TAA	215
CBN11628.1	TAA	135
CBN07276.1	TGA	31
CBN00154.1	TAG	75
CBN28728.1	TAA	64
CBN23537.1	TAA	71
CBN08185.1	TAA	187
CBN11817.1	TGA	218
CBN05788.1	TAA	191
CBN01089.1	TAA	31
CBN20704.1	TAA	206
CBN20695.1	TAA	189
CBN20672.1	TAA	228
CBN20674.1	TAA	386
CBN26338.1	TAA	318
CBN26340.1	TAA	154
CBN15857.1	TAA	185
CBN15861.1	TGA	49
CBN25775.1	TAA	129
CBN25782.1	TAA	155
CBN24111.1	TGA	175
CBN24105.1	TGA	166
CBN24108.1	TGA	198
CBN18107.1	TAA	97
CBN18109.1	TAG	177
CBN18114.1	TGA	22
CBN22267.1	TAG	163
CBN22299.1	TAA	243
CBN11565.1	TGA	107
CBN15196.1	TAA	78
CBN12023.1	TAA	138
CBN16786.1	TGA	243
CBN19869.1	TAG	124
CBN19870.1	TAA	180
CBN19867.1	TGA	68
CBN14488.1	TAA	119
CBN29533.1	TAA	14
CBN14391.1	TAA	92
CBN24589.1	TGA	100
CBN24594.1	TGA	82
CBN03890.1	TAA	346
CBN03887.1	TAA	108
CBN03885.1	TAA	176
CBN10918.1	TAG	282
CBN08503.1	TGA	161
CBN03894.2	TAA	81
CBN03894.1	TAA	81
CBN06029.1	TAA	356
CBN19097.1	TAA	41
CBN04525.1	TAG	180
CBN06429.1	TAA	327
CBN01779.1	TAA	64
CBN00389.1	TAA	24
CBN00393.1	TAA	223
CBN20387.1	TAA	356
CBN02949.1	TAG	53
CBN21252.1	TAA	143
CBN21254.1	TAG	144
CBN08421.1	TAA	96
CBN08416.1	TAA	186
CBN00214.1	TAA	201
CBN23484.1	TAA	216
CBN01535.1	TAA	61
CBN24431.1	TGA	33
CBN24432.1	TAA	335
CBN00931.1	TAA	39
CBN17271.1	TAA	150
CBN23067.1	TGA	343
CBN23068.1	TAA	86
CBN23074.1	TAG	433
CBN12406.1	TAA	120
CBN18247.1	TAG	106
CBN20213.1	TAG	80
CBN21824.1	TAA	91
CBN31620.1	TAA	107
CBN21817.1	TGA	27
CBN21818.1	TAA	49
CBN21820.1	TGA	89
CBN25211.1	TAG	85
CBN25211.2	TAG	85
CBN25214.1	TAA	164
CBN16506.1	TGA	247
CBN16508.1	TGA	35
CBN31549.1	TAA	48
CBN11738.1	TAA	137
CBN03678.1	TGA	157
CBN19058.1	TAA	32
CBN18057.1	TAA	87
CBN03458.1	TAA	152
CBN08629.1	TAA	115
CBN05403.1	TGA	103
CBN03459.1	TGA	82
CBN07114.1	TGA	28
CBN13057.1	TAA	19
CBN13057.2	TAA	36
CBN13061.1	TAG	72
CBN01986.1	TAA	343
CBN01985.2	TAG	50
CBN01985.1	TAG	49
CBN01993.1	TAA	60
CBN07985.1	TAG	152
CBN00596.1	TAG	247
CBN00601.1	TGA	88
CBN21112.1	TGA	51
CBN21108.1	TAA	168
CBN21114.1	TAA	50
CBN21056.1	TAA	118
CBN21059.1	TAA	50
CBN31606.1	TGA	42
CBN16307.1	TAA	103
CBN06101.1	TAA	133
CBN06097.1	TAA	74
CBN06104.1	TAA	149
CBN17062.1	TAG	97
CBN24306.1	TAA	190
CBN23236.1	TAA	189
CBN16058.1	TAA	53
CBN16060.1	TAA	29
CBN20282.1	TAA	110
CBN14335.1	TAA	131
CBN14344.1	TAA	65
CBN14343.1	TGA	242
CBN10306.1	TAA	99
CBN21644.1	TAA	44
CBN28276.1	TGA	238
CBN26153.1	TAA	178
CBN26153.2	TAA	178
CBN26147.1	TAA	154
CBN25571.1	TAA	87
CBN21573.1	TGA	207
CBN17818.1	TAA	492
CBN24753.1	TGA	63
CBN24748.1	TGA	127
CBN24751.1	TAA	125
CBN10093.1	TAA	122
CBN10091.1	TAA	242
CBN10092.1	TAG	174
CBN24262.1	TAA	9
CBN12294.1	TAA	131
CBN04595.1	TAA	185
CBN15411.1	TGA	50
CBN15412.1	TAG	12
CBN11333.1	TAA	116
CBN14783.1	TAA	28
CBN29423.1	TGA	174
CBN31758.1	TAA	75
CBN18356.1	TAA	94
CBN18361.1	TGA	81
CBN08266.1	TGA	144
CBN08917.1	TGA	68
CBN17336.1	TGA	116
CBN17338.1	TAA	101
CBN17341.1	TGA	228
CBN17342.1	TAA	14
CBN01314.1	TAA	176
CBN32763.1	TAA	195
CBN32771.1	TAA	136
CBN34395.2	TGA	14
CBN34395.1	TGA	14
CBN34394.2	TGA	25
CBN34394.1	TGA	27
CBN00696.1	TAG	413
CBN06923.1	TAA	345
CBN06921.1	TAA	588
CBN06918.1	TAA	202
CBN02621.1	TAA	139
CBN07802.1	TAA	223
CBN20941.1	TAA	230
CBN22193.1	TAA	135
CBN22191.1	TAA	80
CBN30072.1	TGA	471
CBN11485.1	TAG	119
CBN11492.1	TAA	134
CBN09497.1	TAA	37
CBN14566.1	TAA	136
CBN15521.1	TAA	236
CBN14572.1	TGA	205
CBN15523.1	TAG	218
CBN32937.1	TGA	22
CBN32939.1	TAA	123
CBN21560.1	TAA	44
CBN31846.1	TAA	145
CBN24810.1	TGA	174
CBN24806.1	TAA	163
CBN21408.1	TAG	102
CBN32715.1	TAA	241
CBN26273.1	TAA	32
CBN31144.1	TAA	155
CBN22936.1	TGA	83
CBN22940.1	TAA	154
CBN06680.1	TGA	34
CBN22316.1	TAA	92
CBN11228.1	TAA	196
CBN11434.1	TAA	83
CBN03170.1	TAA	402
CBN03592.1	TGA	144
CBN05688.1	TGA	228
CBN16233.1	TGA	120
CBN26414.1	TAA	1
CBN23050.1	TAG	69
CBN34446.1	TAA	67
CBN34443.1	TGA	72
CBN02413.1	TGA	239
CBN14772.1	TGA	344
CBN15717.1	TAA	85
CBN25697.1	TAA	374
CBN25699.1	TAA	200
CBN25665.1	TAA	71
CBN25669.1	TAG	263
CBN31260.1	TAA	121
CBN31262.1	TAA	253
CBN22552.1	TGA	168
CBN22554.1	TAG	74
CBN22165.1	TAA	60
CBN16693.1	TGA	82
CBN17126.1	TGA	79
CBN16691.1	TAG	58
CBN16692.1	TAG	140
CBN30213.1	TGA	236
CBN23132.1	TAA	102
CBN14434.1	TGA	499
CBN09687.1	TAA	76
CBN09688.1	TAG	83
CBN09685.1	TAA	230
CBN14102.1	TGA	56
CBN17525.1	TAA	185
CBN17532.1	TGA	487
CBN17530.1	TAG	92
CBN08582.1	TAA	94
CBN08583.1	TAA	69
CBN26253.1	TAA	101
CBN03764.1	TAA	269
CBN21352.1	TAA	88
CBN18976.1	TAA	74
CBN20245.1	TAG	211
CBN12978.1	TGA	166
CBN04627.1	TAA	142
CBN06488.1	TAG	101
CBN22927.1	TAA	60
CBN02723.1	TAA	53
CBN15983.1	TAG	79
CBN15983.2	TAG	83
CBN01463.1	TAA	215
CBN01457.1	TAA	127
CBN01725.1	TAG	31
CBN00865.1	TAA	193
CBN01734.1	TAA	120
CBN00874.1	TGA	302
CBN17167.1	TAA	254
CBN17173.1	TAA	150
CBN00319.1	TAA	49
CBN22732.1	TAA	61
CBN25488.1	TAA	85
CBN25485.1	TAA	111
CBN24179.1	TAA	118
CBN24180.1	TAA	138
CBN24182.1	TAA	74
CBN24183.1	TAA	297
CBN03862.1	TAA	112
CBN28975.1	TAA	251
CBN09458.1	TAA	41
CBN13261.1	TAA	362
CBN13259.1	TAA	63
CBN13263.1	TAG	23
CBN22610.1	TAG	189
CBN11861.1	TAA	28
CBN11858.1	TGA	115
CBN10545.1	TGA	227
CBN10547.1	TAA	332
CBN10549.1	TAA	203
CBN10551.1	TAG	205
CBN19629.1	TAA	96
CBN19632.1	TAA	85
CBN14258.1	TAA	115
CBN12684.1	TGA	21
CBN14857.1	TAG	91
CBN14859.1	TGA	87
CBN13954.1	TGA	77
CBN26422.1	TAA	16
CBN03665.1	TGA	89
CBN28197.1	TAA	292
CBN32813.1	TAA	39
CBN19189.1	TAG	257
CBN32510.1	TGA	94
CBN07248.1	TAA	506
CBN12785.1	TAA	60
CBN06668.1	TAA	29
CBN06303.1	TAA	73
CBN06304.1	TAG	154
CBN01886.1	TAA	202
CBN01893.1	TAA	71
CBN07889.1	TAA	222
CBN00480.1	TAA	118
CBN15332.1	TGA	34
CBN16938.1	TAA	164
CBN21484.1	TGA	26
CBN20018.1	TAG	320
CBN20015.1	TAA	269
CBN13749.1	TAG	91
CBN25279.1	TAG	315
CBN25276.1	TGA	247
CBN31219.1	TAA	252
CBN18164.1	TAG	256
CBN16227.1	TAA	27
CBN12632.1	TGA	172
CBN12626.1	TAA	357
CBN22063.1	TAA	153
CBN22056.1	TAA	89
CBN22649.1	TAA	189
CBN25118.1	TAA	4
CBN25116.1	TAA	321
CBN25116.2	TAA	190
CBN16581.1	TAA	143
CBN31636.1	TAG	56
CBN29154.1	TAA	143
CBN08173.1	TAA	56
CBN03276.1	TAA	118
CBN05767.1	TGA	122
CBN17421.1	TAA	48
CBN05514.1	TAG	82
CBN05508.1	TGA	102
CBN07003.1	TAA	163
CBN07000.1	TAA	104
CBN02075.1	TAA	80
CBN02080.1	TAA	409
CBN02084.1	TAA	104
CBN02083.1	TGA	11
CBN18931.1	TAA	81
CBN21630.1	TGA	29
CBN07683.1	TAA	49
CBN07679.1	TAA	59
CBN21705.1	TAA	276
CBN19399.1	TAA	34
CBN19404.1	TAA	131
CBN16087.1	TAA	57
CBN16085.1	TAA	109
CBN16089.1	TAA	99
CBN22092.1	TAG	222
CBN22085.1	TAG	195
CBN16417.1	TAA	39
CBN11587.1	TGA	23
CBN11594.1	TAA	265
CBN14938.1	TAG	7
CBN16771.1	TAA	167
CBN16772.1	TGA	126
CBN15641.1	TGA	86
CBN32996.1	TAA	31
CBN13479.1	TAA	129
CBN13477.1	TAG	8
CBN11004.1	TAA	270
CBN19735.1	TGA	95
CBN23777.1	TAG	263
CBN24948.1	TAA	230
CBN26182.1	TAA	42
CBN26184.1	TAA	98
CBN04876.1	TAG	325
CBN17239.1	TAA	347
CBN10204.1	TAA	97
CBN12154.1	TAG	86
CBN06569.1	TAA	172
CBN22659.1	TAA	84
CBN21874.1	TGA	313
CBN03269.1	TGA	145
CBN03271.1	TAA	196
CBN03266.1	TAA	269
CBN03267.1	TAA	83
CBN03492.1	TAA	45
CBN03490.1	TGA	375
CBN18700.1	TGA	166
CBN07158.1	TAG	148
CBN29696.1	TGA	100
CBN32329.1	TAA	22
CBN01380.1	TAA	101
CBN01381.1	TAA	59
CBN01381.2	TAA	59
CBN01382.1	TAA	100
CBN04330.1	TAA	35
CBN26282.1	TGA	84
CBN03036.1	TAA	381
CBN07505.1	TAG	127
CBN07507.1	TAA	1
CBN32865.1	TAA	73
CBN23401.1	TAG	295
CBN09625.1	TAG	356
CBN09627.1	TAA	149
CBN14178.1	TAA	84
CBN14641.1	TAA	267
CBN14636.1	TAG	215
CBN09959.1	TAA	65
CBN28512.1	TAA	114
CBN23988.1	TAA	204
CBN10362.1	TAG	67
CBN13290.1	TAA	14
CBN13289.1	TGA	195
CBN13288.1	TAA	100
CBN28332.1	TAA	10
CBN18900.1	TAG	58
CBN18899.2	TAA	256
CBN18899.1	TAA	176
CBN12939.1	TGA	331
CBN19271.1	TAG	51
CBN19269.1	TGA	80
CBN25989.1	TAA	150
CBN25994.1	TAA	115
CBN04286.1	TAA	183
CBN06587.1	TAA	126
CBN06588.1	TGA	90
CBN04114.1	TAA	362
CBN11585.1	TAA	129
CBN16415.1	TGA	45
CBN09201.1	TAA	165
CBN07310.1	TGA	37
CBN07306.1	TAG	192
CBN00124.1	TGA	119
CBN05797.1	TGA	189
CBN20725.1	TAA	173
CBN20730.1	TAA	387
CBN26387.1	TAG	116
CBN01001.1	TAA	149
CBN24304.1	TAG	170
CBN04149.1	TGA	44
CBN25608.1	TAA	91
CBN16562.1	TAA	47
CBN02317.1	TAA	87
CBN25361.1	TAA	27
CBN25355.1	TAA	130
CBN21982.1	TAA	199
CBN16657.1	TAA	96
CBN22537.1	TAA	2
CBN31722.1	TAA	108
CBN19371.1	TAA	184
CBN19365.1	TGA	213
CBN19373.1	TAA	47
CBN12045.1	TAA	81
CBN12050.1	TAA	36
CBN12054.1	TAA	60
CBN29299.1	TAA	53
CBN23306.1	TAA	250
CBN29233.1	TAG	24
CBN29226.1	TAG	61
CBN29231.1	TAA	219
CBN14006.1	TAG	81
CBN11002.1	TAA	286
CBN11000.1	TAA	142
CBN24622.1	TAG	143
CBN24621.1	TAA	41
CBN11692.1	TAA	407
CBN04471.1	TAA	47
CBN04465.2	TAA	43
CBN04465.1	TAA	26
CBN03851.1	TAA	139
CBN04503.1	TAA	53
CBN12693.1	TAA	317
CBN12689.1	TGA	118
CBN06378.1	TGA	252
CBN01834.1	TAA	124
CBN01828.1	TAA	49
CBN02156.1	TGA	59
CBN07760.1	TAA	91
CBN02964.1	TAA	69
CBN02959.1	TAA	158
CBN02957.1	TGA	16
CBN23514.1	TGA	323
CBN14422.1	TGA	29
CBN20445.1	TAA	61
CBN20451.1	TAA	297
CBN10202.1	TAG	8
CBN28043.1	TAG	209
CBN26360.1	TAA	211
CBN23863.1	TAA	75
CBN13557.1	TAA	30
CBN24456.1	TAA	101
CBN24455.1	TAG	94
CBN25595.1	TAA	21
CBN25596.1	TAG	196
CBN25601.1	TAA	55
CBN25602.1	TAA	172
CBN23020.1	TAA	217
CBN29874.1	TGA	195
CBN29869.1	TGA	112
CBN04744.1	TAG	60
CBN21794.1	TAA	56
CBN16540.1	TAA	216
CBN16537.1	TAA	60
CBN31558.1	TAG	23
CBN32097.1	TGA	102
CBN29052.2	TAA	101
CBN03189.1	TAG	301
CBN03194.1	TAA	319
CBN03571.1	TAA	25
CBN18411.1	TAG	468
CBN14989.1	TAA	167
CBN04795.1	TAA	86
CBN18046.1	TAA	320
CBN05453.1	TAA	136
CBN32726.1	TGA	177
CBN07075.1	TAA	37
CBN12475.1	TAA	36
CBN02550.1	TAA	49
CBN02774.1	TAG	138
CBN03773.1	TAA	38
CBN08001.1	TAA	124
CBN07999.1	TAA	131
CBN08000.1	TAA	45
CBN09171.1	TAA	338
CBN09165.1	TAA	68
CBN21026.1	TAA	70
CBN21031.1	TAG	234
CBN21030.1	TAA	124
CBN16339.1	TGA	158
CBN06091.1	TAA	43
CBN23228.1	TGA	177
CBN23225.1	TAA	70
CBN23226.1	TAA	387
CBN23226.2	TAA	358
CBN23230.1	TAG	113
CBN14330.1	TAG	77
CBN10278.1	TGA	84
CBN13373.1	TAA	186
CBN21608.1	TAA	80
CBN26100.1	TAG	45
CBN26099.1	TAA	196
CBN24723.1	TAA	76
CBN26073.1	TGA	43
CBN26067.1	TAA	70
CBN26067.2	TAA	66
CBN26065.1	TAG	173
CBN10117.1	TAA	250
CBN10123.1	TAG	48
CBN04366.1	TGA	207
CBN12211.1	TAA	91
CBN12212.1	TAA	14
CBN12205.1	TAA	127
CBN15668.1	TAA	37
CBN11095.1	TGA	23
CBN11096.1	TAA	439
CBN21766.1	TAA	320
CBN21771.1	TAA	263
CBN11341.1	TAA	91
CBN11340.1	TAA	52
CBN03698.1	TAG	138
CBN03772.1	TAA	123
CBN18584.1	TGA	231
CBN08894.1	TGA	211
CBN08889.1	TAA	138
CBN01344.1	TAA	160
CBN00692.1	TAA	201
CBN10766.1	TAG	220
CBN02209.1	TAA	194
CBN31356.1	TAA	212
CBN22284.1	TAA	43
CBN11537.1	TAA	123
CBN19291.1	TAA	87
CBN19289.1	TAA	482
CBN22240.1	TGA	37
CBN30041.1	TGA	172
CBN30042.1	TAG	29
CBN16842.1	TAA	232
CBN14524.1	TAA	187
CBN28568.1	TAA	57
CBN31882.1	TAA	101
CBN23886.1	TAA	119
CBN23887.1	TGA	281
CBN32926.1	TGA	9
CBN32923.1	TAA	71
CBN32922.1	TAA	7
CBN32928.1	TAA	41
CBN32927.1	TGA	48
CBN13391.1	TAA	206
CBN18815.1	TAA	221
CBN18818.1	TAG	184
CBN21377.1	TAG	160
CBN21378.1	TAA	116
CBN20123.1	TAA	513
CBN21380.1	TAA	182
CBN20115.1	TAA	98
CBN25888.1	TAA	210
CBN12769.1	TGA	256
CBN12766.1	TAA	309
CBN12768.1	TAG	294
CBN06731.1	TAA	161
CBN06734.1	TAG	215
CBN24777.1	TAA	202
CBN06461.1	TAA	282
CBN06457.1	TAA	52
CBN02881.1	TAA	59
CBN02878.1	TAG	156
CBN07648.1	TAG	594
CBN08414.1	TAA	41
CBN05718.1	TGA	50
CBN20520.1	TAA	180
CBN01494.1	TGA	69
CBN01488.1	TGA	351
CBN24376.1	TAA	495
CBN11468.1	TAA	41
CBN22886.1	TAA	92
CBN31208.1	TAA	50
CBN18198.1	TAA	495
CBN32790.1	TAA	133
CBN22515.1	TAA	79
CBN22516.1	TAA	179
CBN19472.1	TAA	17
CBN19474.1	TAA	369
CBN28726.1	TAA	250
CBN28727.1	TAG	100
CBN15813.1	TAA	183
CBN15814.1	TAA	458
CBN15806.1	TGA	53
CBN14440.1	TAA	288
CBN05110.1	TAA	436
CBN11071.1	TAA	383
CBN11070.1	TAG	194
CBN11066.1	TAA	209
CBN05955.1	TAG	127
CBN17756.1	TAA	66
CBN10904.1	TAA	211
CBN20819.1	TAA	34
CBN06499.1	TGA	461
CBN14701.1	TAA	79
CBN12164.1	TGA	78
CBN12160.1	TAA	93
CBN00649.1	TAG	26
CBN02692.1	TGA	658
CBN02686.1	TGA	121
CBN21142.1	TAA	298
CBN01229.1	TGA	409
CBN25921.1	TGA	99
CBN03042.1	TGA	506
CBN26285.1	TAA	99
CBN16009.1	TGA	19
CBN23737.1	TAA	80
CBN13637.1	TAA	43
CBN13639.1	TAA	252
CBN25008.1	TAA	394
CBN25012.1	TAA	272
CBN22743.1	TGA	53
CBN22741.1	TGA	21
CBN22740.1	TAA	208
CBN09428.1	TAA	228
CBN09425.1	TAA	201
CBN09431.1	TAG	107
CBN13226.1	TAA	239
CBN32137b.1	TAA	388
CBN32137a.1	TAA	388
CBN10484.1	TAA	201
CBN31810.1	TGA	198
CBN00862.1	TAG	65
CBN29720.1	TAA	51
CBN29716.1	TGA	152
CBN29718.1	TAA	343
CBN11882.1	TAA	122
CBN14825.1	TGA	53
CBN13876.1	TGA	450
CBN18351.1	TGA	193
CBN18353.1	TAA	452
CBN23375.1	TAA	140
CBN18657.1	TAA	46
CBN28194.1	TAA	33
CBN18661.1	TGA	53
CBN09910.1	TAA	103
CBN04046.1	TAA	139
CBN17661.1	TAA	245
CBN08972.1	TAA	89
CBN17314.1	TGA	143
CBN06970.1	TAG	159
CBN06969.1	TAA	362
CBN06966.1	TAA	120
CBN02610.1	TGA	84
CBN02611.1	TGA	92
CBN02612.1	TAG	361
CBN02873.1	TAA	103
CBN02871.1	TGA	166
CBN07920.1	TAA	333
CBN16934.1	TAA	236
CBN16925.1	TGA	77
CBN13715.1	TAG	200
CBN10404.1	TGA	350
CBN10403.1	TGA	108
CBN23618.1	TAG	219
CBN15574.1	TAA	140
CBN13467.1	TAA	150
CBN13470.1	TAA	45
CBN20050.1	TGA	404
CBN24838.1	TAA	118
CBN21458.1	TAA	268
CBN21455.2	TAA	49
CBN21455.1	TAA	49
CBN21460.1	TGA	40
CBN25972.1	TAA	339
CBN22856.1	TGA	144
CBN22858.1	TAA	66
CBN22859.1	TAA	350
CBN22862.1	TAA	43
CBN17908.1	TAA	210
CBN25310.1	TAA	117
CBN16182.1	TAA	114
CBN12638.1	TAA	46
CBN12644.1	TGA	97
CBN11177.1	TAA	156
CBN30237.1	TAG	74
CBN11375.1	TAG	473
CBN28990.1	TAG	98
CBN03136.1	TAA	56
CBN03140.1	TGA	113
CBN03141.1	TAA	185
CBN14732.1	TAA	118
CBN14727.1	TGA	201
CBN14726.1	TAA	400
CBN29201.1	TAG	282
CBN17107.2	TAG	187
CBN17107.1	TAG	396
CBN04990.1	TAG	81
CBN04710.1	TGA	36
CBN04985.1	TAG	157
CBN10681.1	TAA	162
CBN08115.1	TAA	99
CBN18500.1	TGA	237
CBN06273.1	TAG	64
CBN06272.1	TGA	79
CBN08992.1	TAA	25
CBN17454.1	TAA	77
CBN17451.1	TAG	255
CBN17452.1	TAA	51
CBN04693.1	TAG	465
CBN06985.1	TAG	117
CBN06994.1	TGA	195
CBN01569.1	TAA	125
CBN01572.1	TAG	58
CBN01567.1	TAA	124
CBN01573.1	TAA	177
CBN00958.1	TAA	1
CBN00956.1	TAA	175
CBN02148.1	TAA	460
CBN07711.1	TAA	55
CBN23993.1	TAA	114
CBN22435.1	TAA	101
CBN21272.1	TAA	65
CBN21268.1	TAG	115
CBN19389.1	TAA	159
CBN16095.1	TAA	104
CBN16101.1	TAA	128
CBN22121.1	TAA	58
CBN14969.1	TAA	95
CBN14965.1	TAA	210
CBN16716.1	TAA	203
CBN15594.1	TAA	159
CBN10360.1	TAA	82
CBN09716.1	TGA	95
CBN09717.1	TAA	73
CBN19642.1	TAA	92
CBN23828.1	TAG	258
CBN13528.1	TAG	261
CBN03400.1	TGA	47
CBN19034.1	TAG	318
CBN30935.1	TAA	70
CBN30941.1	TAA	177
CBN13026.1	TAA	258
CBN13032.1	TAA	158
CBN06829.1	TAA	183
CBN31091.1	TAG	156
CBN17683.1	TAA	117
CBN12080.1	TGA	221
CBN12082.1	TAA	140
CBN15135.1	TAA	89
CBN15140.1	TAA	51
CBN21757.1	TAA	101
CBN03524.1	TAA	283
CBN18692.1	TAA	363
CBN18689.1	TAG	73
CBN20800.1	TAA	233
CBN01758.1	TAA	59
CBN01763.1	TAA	175
CBN04289.1	TAG	193
CBN02563.1	TAA	141
CBN02564.1	TAG	149
CBN02557.1	TAA	440
CBN25519.1	TAG	173
CBN25521.1	TGA	174
CBN24233.1	TAA	113
CBN22644.1	TAG	144
CBN31483.1	TAA	205
CBN22635.1	TAA	156
CBN22639.1	TAA	170
CBN10564.1	TAA	22
CBN19576.1	TAA	250
CBN19580.1	TGA	280
CBN34439.1	TGA	72
CBN23260.1	TAA	38
CBN34435.1	TAA	202
CBN30753.1	TAA	117
CBN29385.1	TGA	57
CBN29392.1	TAA	104
CBN28443.1	TAA	119
CBN31744.1	TAA	221
CBN23456.1	TAA	107
CBN14205.1	TAA	76
CBN13956.1	TAA	187
CBN17583.1	TAA	165
CBN17575.1	TAG	197
CBN17578.1	TGA	511
CBN03363.1	TAA	296
CBN24553.1	TAA	159
CBN03362.1	TAA	23
CBN03359.1	TAA	218
CBN05306.1	TGA	88
CBN05307.1	TAA	64
CBN05314.1	TAG	33
CBN04304.1	TAG	167
CBN12928.1	TAA	230
CBN21887.1	TAA	138
CBN06353.1	TAA	248
CBN06351.1	TAA	270
CBN01924.1	TAA	140
CBN02786.1	TGA	364
CBN08280.1	TGA	32
CBN00086.1	TGA	124
CBN14467.1	TGA	94
CBN20410.1	TGA	252
CBN15441.1	TAA	162
CBN11039.1	TGA	394
CBN19558.1	TAA	79
CBN01635.1	TAA	107
CBN01049.1	TAA	176
CBN18130.1	TGA	318
CBN24131.1	TAA	75
CBN24132.1	TAA	43
CBN24130.1	TAG	135
CBN24134.1	TAA	258
CBN30317.1	TGA	123
CBN30317.2	TGA	123
CBN22026.1	TAA	261
CBN11264.1	TAG	121
CBN11457.1	TAA	130
CBN29287.1	TAA	38
CBN10636.1	TGA	86
CBN21835.1	TAA	84
CBN15255.1	TAA	349
CBN11997.1	TAA	76
CBN19808.1	TAG	251
CBN23336.1	TAA	152
CBN28649.1	TAA	101
CBN09852.1	TAA	157
CBN08522.1	TGA	315
CBN08515.1	TAA	353
CBN06194.1	TAA	241
CBN09068.1	TAA	55
CBN19121.1	TGA	46
CBN04774.1	TAA	287
CBN05537.1	TAA	119
CBN07066.1	TAA	129
CBN12719.1	TAG	231
CBN12718.1	TAA	89
CBN12717.1	TAA	34
CBN31058.1	TAG	99
CBN06407.1	TAA	234
CBN31061.1	TAG	563
CBN01836.1	TGA	200
CBN01843.1	TAA	38
CBN29911.1	TAA	120
CBN21185.1	TGA	6
CBN16390.1	TAG	105
CBN16389.1	TGA	16
CBN14890.1	TAA	132
CBN20420.1	TAA	58
CBN19708.1	TAA	54
CBN17211.1	TAA	43
CBN24884.1	TAG	141
CBN24877.1	TAA	58
CBN25648.1	TAA	166
CBN29904.1	TAA	92
CBN31024.1	TAA	224
CBN10254.1	TAA	184
CBN21324.1	TAG	46
CBN30397.1	TAA	75
CBN30396.1	TAA	36
CBN12413.1	TAA	246
CBN12412.1	TAA	233
CBN12409.1	TAA	62
CBN30403.1	TGA	311
CBN28844.1	TAA	417
CBN28840.1	TAA	174
CBN16533.1	TGA	181
CBN16534.1	TAA	73
CBN22574.1	TAA	68
CBN22565.1	TAA	79
CBN09736.1	TAA	544
CBN29082.1	TGA	38
CBN03219.1	TAG	100
CBN03217.1	TAA	102
CBN08731.1	TGA	95
CBN08727.1	TAG	44
CBN08726.1	TAA	110
CBN04790.1	TGA	272
CBN17996.1	TAA	63
CBN01431.1	TAA	384
CBN32729.1	TAA	395
CBN30581.1	TGA	322
CBN07537.1	TAA	64
CBN07540.1	TAA	26
CBN21165.1	TGA	43
CBN32903.1	TAA	66
CBN32904.1	TAG	91
CBN32901.1	TAA	95
CBN32905.1	TAA	57
CBN32906.1	TAA	51
CBN19656.1	TGA	106
CBN19655.1	TAA	351
CBN19664.1	TAA	143
CBN08575.1	TGA	79
CBN14279.1	TAA	61
CBN15334.1	TAG	523
CBN24295.1	TAA	6
CBN29573.1	TAA	449
CBN29572.1	TAA	234
CBN32864.1	TAA	115
CBN10332.1	TAA	273
CBN10334.1	TAA	83
CBN13337.1	TAA	98
CBN10862.1	TAA	173
CBN10860.1	TAG	73
CBN19881.1	TAA	114
CBN24041.1	TGA	78
CBN24036.1	TAG	100
CBN17146.1	TGA	143
CBN12237.1	TGA	224
CBN12235.1	TGA	67
CBN22395.1	TAA	216
CBN11682.1	TAA	63
CBN06624.1	TAG	408
CBN06618.1	TAA	133
CBN05375.1	TAG	439
CBN11150.1	TAG	112
CBN11148.1	TAA	86
CBN11306.1	TGA	267
CBN11308.1	TAA	155
CBN15005.1	TGA	33
CBN15377.1	TGA	46
CBN01133.1	TAG	148
CBN01130.1	TGA	228
CBN00166.1	TAG	104
CBN08213.1	TAA	95
CBN08355.1	TAA	135
CBN18627.1	TAA	2
CBN05850.1	TAA	110
CBN05851.1	TAG	159
CBN05853.1	TAA	34
CBN20681.1	TGA	152
CBN06897.1	TAA	121
CBN28413.1	TAG	71
CBN26356.1	TAA	381
CBN00716.1	TGA	347
CBN02291.1	TAA	67
CBN25804.1	TAA	79
CBN07824.1	TAA	89
CBN25174.1	TAA	50
CBN22282.1	TAA	391
CBN22275.1	TGA	1
CBN31364.1	TAA	151
CBN16959.1	TAG	106
CBN16961.1	TAA	64
CBN16956.1	TAG	40
CBN19299.1	TAA	353
CBN19300.1	TAA	64
CBN19298.1	TAA	330
CBN19304.1	TAA	160
CBN15757.1	TAA	93
CBN15764.1	TGA	10
CBN30620.1	TGA	411
CBN14549.1	TGA	169
CBN14553.1	TGA	106
CBN32788.1	TAA	48
CBN32916.1	TAG	22
CBN32911.1	TAA	66
CBN32908.1	TAA	82
CBN18871.1	TGA	95
CBN21434.1	TAA	74
CBN21428.1	TAA	154
CBN21427.1	TGA	53
CBN25919.1	TGA	196
CBN25915.1	TAA	203
CBN25917.1	TAA	424
CBN06054.1	TGA	93
CBN06053.1	TAA	357
CBN06050.1	TAA	148
CBN04547.1	TAA	323
CBN10470.1	TAA	47
CBN08438.1	TAA	155
CBN08435.1	TAA	79
CBN00186.1	TAA	231
CBN20510.1	TGA	31
CBN01520.1	TAA	139
CBN18828.1	TAA	226
CBN24413.1	TGA	170
CBN24408.2	TAA	127
CBN24408.1	TAA	125
CBN34434.1	TAG	23
CBN00912.1	TAA	123
CBN00910.1	TAA	171
CBN25758.1	TAA	30
CBN25760.1	TGA	39
CBN20134.1	TGA	84
CBN21394.1	TGA	89
CBN25185.1	TAA	307
CBN31317.1	TAA	195
CBN31321.1	TGA	84
CBN31319.1	TGA	133
CBN23309.1	TAA	163
CBN23307.1	TGA	48
CBN11715.1	TAA	335
CBN11719.1	TAA	12
CBN19553.1	TAG	168
CBN15837.1	TAA	89
CBN15843.1	TAA	276
CBN30657.1	TGA	69
CBN30663.1	TAA	142
CBN00953.1	TAA	339
CBN28752.1	TAG	151
CBN18416.1	TGA	12
CBN00954.1	TAG	70
CBN18423.1	TAA	105
CBN08642.1	TAA	23
CBN05115.1	TAA	69
CBN05116.1	TAA	231
CBN05117.1	TAA	101
CBN10022.1	TGA	247
CBN04867.1	TAA	306
CBN04865.1	TAA	124
CBN17512.1	TAA	438
CBN17963.1	TAG	201
CBN07129.1	TAA	224
CBN07132.1	TGA	133
CBN06551.1	TAA	80
CBN02010.1	TGA	101
CBN02007.1	TAA	68
CBN08046.1	TGA	91
CBN07474.1	TGA	149
CBN21094.1	TGA	86
CBN01238.1	TAA	223
CBN09101.1	TAG	30
CBN09102.1	TAA	43
CBN09099.1	TGA	231
CBN09100.1	TAA	90
CBN09097.1	TAA	75
CBN09098.1	TAA	90
CBN09095.1	TAA	149
CBN09096.1	TAA	92
CBN06119.1	TAA	136
CBN16039.1	TAA	100
CBN20338.1	TAG	59
CBN20343.1	TAA	94
CBN22765.1	TAA	70
CBN23731.1	TAA	290
CBN21623.1	TAA	41
CBN26129.1	TAG	140
CBN26131.1	TGA	146
CBN26132.2	TAA	133
CBN26132.1	TAA	133
CBN26126.1	TAA	284
CBN13630.1	TAA	126
CBN22710.1	TGA	62
CBN22712.1	TGA	63
CBN22705.1	TAA	283
CBN24773.1	TAA	58
CBN25422.1	TGA	190
CBN20985.1	TAG	111
CBN10110.2	TAA	134
CBN10110.1	TAA	134
CBN10107.1	TGA	173
CBN12353.1	TGA	80
CBN12354.1	TAA	135
CBN13203.1	TAA	169
CBN13198.1	TGA	86
CBN14837.1	TAA	50
CBN14835.1	TAG	50
CBN14841.1	TGA	233
CBN14842.1	TAA	170
CBN14839.1	TAA	64
CBN14844.1	TAA	46
CBN31784.1	TAA	96
CBN32324.1	TGA	74
CBN28138.1	TAG	132
CBN08940.1	TGA	22
CBN08937.1	TAA	69
CBN17275.1	TAA	63
CBN05586.1	TAA	121
CBN05585.1	TAA	107
CBN20876.1	TAA	252
CBN22210.1	TGA	134
CBN11508.1	TAA	92
CBN16884.1	TGA	232
CBN09479.1	TAA	423
CBN23673.1	TAG	197
CBN13766.1	TAA	81
CBN13765.1	TGA	114
CBN13773.1	TAA	434
CBN32956.1	TAA	38
CBN15543.1	TAA	44
CBN00398.1	TAA	54
CBN15535.1	TAA	212
CBN13416.1	TAG	69
CBN13415.1	TAG	59
CBN31865.1	TGA	70
CBN23916.1	TAG	102
CBN24790.1	TAA	286
CBN04423.1	TAA	139
CBN04420.1	TGA	163
CBN17920.1	TAA	151
CBN17922.1	TAA	43
CBN22880.1	TAA	85
CBN30027.1	TAA	171
CBN06703.1	TAA	250
CBN11209.1	TGA	150
CBN11447.1	TAA	53
CBN11450.1	TAA	148
CBN31459.1	TAG	103
CBN05236.1	TGA	50
CBN07582.1	TAA	79
CBN07575.1	TAG	120
CBN07008.1	TAA	183
CBN00265a.1	TAA	310
CBN00265b.1	TAA	310
CBN00268.1	TAA	116
CBN00269.1	TAA	125
CBN08149.1	TAA	301
CBN08153.1	TAA	283
CBN03612.1	TAA	149
CBN08402.1	TGA	60
CBN18531.1	TAG	133
CBN05709.1	TAA	102
CBN07023.1	TAA	60
CBN07020.1	TGA	343
CBN15909.1	TAA	52
CBN02388.1	TAG	222
CBN25680.1	TAA	86
CBN25271.1	TAA	281
CBN25266.2	TAA	160
CBN25266.1	TAA	437
CBN32232.1	TGA	219
CBN19422.1	TGA	228
CBN16149.1	TAA	178
CBN16145.1	TAA	288
CBN16752.1	TAG	80
CBN16749.1	TGA	512
CBN30192.1	TAA	92
CBN23105.1	TGA	209
CBN09709.1	TAA	163
CBN09709.2	TAA	163
CBN09712.1	TAA	207
CBN14115.1	TAG	564
CBN23840.1	TAA	85
CBN23837.1	TAG	15
CBN13542.1	TAA	25
CBN03454.1	TAA	95
CBN03450.1	TAA	40
CBN20187.1	TAA	139
CBN20186.1	TAA	46
CBN20190.1	TAA	60
CBN30969.1	TAA	102
CBN13039.1	TAA	384
CBN05914.1	TGA	339
CBN06861.1	TAA	49
CBN12361.1	TAA	42
CBN04192a.1	TAG	148
CBN04192b.1	TAG	148
CBN01088.1	TAA	27
CBN07385.1	TAG	410
CBN32829.1	TAG	320
CBN20849.1	TAA	419
CBN29192.1	TAA	34
CBN32461.1	TGA	353
CBN29191.1	TAA	682
CBN29712.1	TAA	134
CBN30604.1	TAG	342
CBN01749.1	TAA	208
CBN01745b.1	TGA	202
CBN01747.1	TGA	167
CBN10799.1	TAA	49
CBN00338.1	TGA	226
CBN25043.1	TGA	27
CBN02980.1	TAA	103
CBN28402.1	TGA	124
CBN25507.1	TAA	141
CBN24243.1	TAA	130
CBN28401.1	TAA	233
CBN24239.1	TAA	43
CBN29004.1	TGA	206
CBN31468.1	TAG	372
CBN10532.1	TAA	195
CBN19606.1	TGA	54
CBN18298.1	TAA	123
CBN18302.1	TAA	387
CBN30513.1	TAG	426
CBN30512.1	TAG	69
CBN14582.1	TAG	199
CBN14579.1	TAA	125
CBN29618.1	TAA	97
CBN29615.1	TAA	27
CBN18961.1	TAG	94
CBN18960.1	TAA	110
CBN18956.1	TAA	63
CBN32022.1	TGA	59
CBN17654.1	TAA	197
CBN24478.1	TAA	165
CBN24479.1	TGA	167
CBN32824.1	TAA	189
CBN24481.1	TAA	104
CBN32826.1	TAA	189
CBN19252.1	TAA	76
CBN19251.1	TAG	245
CBN03982.1	TGA	198
CBN05670a.1	TGA	112
CBN11360.1	TAA	110
CBN06322.1	TGA	71
CBN01954.1	TAG	222
CBN07912.1	TGA	64
CBN07907.1	TAA	137
CBN09216.1	TAA	60
CBN09224.1	TAA	120
CBN20962.1	TGA	100
CBN20961.1	TAA	377
CBN23589.1	TAA	28
CBN09741.1	TAA	308
CBN21496.1	TGA	174
CBN21502.1	TAG	145
CBN21499.1	TAA	203
CBN01019.1	TAA	131
CBN01020.1	TAA	36
CBN22845.1	TAA	82
CBN31275.1	TAA	289
CBN25340.1	TGA	67
CBN22959.1	TAG	123
CBN29945.1	TAA	327
CBN03602.1	TAG	309
CBN16250.1	TAA	188
CBN16251.1	TAA	59
CBN22043.1	TAA	79
CBN09279.1	TAG	50
CBN13079.1	TGA	41
CBN25140.1	TAG	74
CBN16637.2	TAG	89
CBN16637.1	TAG	94
CBN14679.1	TAA	15
CBN10634.1	TGA	342
CBN10630.1	TGA	59
CBN31700.1	TAA	105
CBN03106.1	TGA	97
CBN03109.1	TAA	149
CBN14025.1	TAA	18
CBN30569.1	TAA	170
CBN23327.1	TAA	90
CBN08566.1	TAA	174
CBN06195.1	TAA	409
CBN03790.1	TAA	88
CBN11677.1	TAA	36
CBN21498.1	TAA	299
CBN05489.1	TGA	207
CBN12753.1	TAG	92
CBN12747.1	TAA	82
CBN02104.1	TAG	168
CBN00463.1	TGA	40
CBN16437.1	TAA	284
CBN16439.1	TAG	261
CBN16444.1	TAA	74
CBN15968.1	TAA	211
CBN14918.1	TAA	209
CBN14915.1	TGA	58
CBN13871.1	TAA	95
CBN13872.1	TAA	168
CBN15623.1	TAA	77
CBN15622.1	TAA	189
CBN24929.1	TAA	110
CBN20265.1	TAA	242
CBN17181.1	TAA	104
CBN10176a.1	TAG	240
CBN10179.1	TAA	53
CBN10180.1	TAA	109
CBN10184.1	TAA	62
CBN23002.1	TAA	106
CBN12130.1	TAA	37
CBN06777.1	TAA	119
CBN30389.1	TAA	68
CBN30390.1	TAA	219
CBN30385.1	TAG	217
CBN04272.1	TGA	54
CBN29114.1	TAA	332
CBN32626.1	TAA	125
CBN32634.1	TAA	45
CBN32101.1	TGA	349
CBN03513.1	TAA	49
CBN03509.1	TAA	131
CBN03511.1	TAA	22
CBN03508.1	TAA	44
CBN18470.1	TAG	260
CBN18721.1	TAA	95
CBN18721.2	TAA	95
CBN18723.1	TGA	134
CBN08739.1	TGA	26
CBN08737.1	TGA	54
CBN08735.1	TAG	46
CBN04820.1	TAG	74
CBN17988.1	TGA	16
CBN17985.1	TAG	134
CBN17986.1	TAA	155
CBN01444.1	TAA	96
CBN32721.1	TAA	100
CBN00853.1	TAA	283
CBN06562.1	TAG	40
CBN00673a.1	TAA	487
CBN00673b.1	TAA	487
CBN00671.1	TAA	41
CBN00668.1	TGA	41
CBN03064.1	TAG	64
CBN15415.1	TAA	133
CBN20586.1	TAA	22
CBN20592.1	TAA	73
CBN22658.1	TGA	584
CBN17012.1	TAG	97
CBN17013.1	TAA	85
CBN03567.1	TGA	119
CBN11798.1	TAA	55
CBN11795.1	TAA	84
CBN15339.1	TAA	59
CBN15335.1	TAA	57
CBN14243.1	TGA	94
CBN14656.1	TAA	60
CBN23760.1	TAA	94
CBN23759.1	TAA	129
CBN29538.1	TGA	76
CBN29536.1	TGA	65
CBN24011.1	TAA	37
CBN24005.1	TGA	79
CBN13660.1	TAA	182
CBN24555.1	TGA	143
CBN24561.1	TAA	109
CBN24562.1	TAG	237
CBN13312.2	TAG	116
CBN13312.1	TAG	115
CBN18884.1	TAA	107
CBN26161.1	TAA	97
CBN26163.1	TAG	359
CBN12878.1	TAA	368
CBN12880.1	TAA	282
CBN21916.1	TGA	82
CBN26049.1	TGA	186
CBN05059.1	TGA	149
CBN05339.1	TGA	39
CBN06609.1	TAA	390
CBN06610.1	TAA	44
CBN12227.1	TAA	165
CBN22394.1	TAA	82
CBN22390.1	TAA	27
CBN04091.1	TGA	44
CBN11115.1	TAA	260
CBN03709.1	TAA	551
CBN13697.1	TAG	20
CBN03707.1	TGA	61
CBN08677.1	TAA	97
CBN02819.1	TAA	137
CBN01080.1	TGA	49
CBN01082.1	TAG	66
CBN32291.1	TAA	401
CBN08181.1	TGA	169
CBN08329.1	TAG	44
CBN05779.1	TAA	164
CBN05781.1	TAA	412
CBN20707.1	TAA	18
CBN20711.1	TAA	211
CBN20662.1	TAA	175
CBN20664.1	TGA	37
CBN22840.1	TGA	114
CBN25864.1	TAA	101
CBN26330.1	TGA	172
CBN01360.1	TAA	125
CBN01359.1	TAG	116
CBN29513.1	TAA	248
CBN01613.1	TGA	48
CBN24859.1	TAG	121
CBN02340.1	TAA	64
CBN25851.1	TAG	347
CBN08511.1	TAA	212
CBN31352.1	TAA	83
CBN25935.1	TGA	236
CBN18096.1	TGA	374
CBN09360.1	TAA	595
CBN09362.1	TGA	138
CBN22260.1	TAA	24
CBN31412.1	TAA	71
CBN11555.1	TAA	65
CBN13164.2	TAA	45
CBN13164.1	TAA	29
CBN13155.1	TAG	150
CBN12025.1	TGA	108
CBN10431.1	TAA	386
CBN15726.1	TAA	136
CBN29238.1	TAG	211
CBN28587.1	TAG	98
CBN14504.1	TAA	36
CBN09780.1	TAA	247
CBN09780.2	TAA	247
CBN09781.1	TGA	189
CBN03947.1	TGA	89
CBN08490.1	TGA	68
CBN06020.1	TAA	193
CBN22319.1	TAA	154
CBN06024.1	TAA	136
CBN03872.1	TAA	69
CBN03871.1	TAG	260
CBN03868.1	TAA	115
CBN20095.1	TAA	88
CBN19108.1	TAA	75
CBN20000.1	TAA	66
CBN04515.1	TAA	295
CBN30880.1	TAG	438
CBN06436.1	TAA	113
CBN06438.1	TAA	218
CBN01813.1	TAA	38
CBN01805.1	TAA	100
CBN01807.1	TAA	282
CBN00379.1	TAA	42
CBN00380.1	TGA	44
CBN00382.1	TGA	127
CBN02939.1	TAG	32
CBN21240.1	TAA	100
CBN08429.1	TAA	14
CBN23491.1	TAA	350
CBN23486.1	TAG	142
CBN20468.1	TGA	66
CBN13790.1	TAA	362
CBN13793.1	TAG	159
CBN05885.1	TAG	83
CBN24437.1	TGA	34
CBN24443.1	TAA	85
CBN29846.1	TAA	60
CBN29848.1	TGA	76
CBN18263.1	TAA	122
CBN13043.1	TAA	307
CBN04987.1	TAA	40
CBN22881.1	TAG	71
CBN21807.1	TAA	6
CBN20649.1	TAA	44
CBN32079.1	TAA	188
CBN32077.1	TGA	78
CBN32083.1	TAG	230
CBN19523.1	TAA	91
CBN19522.1	TGA	304
CBN15831.1	TGA	56
CBN15830.1	TAA	46
CBN14174.1	TAG	131
CBN14166.1	TAA	164
CBN28779.1	TGA	190
CBN28775.1	TGA	161
CBN08673.1	TAA	135
CBN08668.1	TAA	390
CBN05174.1	TAA	41
CBN05169.1	TAA	224
CBN18073.1	TAA	45
CBN04428.1	TAA	322
CBN02529.1	TGA	100
CBN15698.1	TAA	98
CBN01975.1	TGA	90
CBN01976.1	TGA	137
CBN14016.1	TGA	256
CBN07975.1	TAA	97
CBN07976.1	TAG	292
CBN07977.1	TAG	79
CBN07979.1	TAA	19
CBN23433.1	TAA	75
CBN20077.1	TAG	90
CBN20079.1	TAG	331
CBN20082.1	TAA	77
CBN23319.1	TAA	141
CBN23321.1	TAA	232
CBN23318.1	TAA	63
CBN16321.1	TAA	227
CBN16318.1	TAA	115
CBN06107.1	TAA	74
CBN06110.1	TGA	45
CBN23246.1	TAA	166
CBN16071.1	TGA	47
CBN14345.1	TAA	192
CBN14354.1	TAA	64
CBN13581.1	TGA	154
CBN10300.1	TAA	189
CBN10296.1	TAA	91
CBN23682.1	TGA	177
CBN23681.1	TGA	94
CBN23676.1	TAA	236
CBN23684.1	TGA	94
CBN19933.1	TGA	36
CBN26080.1	TAA	100
CBN26079.1	TGA	113
CBN17096.1	TAA	538
CBN24744.1	TAA	171
CBN22470.1	TAA	115
CBN10143.1	TAA	71
CBN10138.1	TAA	38
CBN12297.1	TAA	121
CBN12303.1	TAA	424
CBN04173.1	TAA	116
CBN04174.1	TGA	187
CBN09409.1	TAA	74
CBN11322.1	TAG	97
CBN31751.1	TAA	82
CBN31746.1	TAA	106
CBN29661.1	TAA	20
CBN08263.1	TAA	340
CBN18603.1	TAA	332
CBN18602.1	TGA	323
CBN08856.1	TGA	15
CBN08857.1	TAA	55
CBN08909.1	TAA	175
CBN05859.1	TAA	161
CBN05860.1	TGA	290
CBN17330.1	TAA	79
CBN17328.1	TGA	67
CBN01278.1	TAA	89
CBN01281.1	TGA	36
CBN32773.1	TAA	77
CBN00705.1	TAA	127
CBN02632.1	TGA	370
CBN02186.1	TAA	111
CBN00568.1	TAA	90
CBN00019.1	TAA	152
CBN00021.1	TAA	196
CBN00017.1	TAA	38
CBN07794.1	TGA	22
CBN20950.1	TAA	178
CBN19346.1	TAA	182
CBN19348.1	TAG	33
CBN19351.1	TAA	157
CBN22183.1	TAA	67
CBN22178.1	TGA	63
CBN22176.1	TAG	201
CBN22181.1	TAA	211
CBN30056.1	TAA	161
CBN12742.1	TAA	74
CBN11484.1	TGA	242
CBN15464.1	TAA	373
CBN09513.1	TGA	338
CBN09506.1	TAA	222
CBN09511.1	TGA	45
CBN09510.1	TAA	48
CBN18533.1	TAA	89
CBN03650.1	TAG	117
CBN15511.1	TGA	65
CBN09860.1	TAA	31
CBN17021.1	TGA	40
CBN09637.1	TGA	86
CBN23948.1	TGA	130
CBN32796.1	TAA	298
CBN10457.1	TAA	3
CBN10455.1	TAG	23
CBN10459.1	TGA	195
CBN13447.1	TAG	30
CBN13452.1	TAA	47
CBN13450.1	TAA	40
CBN13454.1	TAA	272
CBN03937.1	TAA	76
CBN21571.1	TAA	462
CBN18800.1	TAA	242
CBN21395.1	TGA	77
CBN25913.1	TAA	253
CBN26247.1	TAG	531
CBN31172.1	TAA	54
CBN06748.1	TAA	263
CBN28957.1	TAA	255
CBN05227.1	TAG	73
CBN05226.1	TAA	273
CBN05231.1	TAA	137
CBN32388.1	TAA	40
CBN05003.1	TAA	49
CBN08101.1	TAA	61
CBN08097.1	TAG	59
CBN05737.1	TAA	81
CBN08454.1	TGA	86
CBN20536.1	TAG	439
CBN20541.1	TGA	145
CBN34451.1	TAA	44
CBN34453.1	TGA	151
CBN34455.1	TGA	49
CBN04373.1	TGA	52
CBN02416.1	TAA	45
CBN02415.1	TAA	140
CBN02423.1	TAG	345
CBN25711.1	TAA	74
CBN25656.1	TAG	251
CBN31265.1	TAA	267
CBN31269.1	TAA	149
CBN32170.1	TAA	280
CBN22535.1	TAA	360
CBN16164.1	TAA	182
CBN11685.1	TGA	37
CBN14420.1	TAA	352
CBN14088.1	TAA	34
CBN10910.1	TAA	26
CBN14094.1	TAA	376
CBN31823.1	TGA	96
CBN05090.1	TGA	41
CBN05938.1	TAA	262
CBN05937.1	TAA	65
CBN32693.1	TAA	59
CBN20217.1	TAA	61
CBN04636.1	TGA	62
CBN04637b.1	TGA	158
CBN13012.1	TAA	201
CBN32227.1	TGA	101
CBN06478.1	TAA	241
CBN20408.1	TAG	132
CBN15911.1	TAA	206
CBN04236.1	TAG	191
CBN04242.1	TAA	132
CBN15080.1	TGA	20
CBN15082.1	TAA	133
CBN15076.1	TAA	1
CBN15075.1	TAA	105
CBN21115.1	TAG	229
CBN01214.1	TGA	23
CBN21772.1	TAG	243
CBN21908.1	TAA	30
CBN00325.1	TAA	104
CBN08792.1	TAA	310
CBN24211.1	TAA	200
CBN25465.1	TGA	112
CBN13254.1	TAG	465
CBN13247.1	TAA	268
CBN32157.1	TAA	221
CBN19643.1	TAA	152
CBN10540.1	TAA	47
CBN14268.1	TAG	106
CBN11897.1	TAA	436
CBN18288.1	TAA	54
CBN18290.1	TAA	372
CBN23439.1	TAA	256
CBN28208.1	TAA	47
CBN09889.1	TGA	45
CBN04032.1	TAG	89
CBN08781.1	TAA	25
CBN19184.1	TAA	91
CBN19181.1	TAG	24
CBN29636.1	TAG	538
CBN32270.1	TAA	56
CBN07178.1	TAA	110
CBN05643.1	TGA	66
CBN05641.1	TAA	259
CBN05637.1	TAA	128
CBN12779.1	TGA	113
CBN01904.1	TAA	381
CBN07938.1	TAA	283
CBN07936.1	TGA	531
CBN20570.1	TAA	282
CBN00488.1	TAA	130
CBN20566.1	TAA	95
CBN07871.1	TGA	2
CBN14459.1	TAG	2
CBN14462.1	TAA	124
CBN14462.2	TAA	80
CBN20395.1	TGA	157
CBN20396.1	TAA	123
CBN16951.1	TAA	75
CBN20398.1	TAG	42
CBN16954.1	TGA	177
CBN15008.1	TAA	97
CBN15383.1	TAA	260
CBN23640.1	TAG	475
CBN24366.1	TAA	74
CBN21611.1	TAA	185
CBN17888.1	TAA	89
CBN17889.1	TGA	66
CBN17893.1	TAA	304
CBN24817.1	TGA	87
CBN24822.1	TAA	181
CBN25293.1	TGA	30
CBN29999.1	TGA	114
CBN16195.1	TAG	141
CBN16203.1	TGA	593
CBN12619.1	TGA	136
CBN12622.1	TAA	123
CBN23109.1	TAA	3
CBN23112.1	TAA	296
CBN09345.1	TAA	249
CBN09351.1	TAG	290
CBN17178.1	TAG	234
CBN13113.1	TGA	378
CBN13112.1	TGA	131
CBN16611.1	TAA	87
CBN14750.1	TAA	166
CBN29138.1	TGA	98
CBN29136.1	TAA	403
CBN18480.1	TAA	118
CBN04908.1	TAA	165
CBN04912.1	TAA	96
CBN04909.1	TAA	170
CBN06250.1	TAA	67
CBN06248.1	TAA	47
CBN06247.1	TAA	38
CBN06253.1	TAA	231
CBN17429.1	TAA	314
CBN17431.1	TAA	18
CBN02262.1	TAA	210
CBN02089.1	TAA	372
CBN31072.1	TGA	58
CBN31066.1	TAG	165
CBN29921.1	TAA	69
CBN07692.1	TAA	97
CBN01665.1	TGA	183
CBN28826.1	TGA	244
CBN19407.1	TAA	271
CBN19413.1	TGA	13
CBN16080.1	TAA	52
CBN16076.1	TGA	115
CBN22095.1	TAA	240
CBN22098.1	TAG	106
CBN30141.1	TAA	198
CBN30139.1	TAA	22
CBN11595.1	TAA	295
CBN14954.1	TAA	319
CBN15647.1	TAA	103
CBN15649.1	TAA	114
CBN09739.1	TAA	220
CBN13506.1	TAA	10
CBN13510.1	TAG	234
CBN13512.1	TAA	130
CBN19766.1	TAA	87
CBN19766.2	TAA	87
CBN19765.1	TAG	323
CBN19772.1	TAA	58
CBN19769.1	TAG	40
CBN21280.1	TGA	31
CBN21279.1	TAG	126
CBN19054.1	TAG	365
CBN04953.1	TAA	45
CBN17225.1	TAA	108
CBN23025.1	TGA	135
CBN17702.1	TAG	92
CBN12135.1	TGA	88
CBN12136.1	TGA	34
CBN21325.1	TAA	217
CBN06812.1	TAA	184
CBN10750.1	TAA	98
CBN06564.1	TAA	132
CBN19002.1	TAA	386
CBN15162.1	TGA	184
CBN15156.1	TAA	97
CBN15157.1	TAA	107
CBN15164.1	TAA	167
CBN28117.1	TAA	50
CBN30967.1	TAA	93
CBN18707.1	TAA	8
CBN18711.1	TAG	108
CBN10609.1	TGA	152
CBN26380.1	TAA	161
CBN10611.1	TAA	110
CBN01412.1	TAA	44
CBN01414.1	TGA	214
CBN32868.1	TGA	75
CBN32869.1	TGA	110
CBN31502.1	TAA	58
CBN31501.1	TAG	136
CBN22620.1	TAA	122
CBN11793.1	TAA	220
CBN30765.1	TGA	117
CBN14187.1	TAA	101
CBN14627.1	TAA	116
CBN09965.1	TGA	191
CBN23980.1	TAG	128
CBN23978.1	TGA	7
CBN24533.1	TAG	53
CBN24532.1	TGA	189
CBN03339.1	TAG	391
CBN03338.1	TAA	165
CBN03344.1	TAG	258
CBN13282.1	TAA	245
CBN28317.1	TGA	67
CBN28318.1	TGA	1
CBN10835.1	TAA	128
CBN18909.1	TAG	595
CBN10843.1	TAA	250
CBN18913.1	TGA	99
CBN12949.1	TAG	207
CBN25981.1	TAG	154
CBN05328.1	TAA	276
CBN04277.1	TAA	70
CBN12258.1	TAA	113
CBN06365.1	TAG	24
CBN06373.1	TAA	231
CBN15388.1	TAA	40
CBN09209.1	TAA	271
CBN09207.1	TAA	164
CBN15393.1	TAG	17
CBN08337.1	TGA	199
CBN08339.1	TGA	209
CBN00106.1	TAA	74
CBN00113.1	TGA	105
CBN20739.1	TAA	103
CBN28127.1	TGA	147
CBN28344.1	TAA	335
CBN28336.1	TAG	110
CBN01578.1	TAA	14
CBN01580.1	TAG	118
CBN24293.1	TGA	43
CBN24286.1	TAA	106
CBN24289.1	TAA	278
CBN24292.1	TGA	306
CBN24291.1	TGA	192
CBN00990b.1	TGA	327
CBN00990a.1	TGA	327
CBN25372.1	TAA	353
CBN22014.1	TAG	130
CBN22006.1	TGA	84
CBN18154.1	TAA	129
CBN25113.1	TAA	73
CBN25112.1	TAA	86
CBN22336.1	TAG	169
CBN31384.1	TAA	203
CBN11976.1	TAA	53
CBN11976.2	TAA	53
CBN19826.1	TAA	74
CBN15739.1	TAG	189
CBN28616.1	TAG	137
CBN23282.1	TAA	55
CBN18564.1	TAA	48
CBN09830.1	TGA	102
CBN08535.1	TAA	93
CBN08538.1	TAA	176
CBN08542.1	TAA	111
CBN08544.1	TAA	30
CBN24632.1	TAG	50
CBN24626.1	TAG	63
CBN19136.1	TAA	313
CBN05524.1	TAA	276
CBN04491.1	TAA	165
CBN12696.1	TAA	85
CBN06394.1	TGA	198
CBN06385.1	TAA	113
CBN02170.1	TAG	110
CBN22343.1	TAA	464
CBN21210.1	TAA	100
CBN21209.1	TAA	248
CBN16407.1	TAA	231
CBN16412.1	TAG	116
CBN15939.1	TAG	164
CBN15940.1	TAA	36
CBN28067.1	TAG	144
CBN21362.1	TGA	377
CBN24466.1	TAA	134
CBN29878.1	TGA	599
CBN10227.1	TAA	52
CBN10225.1	TGA	121
CBN10233.1	TGA	8
CBN19168.1	TAA	173
CBN25248.1	TAA	148
CBN16554.1	TAA	92
CBN16545.1	TAA	59
CBN31589.1	TGA	80
CBN32048.1	TAA	155
CBN32045.1	TGA	93
CBN29057.1	TAG	54
CBN30596.1	TGA	43
CBN28812.1	TAA	113
CBN18398.1	TAA	131
CBN04813.1	TAA	286
CBN04806.1	TGA	331
CBN04808.1	TAA	68
CBN04386.1	TAA	53
CBN05444.1	TAA	246
CBN12492.1	TAG	131
CBN12489.1	TGA	68
CBN12488.1	TAG	148
CBN02541.1	TAA	82
CBN16602.1	TAA	462
CBN02760.1	TAG	147
CBN07564.1	TAA	135
CBN09155.1	TAG	51
CBN09158.1	TAA	152
CBN09162.1	TAA	40
CBN17065.1	TGA	112
CBN16354.1	TGA	650
CBN15308.1	TAA	82
CBN23202.1	TAA	231
CBN23197.1	TGA	150
CBN14296.1	TAA	36
CBN10353.1	TGA	128
CBN10352.1	TAA	175
CBN10348.1	TAA	134
CBN13360.1	TGA	83
CBN13358.1	TAG	95
CBN25059.1	TGA	70
CBN25062.1	TAA	74
CBN25057.1	TAA	194
CBN21599.1	TAA	251
CBN21600.1	TGA	7
CBN21597.1	TAA	92
CBN21603.1	TAA	102
CBN19897.1	TAA	148
CBN19902.1	TAG	136
CBN19904.1	TAG	137
CBN24061.1	TGA	99
CBN24059.1	TAA	97
CBN24060.1	TAG	166
CBN24057.1	TAA	38
CBN24055.1	TAA	149
CBN24056.1	TAA	116
CBN24709.1	TAA	309
CBN24706.1	TGA	43
CBN05005.1	TAA	10
CBN17132.1	TGA	172
CBN10131.1	TAA	148
CBN10133.1	TGA	68
CBN10134.1	TAA	105
CBN32671.1	TAA	112
CBN04359.1	TAA	28
CBN04356.1	TAA	107
CBN22417.1	TAA	36
CBN22421.1	TAA	20
CBN11089.1	TAA	139
CBN11094.1	TAA	88
CBN29022.1	TGA	114
CBN11292.1	TAA	54
CBN11286.1	TAA	53
CBN11294.1	TAG	39
CBN05519.1	TGA	245
CBN32225.1	TGA	135
CBN07324.1	TGA	63
CBN01151.1	TAA	123
CBN01147.1	TAA	56
CBN01148.1	TGA	271
CBN29650.1	TGA	142
CBN18646.1	TAA	137
CBN18654.1	TAA	53
CBN08875.1	TAA	60
CBN01350.1	TAA	208
CBN00744.1	TAA	436
CBN00740.1	TGA	91
CBN01073.1	TAA	194
CBN01070.1	TGA	22
CBN01072.1	TAA	47
CBN02656.1	TAA	122
CBN02662.1	TAA	102
CBN03822.1	TAA	125
CBN07835.1	TAG	93
CBN21723.1	TAA	136
CBN28981.1	TAA	290
CBN11526.1	TAA	105
CBN10662.1	TAG	103
CBN19275.1	TAA	54
CBN22226.1	TGA	149
CBN22234.1	TAA	519
CBN16826.1	TAA	46
CBN16830.1	TGA	154
CBN30105.1	TAG	65
CBN04741.1	TAA	48
CBN15055.1	TAG	90
CBN15064.1	TAA	54
CBN23361.1	TAA	37
CBN09540.2	TAA	102
CBN09540.1	TAA	102
CBN09537.1	TAA	135
CBN12058.1	TAG	336
CBN12056.1	TAG	55
CBN12055.1	TGA	298
CBN15483.1	TAG	286
CBN14063.1	TAA	37
CBN28535.1	TAA	145
CBN23900.1	TGA	108
CBN32920.1	TGA	41
CBN32921.1	TGA	110
CBN32919.1	TAA	113
CBN18854.1	TAA	362
CBN21453.1	TAA	176
CBN20154.1	TAG	334
CBN06719.1	TGA	149
CBN04565.1	TAA	169
CBN02913.1	TGA	50
CBN05184.1	TAG	532
CBN07636.1	TGA	113
CBN08381.1	TAA	197
CBN00245.1	TAA	296
CBN00250.1	TAA	418
CBN00254.1	TAA	195
CBN03604.1	TAA	153
CBN26419.1	TAG	118
CBN01495.1	TAA	258
CBN01500.1	TGA	177
CBN24273.1	TAA	262
CBN24385.1	TAG	128
CBN00888.1	TAG	70
CBN18953.1	TAA	65
CBN02448.1	TGA	361
CBN02445.1	TGA	301
CBN18946.1	TGA	71
CBN25744.1	TGA	173
CBN30419.1	TGA	274
CBN30421.1	TGA	188
CBN18210.1	TAA	143
CBN29398.1	TAA	335
CBN12905.1	TAG	72
CBN31296.1	TAG	384
CBN11697.1	TAA	28
CBN11695.1	TAA	201
CBN10320.1	TAG	78
CBN03471.1	TAA	128
CBN03474.1	TAA	301
CBN05101.1	TAA	162
CBN10041.1	TAA	232
CBN10042.1	TAA	211
CBN17488.1	TGA	85
CBN17486.1	TAA	428
CBN08621.1	TGA	182
CBN03715.1	TAA	63
CBN04588.1	TAA	201
CBN07152.1	TAA	43
CBN07154.1	TAA	234
CBN07153.1	TGA	56
CBN33002.1	TAA	203
CBN33000.1	TGA	316
CBN33003b.1	TGA	63
CBN12568.1	TGA	51
CBN06530.1	TAA	100
CBN15282.1	TAA	397
CBN02026.1	TAA	167
CBN08026.1	TGA	62
CBN02681.1	TAA	74
CBN02678.1	TAA	28
CBN21145.1	TAA	357
CBN21152.1	TAA	73
CBN01220.1	TAA	138
CBN09084.1	TAA	128
CBN32825.1	TAA	415
CBN20867.1	TAA	537
CBN23751.1	TAA	163
CBN13651.1	TAA	472
CBN13645.1	TGA	330
CBN24976.1	TAA	76
CBN30176.1	TGA	177
CBN12330.1	TAA	270
CBN12331.1	TAG	167
CBN12327.1	TAA	112
CBN25437.1	TAA	57
CBN21702.1	TAG	25
CBN21695.1	TAA	137
CBN09423.1	TGA	104
CBN09420.1	TAG	277
CBN13217.1	TAA	245
CBN13215.1	TAA	250
CBN13223.1	TAA	177
CBN11371.1	TAG	10
CBN11366.1	TAA	23
CBN11365.1	TAA	72
CBN10514.1	TAA	156
CBN10511.1	TAA	340
CBN29730.1	TAG	124
CBN25732.1	TAA	37
CBN14823.1	TGA	167
CBN14824.1	TAA	57
CBN14821.1	TAA	71
CBN23519.1	TAA	578
CBN18321.1	TAA	161
CBN18324.1	TAA	99
CBN28158.1	TGA	41
CBN04043.1	TAA	236
CBN17666.1	TAG	197
CBN08963.1	TAA	249
CBN17299.1	TGA	37
CBN17296.1	TGA	421
CBN05609.1	TAA	149
CBN02584.1	TGA	139
CBN02582.1	TAA	133
CBN02581.1	TGA	50
CBN13817.1	TAA	71
CBN07925.1	TGA	111
CBN20898.1	TGA	227
CBN20902a.1	TAG	152
CBN20902b.1	TAG	97
CBN00335.1	TGA	101
CBN16895.1	TAA	260
CBN29490.1	TGA	180
CBN29486.1	TAA	159
CBN20644.1	TAA	157
CBN10413.1	TAA	62
CBN15556.1	TAA	238
CBN24850.1	TAG	342
CBN14277.1	TAA	354
CBN17898.1	TAG	190
CBN31181.1	TGA	129
CBN22897.1	TGA	218
CBN30927.1	TAG	139
CBN16185.1	TAG	71
CBN12674.1	TAA	165
CBN11191.1	TAA	206
CBN30269.1	TGA	57
CBN11387.1	TAA	181
CBN11386.1	TAA	88
CBN03133.1	TAA	474
CBN08131.1	TAA	194
CBN08131.2	TAA	242
CBN08458.1	TAA	149
CBN18508.1	TAA	71
CBN18508.2	TAA	69
CBN06264.1	TGA	210
CBN06259.1	TAA	71
CBN01157.1	TGA	217
CBN03407.1	TAA	166
CBN08999.1	TAA	77
CBN00967.1	TAA	152
CBN00968.1	TGA	109
CBN00974.1	TGA	89
CBN02122.1	TAA	363
CBN07720.1	TAA	96
CBN00041.1	TAA	45
CBN21259.1	TGA	56
CBN21257.1	TAA	89
CBN16456.1	TGA	65
CBN11632.1	TAG	91
CBN19441.1	TAA	97
CBN22128.1	TAG	216
CBN22132.1	TGA	70
CBN19566.1	TAA	49
CBN19570.1	TGA	101
CBN30174.1	TAG	185
CBN30166.1	TAG	63
CBN15860.1	TGA	81
CBN30715.1	TAA	89
CBN30716.1	TAA	66
CBN16729.1	TGA	108
CBN16731.1	TAA	148
CBN16732.1	TAA	236
CBN29829.1	TAA	2
CBN14140.1	TAG	213
CBN14135.1	TAA	33
CBN23086.1	TAG	52
CBN32967.1	TGA	150
CBN32961.1	TAG	83
CBN32969.1	TGA	144
CBN32968.1	TAA	89
CBN03391.1	TAG	21
CBN21308.1	TAA	47
CBN13021.1	TAA	335
CBN13017.1	TAA	166
CBN04921.1	TGA	579
CBN05893.1	TAA	207
CBN06841.1	TAA	207
CBN04665.1	TAG	118
CBN15145.1	TGA	29
CBN15147.1	TGA	299
CBN15148.1	TAA	281
CBN07405.1	TAA	1
CBN03525.1	TAA	114
CBN20787.1	TAG	42
CBN08611.1	TGA	78
CBN08610.1	TGA	78
CBN03022.1	TAG	113
CBN01772.1	TAG	89
CBN01765.1	TAA	167
CBN08760.1	TAG	29
CBN10702.1	TAA	311
CBN24221.1	TAA	91
CBN24217.1	TGA	39
CBN17763.1	TAA	98
CBN04583.1	TAG	9
CBN20581.1	TAA	172
CBN32892.1	TGA	71
CBN32891.1	TGA	215
CBN32890.1	TGA	288
CBN32889.1	TGA	82
CBN32888.1	TAA	83
CBN31488.1	TGA	5
CBN11947.1	TAA	73
CBN11946.1	TAG	150
CBN28470.1	TAA	537
CBN28472.1	TAA	122
CBN28468.1	TAA	272
CBN30532.1	TGA	27
CBN09667.1	TAG	55
CBN09669.1	TAA	58
CBN14598.1	TAG	61
CBN09915.1	TAA	82
CBN09921.1	TAA	65
CBN24539.1	TAA	254
CBN24543.1	TAG	320
CBN32468.1	TAA	178
CBN05276.1	TAG	362
CBN19231.1	TAA	262
CBN29455.1	TAA	49
CBN06340.1	TGA	228
CBN01931.1	TAA	83
CBN04150.1	TAA	155
CBN04147.1	TAA	215
CBN02795.1	TAA	478
CBN09244.1	TAG	157
CBN09243.1	TAG	198
CBN16885.1	TAG	173
CBN08314.1	TGA	56
CBN00081.1	TAA	38
CBN20770.1	TAA	80
CBN20772.1	TAG	90
CBN15446.1	TAA	271
CBN15448.1	TAA	96
CBN23607.1	TAA	110
CBN23609.1	TGA	166
CBN15525.1	TGA	124
CBN13708.1	TGA	94
CBN01634.1	TAA	56
CBN01630.1	TGA	175
CBN01627.1	TAG	77
CBN24339.1	TAA	53
CBN01038.1	TAA	103
CBN25865.1	TAG	83
CBN22793.1	TAA	43
CBN25869.1	TAA	189
CBN29967.1	TAA	18
CBN29970.1	TAA	105
CBN31343.1	TGA	120
CBN16267.1	TGA	82
CBN12594.1	TAA	94
CBN12593.1	TGA	72
CBN25344.1	TGA	49
CBN25317.1	TAA	100
CBN22021.1	TAA	106
CBN22024.1	TAG	122
CBN22356.1	TAA	57
CBN09303.1	TAA	136
CBN09300.1	TAA	60
CBN11269.1	TAG	212
CBN13137.1	TAA	7
CBN13144.1	TAA	191
CBN13143.1	TAA	120
CBN13757.1	TAA	206
CBN25076.1	TGA	104
CBN10652.1	TAG	44
CBN32415.1	TAA	73
CBN12011.1	TGA	56
CBN12005.1	TAG	293
CBN19781.1	TAG	165
CBN14700.1	TGA	336
CBN14053.1	TGA	114
CBN30550.1	TAA	249
CBN28640.1	TAA	84
CBN09836.1	TAA	111
CBN03962.1	TAA	74
CBN06175.1	TGA	43
CBN06176.1	TGA	79
CBN03809.1	TAA	137
CBN19127.1	TAG	26
CBN17376.1	TGA	51
CBN12017.1	TGA	168
CBN12015.1	TGA	258
CBN18775.1	TAA	226
CBN31842.1	TAA	278
CBN01871.1	TAA	116
CBN01870.1	TAG	230
CBN21181.1	TAA	98
CBN21182.1	TAA	387
CBN21180.1	TGA	212
CBN14899.1	TAA	112
CBN13854.1	TAA	65
CBN14470.1	TGA	60
CBN04425.1	TAA	65
CBN04431.1	TGA	103
CBN19695.1	TAA	317
CBN24906.1	TGA	59
CBN24908.1	TAA	165
CBN24910.1	TAA	97
CBN24911.1	TAA	25
CBN26224.1	TAA	198
CBN26218.1	TAG	226
CBN09788.1	TGA	49
CBN09792.1	TGA	22
CBN17195.1	TAG	43
CBN25636.1	TAA	166
CBN22978.1	TAA	61
CBN10241.1	TGA	136
CBN10240.1	TGA	96
CBN22949.1	TAA	184
CBN30413.1	TAA	114
CBN34385.1	TAA	58
CBN33006.1	TAA	59
CBN03231.1	TAA	133
CBN03233.1	TAG	270
CBN22564.1	TAA	132
CBN22558.1	TAG	129
CBN29085.1	TAA	297
CBN32792.1	TAA	165
CBN18744.1	TAA	109
CBN18743.1	TAA	86
CBN18735.1	TAA	27
CBN18742.1	TAA	288
CBN18741.1	TAA	424
CBN08715.1	TAG	27
CBN04842.1	TGA	113
CBN01415.1	TAG	114
CBN07554.1	TGA	207
CBN07547.1	TAA	117
CBN19095.1	TAG	72
CBN20105.2	TAA	14
CBN20105.1	TAA	14
CBN20993.1	TAA	57
CBN03019.1	TAA	547
CBN23332.1	TAA	106
CBN19666.1	TAA	160
CBN19667.1	TAG	124
CBN16993.1	TAA	109
CBN14289.1	TAG	39
CBN15317.1	TAA	14
CBN15318.1	TAA	98
CBN09594.1	TGA	137
CBN09589.1	TAA	402
CBN14221.1	TAA	163
CBN23185.1	TAA	66
CBN03292.1	TAA	142
CBN10866.1	TAG	85
CBN18937.1	TAG	174
CBN18942.1	TAG	82
CBN24680.1	TAA	89
CBN21944.1	TGA	529
CBN21939.1	TAA	144
CBN26030.1	TAA	194
CBN05040.1	TAA	273
CBN05039.1	TAA	41
CBN10156.1	TAG	92
CBN10158.1	TGA	371
CBN10161.1	TAA	246
CBN17805.1	TAA	169
CBN12364.1	TGA	209
CBN12249.1	TAA	122
CBN23402.1	TAA	148
CBN11143.1	TAG	44
CBN11301.1	TGA	80
CBN21518.1	TAG	8
CBN03787.1	TAA	57
CBN01103.1	TAA	132
CBN01101.1	TAA	243
CBN01099.1	TAA	2
CBN32314.1	TAA	95
CBN18623.1	TGA	104
CBN18620.1	TAA	206
CBN18615.1	TAG	206
CBN05837.1	TAA	97
CBN00729.1	TAG	100
CBN09725.1	TAA	39
CBN02281.1	TAA	96
CBN02279.1	TAA	68
CBN02280.1	TAA	294
CBN25785.1	TGA	7
CBN22629.1	TGA	150
CBN22633.1	TAA	450
CBN25155.1	TAA	29
CBN22306.1	TAA	62
CBN22309.1	TAG	18
CBN16974.1	TAA	236
CBN15205.1	TGA	366
CBN16802.1	TAA	128
CBN16802.2	TAA	292
CBN30081.1	TAA	448
CBN28610.1	TAA	113
CBN03643.1	TAA	342
CBN24577.1	TAA	257
CBN24579.1	TAA	215
CBN24583.1	TAA	229
CBN17464.1	TAA	86
CBN10929.1	TGA	159
CBN03875.1	TAA	104
CBN03878.1	TAA	96
CBN18860.1	TAA	33
CBN08514.1	TAA	222
CBN03883.1	TAA	52
CBN10933.1	TAA	111
CBN06039.1	TAA	425
CBN21419.1	TAA	126
CBN21418.1	TGA	76
CBN21416.1	TAA	189
CBN12315.1	TAA	90
CBN06765.1	TAA	86
CBN04541.1	TAA	93
CBN26109.1	TAA	79
CBN06420.1	TAA	37
CBN01788.1	TAA	71
CBN01786.1	TAA	35
CBN01791.1	TAA	250
CBN01794.1	TAA	76
CBN31986.1	TAA	75
CBN31992.1	TAA	101
CBN02923.1	TAA	85
CBN24374.1	TGA	76
CBN28968.1	TAA	415
CBN08453.1	TAA	410
CBN00199.1	TAA	181
CBN05010.1	TAG	115
CBN20477.1	TGA	152
CBN01526.1	TAA	141
CBN01527.1	TAA	100
CBN01531.1	TAG	192
CBN00920.1	TGA	205
CBN17777.1	TAA	229
CBN18241.1	TAA	113
CBN18237.1	TAA	159
CBN21826.1	TAG	53
CBN21828.1	TGA	186
CBN21832.1	TAA	109
CBN21831.1	TAA	171
CBN16504.1	TAA	126
CBN16498.1	TGA	205
CBN16495.1	TAA	191
CBN22481.1	TAA	306
CBN22478.1	TAA	212
CBN19536.1	TAA	133
CBN19538.1	TAA	195
CBN19539.1	TAA	45
CBN18454.1	TAA	52
CBN28758.1	TGA	51
CBN18446.1	TAA	82
CBN08651.1	TAA	268
CBN08652.1	TAA	148
CBN08648.2	TAA	380
CBN08648.1	TAA	222
CBN08654.1	TGA	183
CBN05149.1	TAA	22
CBN05152.1	TAG	292
CBN05151.1	TAG	101
CBN03747.1	TAG	67
CBN03748.1	TAA	171
CBN19066.1	TAA	194
CBN19067.1	TAA	83
CBN17499.2	TAA	112
CBN17499.1	TAA	112
CBN05412.1	TAA	80
CBN07118.1	TAG	59
CBN13073.1	TAA	137
CBN12520.1	TAA	118
CBN12524.1	TGA	329
CBN10853.1	TGA	117
CBN06535.1	TGA	225
CBN01999.1	TAG	4
CBN14828.1	TAA	209
CBN08043.1	TAA	105
CBN14832.1	TAA	184
CBN07460.1	TAA	41
CBN07457.1	TAA	86
CBN21102.1	TGA	334
CBN21101.1	TAG	6
CBN21097.1	TAA	47
CBN31493.1	TGA	301
CBN21070.1	TAA	181
CBN31494.1	TAA	179
CBN16295.1	TGA	187
CBN31486.1	TGA	35
CBN16046.1	TAA	256
CBN23703.1	TAA	160
CBN21649.2	TAA	48
CBN21649.1	TAA	48
CBN19945.1	TAA	161
CBN19949.1	TAA	383
CBN26140.1	TGA	222
CBN26139.1	TAA	203
CBN25557.1	TAA	248
CBN22702.1	TAA	73
CBN22697.1	TAA	238
CBN22695.1	TAA	241
CBN03888.1	TAA	38
CBN25409.1	TGA	55
CBN10077.1	TAG	115
CBN24270.1	TAA	269
CBN24269.1	TAA	79
CBN12281.1	TAA	597
CBN09392.1	TGA	72
CBN13188.1	TAA	207
CBN14789.1	TGA	18
CBN32176.1	TAG	61
CBN29425.1	TAA	52
CBN29434.1	TGA	59
CBN29678.1	TAA	44
CBN29680.1	TGA	143
CBN15632.1	TGA	87
CBN31732.1	TGA	160
CBN08934.1	TGA	387
CBN31937.1	TGA	287
CBN10892.1	TAA	230
CBN17345.1	TGA	112
CBN03730.1	TAG	50
CBN10891.1	TAA	152
CBN01295.1	TAG	141
CBN01300.1	TAA	186
CBN10889.1	TAA	194
CBN06927.1	TAG	145
CBN01960.1	TAA	109
CBN02245.1	TAA	70
CBN02251.1	TGA	42
CBN00043.1	TAA	92
CBN10825.1	TGA	166
CBN07956.1	TAG	201
CBN07959.1	TGA	52
CBN07814.1	TAA	52
CBN20385.1	TGA	396
CBN15026.1	TAG	101
CBN29435.1	TAA	50
CBN13756.1	TAA	60
CBN24655.1	TAA	194
CBN24662.1	TGA	2
CBN18783.1	TGA	60
CBN23930.1	TAA	91
CBN23932.1	TGA	176
CBN24802.1	TGA	241
CBN20155.1	TAA	308
CBN20157.1	TAG	128
CBN20160.1	TAA	107
CBN20161.1	TAG	65
CBN20164.1	TAG	53
CBN17946.1	TAA	65
CBN17948.1	TAA	106
CBN22952.1	TAA	60
CBN31151.1	TAA	48
CBN31148.1	TAG	40
CBN06689.1	TAA	197
CBN11224.1	TAA	161
CBN05254.1	TAA	68
CBN05245.1	TAA	227
CBN05247.1	TAG	355
CBN05248.1	TAA	119
CBN08079.1	TGA	95
CBN08083.1	TAA	92
CBN03642.1	TGA	64
CBN18542.1	TAA	60
CBN05676.1	TGA	73
CBN07034.1	TAA	119
CBN26409.1	TAA	58
CBN10182.1	TAA	49
CBN34441.1	TAA	39
CBN25687.1	TAA	147
CBN31247.1	TAA	185
CBN19431.1	TAA	14
CBN16137.1	TGA	61
CBN22158.1	TAG	40
CBN22161.1	TGA	95
CBN16681.1	TGA	53
CBN16679.1	TAA	122
CBN16678.1	TGA	226
CBN30196.1	TAG	80
CBN14404.1	TAA	18
CBN14110.1	TGA	7
CBN11744.1	TAA	332
CBN32995.1	TGA	178
CBN32992.1	TGA	79
CBN32993.1	TAG	64
CBN32991.1	TAA	48
CBN32989.1	TAA	81
CBN03443.1	TGA	162
