CDF34817	TAG	112
CDF37704	TGA	57
CDF33576	TAG	651
CDF38726	TAA	199
CDF40850	TGA	587
CDF37163	TAG	200
CDF33571	TAG	46
CDF38267	TGA	29
CDF32603	TAA	144
CDF33559	TAA	81
CDF34199	TGA	150
CDF38372	TAG	167
CDF33085	TAG	358
CDF39190	TAA	199
CDF38929	TAA	191
CDF37291	TAG	102
CDF32471	TAA	574
CDF37534	TGA	94
CDF39998	TGA	202
CDF40942	TAG	640
CDF40369	TAA	42
CDF39661	TGA	187
CDF40113	TGA	53
CDF40657	TAA	757
CDF38206	TGA	101
CDF33365	TAG	260
CDF35392	TAA	21
CDF40715	TAG	2731
CDF41401	TAA	172
CDF34753	TAA	715
CDF38033	TAA	582
CDF41434	TAG	215
CDF41073	TAG	83
CDF38154	TAG	122
CDF41138	TAG	322
CDF41171	TGA	291
CDF32836	TAA	326
CDF34590	TAG	495
CDF37522	TGA	165
CDF39230	TGA	310
CDF33216	TAG	41
CDF40240	TAG	832
CDF34175	TAG	35
CDF33977	TGA	1301
CDF35585	TAA	439
CDF37525	TAA	46
CDF33879	TAG	804
CDF34528	TAA	673
CDF33804	TAA	53
CDF38702	TAG	288
CDF35579	TGA	103
CDF37657	TGA	40
CDF35455	TAA	199
CDF32809	TGA	166
CDF34813	TAG	234
CDF36603	TGA	200
CDF32244	TAA	699
CDF33304	TAA	84
CDF39754	TAA	541
CDF77480	TAA	91
CDF35168	TAG	57
CDF32607	TGA	574
CDF32920	TAG	22
CDF35584	TGA	563
CDF77509	TAA	296
CDF38137	TGA	28
CDF38742	TGA	110
CDF36536	TGA	660
CDF37929	TGA	41
CDF40933	TAA	866
CDF39347	TGA	69
CDF36389	TAG	402
CDF32254	TGA	141
CDF36759	TGA	339
CDF34743	TGA	534
CDF33370	TAA	319
CDF37809	TGA	1636
CDF40261	TAA	117
CDF37105	TGA	737
CDF34634	TGA	106
CDF37726	TGA	179
CDF39019	TAG	288
CDF36858	TAG	253
CDF35247	TAG	99
CDF36242	TAA	651
CDF39933	TGA	221
CDF37272	TGA	136
CDF35825	TGA	33
CDF39172	TAG	298
CDF34759	TAG	62
CDF34171	TAA	253
CDF38000	TAG	1253
CDF39323	TAG	232
CDF36877	TAG	85
CDF34591	TGA	85
CDF35476	TAG	114
CDF35957	TAG	456
CDF38046	TAG	203
CDF34953	TAG	475
CDF38243	TAG	341
CDF34930	TGA	316
CDF39209	TAG	755
CDF35543	TGA	126
CDF32352	TGA	41
CDF37536	TAG	217
CDF35174	TAG	73
CDF36806	TAG	185
CDF36211	TAA	49
CDF33733	TGA	646
CDF40443	TGA	115
CDF39050	TAG	204
CDF34512	TGA	131
CDF33647	TGA	646
CDF40553	TGA	570
CDF34769	TAA	176
CDF39844	TAA	154
CDF36755	TGA	277
CDF36966	TGA	206
CDF33228	TGA	577
CDF41030	TGA	149
CDF33066	TAG	599
CDF39968	TGA	469
CDF39966	TAA	162
CDF34114	TAG	151
CDF34210	TAG	65
CDF37805	TAA	295
CDF39401	TAA	111
CDF37118	TAG	351
CDF37011	TAG	253
CDF37665	TGA	160
CDF32559	TAG	212
CDF32160	TAG	260
CDF40258	TAG	107
CDF35156	TAG	1236
CDF38604	TAG	300
CDF37550	TAG	202
CDF38574	TGA	197
CDF34609	TGA	646
CDF40471	TAG	940
CDF37810	TAG	191
CDF39732	TAG	498
CDF36948	TGA	97
CDF39873	TAG	99
CDF35820	TGA	591
CDF32735	TAA	203
CDF32724	TAG	35
CDF77388	TAG	151
CDF35522	TAG	131
CDF34708	TAA	167
CDF38490	TGA	806
CDF39293	TAG	948
CDF35427	TGA	1226
CDF35833	TAG	73
CDF77420	TGA	226
CDF36192	TAG	159
CDF32434	TAA	228
CDF41184	TAG	171
CDF34320	TAG	357
CDF39955	TGA	52
CDF34321	TAG	455
CDF40753	TAG	1080
CDF39670	TGA	382
CDF39453	TAA	71
CDF35365	TAG	544
CDF38549	TAA	485
CDF38590	TGA	126
CDF39276	TAA	162
CDF40452	TGA	135
CDF32624	TAG	324
CDF35128	TAA	20
CDF41026	TAG	1302
CDF33412	TGA	1139
CDF36785	TAA	628
CDF33771	TGA	144
CDF32131	TAG	1582
CDF39551	TGA	378
CDF34514	TGA	244
CDF34704	TGA	396
CDF36796	TAG	329
CDF32304	TAA	1155
CDF41174	TAG	292
CDF34696	TAG	158
CDF38596	TAA	406
CDF32951	TAG	281
CDF39793	TGA	67
CDF37504	TAG	28
CDF39240	TAG	463
CDF35762	TAG	62
CDF32765	TAA	632
CDF35914	TAA	149
CDF34502	TAA	40
CDF36126	TAG	13
CDF32154	TAA	179
CDF37524	TGA	115
CDF32180	TAG	184
CDF33256	TAG	150
CDF34778	TAA	141
CDF77471	TGA	152
CDF34673	TAA	110
CDF36580	TAA	48
CDF39354	TAA	196
CDF33088	TAA	36
CDF41242	TGA	241
CDF32611	TGA	206
CDF39723	TAA	102
CDF40666	TAG	57
CDF34215	TGA	156
CDF35665	TAG	160
CDF35864	TGA	258
CDF35688	TAG	110
CDF32798	TAG	383
CDF40871	TAG	721
CDF38896	TGA	203
CDF36365	TAG	1076
CDF37263	TAG	249
CDF39872	TGA	265
CDF34182	TGA	144
CDF41322	TAA	39
CDF36980	TAA	182
CDF38491	TGA	319
CDF32142	TGA	140
CDF37718	TAG	377
CDF40517	TAA	8
CDF38804	TAG	3194
CDF38675	TAA	162
CDF37535	TAG	186
CDF38867	TGA	27
CDF37583	TGA	608
CDF33491	TAA	378
CDF38572	TGA	29
CDF40148	TAA	695
CDF33506	TAA	396
CDF35547	TAG	175
CDF33130	TAA	157
CDF36254	TGA	998
CDF34060	TGA	187
CDF40163	TGA	545
CDF35785	TAG	190
CDF33702	TGA	200
CDF77476	TAG	99
CDF37749	TAA	85
CDF34702	TAG	33
CDF39849	TAA	63
CDF34115	TGA	123
CDF32665	TGA	310
CDF41148	TAG	177
CDF34541	TGA	164
CDF36434	TGA	610
CDF41096	TAG	599
CDF36314	TAA	79
CDF34906	TGA	74
CDF39112	TAG	95
CDF38802	TGA	905
CDF40896	TAG	200
CDF37598	TAG	349
CDF39833	TGA	360
CDF32787	TAG	243
CDF40512	TGA	350
CDF32101	TGA	231
CDF40196	TAG	57
CDF41004	TAA	176
CDF32358	TGA	214
CDF33403	TAG	157
CDF33049	TAG	73
CDF38588	TGA	112
CDF36687	TAG	245
CDF36986	TAA	395
CDF38363	TAG	557
CDF77558	TAG	169
CDF38244	TGA	730
CDF39689	TAA	272
CDF34243	TGA	264
CDF38834	TGA	1057
CDF34409	TAG	201
CDF38792	TAA	53
CDF37518	TAG	97
CDF34255	TAG	263
CDF32195	TAA	280
CDF40020	TAG	306
CDF77441	TAA	214
CDF35711	TGA	1227
CDF34890	TGA	367
CDF36229	TAA	1735
CDF40361	TGA	313
CDF36361	TAA	368
CDF33627	TAG	302
CDF39423	TGA	1073
CDF38891	TAA	475
CDF33751	TAA	62
CDF34367	TAG	151
CDF38234	TAG	173
CDF38283	TAG	184
CDF35384	TGA	70
CDF37207	TGA	364
CDF37782	TAA	41
CDF34105	TGA	210
CDF39563	TGA	234
CDF77573	TGA	1155
CDF36642	TAA	556
CDF36570	TAG	129
CDF32375	TAG	848
CDF33161	TAA	127
CDF38054	TAA	98
CDF35964	TGA	425
CDF40359	TGA	174
CDF40795	TGA	40
CDF32481	TGA	748
CDF34052	TAA	125
CDF34746	TAA	216
CDF34709	TAG	244
CDF40968	TAG	89
CDF34844	TAG	234
CDF36715	TGA	730
CDF40979	TGA	646
CDF34688	TGA	195
CDF37777	TGA	1054
CDF33898	TGA	74
CDF40851	TGA	351
CDF34632	TAG	117
CDF37488	TGA	94
CDF37725	TAG	673
CDF40038	TAG	1036
CDF41289	TAG	114
CDF35555	TGA	39
CDF34985	TAA	76
CDF35587	TAG	83
CDF32281	TAG	216
CDF40281	TGA	366
CDF77591	TGA	1370
CDF35581	TAG	371
CDF77450	TGA	33
CDF37275	TAG	49
CDF34134	TAA	598
CDF32604	TAG	74
CDF39562	TAG	128
CDF35097	TAG	331
CDF35798	TAA	114
CDF39752	TAA	141
CDF37277	TAG	620
CDF36544	TAG	64
CDF38248	TGA	434
CDF40050	TGA	203
CDF38449	TAG	45
CDF32263	TGA	357
CDF37831	TAG	205
CDF40370	TAG	164
CDF32094	TAA	1632
CDF32956	TGA	148
CDF34211	TAG	891
CDF40097	TGA	407
CDF38497	TAA	159
CDF38262	TAG	271
CDF77603	TAG	271
CDF39179	TGA	220
CDF40077	TGA	42
CDF33400	TGA	405
CDF37787	TGA	1651
CDF34342	TAA	18
CDF35055	TAG	602
CDF38488	TGA	94
CDF35799	TAA	294
CDF38631	TAA	175
CDF34414	TAG	229
CDF36327	TGA	536
CDF32083	TAA	220
CDF36871	TGA	473
CDF41172	TAA	234
CDF34589	TGA	333
CDF33257	TAG	187
CDF34825	TAG	31
CDF35371	TAG	82
CDF39217	TAG	52
CDF39105	TAG	376
CDF39885	TGA	1468
CDF35826	TAA	203
CDF32361	TGA	260
CDF34785	TAG	93
CDF33582	TAG	194
CDF33307	TAA	166
CDF36777	TAG	542
CDF40303	TAG	129
CDF33777	TGA	370
CDF35869	TGA	38
CDF35577	TGA	187
CDF39086	TAG	90
CDF39777	TGA	133
CDF38968	TAG	91
CDF35288	TGA	236
CDF40734	TAG	466
CDF36836	TAG	150
CDF40484	TGA	533
CDF37928	TGA	610
CDF33728	TAA	279
CDF37449	TAG	146
CDF35071	TGA	107
CDF33552	TGA	32
CDF36343	TAA	83
CDF41049	TAG	86
CDF40350	TAA	16
CDF36769	TGA	614
CDF37846	TGA	56
CDF38138	TAG	474
CDF34873	TAG	155
CDF38805	TGA	279
CDF39174	TAG	43
CDF39482	TAG	188
CDF38211	TAG	970
CDF39332	TAA	113
CDF33833	TAA	316
CDF33371	TGA	486
CDF36901	TAA	20
CDF32925	TAA	227
CDF32408	TGA	243
CDF40588	TGA	200
CDF38773	TAA	40
CDF35339	TAG	87
CDF38208	TAG	349
CDF35977	TAA	290
CDF35321	TAA	964
CDF33896	TGA	74
CDF35248	TAG	107
CDF33888	TAG	493
CDF40516	TAG	1627
CDF37807	TGA	1039
CDF77391	TGA	305
CDF35084	TGA	750
CDF32774	TAG	192
CDF40696	TAG	28
CDF41071	TAG	641
CDF38550	TAG	291
CDF39173	TAA	510
CDF41043	TGA	523
CDF36378	TGA	761
CDF39308	TGA	194
CDF37939	TAG	276
CDF36318	TGA	184
CDF39741	TAG	702
CDF39154	TGA	1260
CDF34889	TAG	213
CDF32355	TGA	320
CDF40726	TAG	319
CDF37052	TAG	332
CDF38975	TAG	193
CDF40441	TAG	95
CDF32404	TGA	275
CDF38717	TGA	192
CDF32209	TAG	266
CDF36136	TGA	462
CDF35049	TGA	160
CDF33742	TAG	163
CDF35452	TGA	111
CDF35310	TAA	83
CDF34562	TAA	66
CDF33661	TGA	963
CDF39042	TAA	138
CDF36929	TAG	234
CDF36849	TAA	16
CDF38438	TAG	891
CDF33754	TGA	1265
CDF36380	TAA	45
CDF33080	TGA	157
CDF33229	TAG	236
CDF34407	TAG	42
CDF33242	TGA	150
CDF36259	TAA	4068
CDF34281	TAG	90
CDF34774	TAA	24
CDF32827	TGA	345
CDF38651	TGA	91
CDF32779	TAA	213
CDF36615	TAG	135
CDF41032	TAG	173
CDF33714	TAG	408
CDF33825	TGA	462
CDF77399	TAG	168
CDF39365	TGA	821
CDF40779	TAG	93
CDF34074	TAG	488
CDF39227	TGA	750
CDF39795	TAG	496
CDF41130	TAG	193
CDF34619	TGA	257
CDF34811	TAG	183
CDF40316	TAA	364
CDF36733	TGA	26
CDF35165	TAA	455
CDF39164	TAA	549
CDF35877	TAA	620
CDF37709	TGA	1162
CDF39122	TAG	161
CDF40385	TGA	74
CDF34789	TAA	43
CDF37366	TAG	165
CDF33716	TGA	18
CDF37695	TAG	218
CDF35292	TGA	353
CDF34326	TAG	452
CDF35755	TGA	614
CDF35180	TGA	344
CDF40291	TAG	168
CDF40414	TAA	230
CDF40960	TGA	571
CDF40866	TAA	997
CDF38630	TGA	1275
CDF32858	TAG	75
CDF35418	TAG	413
CDF37898	TAG	67
CDF37955	TGA	825
CDF32683	TAA	18
CDF34123	TGA	82
CDF39446	TGA	213
CDF35363	TGA	253
CDF38501	TAA	19
CDF40151	TGA	1177
CDF33441	TGA	1050
CDF36800	TAG	169
CDF33503	TAA	52
CDF33354	TAG	64
CDF41326	TAA	128
CDF32336	TAA	29
CDF32306	TAA	212
CDF40435	TAA	179
CDF33496	TAG	532
CDF35919	TAG	42
CDF40073	TGA	148
CDF38331	TAG	40
CDF32881	TAG	167
CDF35038	TGA	371
CDF37872	TAG	122
CDF32147	TGA	819
CDF35490	TGA	40
CDF35209	TGA	85
CDF37968	TAA	368
CDF32763	TAG	383
CDF32302	TAG	221
CDF34252	TGA	49
CDF33526	TAA	205
CDF32150	TGA	340
CDF34194	TAG	1116
CDF33248	TGA	920
CDF38757	TAA	529
CDF33948	TGA	1312
CDF32562	TAG	403
CDF36932	TGA	174
CDF33502	TAA	43
CDF34509	TAA	646
CDF35362	TGA	72
CDF36326	TAA	194
CDF35651	TAA	429
CDF34944	TAA	66
CDF41425	TAG	155
CDF33292	TAA	423
CDF40660	TGA	35
CDF32534	TAA	41
CDF38092	TAG	486
CDF37526	TAA	173
CDF40491	TAA	81
CDF33096	TGA	1040
CDF38294	TAA	349
CDF35662	TAA	204
CDF36958	TAA	1987
CDF36633	TGA	326
CDF33473	TGA	248
CDF36493	TAA	22
CDF35809	TGA	366
CDF38401	TAG	494
CDF35668	TAG	228
CDF36680	TAG	372
CDF36791	TGA	315
CDF33283	TGA	243
CDF35466	TGA	605
CDF39418	TAA	633
CDF36068	TAA	966
CDF38897	TAA	23
CDF33055	TAA	165
CDF33107	TAA	159
CDF37196	TAA	227
CDF38367	TAA	28
CDF39649	TAG	43
CDF35514	TAG	308
CDF40139	TGA	798
CDF34752	TAA	983
CDF35214	TAG	519
CDF32630	TAG	649
CDF41063	TAA	260
CDF32543	TAG	37
CDF39807	TAA	16
CDF36495	TAA	511
CDF32301	TGA	70
CDF40326	TGA	343
CDF33196	TGA	1113
CDF33656	TAA	313
CDF33053	TAG	221
CDF39615	TAG	126
CDF41369	TGA	1040
CDF38922	TGA	389
CDF77505	TGA	153
CDF39435	TAA	725
CDF39682	TAG	77
CDF38231	TGA	318
CDF37511	TAG	210
CDF37493	TAA	148
CDF40296	TAG	174
CDF34961	TAG	701
CDF35369	TAA	137
CDF32621	TAG	95
CDF36093	TAA	44
CDF33159	TGA	58
CDF38661	TAG	1192
CDF39185	TAG	102
CDF41412	TAG	631
CDF36322	TAG	278
CDF38123	TAA	272
CDF36321	TGA	487
CDF39107	TGA	50
CDF34290	TGA	344
CDF38371	TAA	215
CDF39847	TAG	175
CDF32516	TAG	90
CDF34434	TAG	139
CDF37256	TAA	292
CDF39075	TAG	423
CDF33778	TAG	116
CDF37618	TGA	1756
CDF36371	TAG	140
CDF37976	TGA	279
CDF37189	TAA	604
CDF34339	TAG	738
CDF33030	TAA	558
CDF33744	TAG	1952
CDF38855	TAG	468
CDF33428	TAG	5
CDF38610	TAG	407
CDF32460	TGA	1146
CDF40860	TAG	61
CDF33357	TAA	171
CDF33162	TGA	64
CDF39156	TAA	84
CDF40775	TGA	220
CDF36634	TAG	123
CDF38320	TAG	1410
CDF32949	TAG	165
CDF40445	TAG	662
CDF32482	TGA	403
CDF37205	TAG	291
CDF37784	TGA	141
CDF36222	TGA	536
CDF32755	TAA	491
CDF35219	TGA	78
CDF77400	TAA	135
CDF39531	TAG	70
CDF37238	TAA	222
CDF33490	TAG	134
CDF38809	TGA	102
CDF37434	TGA	372
CDF40723	TAG	669
CDF34689	TGA	31
CDF39197	TAA	7
CDF39342	TAA	83
CDF39206	TAA	143
CDF35389	TAG	71
CDF34108	TAG	52
CDF40438	TAG	761
CDF33929	TAA	248
CDF37213	TGA	310
CDF32322	TAG	569
CDF39491	TGA	571
CDF34002	TAG	359
CDF32876	TGA	207
CDF32698	TAG	1140
CDF33108	TAA	675
CDF37911	TAG	141
CDF33263	TGA	628
CDF34833	TAA	60
CDF36638	TAG	314
CDF32848	TAG	181
CDF39098	TAA	366
CDF33945	TAG	536
CDF33345	TGA	1118
CDF36217	TAG	196
CDF38247	TGA	162
CDF39945	TAA	29
CDF40382	TAG	215
CDF39671	TAA	155
CDF38125	TAA	131
CDF40701	TAA	164
CDF38689	TGA	287
CDF37842	TGA	110
CDF36627	TAG	125
CDF33166	TAG	94
CDF40769	TAG	115
CDF33870	TGA	115
CDF40062	TGA	525
CDF32262	TGA	223
CDF40371	TAA	127
CDF37565	TAA	411
CDF36149	TAG	161
CDF34241	TAA	143
CDF37812	TAA	888
CDF36415	TAA	152
CDF38066	TAG	272
CDF34677	TGA	186
CDF33994	TGA	115
CDF38403	TAA	34
CDF35301	TAG	42
CDF32733	TGA	74
CDF33364	TAG	99
CDF32560	TAG	349
CDF38701	TAG	286
CDF32417	TAG	68
CDF35800	TGA	206
CDF34907	TAA	547
CDF32410	TGA	440
CDF37089	TAA	209
CDF40335	TGA	187
CDF41072	TGA	237
CDF35999	TAA	121
CDF36024	TAA	30
CDF33677	TGA	157
CDF37008	TAA	62
CDF32362	TAG	693
CDF32511	TAG	189
CDF34059	TGA	239
CDF35569	TGA	1309
CDF33199	TAG	678
CDF40302	TAA	120
CDF34548	TGA	575
CDF37329	TAA	411
CDF34032	TGA	817
CDF39432	TAG	689
CDF38347	TAG	158
CDF35867	TGA	146
CDF33028	TAG	173
CDF34333	TAG	259
CDF40991	TAA	457
CDF38652	TAA	63
CDF32871	TGA	408
CDF38934	TGA	674
CDF40401	TAA	502
CDF35788	TGA	301
CDF35482	TGA	242
CDF40987	TGA	371
CDF35576	TAA	420
CDF40211	TAG	63
CDF33259	TAG	212
CDF41263	TGA	995
CDF36621	TGA	164
CDF38241	TAA	123
CDF33305	TGA	165
CDF38296	TGA	83
CDF37679	TGA	151
CDF39554	TAG	232
CDF32702	TGA	107
CDF35875	TAG	293
CDF41121	TAG	6370
CDF36090	TAA	372
CDF39755	TAA	1222
CDF38038	TGA	153
CDF32157	TGA	105
CDF33450	TAG	212
CDF39199	TAA	84
CDF32103	TGA	24
CDF34874	TGA	323
CDF40621	TGA	537
CDF36857	TAA	85
CDF40337	TAG	74
CDF38470	TAG	147
CDF37002	TAG	122
CDF36673	TAA	1463
CDF32803	TGA	415
CDF38916	TAA	227
CDF41067	TAG	81
CDF37471	TGA	1228
CDF38786	TGA	533
CDF37234	TGA	190
CDF35767	TGA	118
CDF33831	TAA	652
CDF33459	TGA	800
CDF34668	TAA	239
CDF77544	TGA	359
CDF38023	TAG	525
CDF41340	TAA	294
CDF40213	TGA	1044
CDF39131	TGA	752
CDF38864	TAG	118
CDF77407	TAA	905
CDF40115	TAA	472
CDF34736	TAG	738
CDF40923	TGA	1467
CDF38771	TGA	698
CDF39944	TAA	265
CDF38841	TAG	95
CDF33277	TAG	315
CDF36387	TAG	106
CDF37555	TAA	562
CDF32366	TGA	1054
CDF35260	TAA	173
CDF77458	TGA	44
CDF40333	TAA	65
CDF37723	TAA	138
CDF40467	TAG	93
CDF35829	TAG	76
CDF39162	TAA	549
CDF39358	TAA	104
CDF36832	TAG	78
CDF36064	TAA	495
CDF37059	TAA	110
CDF34183	TGA	634
CDF38845	TGA	170
CDF37109	TAG	225
CDF32980	TAG	417
CDF34450	TAA	76
CDF32435	TAA	151
CDF32359	TGA	55
CDF35444	TAA	120
CDF39915	TGA	46
CDF41128	TAG	576
CDF41428	TGA	558
CDF35734	TAG	213
CDF34606	TAG	241
CDF39742	TAG	93
CDF37557	TAA	575
CDF38008	TAA	2822
CDF33658	TGA	673
CDF39888	TGA	173
CDF38233	TAG	191
CDF77580	TAG	271
CDF32405	TAG	1341
CDF33587	TAA	179
CDF33240	TGA	229
CDF33730	TAA	48
CDF36262	TAG	28
CDF40164	TGA	682
CDF32849	TAG	151
CDF40982	TAG	34
CDF36802	TAG	210
CDF33079	TGA	324
CDF33790	TAG	155
CDF32397	TAG	173
CDF34179	TAG	175
CDF39119	TGA	1146
CDF36792	TAG	29
CDF39398	TGA	128
CDF36393	TAA	469
CDF33426	TGA	549
CDF39309	TAG	1531
CDF34993	TAA	221
CDF36979	TAG	252
CDF34185	TGA	252
CDF39794	TGA	132
CDF38829	TGA	192
CDF77586	TGA	219
CDF35846	TGA	266
CDF33795	TGA	103
CDF34604	TGA	1050
CDF35594	TAA	879
CDF35752	TAA	426
CDF32745	TAG	293
CDF34069	TGA	310
CDF32910	TAA	31
CDF40472	TAG	76
CDF32422	TAA	865
CDF40543	TAA	194
CDF33489	TAA	56
CDF32168	TGA	943
CDF35735	TGA	114
CDF32175	TGA	495
CDF35984	TAG	281
CDF34625	TGA	204
CDF35169	TGA	166
CDF35453	TAG	195
CDF77384	TAG	243
CDF32391	TGA	587
CDF77431	TAA	304
CDF41157	TAA	71
CDF34863	TGA	147
CDF39061	TAG	219
CDF36096	TAG	284
CDF39378	TGA	645
CDF34381	TGA	134
CDF38494	TAA	193
CDF33286	TGA	895
CDF35645	TAA	441
CDF37855	TGA	1424
CDF38273	TGA	378
CDF32897	TAG	81
CDF38521	TAG	262
CDF35954	TAG	457
CDF41103	TAG	817
CDF36801	TGA	445
CDF39002	TAA	583
CDF41056	TGA	239
CDF38397	TGA	166
CDF36440	TGA	281
CDF34439	TAG	61
CDF32851	TAG	54
CDF34124	TAA	367
CDF40519	TAG	84
CDF40589	TAA	435
CDF34063	TAG	70
CDF33569	TGA	278
CDF35852	TGA	912
CDF36609	TAG	129
CDF41372	TGA	53
CDF36032	TGA	86
CDF36664	TGA	363
CDF40898	TAA	1131
CDF37202	TAG	331
CDF32303	TGA	49
CDF40659	TAA	26
CDF38096	TGA	471
CDF35355	TGA	1160
CDF36215	TAA	71
CDF32676	TAG	1021
CDF37573	TGA	97
CDF36050	TAG	186
CDF33197	TAG	206
CDF36963	TGA	510
CDF32179	TGA	104
CDF38868	TAG	34
CDF35652	TAG	281
CDF32308	TAA	169
CDF38817	TGA	146
CDF32830	TGA	317
CDF36538	TAA	98
CDF34539	TAA	699
CDF35410	TGA	270
CDF38362	TAG	761
CDF33293	TAG	381
CDF33243	TAA	215
CDF37270	TAG	101
CDF37590	TGA	277
CDF33621	TAG	232
CDF35088	TGA	337
CDF33301	TAA	61
CDF36303	TGA	291
CDF32533	TAG	119
CDF34393	TGA	261
CDF34660	TAG	100
CDF35164	TGA	183
CDF33844	TAA	193
CDF40849	TAA	295
CDF39279	TGA	1215
CDF40892	TAA	1248
CDF38919	TAA	495
CDF38492	TAA	375
CDF37922	TAA	161
CDF40662	TAG	788
CDF32909	TAA	745
CDF39132	TAG	148
CDF33282	TAG	85
CDF40614	TAA	123
CDF33020	TGA	525
CDF34007	TGA	183
CDF35967	TGA	56
CDF37767	TGA	1187
CDF35807	TGA	1190
CDF37146	TGA	273
CDF38608	TGA	30
CDF39195	TGA	216
CDF39578	TAA	95
CDF34910	TAA	549
CDF33350	TAA	33
CDF38761	TAA	261
CDF38308	TAG	159
CDF35026	TGA	221
CDF34363	TAG	105
CDF34443	TAG	239
CDF32586	TGA	216
CDF41306	TGA	302
CDF36649	TAG	525
CDF36253	TAA	219
CDF38171	TGA	980
CDF38329	TGA	9
CDF40290	TAA	264
CDF36515	TAG	209
CDF77477	TAG	121
CDF36439	TGA	192
CDF38943	TAA	114
CDF38863	TAA	143
CDF33074	TAA	19
CDF36884	TAA	216
CDF40754	TGA	331
CDF36237	TAG	172
CDF39469	TAG	366
CDF37369	TAG	61
CDF33705	TAA	572
CDF33002	TAG	422
CDF39025	TAG	132
CDF34437	TAA	166
CDF39912	TAA	103
CDF38225	TGA	291
CDF33717	TAA	279
CDF34013	TAG	89
CDF37675	TGA	229
CDF36917	TGA	209
CDF37112	TAA	35
CDF35425	TAG	176
CDF40098	TAG	146
CDF33185	TAA	106
CDF36443	TGA	307
CDF39493	TAA	823
CDF39558	TAG	68
CDF32962	TAG	105
CDF34197	TAG	709
CDF37029	TAG	41
CDF35538	TAA	305
CDF32245	TAG	75
CDF37127	TAA	20
CDF40377	TGA	57
CDF37300	TGA	806
CDF35539	TAA	461
CDF37984	TAA	1022
CDF41348	TAG	276
CDF40360	TAA	585
CDF37042	TAG	23
CDF39929	TAA	97
CDF35510	TGA	121
CDF36737	TAA	191
CDF40722	TAA	187
CDF77522	TAG	53
CDF37091	TAG	126
CDF40632	TAA	279
CDF36599	TGA	3790
CDF38015	TAG	122
CDF39037	TAG	298
CDF37403	TAG	61
CDF32864	TGA	495
CDF77440	TAG	256
CDF34025	TGA	373
CDF37077	TAG	486
CDF34834	TAG	53
CDF35480	TAA	291
CDF35804	TGA	106
CDF35379	TAG	61
CDF33262	TGA	31
CDF33544	TAG	86
CDF39349	TAA	193
CDF36540	TAA	49
CDF39610	TAG	1590
CDF36555	TGA	876
CDF33206	TGA	164
CDF36341	TAG	193
CDF38319	TGA	1050
CDF36427	TAA	333
CDF36830	TGA	414
CDF32324	TAG	123
CDF33184	TGA	1816
CDF40089	TGA	377
CDF37564	TAA	146
CDF34717	TGA	175
CDF32111	TAA	132
CDF40975	TGA	2339
CDF40704	TAG	214
CDF34903	TGA	74
CDF37791	TGA	270
CDF35992	TGA	535
CDF36470	TAA	63
CDF34667	TGA	175
CDF41249	TGA	140
CDF36468	TGA	248
CDF35940	TAG	65
CDF38691	TAG	129
CDF41102	TGA	50
CDF40381	TAG	76
CDF39092	TAG	69
CDF37567	TAG	65
CDF39827	TAG	543
CDF37325	TAG	274
CDF37713	TGA	75
CDF34504	TGA	71
CDF40274	TAA	98
CDF32455	TAG	536
CDF37357	TAA	270
CDF37289	TGA	146
CDF33388	TGA	627
CDF32636	TAA	130
CDF38703	TAG	933
CDF77550	TGA	805
CDF40627	TGA	705
CDF34908	TAG	413
CDF34334	TGA	327
CDF37683	TGA	259
CDF38645	TAA	112
CDF37006	TAG	61
CDF37413	TAG	451
CDF32415	TAA	934
CDF39022	TAA	32
CDF36648	TGA	333
CDF34029	TAG	122
CDF39305	TGA	190
CDF39790	TGA	207
CDF36238	TGA	312
CDF36396	TAG	179
CDF37539	TAG	506
CDF35101	TAA	298
CDF38747	TGA	115
CDF37035	TAG	443
CDF40707	TAG	139
CDF39864	TAA	176
CDF37244	TAA	354
CDF38487	TGA	143
CDF38836	TGA	235
CDF35908	TGA	440
CDF37744	TAG	76
CDF34879	TAA	81
CDF34284	TAG	63
CDF35759	TAG	122
CDF33419	TGA	81
CDF35996	TAA	417
CDF32123	TGA	220
CDF40338	TGA	4
CDF40667	TGA	300
CDF39126	TAG	284
CDF39886	TAA	369
CDF40165	TAA	2548
CDF36852	TAG	111
CDF41097	TGA	662
CDF35037	TAA	297
CDF38764	TGA	407
CDF41197	TGA	119
CDF36247	TAA	431
CDF38633	TGA	756
CDF33390	TAG	1276
CDF36567	TAG	304
CDF36448	TAG	334
CDF39715	TAG	142
CDF35782	TGA	98
CDF35744	TAG	367
CDF37420	TAG	104
CDF37734	TAG	122
CDF39684	TGA	99
CDF32431	TAG	248
CDF36063	TGA	671
CDF34828	TAG	21
CDF35397	TAA	112
CDF33267	TAG	550
CDF39359	TGA	74
CDF36716	TGA	143
CDF40591	TAA	32
CDF37755	TAA	45
CDF37721	TAG	358
CDF35729	TAG	251
CDF39728	TAG	983
CDF32770	TGA	418
CDF36576	TAG	56
CDF37559	TAG	691
CDF36241	TAG	148
CDF32428	TGA	94
CDF37505	TAG	319
CDF39058	TGA	616
CDF34224	TAG	287
CDF37210	TGA	471
CDF34662	TAG	348
CDF38081	TAG	900
CDF35298	TAG	727
CDF35806	TAA	134
CDF39575	TGA	341
CDF32240	TAG	1042
CDF37023	TGA	439
CDF35904	TGA	177
CDF34784	TGA	304
CDF35115	TAA	185
CDF39498	TAG	74
CDF33116	TGA	1408
CDF36911	TAG	912
CDF38796	TAA	541
CDF34313	TGA	380
CDF38531	TAA	252
CDF39875	TAG	168
CDF36930	TGA	883
CDF33461	TAG	454
CDF35969	TAG	801
CDF37750	TGA	124
CDF36545	TGA	346
CDF38120	TAA	121
CDF34728	TGA	124
CDF32633	TAA	211
CDF77456	TGA	270
CDF41109	TAG	212
CDF37932	TAG	65
CDF39300	TAG	150
CDF41193	TAG	148
CDF39083	TAA	287
CDF34557	TAA	143
CDF39521	TGA	1340
CDF40735	TGA	703
CDF35724	TGA	88
CDF36173	TAA	853
CDF35736	TGA	516
CDF38618	TAG	563
CDF36844	TAG	394
CDF40818	TGA	1268
CDF39621	TGA	182
CDF32937	TAG	126
CDF33434	TGA	424
CDF38461	TAA	552
CDF37585	TGA	612
CDF34498	TGA	63
CDF39363	TAG	97
CDF32596	TGA	70
CDF34603	TAA	308
CDF40823	TGA	104
CDF39657	TGA	424
CDF33799	TGA	1057
CDF39244	TAA	249
CDF38095	TAA	476
CDF32718	TAA	384
CDF77593	TGA	361
CDF39502	TAG	260
CDF39660	TGA	302
CDF35850	TGA	530
CDF40631	TAG	751
CDF34663	TAA	89
CDF39376	TGA	108
CDF37104	TGA	279
CDF34218	TAG	122
CDF38222	TAG	188
CDF32097	TAA	1034
CDF38085	TGA	383
CDF35816	TAG	994
CDF38069	TGA	198
CDF40842	TGA	513
CDF38271	TAG	172
CDF33045	TAG	412
CDF34356	TAG	561
CDF36865	TGA	289
CDF32811	TGA	166
CDF33987	TAG	2014
CDF37715	TAA	57
CDF39710	TAG	280
CDF38312	TAG	63
CDF37203	TAG	44
CDF34565	TAA	2174
CDF40827	TGA	216
CDF33808	TGA	256
CDF35512	TGA	151
CDF36969	TGA	773
CDF38853	TAG	56
CDF35143	TAA	103
CDF36509	TGA	139
CDF38443	TAA	539
CDF39836	TGA	368
CDF40448	TGA	54
CDF32828	TAG	1115
CDF32816	TGA	486
CDF41259	TAG	151
CDF40558	TAG	54
CDF32380	TAG	98
CDF35258	TAG	1128
CDF36452	TGA	488
CDF39321	TGA	578
CDF37979	TAG	184
CDF33594	TAA	574
CDF38594	TAA	178
CDF33968	TAG	744
CDF36148	TAA	291
CDF39466	TAG	481
CDF36297	TAA	317
CDF36395	TGA	201
CDF35592	TAA	144
CDF77483	TAA	609
CDF34855	TGA	504
CDF37382	TAG	259
CDF77589	TAG	351
CDF32260	TAG	609
CDF40886	TAG	75
CDF37060	TAA	413
CDF35616	TGA	278
CDF32931	TGA	495
CDF34893	TAG	177
CDF33348	TAA	137
CDF40619	TAG	59
CDF37152	TAG	44
CDF41309	TAA	49
CDF38793	TAG	131
CDF34781	TAG	511
CDF35076	TAG	113
CDF38219	TGA	561
CDF37131	TGA	179
CDF34010	TAG	1135
CDF36477	TAA	217
CDF38445	TAA	106
CDF39364	TAG	422
CDF33181	TAA	49
CDF40847	TAG	57
CDF39935	TAA	803
CDF40138	TAG	415
CDF40767	TAG	224
CDF39919	TGA	652
CDF39215	TGA	489
CDF34960	TGA	258
CDF33979	TAG	748
CDF39760	TAA	223
CDF37396	TAG	65
CDF32242	TGA	262
CDF35639	TGA	364
CDF39995	TAG	80
CDF34519	TAG	93
CDF40043	TGA	148
CDF39202	TAG	180
CDF38346	TAA	426
CDF40640	TAA	132
CDF36902	TAA	24
CDF36445	TAG	366
CDF38158	TAA	61
CDF34990	TGA	39
CDF41225	TGA	866
CDF37796	TAG	610
CDF35439	TAG	67
CDF35010	TAA	1885
CDF36455	TGA	274
CDF32108	TAA	38
CDF36513	TAG	83
CDF32316	TAG	96
CDF34978	TAG	312
CDF38204	TGA	262
CDF37113	TGA	421
CDF35325	TAA	968
CDF41082	TAG	397
CDF32645	TAA	146
CDF35842	TAA	340
CDF38111	TGA	161
CDF41410	TAG	22
CDF36654	TGA	79
CDF35575	TAA	461
CDF39489	TAA	665
CDF40919	TGA	190
CDF34938	TGA	534
CDF34038	TAG	115
CDF37179	TAG	59
CDF33904	TAA	137
CDF33780	TGA	1239
CDF40183	TGA	242
CDF38662	TAA	154
CDF38695	TGA	247
CDF38642	TGA	235
CDF36815	TGA	509
CDF39583	TGA	699
CDF38593	TAG	91
CDF39931	TAG	399
CDF77491	TAA	250
CDF39691	TAG	482
CDF37257	TAA	154
CDF36939	TAA	172
CDF36016	TGA	238
CDF32967	TGA	185
CDF40658	TGA	301
CDF37239	TAG	139
CDF35822	TAG	162
CDF32744	TGA	39
CDF37419	TAA	143
CDF38322	TAG	119
CDF36202	TGA	62
CDF34549	TGA	1159
CDF37273	TGA	77
CDF35309	TGA	965
CDF32350	TAG	399
CDF40636	TAA	328
CDF40288	TGA	452
CDF35479	TAG	101
CDF36133	TAG	439
CDF32321	TGA	141
CDF35376	TAA	274
CDF37001	TGA	369
CDF37245	TGA	68
CDF39822	TAA	193
CDF34264	TGA	105
CDF32808	TGA	1054
CDF39651	TAG	257
CDF37034	TAG	87
CDF34096	TAA	1321
CDF35761	TAG	65
CDF40481	TAG	436
CDF33986	TAG	130
CDF34092	TGA	115
CDF40549	TGA	302
CDF32158	TAA	422
CDF38690	TAA	108
CDF41118	TAG	507
CDF35294	TAA	361
CDF36467	TAA	80
CDF39570	TAA	523
CDF40178	TAG	75
CDF77597	TGA	644
CDF35533	TAG	283
CDF39373	TAG	289
CDF38504	TGA	225
CDF32989	TGA	340
CDF39557	TAG	400
CDF37185	TAG	197
CDF35677	TAA	184
CDF33368	TAA	222
CDF34496	TGA	583
CDF40416	TGA	338
CDF77461	TGA	395
CDF33923	TAG	54
CDF35997	TGA	547
CDF32796	TGA	391
CDF37095	TGA	259
CDF39550	TAA	55
CDF36166	TAG	164
CDF39297	TAA	17
CDF77435	TAG	195
CDF40126	TGA	251
CDF40440	TAA	100
CDF40587	TAA	20
CDF32740	TAG	86
CDF36382	TGA	528
CDF38179	TGA	188
CDF35521	TGA	106
CDF38807	TAA	390
CDF40330	TAA	105
CDF33352	TAG	370
CDF37395	TGA	348
CDF39542	TAG	132
CDF40493	TAG	285
CDF32459	TGA	169
CDF34799	TGA	316
CDF35203	TAG	246
CDF36611	TAA	1107
CDF40154	TGA	303
CDF36937	TGA	1034
CDF39044	TAA	1039
CDF40539	TGA	519
CDF40201	TAA	76
CDF38842	TAA	521
CDF39991	TAG	127
CDF33406	TAG	180
CDF34610	TAA	13
CDF34757	TAG	352
CDF32387	TAG	103
CDF41219	TAA	477
CDF39735	TGA	155
CDF40469	TGA	664
CDF37975	TAA	1787
CDF35275	TGA	103
CDF32311	TAA	772
CDF32394	TAA	243
CDF40171	TAA	182
CDF40813	TAG	99
CDF36274	TGA	26
CDF36913	TAG	120
CDF37101	TGA	359
CDF40644	TAA	409
CDF34761	TAG	233
CDF39250	TAG	65
CDF33418	TGA	265
CDF39225	TGA	153
CDF34669	TAG	163
CDF40843	TAG	85
CDF35198	TGA	521
CDF35401	TAG	258
CDF38778	TAG	145
CDF37992	TAG	276
CDF41194	TAG	148
CDF35152	TGA	354
CDF34347	TGA	323
CDF40820	TGA	306
CDF38612	TAG	106
CDF32889	TGA	558
CDF33785	TGA	54
CDF38360	TAG	383
CDF33084	TGA	125
CDF39770	TGA	156
CDF40112	TAA	480
CDF37584	TGA	131
CDF39566	TGA	59
CDF33938	TGA	229
CDF34638	TAA	400
CDF38093	TAA	178
CDF35985	TGA	110
CDF34297	TAA	120
CDF33906	TAA	85
CDF37747	TAG	64
CDF40334	TAA	15
CDF33753	TAA	133
CDF32270	TAG	634
CDF36714	TAG	1519
CDF40592	TAG	223
CDF33244	TAG	259
CDF37904	TAA	114
CDF32378	TAG	177
CDF38846	TGA	167
CDF34445	TGA	712
CDF39318	TGA	487
CDF38007	TAA	302
CDF37865	TAG	89
CDF32429	TGA	241
CDF33488	TGA	173
CDF35090	TGA	97
CDF32499	TGA	756
CDF37640	TGA	59
CDF37332	TAA	110
CDF37209	TGA	52
CDF39798	TAG	39
CDF36713	TAG	32
CDF38998	TAA	160
CDF33117	TAG	426
CDF35910	TAG	540
CDF34887	TGA	100
CDF33931	TAG	66
CDF34454	TAG	52
CDF37058	TGA	279
CDF33469	TAA	49
CDF39434	TGA	144
CDF35409	TGA	334
CDF34756	TAG	1181
CDF41051	TAA	172
CDF32882	TGA	843
CDF77457	TGA	674
CDF35598	TGA	875
CDF37047	TAG	53
CDF36436	TGA	369
CDF37028	TAA	330
CDF33969	TGA	85
CDF40582	TAG	266
CDF32991	TAG	261
CDF33063	TGA	778
CDF39339	TAA	294
CDF35699	TGA	644
CDF33093	TAG	55
CDF39685	TAG	157
CDF41086	TGA	606
CDF38103	TAA	165
CDF38365	TAA	696
CDF33901	TGA	75
CDF37285	TGA	29
CDF34659	TGA	430
CDF39057	TAA	129
CDF38558	TGA	246
CDF35139	TAA	285
CDF34672	TGA	1334
CDF37799	TAG	148
CDF40121	TGA	354
CDF40252	TAG	462
CDF33173	TAA	109
CDF32449	TAA	187
CDF77567	TGA	290
CDF38573	TGA	1416
CDF37224	TAG	221
CDF35722	TAA	831
CDF41191	TAA	859
CDF35419	TGA	1838
CDF34253	TGA	48
CDF37012	TAA	1007
CDF40466	TAA	67
CDF40530	TGA	1287
CDF40713	TGA	282
CDF38094	TGA	259
CDF40122	TAA	26
CDF38237	TAG	190
CDF35054	TAG	132
CDF38220	TGA	45
CDF40006	TGA	179
CDF35290	TAG	461
CDF38224	TAA	180
CDF37892	TGA	59
CDF39041	TAG	201
CDF40233	TGA	1046
CDF37780	TGA	65
CDF40844	TGA	526
CDF35945	TAA	1412
CDF34929	TGA	908
CDF37364	TAG	92
CDF40400	TAG	237
CDF40606	TGA	174
CDF33026	TAA	34
CDF33652	TGA	155
CDF33856	TGA	195
CDF40612	TGA	109
CDF35550	TGA	504
CDF37111	TAA	137
CDF32074	TAG	552
CDF32498	TGA	167
CDF41154	TAA	152
CDF36656	TAA	26
CDF38495	TAA	84
CDF36431	TGA	439
CDF39205	TGA	161
CDF35239	TAG	327
CDF33736	TGA	68
CDF39135	TGA	873
CDF36208	TAG	34
CDF33574	TAG	85
CDF37965	TGA	450
CDF37039	TAA	315
CDF40092	TGA	1559
CDF38609	TGA	151
CDF32539	TAA	62
CDF33593	TAG	308
CDF34066	TGA	62
CDF39643	TGA	1888
CDF36151	TAA	22
CDF39940	TAG	236
CDF34615	TAA	138
CDF37879	TAG	96
CDF36893	TGA	54
CDF39804	TAG	764
CDF33868	TAA	459
CDF34429	TGA	1323
CDF35525	TAG	327
CDF36306	TAG	74
CDF37258	TGA	188
CDF32942	TAG	243
CDF35069	TGA	102
CDF38207	TAG	103
CDF39487	TGA	135
CDF34607	TGA	318
CDF34449	TAA	146
CDF35223	TAA	309
CDF37785	TGA	29
CDF37861	TAA	721
CDF32251	TAA	44
CDF35497	TGA	1312
CDF35566	TGA	500
CDF33932	TGA	137
CDF39883	TAG	34
CDF34596	TGA	95
CDF40391	TAG	758
CDF40985	TAG	97
CDF32487	TAA	295
CDF35207	TAA	139
CDF77592	TAG	113
CDF35632	TAG	98
CDF39613	TAA	1993
CDF37530	TGA	1246
CDF34958	TGA	460
CDF37515	TAA	956
CDF38392	TGA	242
CDF40766	TAG	581
CDF32289	TAG	110
CDF32542	TAA	206
CDF39216	TAG	741
CDF40051	TGA	74
CDF36017	TAA	199
CDF39882	TGA	1452
CDF36560	TAA	287
CDF32243	TAA	149
CDF38071	TGA	684
CDF36589	TGA	156
CDF34004	TAG	59
CDF32454	TGA	130
CDF36659	TGA	346
CDF40289	TGA	479
CDF32838	TAG	82
CDF39258	TAA	306
CDF40903	TGA	211
CDF37217	TAA	137
CDF38744	TAA	13
CDF36903	TGA	936
CDF32802	TGA	6
CDF40906	TAG	128
CDF34279	TAG	290
CDF34841	TAA	1279
CDF36771	TGA	155
CDF37527	TAA	316
CDF34336	TGA	263
CDF38884	TGA	674
CDF39088	TAA	322
CDF39458	TGA	683
CDF33241	TGA	857
CDF38213	TAA	72
CDF36564	TGA	435
CDF37446	TAG	56
CDF39484	TAG	421
CDF33575	TAA	35
CDF34275	TAG	77
CDF40724	TGA	174
CDF36205	TAA	315
CDF33761	TAA	104
CDF39572	TAA	447
CDF37736	TGA	162
CDF34051	TAA	220
CDF36225	TAG	278
CDF34118	TAA	122
CDF38688	TAA	79
CDF35412	TAA	431
CDF36934	TAA	63
CDF39889	TGA	120
CDF34535	TAA	377
CDF77389	TAG	1331
CDF40395	TAG	165
CDF37343	TAA	49
CDF77492	TAA	295
CDF36158	TAA	540
CDF40691	TAG	248
CDF34842	TAG	120
CDF34495	TAG	220
CDF33670	TAA	49
CDF38080	TAG	346
CDF32196	TAG	90
CDF32353	TGA	577
CDF35196	TAA	13
CDF32743	TGA	351
CDF35629	TAG	98
CDF37924	TAA	360
CDF40294	TGA	316
CDF34316	TAG	938
CDF36630	TAG	227
CDF33871	TAG	29
CDF36602	TAG	221
CDF32475	TAG	142
CDF37007	TAG	96
CDF37242	TGA	204
CDF32214	TAA	47
CDF38540	TGA	730
CDF34553	TAA	57
CDF33980	TAG	129
CDF36052	TAA	466
CDF39841	TAA	192
CDF40738	TGA	165
CDF37108	TGA	191
CDF32115	TAG	2843
CDF36905	TAA	139
CDF32579	TGA	6
CDF36249	TAA	1672
CDF39008	TAA	238
CDF37538	TGA	148
CDF34208	TGA	487
CDF40594	TAG	371
CDF38415	TGA	112
CDF33186	TGA	411
CDF40088	TAG	1030
CDF32753	TGA	235
CDF35217	TAG	241
CDF35758	TAG	60
CDF38603	TAG	718
CDF33416	TGA	116
CDF34598	TAG	91
CDF32661	TAA	124
CDF37738	TAG	117
CDF40698	TGA	191
CDF35649	TAA	125
CDF41422	TAG	123
CDF38963	TAA	142
CDF32118	TAG	309
CDF40465	TAG	72
CDF32188	TAG	106
CDF39652	TAA	48
CDF77444	TGA	164
CDF34426	TAA	220
CDF33615	TAG	427
CDF37346	TGA	306
CDF34912	TAA	549
CDF33425	TGA	101
CDF38748	TGA	225
CDF35530	TAG	146
CDF36179	TAA	55
CDF34973	TGA	232
CDF38569	TAG	71
CDF35868	TGA	508
CDF32795	TGA	806
CDF32193	TGA	164
CDF40542	TAG	112
CDF40877	TAA	161
CDF32739	TAA	281
CDF35468	TAG	72
CDF35162	TAA	159
CDF32619	TGA	120
CDF33091	TGA	1057
CDF40668	TAA	105
CDF35422	TGA	371
CDF34300	TAA	279
CDF38669	TGA	169
CDF40153	TAA	51
CDF36333	TGA	135
CDF34126	TAG	148
CDF38395	TAA	373
CDF34021	TAA	19
CDF36104	TAG	267
CDF34121	TGA	631
CDF40456	TAA	221
CDF36689	TGA	590
CDF41114	TAA	64
CDF39290	TGA	280
CDF39860	TAA	507
CDF35978	TAA	203
CDF33331	TGA	132
CDF39392	TAA	280
CDF33407	TGA	372
CDF32646	TAG	275
CDF41368	TGA	74
CDF39622	TGA	188
CDF36466	TAA	178
CDF33528	TAA	44
CDF38515	TAG	212
CDF37354	TGA	520
CDF35124	TAA	184
CDF37241	TGA	1971
CDF33984	TAG	130
CDF39634	TAG	366
CDF34428	TAA	85
CDF37739	TAG	273
CDF39147	TGA	505
CDF33250	TAA	23
CDF40814	TGA	1282
CDF36245	TAG	78
CDF32890	TAA	18
CDF35855	TAG	316
CDF37230	TAG	98
CDF39848	TGA	94
CDF36169	TAA	16
CDF40806	TGA	126
CDF36491	TAG	827
CDF37727	TAG	448
CDF34364	TGA	149
CDF36317	TAG	232
CDF34350	TAA	764
CDF32887	TAA	1324
CDF41363	TAG	95
CDF38297	TAA	402
CDF35167	TAA	113
CDF32067	TGA	1079
CDF39767	TAG	411
CDF38895	TGA	200
CDF37560	TGA	421
CDF40527	TAA	1450
CDF35832	TGA	1091
CDF39187	TAG	260
CDF33989	TAG	1083
CDF36362	TAG	175
CDF77563	TGA	509
CDF38947	TAG	304
CDF34383	TGA	626
CDF32648	TAA	409
CDF37889	TAG	663
CDF39160	TAA	549
CDF33336	TGA	62
CDF40004	TGA	1057
CDF40141	TAA	540
CDF36531	TAG	1166
CDF36696	TGA	82
CDF37054	TAA	287
CDF39515	TAG	92
CDF40295	TAA	213
CDF38991	TGA	240
CDF33577	TAG	67
CDF36047	TAA	148
CDF33774	TAG	1104
CDF33152	TAG	820
CDF35648	TAG	94
CDF33136	TAG	94
CDF35942	TGA	159
CDF37701	TGA	190
CDF39865	TAG	189
CDF34755	TAA	61
CDF36479	TAA	150
CDF34136	TGA	357
CDF35527	TGA	239
CDF34117	TGA	74
CDF39620	TGA	1057
CDF33468	TAA	409
CDF37048	TAG	644
CDF38427	TAA	115
CDF34558	TGA	507
CDF34905	TAA	549
CDF39598	TAG	1285
CDF32315	TAG	127
CDF40945	TGA	201
CDF33609	TGA	75
CDF39832	TAG	207
CDF37938	TGA	45
CDF38289	TAA	178
CDF35188	TAA	218
CDF34174	TGA	402
CDF34380	TGA	565
CDF40966	TGA	70
CDF37423	TAA	51
CDF39834	TGA	482
CDF38276	TGA	204
CDF40511	TAA	39
CDF37664	TGA	47
CDF39656	TAG	26
CDF39750	TAG	202
CDF34666	TAA	190
CDF34779	TGA	1057
CDF32694	TAG	144
CDF77459	TGA	167
CDF36441	TAA	79
CDF35549	TAG	195
CDF38250	TGA	132
CDF39654	TAG	182
CDF39876	TAG	141
CDF38104	TGA	38
CDF40687	TAA	109
CDF36926	TAG	465
CDF35130	TAA	157
CDF33971	TAG	112
CDF34247	TAA	133
CDF32609	TAG	174
CDF32436	TAA	376
CDF34891	TAG	867
CDF36369	TGA	573
CDF34652	TAA	12
CDF38992	TAG	131
CDF39812	TAA	32
CDF33706	TAG	363
CDF36705	TGA	126
CDF36727	TAG	1467
CDF41353	TAG	66
CDF32998	TAG	844
CDF37509	TAA	526
CDF34104	TGA	54
CDF40365	TAG	413
CDF34618	TGA	354
CDF35064	TAG	636
CDF32916	TAG	501
CDF32208	TAG	135
CDF35568	TAG	242
CDF40477	TAA	54
CDF34157	TGA	29
CDF39035	TAG	497
CDF32654	TGA	255
CDF39536	TGA	597
CDF32073	TAG	227
CDF38434	TAG	51
CDF34396	TAA	120
CDF41430	TAA	674
CDF40525	TAA	189
CDF35680	TGA	897
CDF38694	TAA	1119
CDF36657	TGA	108
CDF34980	TAG	442
CDF35519	TAG	77
CDF34137	TAA	171
CDF37174	TAA	254
CDF33604	TAG	76
CDF39334	TGA	561
CDF35556	TGA	304
CDF35552	TAA	103
CDF32700	TAA	143
CDF35827	TGA	225
CDF37443	TAA	343
CDF38399	TGA	300
CDF40405	TAG	108
CDF39253	TAA	431
CDF35145	TAA	36
CDF37813	TAA	244
CDF39694	TAA	254
CDF32814	TGA	199
CDF39014	TAG	258
CDF40181	TAG	100
CDF39627	TAA	184
CDF35921	TAG	162
CDF33708	TAA	90
CDF40908	TGA	186
CDF36894	TAG	207
CDF32689	TGA	204
CDF39753	TAG	124
CDF32600	TAA	396
CDF36207	TGA	271
CDF32959	TAA	433
CDF39909	TGA	248
CDF36351	TAA	326
CDF37255	TAG	291
CDF38127	TAG	432
CDF40219	TGA	74
CDF39049	TAG	430
CDF33404	TAA	74
CDF41117	TAG	189
CDF34162	TAG	765
CDF36425	TAA	82
CDF41027	TGA	105
CDF38304	TAA	27
CDF36067	TAA	301
CDF35044	TAG	202
CDF35920	TAA	156
CDF32537	TGA	489
CDF40087	TAA	16
CDF33327	TAG	167
CDF37614	TGA	398
CDF34301	TAG	542
CDF35438	TAG	266
CDF41345	TAA	75
CDF32258	TAG	197
CDF32334	TAG	197
CDF39340	TGA	482
CDF32135	TGA	302
CDF35047	TGA	478
CDF36807	TAG	86
CDF39573	TAA	526
CDF35408	TAG	150
CDF33261	TAG	162
CDF38731	TGA	613
CDF34026	TGA	280
CDF40989	TGA	542
CDF40508	TAG	1182
CDF77433	TGA	311
CDF35821	TAA	643
CDF35002	TAG	88
CDF40312	TGA	225
CDF35705	TAA	174
CDF35795	TGA	104
CDF32451	TAA	26
CDF39273	TGA	245
CDF77539	TAG	177
CDF37306	TAA	151
CDF34555	TGA	1324
CDF32800	TGA	53
CDF36768	TAA	909
CDF36128	TGA	109
CDF33232	TAG	246
CDF39757	TGA	445
CDF36790	TAG	151
CDF32551	TAA	22
CDF36701	TGA	245
CDF37046	TAG	187
CDF38644	TAG	444
CDF39440	TAA	407
CDF33762	TAA	22
CDF38534	TAA	642
CDF33458	TAA	126
CDF36002	TAG	435
CDF38664	TAG	495
CDF36575	TAG	127
CDF35227	TAG	38
CDF32412	TAG	263
CDF32503	TGA	148
CDF40993	TGA	964
CDF33722	TAG	71
CDF40319	TAG	347
CDF40597	TAA	253
CDF40995	TGA	377
CDF38047	TGA	548
CDF37141	TGA	101
CDF33855	TAG	252
CDF35763	TAA	12
CDF40563	TAA	49
CDF36639	TGA	1845
CDF77410	TAA	159
CDF35502	TAG	190
CDF32339	TAA	945
CDF32192	TGA	236
CDF35663	TGA	135
CDF40044	TGA	974
CDF34315	TAG	1381
CDF35887	TAA	359
CDF77414	TGA	46
CDF39510	TAG	99
CDF34837	TAA	13
CDF35719	TAG	33
CDF34935	TGA	172
CDF38541	TAG	460
CDF34570	TGA	478
CDF40677	TAG	89
CDF38509	TAG	157
CDF34899	TGA	626
CDF35912	TGA	878
CDF35924	TGA	388
CDF35732	TAA	1124
CDF36230	TGA	115
CDF40430	TGA	1057
CDF33511	TAG	743
CDF34324	TAG	390
CDF39962	TAG	263
CDF40867	TGA	136
CDF37099	TAA	654
CDF37864	TAG	405
CDF41065	TGA	154
CDF33068	TAG	599
CDF37908	TGA	1134
CDF40114	TAG	131
CDF34370	TAA	18
CDF38983	TGA	873
CDF34614	TAG	590
CDF32823	TAG	100
CDF39535	TAG	194
CDF38750	TAA	167
CDF40436	TAA	617
CDF34455	TGA	2474
CDF36964	TAG	971
CDF40622	TGA	500
CDF38791	TAA	945
CDF32170	TAG	235
CDF35251	TGA	225
CDF39360	TAG	153
CDF38759	TAG	290
CDF32305	TGA	912
CDF38875	TAG	378
CDF32663	TGA	151
CDF77445	TGA	97
CDF39222	TGA	229
CDF36310	TGA	29
CDF35728	TAA	164
CDF39697	TAA	62
CDF40878	TGA	67
CDF40317	TAA	79
CDF77486	TAA	295
CDF32788	TGA	250
CDF38806	TGA	201
CDF36499	TGA	90
CDF77452	TGA	684
CDF33806	TGA	187
CDF39265	TAG	44
CDF37117	TAG	99
CDF38743	TAG	2182
CDF36354	TAA	398
CDF40879	TAA	260
CDF32100	TAA	161
CDF36734	TAG	1269
CDF32393	TAG	345
CDF37371	TGA	111
CDF41155	TAG	55
CDF35754	TAG	237
CDF39970	TGA	527
CDF34653	TAA	956
CDF41314	TAG	311
CDF33598	TAA	129
CDF35854	TAG	201
CDF33145	TGA	56
CDF40156	TGA	401
CDF40140	TGA	230
CDF33122	TGA	1074
CDF41317	TAG	185
CDF34854	TAG	311
CDF36588	TGA	433
CDF40894	TAA	418
CDF37037	TAA	596
CDF41374	TAG	96
CDF39419	TAG	1462
CDF34102	TAG	1013
CDF36691	TGA	539
CDF32911	TAG	113
CDF40756	TAG	595
CDF77572	TAA	7
CDF40494	TAA	106
CDF33930	TGA	25
CDF33529	TAG	103
CDF38516	TGA	411
CDF38528	TAA	197
CDF77583	TAG	159
CDF36708	TAG	540
CDF39115	TGA	681
CDF41169	TGA	350
CDF37324	TGA	455
CDF37190	TAG	527
CDF39781	TAG	119
CDF40552	TGA	209
CDF39102	TAG	64
CDF32769	TAG	100
CDF35400	TAG	100
CDF39353	TAG	337
CDF36368	TAG	734
CDF32531	TGA	230
CDF36947	TAA	182
CDF35024	TAA	235
CDF36843	TAG	317
CDF39854	TAG	192
CDF40807	TGA	1524
CDF39501	TAA	36
CDF38473	TAG	141
CDF36366	TGA	57
CDF35546	TAG	181
CDF32280	TAA	362
CDF41246	TGA	539
CDF41397	TAA	18
CDF36338	TAA	228
CDF36426	TAA	504
CDF40191	TGA	535
CDF37086	TGA	22
CDF37342	TAA	200
CDF35464	TAA	182
CDF40083	TAA	226
CDF38624	TGA	1036
CDF37763	TGA	336
CDF39916	TAG	800
CDF39188	TGA	35
CDF37621	TGA	422
CDF33039	TGA	107
CDF32204	TAG	129
CDF34083	TAA	283
CDF32369	TAG	56
CDF35517	TAG	131
CDF41021	TGA	282
CDF39319	TAA	37
CDF37980	TAA	338
CDF41095	TAG	434
CDF41145	TAA	65
CDF32950	TGA	1717
CDF36728	TAA	140
CDF39984	TGA	972
CDF39591	TAG	59
CDF38820	TGA	451
CDF37426	TGA	2131
CDF37788	TGA	998
CDF40082	TAG	500
CDF35185	TAG	416
CDF36405	TAG	36
CDF33362	TAA	1852
CDF37485	TGA	161
CDF34775	TAG	278
CDF77568	TGA	202
CDF34882	TAA	117
CDF36711	TAA	450
CDF36982	TAA	75
CDF40902	TGA	260
CDF32286	TAA	483
CDF38025	TAA	20
CDF40052	TAA	549
CDF36320	TGA	160
CDF33341	TGA	406
CDF40799	TAG	208
CDF39325	TGA	1219
CDF41376	TAG	193
CDF40917	TGA	221
CDF33869	TAA	106
CDF37998	TAA	125
CDF36437	TAG	82
CDF35385	TAA	69
CDF41045	TAG	159
CDF38616	TAG	212
CDF37558	TAG	113
CDF34909	TGA	74
CDF33349	TGA	539
CDF32276	TAA	13
CDF38205	TAA	193
CDF38634	TAG	200
CDF37551	TAG	192
CDF35065	TGA	942
CDF36059	TAA	1287
CDF33320	TAA	210
CDF40173	TAA	121
CDF37953	TAG	137
CDF38302	TAG	133
CDF41254	TAG	89
CDF36078	TGA	959
CDF34676	TAG	56
CDF36295	TAA	30
CDF33311	TGA	317
CDF32545	TAG	246
CDF41135	TGA	257
CDF41075	TAA	325
CDF39538	TAA	134
CDF33902	TAG	30
CDF35794	TAG	650
CDF36045	TAA	360
CDF37175	TGA	181
CDF40340	TAG	690
CDF33601	TGA	49
CDF34280	TGA	74
CDF39333	TAA	32
CDF37240	TAA	48
CDF34034	TAG	121
CDF33878	TGA	1361
CDF32326	TGA	408
CDF34389	TAA	299
CDF34095	TAA	175
CDF32659	TAA	152
CDF33961	TGA	246
CDF32833	TGA	923
CDF32877	TAG	39
CDF35892	TAG	336
CDF33532	TGA	311
CDF32318	TAG	732
CDF32307	TAA	51
CDF36528	TAG	1536
CDF37571	TAG	786
CDF37344	TAA	327
CDF39714	TAA	379
CDF37480	TGA	435
CDF32988	TAG	281
CDF39704	TAG	170
CDF32883	TAG	329
CDF34951	TAG	470
CDF40927	TAG	230
CDF32688	TGA	1022
CDF34019	TAG	217
CDF32960	TGA	33
CDF32354	TAG	448
CDF33103	TAG	426
CDF40721	TAA	184
CDF41337	TGA	64
CDF37662	TGA	1275
CDF77487	TAA	243
CDF33637	TGA	338
CDF77529	TAA	285
CDF38937	TGA	936
CDF36201	TAG	243
CDF38148	TAG	30
CDF32333	TAG	620
CDF37850	TAG	76
CDF38581	TGA	362
CDF38170	TGA	171
CDF35364	TAG	177
CDF37135	TAG	29
CDF37159	TGA	88
CDF39734	TAA	1177
CDF38379	TAA	199
CDF37593	TGA	1510
CDF77395	TGA	93
CDF38155	TAA	329
CDF40618	TAA	114
CDF39027	TGA	196
CDF35313	TAG	48
CDF32975	TAA	1741
CDF40988	TAG	203
CDF39922	TAA	143
CDF34904	TGA	74
CDF35963	TGA	153
CDF36607	TGA	1088
CDF41125	TAG	75
CDF37966	TAA	78
CDF35818	TAA	397
CDF35003	TAA	416
CDF37997	TAA	647
CDF36373	TGA	365
CDF37018	TAG	62
CDF34710	TAG	237
CDF37372	TAG	185
CDF32759	TAG	238
CDF39451	TGA	1130
CDF40664	TAA	749
CDF39124	TAG	286
CDF40432	TGA	1146
CDF38400	TGA	178
CDF40598	TGA	255
CDF35283	TGA	724
CDF32217	TAG	662
CDF34432	TGA	198
CDF34726	TAG	352
CDF33585	TAG	269
CDF40655	TAA	330
CDF38711	TAG	28
CDF37150	TAA	309
CDF40449	TGA	1337
CDF39015	TGA	555
CDF35686	TGA	113
CDF39980	TGA	835
CDF33495	TAG	135
CDF36574	TAG	499
CDF33484	TAA	55
CDF35451	TAG	6
CDF38785	TAG	406
CDF41395	TGA	167
CDF40460	TAA	545
CDF35041	TAA	733
CDF39809	TGA	849
CDF39717	TAA	18
CDF37140	TAA	166
CDF35553	TAG	300
CDF33907	TAA	63
CDF39528	TAA	1055
CDF37651	TAG	119
CDF36454	TAG	118
CDF32767	TGA	87
CDF39163	TGA	74
CDF37503	TAA	77
CDF39556	TAA	44
CDF41115	TAA	227
CDF33445	TAA	111
CDF38797	TGA	271
CDF38453	TAA	69
CDF39351	TAG	821
CDF33623	TGA	788
CDF38190	TAA	363
CDF39383	TGA	539
CDF33850	TAG	165
CDF33910	TAG	144
CDF32710	TAA	914
CDF34691	TGA	157
CDF39263	TAG	657
CDF37243	TAA	713
CDF41351	TAG	128
CDF35679	TAG	94
CDF77437	TAA	332
CDF37595	TAG	113
CDF35889	TAG	123
CDF33933	TGA	65
CDF34085	TAA	1550
CDF39530	TAG	1261
CDF40105	TAA	18
CDF32613	TGA	309
CDF40263	TGA	225
CDF32905	TAG	291
CDF41320	TAG	183
CDF34231	TGA	300
CDF38421	TAG	1862
CDF36433	TGA	467
CDF40514	TAA	1393
CDF36548	TGA	633
CDF32921	TAG	22
CDF35121	TAA	269
CDF34730	TAG	206
CDF35647	TAG	226
CDF36945	TAG	41
CDF33052	TAG	62
CDF32144	TAG	116
CDF37049	TGA	154
CDF33128	TAG	64
CDF40384	TGA	74
CDF34180	TGA	136
CDF32379	TGA	156
CDF40743	TAG	118
CDF41211	TAA	1382
CDF39979	TAG	197
CDF39140	TAG	167
CDF39513	TAG	247
CDF33796	TGA	1136
CDF34098	TAA	950
CDF32098	TAG	299
CDF39142	TAA	69
CDF35120	TAA	213
CDF32662	TAA	179
CDF35225	TAA	960
CDF33120	TAG	106
CDF36311	TAG	44
CDF36407	TAA	58
CDF37384	TAA	419
CDF37290	TGA	162
CDF36200	TAG	189
CDF36099	TAA	586
CDF32589	TGA	96
CDF32549	TAA	217
CDF37297	TAG	678
CDF40978	TGA	534
CDF41393	TAA	154
CDF35106	TGA	431
CDF38152	TAA	362
CDF40200	TGA	326
CDF35134	TGA	77
CDF39830	TGA	42
CDF33449	TGA	206
CDF37362	TAG	320
CDF32480	TGA	232
CDF32899	TAG	57
CDF33835	TGA	439
CDF40686	TGA	42
CDF34226	TAA	29
CDF34193	TAA	84
CDF40690	TGA	10
CDF33698	TAA	219
CDF39178	TAG	51
CDF37226	TAG	571
CDF39426	TGA	269
CDF36537	TAA	122
CDF32136	TAA	359
CDF38632	TGA	917
CDF39925	TAA	162
CDF38893	TGA	39
CDF33163	TAG	238
CDF39878	TAA	451
CDF40685	TAG	39
CDF38673	TAA	67
CDF37160	TGA	36
CDF39640	TGA	903
CDF40116	TAG	313
CDF33235	TAA	147
CDF32233	TAG	221
CDF41016	TAG	45
CDF34517	TAA	25
CDF77570	TGA	114
CDF33069	TGA	99
CDF37494	TAG	209
CDF41170	TAA	79
CDF33154	TGA	883
CDF33857	TAA	14
CDF39947	TAA	239
CDF34686	TGA	794
CDF33306	TAG	84
CDF37236	TAG	343
CDF38353	TAG	68
CDF35262	TGA	497
CDF39103	TAA	432
CDF39981	TAG	110
CDF34644	TGA	681
CDF32886	TAA	210
CDF41210	TGA	138
CDF41385	TGA	184
CDF37348	TGA	773
CDF33194	TAG	890
CDF33398	TAG	159
CDF35604	TGA	488
CDF36305	TAG	34
CDF34127	TAA	547
CDF32936	TAA	693
CDF33367	TAG	116
CDF34403	TAG	435
CDF39085	TAG	201
CDF33556	TGA	968
CDF39410	TAG	159
CDF32521	TAA	144
CDF38221	TAA	49
CDF36337	TGA	316
CDF35813	TGA	1691
CDF37053	TAG	480
CDF36924	TAG	308
CDF40663	TAG	187
CDF35638	TGA	182
CDF32903	TGA	80
CDF34636	TAG	196
CDF34671	TAG	117
CDF41247	TAG	111
CDF40192	TAG	124
CDF33776	TAA	1343
CDF40378	TAG	192
CDF39985	TGA	219
CDF33679	TAA	122
CDF33942	TGA	638
CDF38150	TAG	74
CDF39407	TAG	278
CDF34362	TAG	138
CDF37133	TAA	260
CDF36048	TGA	910
CDF38195	TGA	152
CDF39997	TGA	251
CDF32464	TAA	1167
CDF35635	TAA	25
CDF37870	TGA	355
CDF33141	TAA	89
CDF77549	TGA	324
CDF77439	TAG	1094
CDF33655	TGA	179
CDF39707	TAA	359
CDF38385	TAG	117
CDF36081	TAG	830
CDF35001	TGA	86
CDF38499	TAA	46
CDF33493	TAA	199
CDF40899	TGA	696
CDF37314	TGA	194
CDF36053	TGA	363
CDF32255	TAA	321
CDF35932	TAA	256
CDF33515	TAA	50
CDF39902	TAG	54
CDF34880	TAA	40
CDF35351	TGA	998
CDF41399	TAG	346
CDF36500	TAG	579
CDF77466	TAG	100
CDF40099	TGA	656
CDF33539	TGA	54
CDF36023	TAA	263
CDF38314	TGA	159
CDF37835	TGA	87
CDF34931	TAA	1033
CDF37562	TAG	95
CDF39739	TGA	665
CDF32149	TAA	445
CDF39472	TGA	454
CDF32966	TGA	811
CDF40222	TAA	132
CDF39676	TGA	497
CDF33016	TAG	455
CDF38063	TGA	92
CDF34249	TAG	570
CDF35405	TAG	311
CDF37848	TAG	452
CDF37857	TGA	537
CDF41186	TAG	244
CDF33278	TGA	275
CDF35505	TAG	397
CDF37971	TGA	90
CDF36154	TGA	361
CDF32747	TAG	138
CDF38725	TAG	111
CDF77545	TAG	201
CDF38021	TAG	183
CDF37072	TAG	111
CDF32102	TAG	82
CDF35445	TAA	242
CDF39130	TGA	420
CDF38457	TAA	19
CDF34979	TGA	378
CDF35098	TAA	256
CDF37411	TAG	198
CDF35477	TAG	79
CDF35791	TAG	1228
CDF35082	TAA	644
CDF36811	TAG	53
CDF35474	TGA	136
CDF33622	TGA	62
CDF32875	TAG	403
CDF38132	TGA	134
CDF34147	TGA	180
CDF37386	TAG	172
CDF37228	TGA	344
CDF37735	TGA	140
CDF37020	TAG	108
CDF35898	TAA	3065
CDF39738	TGA	85
CDF37682	TAA	307
CDF39952	TAA	592
CDF37888	TGA	94
CDF33546	TAG	169
CDF36416	TAA	152
CDF38831	TGA	347
CDF32114	TAG	772
CDF41108	TGA	260
CDF38887	TAA	81
CDF38676	TAA	566
CDF35137	TAA	668
CDF36798	TGA	331
CDF38200	TAA	323
CDF39005	TAG	127
CDF37528	TGA	307
CDF37985	TAA	826
CDF37994	TGA	123
CDF36667	TAG	110
CDF38507	TAG	180
CDF38850	TAG	167
CDF32401	TAA	189
CDF40250	TGA	50
CDF36261	TAG	1219
CDF77493	TAA	445
CDF35132	TAA	325
CDF34151	TAG	1151
CDF34732	TAA	262
CDF37456	TAG	106
CDF36670	TGA	135
CDF41402	TAG	148
CDF32839	TAG	395
CDF38758	TAG	615
CDF37295	TAA	1575
CDF32653	TGA	53
CDF33015	TGA	95
CDF33451	TGA	91
CDF33487	TAG	446
CDF37106	TAG	619
CDF35988	TGA	370
CDF39023	TAG	54
CDF41343	TGA	1385
CDF38654	TGA	344
CDF38839	TAG	446
CDF35499	TAA	535
CDF34501	TAG	985
CDF36534	TGA	1340
CDF32423	TAG	252
CDF36399	TAG	95
CDF35370	TGA	21
CDF36546	TAG	405
CDF36005	TGA	288
CDF37373	TGA	145
CDF34976	TGA	1313
CDF39146	TAA	214
CDF38838	TAG	47
CDF36608	TGA	309
CDF32420	TGA	236
CDF41159	TAG	596
CDF77383	TAG	637
CDF38088	TGA	89
CDF36613	TAG	416
CDF36272	TAG	226
CDF35893	TGA	365
CDF34795	TAA	90
CDF35113	TGA	293
CDF36822	TAG	618
CDF34870	TGA	700
CDF32440	TAA	902
CDF33478	TAG	504
CDF34763	TAG	49
CDF39077	TGA	119
CDF40433	TAG	98
CDF37602	TAG	28
CDF37605	TAA	352
CDF35953	TAA	15
CDF33439	TGA	1129
CDF40453	TAA	420
CDF36458	TAG	337
CDF35897	TGA	459
CDF35824	TAG	315
CDF34897	TAG	400
CDF38040	TAG	46
CDF34840	TAG	50
CDF32090	TGA	131
CDF40125	TAA	348
CDF41062	TGA	655
CDF33801	TAA	194
CDF39157	TAA	549
CDF33378	TGA	905
CDF36156	TAA	34
CDF35853	TAA	349
CDF36629	TAA	205
CDF33274	TAG	363
CDF33498	TGA	529
CDF37427	TAA	547
CDF77403	TAA	117
CDF32567	TAA	210
CDF35982	TAA	76
CDF38450	TGA	678
CDF40078	TAG	53
CDF38777	TGA	1036
CDF35554	TAG	111
CDF37741	TGA	57
CDF39663	TAG	383
CDF34049	TAG	476
CDF32709	TGA	620
CDF37330	TAG	701
CDF38663	TAA	374
CDF33908	TAA	438
CDF38858	TGA	1265
CDF40332	TGA	162
CDF34056	TGA	130
CDF32766	TAG	172
CDF77442	TAG	546
CDF34072	TAA	30
CDF35173	TGA	32
CDF34859	TAA	189
CDF34238	TAA	285
CDF40546	TAG	307
CDF37249	TAA	54
CDF33290	TAG	325
CDF39386	TAG	181
CDF33928	TAG	79
CDF32426	TGA	52
CDF38844	TAA	129
CDF39576	TAA	842
CDF35117	TAA	361
CDF38003	TGA	560
CDF34866	TAA	1045
CDF38551	TGA	57
CDF41295	TGA	81
CDF32496	TGA	169
CDF34230	TGA	266
CDF38987	TAG	128
CDF35540	TGA	26
CDF40137	TAG	111
CDF33976	TGA	228
CDF41229	TAA	1073
CDF40473	TAG	165
CDF35601	TAG	707
CDF40223	TAA	116
CDF40277	TAG	175
CDF38050	TAA	159
CDF38402	TGA	84
CDF34190	TAA	202
CDF41192	TAA	951
CDF34529	TGA	330
CDF37287	TGA	1454
CDF39143	TGA	140
CDF38172	TAG	523
CDF39764	TGA	149
CDF38417	TAA	83
CDF33448	TAG	47
CDF33157	TAA	60
CDF32588	TGA	545
CDF35777	TAG	1011
CDF36288	TGA	457
CDF40286	TAA	242
CDF36153	TAG	169
CDF36514	TAA	188
CDF35244	TGA	134
CDF38926	TAA	246
CDF33597	TAG	483
CDF33876	TGA	1102
CDF37577	TGA	171
CDF41087	TAG	116
CDF34422	TGA	62
CDF38146	TAG	184
CDF34446	TGA	964
CDF35181	TAG	153
CDF32591	TGA	196
CDF33105	TGA	1305
CDF33635	TAG	89
CDF39461	TAA	33
CDF77481	TGA	184
CDF35845	TAA	154
CDF39030	TAA	12
CDF40231	TAA	1343
CDF40106	TAG	174
CDF37116	TGA	343
CDF40195	TGA	581
CDF35261	TGA	316
CDF39701	TAA	315
CDF33115	TAG	379
CDF34307	TAA	96
CDF33294	TAG	99
CDF32529	TGA	380
CDF36442	TAA	150
CDF36879	TAA	51
CDF33044	TAG	382
CDF37513	TAG	395
CDF37753	TAG	463
CDF40858	TAA	87
CDF40792	TGA	77
CDF39924	TAG	317
CDF32076	TAG	38
CDF41290	TAA	130
CDF36187	TGA	584
CDF36413	TGA	134
CDF33988	TGA	1186
CDF35856	TAG	170
CDF32462	TGA	245
CDF38720	TAA	390
CDF36498	TGA	218
CDF37164	TGA	221
CDF39641	TAG	20
CDF41008	TGA	221
CDF32155	TAA	69
CDF39709	TGA	209
CDF33650	TAA	563
CDF38035	TAA	461
CDF33812	TGA	776
CDF40773	TGA	154
CDF38116	TAG	111
CDF33970	TGA	250
CDF40314	TAG	281
CDF32133	TAG	33
CDF40013	TAA	34
CDF38425	TAG	108
CDF39559	TGA	426
CDF32781	TAG	83
CDF38377	TAA	96
CDF37650	TAG	130
CDF34436	TAA	42
CDF40938	TAA	15
CDF34654	TGA	1041
CDF40958	TGA	1408
CDF35263	TAG	449
CDF34554	TGA	501
CDF38102	TAG	200
CDF39820	TGA	87
CDF32935	TGA	1767
CDF37677	TAA	377
CDF36925	TGA	768
CDF36887	TGA	282
CDF37978	TGA	158
CDF32250	TGA	910
CDF36183	TAG	528
CDF33110	TGA	419
CDF39679	TGA	488
CDF36390	TAA	475
CDF36754	TAG	107
CDF39486	TGA	306
CDF38467	TAG	235
CDF34093	TGA	748
CDF34109	TAG	188
CDF34872	TGA	96
CDF33925	TGA	391
CDF36438	TAG	357
CDF32932	TAA	306
CDF33149	TAG	366
CDF39813	TAG	232
CDF36606	TAG	167
CDF37882	TGA	451
CDF34267	TGA	1563
CDF39700	TGA	1077
CDF33165	TAG	94
CDF40837	TGA	708
CDF36476	TGA	227
CDF38622	TAA	433
CDF39443	TAA	17
CDF39920	TAA	45
CDF33135	TGA	195
CDF33824	TGA	61
CDF33339	TAA	121
CDF35000	TAA	384
CDF34698	TAG	707
CDF36486	TAA	156
CDF37169	TGA	753
CDF35500	TAA	34
CDF37425	TAA	35
CDF39994	TAG	17
CDF77501	TAG	91
CDF32437	TAG	260
CDF38925	TAG	174
CDF35931	TGA	170
CDF40760	TGA	262
CDF33629	TAG	267
CDF39545	TAA	518
CDF39824	TGA	188
CDF38482	TAA	261
CDF36669	TGA	673
CDF34416	TGA	188
CDF40626	TGA	317
CDF32335	TAA	16
CDF38994	TAG	131
CDF36206	TGA	15
CDF37646	TGA	91
CDF35929	TAA	84
CDF33275	TAA	217
CDF34793	TGA	547
CDF39317	TAA	804
CDF41286	TGA	430
CDF40485	TGA	80
CDF77581	TAG	1067
CDF40227	TAA	136
CDF36087	TAG	561
CDF35030	TAA	338
CDF40209	TAA	543
CDF35317	TAG	265
CDF35148	TGA	1230
CDF34272	TAA	285
CDF34766	TAA	94
CDF32570	TAA	483
CDF40016	TAA	44
CDF38882	TAA	40
CDF39740	TAG	320
CDF40708	TGA	350
CDF36970	TAG	52
CDF37871	TGA	208
CDF35391	TAA	89
CDF37951	TAG	113
CDF40101	TAG	335
CDF40490	TGA	953
CDF39356	TGA	641
CDF36481	TAG	396
CDF40393	TAA	53
CDF33854	TAG	37
CDF37970	TAA	673
CDF36155	TGA	128
CDF39574	TAA	228
CDF41100	TAA	264
CDF40665	TGA	74
CDF40339	TGA	4
CDF34983	TAG	477
CDF37688	TAG	148
CDF34442	TGA	525
CDF77497	TAG	1128
CDF38280	TAA	65
CDF32399	TGA	210
CDF32840	TAG	122
CDF37057	TAA	107
CDF37014	TAA	1007
CDF36021	TAA	518
CDF36860	TAG	385
CDF34846	TAG	112
CDF33391	TGA	297
CDF34292	TAG	595
CDF40315	TAA	45
CDF34213	TGA	636
CDF35885	TAG	203
CDF39549	TAA	45
CDF39182	TAA	363
CDF32327	TAA	24
CDF34110	TAA	1004
CDF39018	TGA	316
CDF35142	TAG	129
CDF37137	TAG	298
CDF40407	TGA	944
CDF40994	TGA	1895
CDF40682	TAA	46
CDF37376	TAG	873
CDF36742	TAA	299
CDF34540	TAG	118
CDF35775	TGA	105
CDF40599	TGA	971
CDF40699	TAG	40
CDF36227	TAG	228
CDF35612	TAG	2137
CDF35760	TAA	300
CDF40950	TGA	310
CDF38496	TAG	110
CDF39192	TAG	140
CDF38082	TGA	115
CDF37490	TGA	44
CDF32239	TGA	1114
CDF40167	TGA	1262
CDF39260	TAA	50
CDF41054	TAA	12
CDF35017	TAA	178
CDF36043	TGA	111
CDF38795	TAG	458
CDF37440	TAA	471
CDF34314	TAA	130
CDF35147	TAG	261
CDF34543	TAG	235
CDF33741	TGA	836
CDF36623	TAG	98
CDF38794	TGA	204
CDF41105	TAA	184
CDF35194	TAA	107
CDF39665	TAA	228
CDF40615	TGA	598
CDF38779	TAG	180
CDF77464	TAG	698
CDF41241	TAA	161
CDF35381	TAA	82
CDF37158	TGA	21
CDF32283	TAG	57
CDF38031	TGA	146
CDF39719	TAA	19
CDF36991	TAG	642
CDF34963	TAA	416
CDF36677	TGA	47
CDF35449	TAA	1599
CDF37868	TAA	240
CDF38910	TGA	1491
CDF32414	TGA	1021
CDF32424	TAG	141
CDF39862	TAA	545
CDF35667	TGA	204
CDF36480	TAA	391
CDF32230	TAA	139
CDF37824	TGA	116
CDF32758	TAA	215
CDF41143	TGA	68
CDF33900	TGA	74
CDF33605	TGA	236
CDF35865	TAG	86
CDF33280	TAG	114
CDF33675	TAG	60
CDF36299	TAA	50
CDF38004	TGA	138
CDF40010	TAG	1159
CDF37606	TGA	1045
CDF32388	TAA	326
CDF36738	TAA	459
CDF40521	TAA	102
CDF32632	TGA	755
CDF33254	TGA	1615
CDF36910	TAA	156
CDF32580	TGA	58
CDF35952	TAG	250
CDF36123	TGA	111
CDF37088	TAG	137
CDF39669	TAA	208
CDF38086	TGA	22
CDF36873	TAG	257
CDF35070	TGA	185
CDF34188	TAG	73
CDF38010	TAA	19
CDF37611	TAG	28
CDF37881	TAG	1687
CDF40882	TGA	98
CDF33501	TGA	213
CDF39677	TGA	654
CDF39138	TGA	142
CDF35975	TGA	721
CDF32812	TGA	181
CDF39975	TGA	406
CDF35986	TAA	129
CDF38784	TGA	394
CDF40812	TGA	143
CDF38359	TGA	1046
CDF32638	TAA	41
CDF38913	TGA	125
CDF38432	TGA	312
CDF40189	TAA	207
CDF32218	TGA	109
CDF35588	TAG	194
CDF40254	TGA	321
CDF39159	TGA	74
CDF32273	TAG	179
CDF35971	TAA	102
CDF33564	TAG	303
CDF37292	TGA	751
CDF38098	TAA	43
CDF35801	TGA	198
CDF38932	TAA	340
CDF37844	TGA	74
CDF38299	TAG	80
CDF35471	TAG	176
CDF40036	TAA	788
CDF34201	TAG	121
CDF36231	TGA	107
CDF33160	TGA	58
CDF32687	TAG	170
CDF37521	TAG	94
CDF38575	TGA	199
CDF37299	TGA	391
CDF38177	TAA	302
CDF39582	TAG	470
CDF34621	TAA	147
CDF39189	TAA	159
CDF37743	TAG	1362
CDF36353	TAG	107
CDF39054	TAA	31
CDF40540	TGA	185
CDF37247	TGA	143
CDF36597	TAG	97
CDF39389	TGA	769
CDF32860	TGA	372
CDF37754	TAG	76
CDF34278	TAG	82
CDF36723	TAA	637
CDF41158	TAG	315
CDF35529	TGA	1210
CDF37708	TAA	718
CDF35709	TGA	216
CDF35558	TAG	118
CDF40468	TAA	29
CDF37944	TGA	66
CDF33865	TGA	103
CDF32079	TAG	31
CDF41390	TAG	44
CDF34456	TAA	398
CDF37250	TAG	216
CDF34530	TAG	356
CDF37771	TGA	68
CDF41291	TAA	442
CDF38423	TAA	176
CDF40781	TGA	238
CDF34707	TAA	26
CDF37776	TAG	252
CDF38682	TGA	145
CDF36861	TAG	488
CDF32520	TGA	102
CDF33978	TAA	269
CDF40017	TGA	116
CDF33342	TGA	127
CDF40463	TAG	42
CDF40828	TGA	201
CDF40285	TAG	643
CDF33610	TAG	702
CDF38107	TAG	100
CDF34527	TAG	180
CDF38246	TAA	1383
CDF33802	TAA	1190
CDF34628	TAG	116
CDF38134	TGA	105
CDF33171	TGA	290
CDF41093	TAA	182
CDF36897	TAA	97
CDF38281	TAG	246
CDF36761	TAG	330
CDF77479	TAG	110
CDF36246	TAA	400
CDF35015	TAG	195
CDF34992	TGA	755
CDF38727	TAG	210
CDF39471	TAA	46
CDF32513	TAG	50
CDF40932	TAA	348
CDF39596	TGA	163
CDF41354	TAG	299
CDF36880	TAG	83
CDF41411	TGA	30
CDF33565	TAG	339
CDF41083	TGA	2128
CDF34044	TAA	255
CDF34088	TGA	1616
CDF77604	TAA	66
CDF34987	TGA	714
CDF36408	TAG	286
CDF37265	TAG	531
CDF33004	TAG	92
CDF32656	TGA	309
CDF35096	TAG	62
CDF37674	TGA	645
CDF35059	TAA	85
CDF34233	TGA	218
CDF35890	TAA	142
CDF32075	TAA	204
CDF77386	TAG	328
CDF40372	TAA	168
CDF39207	TAA	1043
CDF37339	TAG	453
CDF39450	TGA	1095
CDF38279	TAA	7
CDF34078	TAA	39
CDF36084	TAA	233
CDF39926	TAA	303
CDF33543	TAG	326
CDF37302	TAG	210
CDF40135	TGA	651
CDF32357	TGA	1266
CDF39974	TGA	775
CDF37349	TAG	812
CDF35658	TAA	245
CDF39183	TGA	536
CDF40292	TAG	629
CDF38165	TGA	816
CDF77434	TAG	215
CDF40829	TAG	259
CDF37252	TGA	262
CDF32536	TGA	115
CDF32705	TAA	179
CDF77526	TGA	379
CDF32913	TGA	803
CDF35315	TAA	209
CDF34382	TGA	672
CDF40716	TGA	233
CDF34646	TGA	458
CDF37613	TAA	408
CDF34388	TAA	111
CDF33765	TGA	542
CDF36886	TAG	33
CDF40914	TAG	44
CDF38803	TGA	731
CDF38317	TGA	363
CDF33899	TGA	74
CDF38606	TGA	87
CDF36220	TAG	265
CDF36475	TAG	305
CDF39100	TAA	82
CDF77406	TGA	181
CDF32996	TAG	236
CDF77523	TAG	322
CDF37139	TAG	165
CDF40259	TAG	517
CDF35158	TAG	620
CDF33215	TAG	818
CDF36581	TAG	148
CDF33823	TGA	46
CDF41037	TGA	133
CDF33745	TGA	273
CDF36726	TGA	437
CDF40390	TGA	300
CDF34341	TGA	225
CDF35689	TAA	218
CDF32716	TGA	78
CDF34419	TAA	270
CDF36007	TAG	946
CDF36473	TGA	125
CDF36280	TAA	110
CDF38305	TGA	279
CDF37313	TAA	243
CDF34452	TGA	620
CDF34492	TAG	373
CDF41025	TAG	427
CDF41111	TAG	101
CDF35491	TGA	93
CDF40564	TGA	430
CDF32444	TGA	82
CDF40624	TGA	146
CDF40175	TAG	125
CDF34792	TGA	194
CDF32987	TGA	689
CDF41013	TAG	206
CDF35341	TGA	243
CDF39208	TAG	427
CDF32474	TAG	10
CDF37076	TGA	1149
CDF38745	TGA	126
CDF39285	TGA	268
CDF35918	TGA	1002
CDF39908	TGA	49
CDF37476	TAA	107
CDF37359	TAA	372
CDF33599	TAG	103
CDF35205	TAG	369
CDF38178	TAG	72
CDF41185	TAA	347
CDF34946	TAG	320
CDF38337	TGA	249
CDF35431	TAG	369
CDF35131	TAG	101
CDF40264	TAG	405
CDF36520	TAA	38
CDF33504	TAA	98
CDF39856	TAG	921
CDF40157	TAG	102
CDF40406	TAG	974
CDF37473	TGA	690
CDF38131	TAA	20
CDF34767	TGA	124
CDF32569	TGA	499
CDF41024	TAA	54
CDF34513	TAG	101
CDF34386	TGA	105
CDF39306	TAA	1527
CDF38184	TAG	150
CDF36267	TAG	438
CDF36973	TAG	267
CDF39702	TAA	126
CDF41327	TAA	1579
CDF40394	TAG	111
CDF33947	TAG	132
CDF35696	TGA	106
CDF36912	TAG	241
CDF77394	TGA	78
CDF39616	TGA	719
CDF33212	TAG	121
CDF35507	TAA	74
CDF38167	TAA	202
CDF37885	TGA	162
CDF32396	TGA	232
CDF39648	TAG	108
CDF39274	TAG	402
CDF34657	TAG	330
CDF35231	TAG	1844
CDF40560	TGA	42
CDF38592	TAG	944
CDF38671	TGA	138
CDF37962	TAG	752
CDF36033	TAA	55
CDF32863	TAA	453
CDF35784	TGA	187
CDF33897	TGA	74
CDF32550	TAG	43
CDF34812	TAG	29
CDF32121	TGA	519
CDF36214	TAG	1224
CDF36582	TGA	186
CDF38584	TAG	71
CDF35789	TAA	364
CDF37204	TGA	285
CDF37379	TAG	119
CDF33470	TGA	143
CDF34107	TGA	1107
CDF40064	TAA	255
CDF37378	TAG	146
CDF38480	TAA	1411
CDF37030	TAG	170
CDF39367	TAG	128
CDF37512	TAA	56
CDF33131	TAA	157
CDF36957	TAG	202
CDF40161	TAA	158
CDF38814	TGA	143
CDF38903	TGA	75
CDF35751	TGA	704
CDF35564	TGA	212
CDF41360	TGA	205
CDF38083	TAA	179
CDF40074	TGA	540
CDF38788	TAG	20
CDF41414	TGA	1407
CDF40226	TAA	134
CDF38997	TGA	432
CDF37936	TGA	662
CDF41055	TGA	332
CDF40534	TAG	158
CDF40604	TGA	189
CDF32164	TGA	623
CDF38433	TGA	689
CDF40810	TAG	508
CDF38800	TAA	232
CDF41149	TAG	500
CDF33427	TGA	434
CDF36465	TGA	523
CDF37594	TGA	145
CDF35839	TAA	573
CDF38153	TGA	1103
CDF77454	TAA	149
CDF34895	TGA	518
CDF40610	TAG	295
CDF36647	TAG	66
CDF77515	TGA	772
CDF41106	TAA	143
CDF35467	TAG	157
CDF32491	TAG	337
CDF33062	TGA	1082
CDF37294	TAA	886
CDF39514	TGA	765
CDF39096	TGA	457
CDF33822	TAA	292
CDF39033	TAA	217
CDF33237	TGA	394
CDF38621	TAA	179
CDF34298	TAA	707
CDF35535	TGA	329
CDF40243	TGA	1070
CDF35717	TAG	168
CDF37702	TAG	197
CDF39720	TGA	197
CDF35860	TAG	51
CDF77465	TAG	355
CDF32125	TAA	710
CDF32390	TGA	314
CDF35448	TAG	139
CDF34965	TAG	141
CDF35979	TGA	134
CDF34251	TAG	2018
CDF40325	TAA	165
CDF36586	TAG	221
CDF34001	TAG	192
CDF32917	TGA	52
CDF38087	TGA	115
CDF35256	TAA	349
CDF38514	TAA	87
CDF37604	TAA	178
CDF41298	TGA	204
CDF40608	TGA	149
CDF33480	TAG	173
CDF40967	TGA	323
CDF36041	TAG	256
CDF38285	TGA	205
CDF38164	TGA	408
CDF36635	TGA	1121
CDF32236	TAA	137
CDF35541	TAA	412
CDF34189	TAA	441
CDF33982	TGA	570
CDF33811	TAG	47
CDF36859	TGA	160
CDF41153	TAG	296
CDF36989	TGA	449
CDF39099	TAG	242
CDF32641	TAG	1675
