HelroT185539	TAA	479
HelroT185538	TAA	253
HelroT185530	TAG	189
HelroT112842	TAA	824
HelroT185535	TAA	1100
HelroT185536	TGA	83
HelroT191543	TAA	6480
HelroT109256	TAA	369
HelroT113718	TAA	2049
HelroT155500	TGA	442
HelroT95740	TGA	981
HelroT192423	TAA	353
HelroT192425	TGA	392
HelroT192390	TAG	449
HelroT192394	TGA	570
HelroT192396	TGA	1302
HelroT97639	TAG	832
HelroT96321	TAA	35
HelroT96328	TGA	1420
HelroT97989	TGA	671
HelroT117263	TGA	55
HelroT93295	TAA	291
HelroT185339	TGA	866
HelroT185333	TAA	262
HelroT185332	TAA	893
HelroT93299	TGA	152
HelroT114519	TAA	124
HelroT110606	TGA	163
HelroT194003	TAA	476
HelroT194001	TGA	255
HelroT194007	TGA	884
HelroT194006	TAA	664
HelroT194005	TAA	508
HelroT185807	TAA	428
HelroT185806	TAA	1825
HelroT185801	TAA	1007
HelroT185800	TGA	523
HelroT115644	TGA	883
HelroT185802	TAA	2162
HelroT105001	TGA	290
HelroT185809	TAG	217
HelroT111555	TAA	480
HelroT109647	TGA	573
HelroT186759	TAA	412
HelroT186752	TAA	432
HelroT108114	TGA	242
HelroT113173	TAA	313
HelroT191869	TGA	689
HelroT191861	TAA	261
HelroT193594	TAA	422
HelroT193595	TAA	102
HelroT193598	TAA	668
HelroT190024	TAA	439
HelroT190022	TGA	528
HelroT185478	TAA	187
HelroT185474	TAA	702
HelroT185476	TGA	537
HelroT185477	TAA	900
HelroT185472	TGA	667
HelroT185473	TGA	613
HelroT108932	TGA	514
HelroT108931	TAA	112
HelroT99945	TAA	94
HelroT193838	TAA	109
HelroT193835	TAA	411
HelroT188977	TAA	538
HelroT188971	TAA	631
HelroT188978	TGA	664
HelroT154062	TGA	291
HelroT155336	TAG	349
HelroT189731	TAA	1134
HelroT189319	TGA	199
HelroT192974	TAA	747
HelroT192978	TAA	1174
HelroT188198	TAG	179
HelroT188199	TAA	124
HelroT192214	TGA	766
HelroT192215	TAA	275
HelroT192212	TGA	879
HelroT192218	TGA	680
HelroT192219	TAA	1110
HelroT194902	TAA	591
HelroT194900	TAA	358
HelroT194907	TAA	75
HelroT111841	TGA	1346
HelroT184851	TGA	451
HelroT184852	TGA	358
HelroT184854	TAA	428
HelroT184857	TAA	781
HelroT113569	TGA	1432
HelroT184858	TAA	949
HelroT116604	TAA	67
HelroT97866	TGA	2061
HelroT93158	TAA	81
HelroT187164	TGA	925
HelroT108638	TAG	182
HelroT185104	TGA	374
HelroT185105	TAA	314
HelroT185103	TGA	227
HelroT114723	TAA	340
HelroT190104	TAG	459
HelroT190109	TAG	270
HelroT108482	TGA	279
HelroT191275	TAG	976
HelroT191273	TAA	1276
HelroT191270	TGA	365
HelroT191278	TAG	236
HelroT112766	TGA	787
HelroT111078	TGA	462
HelroT154266	TAA	416
HelroT108304	TGA	49
HelroT193258	TGA	242
HelroT193255	TGA	169
HelroT193253	TGA	102
HelroT99451	TAG	358
HelroT188355	TAG	284
HelroT188358	TGA	130
HelroT109943	TAA	838
HelroT94668	TAG	650
HelroT189909	TAA	478
HelroT189900	TGA	312
HelroT189904	TAA	453
HelroT189905	TGA	196
HelroT154743	TAA	305
HelroT98414	TGA	134
HelroT102762	TGA	305
HelroT189295	TAA	1501
HelroT189299	TAA	470
HelroT189127	TGA	500
HelroT189125	TGA	473
HelroT189120	TGA	239
HelroT105234	TAA	45
HelroT192833	TGA	154
HelroT95271	TAG	597
HelroT192839	TAA	96
HelroT192782	TAA	647
HelroT192783	TAA	620
HelroT192780	TGA	784
HelroT192781	TAA	259
HelroT192784	TGA	669
HelroT194375	TAA	218
HelroT192788	TAG	285
HelroT192789	TGA	1131
HelroT188653	TAA	478
HelroT188650	TGA	159
HelroT186384	TAG	315
HelroT186383	TGA	1134
HelroT186036	TAA	539
HelroT186032	TAA	547
HelroT186038	TAA	286
HelroT106256	TAA	660
HelroT185603	TGA	560
HelroT185601	TGA	125
HelroT185607	TAA	479
HelroT185604	TGA	654
HelroT103151	TGA	228
HelroT103156	TAA	432
HelroT192005	TAG	525
HelroT192002	TAA	235
HelroT96746	TAA	246
HelroT184959	TAA	141
HelroT193660	TGA	307
HelroT193668	TGA	604
HelroT113797	TAA	579
HelroT113794	TAA	304
HelroT114688	TAA	121
HelroT190317	TAG	108
HelroT190316	TGA	624
HelroT190314	TGA	365
HelroT190310	TGA	259
HelroT108569	TGA	1115
HelroT190319	TGA	385
HelroT110263	TGA	438
HelroT111136	TAA	184
HelroT111131	TAA	252
HelroT189721	TGA	672
HelroT189723	TGA	144
HelroT188099	TGA	676
HelroT188091	TGA	195
HelroT188090	TAA	445
HelroT188093	TGA	310
HelroT188097	TAA	395
HelroT184885	TGA	516
HelroT194215	TGA	369
HelroT194218	TAA	1304
HelroT188840	TGA	324
HelroT194081	TAA	364
HelroT194085	TAA	427
HelroT192399	TGA	231
HelroT187950	TAA	139
HelroT187953	TGA	89
HelroT185886	TGA	358
HelroT185883	TAA	822
HelroT112333	TAA	593
HelroT105060	TAA	283
HelroT105066	TGA	238
HelroT105068	TGA	481
HelroT187486	TAG	1159
HelroT101766	TGA	333
HelroT192665	TAA	255
HelroT192664	TAA	151
HelroT192662	TAA	105
HelroT96888	TGA	1444
HelroT194509	TGA	201
HelroT194507	TAA	307
HelroT194502	TGA	241
HelroT193046	TAA	383
HelroT193047	TAA	457
HelroT193045	TAA	127
HelroT193049	TGA	540
HelroT116366	TGA	826
HelroT115941	TAA	246
HelroT187969	TAA	285
HelroT190535	TAG	48
HelroT190530	TAA	496
HelroT110400	TAA	1133
HelroT191378	TAA	164
HelroT191370	TAA	271
HelroT187921	TAA	434
HelroT190292	TAA	367
HelroT190297	TGA	128
HelroT190294	TAA	382
HelroT186153	TAA	265
HelroT112476	TGA	246
HelroT154397	TAA	418
HelroT106819	TGA	495
HelroT104522	TGA	146
HelroT188446	TAA	2629
HelroT188448	TAA	280
HelroT99033	TAG	403
HelroT95556	TAA	767
HelroT192611	TGA	4
HelroT98781	TGA	163
HelroT93667	TAA	1
HelroT93668	TAA	1128
HelroT192304	TAA	1156
HelroT95968	TAG	544
HelroT191644	TAA	295
HelroT109123	TAG	184
HelroT191649	TGA	1124
HelroT104724	TAA	1107
HelroT100404	TGA	573
HelroT100409	TGA	293
HelroT104891	TGA	604
HelroT191943	TGA	169
HelroT191942	TGA	539
HelroT191945	TAG	431
HelroT191947	TAA	581
HelroT106760	TAA	446
HelroT112230	TGA	363
HelroT190701	TAG	11
HelroT190705	TAA	450
HelroT190407	TGA	211
HelroT185224	TGA	302
HelroT185227	TGA	243
HelroT185220	TAA	683
HelroT185223	TGA	1326
HelroT185222	TAA	1893
HelroT185228	TAG	159
HelroT193970	TAA	631
HelroT193976	TAA	2008
HelroT114581	TGA	722
HelroT189218	TAA	569
HelroT189219	TGA	545
HelroT189210	TGA	779
HelroT190506	TGA	247
HelroT189214	TAA	1032
HelroT189215	TAA	112
HelroT189216	TGA	925
HelroT188509	TGA	1059
HelroT188507	TGA	559
HelroT94509	TAG	27
HelroT186309	TAG	347
HelroT186308	TGA	240
HelroT195027	TGA	1737
HelroT195024	TGA	438
HelroT195025	TAA	177
HelroT195023	TGA	473
HelroT116733	TGA	210
HelroT192555	TGA	526
HelroT192554	TAA	469
HelroT111962	TGA	101
HelroT192081	TAA	236
HelroT192080	TAG	142
HelroT117066	TGA	418
HelroT194864	TGA	327
HelroT93365	TGA	1237
HelroT185027	TAA	548
HelroT185026	TAA	284
HelroT185022	TGA	497
HelroT185021	TGA	444
HelroT185020	TAA	722
HelroT185029	TAA	478
HelroT103731	TGA	332
HelroT105775	TAA	1413
HelroT194139	TGA	657
HelroT194135	TAA	631
HelroT194134	TGA	671
HelroT194133	TGA	454
HelroT194132	TGA	400
HelroT194130	TGA	463
HelroT190932	TGA	33
HelroT190937	TGA	428
HelroT187538	TAA	105
HelroT187537	TGA	272
HelroT187533	TAA	981
HelroT191048	TGA	644
HelroT191040	TAG	259
HelroT191041	TAG	943
HelroT191046	TGA	364
HelroT185875	TAA	476
HelroT106517	TAA	118
HelroT106514	TAA	516
HelroT193351	TAG	381
HelroT193356	TGA	86
HelroT192861	TGA	338
HelroT188013	TGA	215
HelroT188015	TAA	745
HelroT188596	TGA	436
HelroT188019	TAA	508
HelroT109866	TGA	838
HelroT99246	TAA	270
HelroT189823	TGA	299
HelroT189820	TAA	931
HelroT105574	TGA	152
HelroT189003	TGA	530
HelroT189004	TGA	151
HelroT99723	TGA	315
HelroT99722	TAA	341
HelroT99725	TAA	465
HelroT194231	TAG	606
HelroT194235	TGA	718
HelroT194236	TAA	405
HelroT194586	TAA	1131
HelroT194584	TGA	789
HelroT194585	TGA	135
HelroT194580	TGA	373
HelroT98091	TGA	185
HelroT97044	TGA	151
HelroT97048	TAG	36
HelroT110956	TGA	222
HelroT186172	TGA	916
HelroT186175	TAA	139
HelroT186177	TGA	705
HelroT186178	TGA	1131
HelroT101987	TAG	1306
HelroT98540	TAA	313
HelroT110482	TGA	699
HelroT110480	TAA	258
HelroT106068	TGA	184
HelroT96397	TAA	570
HelroT192325	TGA	1817
HelroT192329	TGA	1138
HelroT191662	TGA	771
HelroT191665	TAG	974
HelroT113366	TGA	693
HelroT113361	TAA	197
HelroT193744	TGA	180
HelroT193746	TAG	1367
HelroT107851	TAA	83
HelroT114251	TAA	137
HelroT190216	TAA	1122
HelroT110109	TAA	281
HelroT190218	TGA	413
HelroT190219	TAA	1163
HelroT104089	TAA	225
HelroT191469	TGA	866
HelroT107075	TGA	205
HelroT189570	TGA	2236
HelroT189578	TAA	516
HelroT106306	TAA	231
HelroT106302	TAA	246
HelroT95625	TGA	650
HelroT188228	TGA	187
HelroT94284	TAG	190
HelroT105309	TAA	142
HelroT189632	TGA	368
HelroT105304	TAA	69
HelroT187144	TAA	124
HelroT194796	TGA	295
HelroT194795	TAA	293
HelroT194794	TGA	420
HelroT101539	TAA	167
HelroT103978	TAA	579
HelroT190472	TGA	481
HelroT190479	TAG	650
HelroT190783	TAG	444
HelroT190787	TAA	526
HelroT185736	TAA	1285
HelroT185734	TGA	958
HelroT185731	TGA	181
HelroT185730	TGA	2014
HelroT191787	TAA	415
HelroT191785	TGA	183
HelroT111897	TGA	393
HelroT111895	TGA	761
HelroT191439	TAA	145
HelroT191433	TAA	121
HelroT191434	TAA	2165
HelroT191437	TAA	410
HelroT193464	TGA	1593
HelroT193466	TGA	275
HelroT193467	TAA	33
HelroT193461	TAA	320
HelroT193462	TAA	442
HelroT193469	TAA	431
HelroT114111	TAA	167
HelroT114110	TAA	798
HelroT154433	TGA	210
HelroT187809	TAA	433
HelroT187806	TAA	1110
HelroT187800	TGA	3450
HelroT106916	TAG	999
HelroT104208	TAA	1237
HelroT192453	TGA	435
HelroT189435	TAA	1115
HelroT189432	TGA	1216
HelroT189438	TAA	885
HelroT99689	TGA	672
HelroT99952	TGA	405
HelroT188524	TGA	588
HelroT188529	TAG	762
HelroT188452	TAG	416
HelroT94851	TAA	330
HelroT95450	TAA	1162
HelroT188385	TGA	473
HelroT94328	TGA	467
HelroT100974	TAG	893
HelroT192551	TGA	901
HelroT95842	TAA	184
HelroT95841	TGA	416
HelroT95849	TAA	941
HelroT105809	TGA	811
HelroT185978	TGA	465
HelroT115552	TAG	963
HelroT185971	TGA	1113
HelroT185973	TAG	690
HelroT109002	TGA	729
HelroT109006	TGA	539
HelroT186668	TAA	494
HelroT104441	TAA	106
HelroT100690	TAG	1831
HelroT194612	TGA	204
HelroT190627	TAA	416
HelroT190628	TAG	548
HelroT115899	TAA	426
HelroT185502	TAA	214
HelroT185503	TAA	815
HelroT185506	TAA	1317
HelroT191579	TGA	1752
HelroT191574	TGA	379
HelroT191577	TGA	270
HelroT191571	TGA	1004
HelroT109211	TGA	906
HelroT193627	TAA	861
HelroT107963	TGA	89
HelroT189086	TAG	318
HelroT189088	TGA	289
HelroT187732	TGA	99
HelroT195108	TAG	436
HelroT192452	TGA	221
HelroT192451	TAA	197
HelroT192456	TAA	259
HelroT189382	TAG	127
HelroT105492	TAG	353
HelroT185346	TAA	216
HelroT185345	TAA	177
HelroT114528	TAA	72
HelroT110638	TGA	570
HelroT185563	TAA	296
HelroT110634	TGA	238
HelroT105637	TAA	1032
HelroT110189	TAA	744
HelroT194078	TGA	231
HelroT194071	TAA	347
HelroT194076	TAA	1465
HelroT185838	TGA	31
HelroT185836	TGA	339
HelroT185831	TAA	140
HelroT185832	TAA	685
HelroT114301	TGA	365
HelroT111583	TGA	931
HelroT111587	TGA	1152
HelroT191168	TAA	285
HelroT191163	TGA	882
HelroT191161	TAG	1152
HelroT191166	TAG	214
HelroT191164	TGA	629
HelroT109631	TGA	385
HelroT154931	TAA	301
HelroT100710	TGA	782
HelroT108278	TGA	596
HelroT193096	TAA	393
HelroT193091	TAG	256
HelroT193090	TAA	475
HelroT193092	TGA	309
HelroT108276	TAA	382
HelroT193546	TAA	510
HelroT191686	TGA	455
HelroT190017	TGA	471
HelroT190011	TAA	255
HelroT99525	TGA	28
HelroT99528	TAA	423
HelroT193693	TAA	437
HelroT116471	TGA	472
HelroT192216	TGA	148
HelroT192217	TGA	927
HelroT188928	TGA	282
HelroT188924	TGA	672
HelroT188923	TAA	658
HelroT189324	TGA	551
HelroT189325	TGA	105
HelroT189327	TAA	954
HelroT189320	TGA	1516
HelroT192948	TGA	1773
HelroT192949	TGA	790
HelroT187670	TGA	1013
HelroT192941	TAG	43
HelroT188494	TGA	702
HelroT188142	TAA	28
HelroT188141	TAA	972
HelroT188140	TAA	109
HelroT194464	TGA	209
HelroT194467	TGA	103
HelroT194466	TAA	195
HelroT194468	TAG	54
HelroT93421	TGA	366
HelroT186233	TGA	1231
HelroT186232	TGA	194
HelroT186231	TAG	313
HelroT186237	TAG	600
HelroT186235	TGA	192
HelroT116286	TAA	821
HelroT191702	TAA	3076
HelroT192173	TGA	7
HelroT184869	TAA	1082
HelroT184865	TGA	414
HelroT184866	TAA	58
HelroT190154	TGA	501
HelroT188534	TGA	888
HelroT112732	TGA	351
HelroT108457	TAA	435
HelroT187887	TAG	183
HelroT187888	TGA	883
HelroT104176	TGA	430
HelroT104178	TGA	109
HelroT191289	TAG	1039
HelroT191284	TAA	1114
HelroT190410	TAA	926
HelroT190415	TAA	196
HelroT111042	TAA	513
HelroT107485	TAA	509
HelroT101673	TAA	97
HelroT110803	TAA	478
HelroT110801	TGA	661
HelroT188309	TGA	638
HelroT188308	TGA	271
HelroT188305	TAA	561
HelroT188301	TGA	317
HelroT104718	TGA	171
HelroT98421	TAA	1523
HelroT102759	TAA	148
HelroT189175	TAG	528
HelroT189177	TAA	867
HelroT189171	TGA	517
HelroT189170	TGA	494
HelroT189173	TGA	348
HelroT194346	TAA	322
HelroT194347	TGA	252
HelroT194341	TAA	453
HelroT194343	TGA	351
HelroT194349	TAA	408
HelroT187353	TAA	462
HelroT194692	TGA	96
HelroT194693	TAA	240
HelroT194695	TGA	297
HelroT101473	TGA	178
HelroT107137	TGA	412
HelroT103835	TAA	301
HelroT103833	TGA	1573
HelroT186005	TAG	493
HelroT186006	TGA	241
HelroT186007	TGA	221
HelroT186003	TAA	1208
HelroT106264	TGA	1164
HelroT185672	TAG	239
HelroT185670	TAA	706
HelroT185671	TAG	116
HelroT185674	TGA	911
HelroT185675	TAG	1923
HelroT185679	TAA	327
HelroT103160	TAA	188
HelroT103167	TGA	1282
HelroT185580	TAA	767
HelroT185582	TAA	1121
HelroT192035	TAA	659
HelroT192030	TGA	1632
HelroT192032	TAG	267
HelroT111661	TGA	349
HelroT111663	TAA	73
HelroT111666	TAA	1111
HelroT184982	TAA	321
HelroT184981	TAG	491
HelroT184986	TGA	472
HelroT113295	TAA	684
HelroT184984	TGA	191
HelroT184988	TGA	1101
HelroT193638	TGA	1542
HelroT193631	TAA	7
HelroT193633	TAG	809
HelroT113741	TAA	840
HelroT114909	TAA	331
HelroT191091	TGA	822
HelroT189774	TGA	534
HelroT189773	TGA	508
HelroT189770	TGA	187
HelroT189778	TAA	570
HelroT114796	TGA	223
HelroT195129	TGA	448
HelroT97665	TGA	274
HelroT97663	TAA	323
HelroT110857	TAA	238
HelroT115616	TGA	308
HelroT102544	TGA	1136
HelroT187961	TAA	613
HelroT187962	TGA	198
HelroT112347	TAA	434
HelroT190875	TGA	57
HelroT190872	TGA	700
HelroT190871	TGA	60
HelroT108980	TGA	112
HelroT192651	TGA	1291
HelroT192653	TGA	121
HelroT153940	TAA	278
HelroT108146	TAA	516
HelroT194556	TAA	106
HelroT194551	TGA	660
HelroT194550	TAG	513
HelroT194553	TGA	388
HelroT193014	TAG	594
HelroT193017	TAA	195
HelroT113120	TAA	508
HelroT101612	TAA	579
HelroT102934	TAA	436
HelroT110470	TAA	227
HelroT110475	TGA	465
HelroT95885	TGA	552
HelroT190092	TAA	347
HelroT190099	TAG	225
HelroT185422	TGA	341
HelroT185420	TAG	593
HelroT185427	TAA	573
HelroT185424	TGA	897
HelroT185429	TAA	715
HelroT114208	TAA	39
HelroT108960	TGA	322
HelroT108967	TGA	199
HelroT191325	TAG	311
HelroT191323	TAG	300
HelroT191329	TAG	588
HelroT191328	TGA	409
HelroT193843	TGA	301
HelroT193840	TAG	203
HelroT107888	TAA	206
HelroT95527	TAG	574
HelroT98115	TAG	233
HelroT192243	TGA	381
HelroT192241	TGA	1318
HelroT97580	TAG	806
HelroT98804	TGA	93
HelroT96186	TGA	529
HelroT194957	TAA	361
HelroT185158	TAA	123
HelroT185153	TGA	1463
HelroT186129	TAA	392
HelroT110061	TGA	316
HelroT110065	TAG	350
HelroT186121	TAA	137
HelroT112374	TAA	108
HelroT115427	TAA	587
HelroT109176	TGA	473
HelroT109171	TAA	761
HelroT116813	TAA	622
HelroT191970	TAA	95
HelroT191971	TGA	42
HelroT191972	TAA	542
HelroT191975	TGA	319
HelroT191977	TGA	728
HelroT155168	TAA	164
HelroT106750	TAG	1096
HelroT193193	TGA	209
HelroT193195	TAG	1186
HelroT193196	TAA	303
HelroT193220	TAA	513
HelroT109918	TAA	59
HelroT190758	TAA	421
HelroT190754	TGA	749
HelroT190751	TGA	614
HelroT185219	TAG	713
HelroT112906	TAA	592
HelroT185211	TAA	189
HelroT185213	TAA	1830
HelroT114439	TGA	142
HelroT154744	TAA	131
HelroT189247	TGA	199
HelroT189246	TAA	755
HelroT189243	TAG	493
HelroT189242	TAG	362
HelroT189241	TAA	367
HelroT189249	TAA	232
HelroT96072	TGA	249
HelroT105263	TGA	86
HelroT191631	TGA	752
HelroT192867	TGA	221
HelroT192864	TGA	7
HelroT188591	TGA	160
HelroT188595	TAA	659
HelroT188598	TGA	405
HelroT188599	TAA	1029
HelroT188628	TGA	1142
HelroT188623	TAA	687
HelroT94572	TGA	232
HelroT195077	TAA	226
HelroT195072	TAA	146
HelroT186086	TAA	38
HelroT186088	TAA	1058
HelroT194851	TGA	1903
HelroT111918	TAA	603
HelroT184909	TGA	652
HelroT184901	TAA	166
HelroT184900	TGA	482
HelroT184907	TAA	759
HelroT184906	TAA	1038
HelroT184905	TGA	1168
HelroT184904	TAA	816
HelroT97791	TAG	341
HelroT102250	TGA	1205
HelroT108880	TAG	775
HelroT103700	TGA	1150
HelroT110749	TAA	148
HelroT112672	TAA	1262
HelroT114981	TAG	948
HelroT190363	TGA	1386
HelroT190369	TGA	244
HelroT190941	TAG	234
HelroT190944	TGA	317
HelroT190945	TGA	260
HelroT191013	TGA	687
HelroT191019	TAA	77
HelroT191018	TAA	109
HelroT112580	TAG	358
HelroT111169	TGA	924
HelroT101134	TGA	629
HelroT106545	TGA	271
HelroT95795	TAA	601
HelroT99230	TGA	486
HelroT95790	TAA	1670
HelroT188027	TGA	331
HelroT189853	TGA	255
HelroT98671	TGA	182
HelroT188811	TAA	368
HelroT189038	TAG	68
HelroT105094	TGA	604
HelroT187786	TGA	231
HelroT194267	TAA	810
HelroT194261	TGA	557
HelroT96859	TAG	46
HelroT194269	TAA	637
HelroT186788	TGA	586
HelroT186784	TGA	110
HelroT101733	TGA	522
HelroT101736	TAG	168
HelroT186127	TGA	91
HelroT186126	TGA	862
HelroT186124	TGA	1481
HelroT186120	TAA	112
HelroT191334	TAA	335
HelroT106036	TAA	334
HelroT106032	TGA	284
HelroT103005	TGA	667
HelroT192374	TAA	554
HelroT192372	TAG	397
HelroT192371	TGA	751
HelroT96079	TAA	204
HelroT191638	TGA	343
HelroT111705	TAA	338
HelroT111709	TGA	285
HelroT192562	TAA	218
HelroT102358	TGA	160
HelroT102359	TAA	594
HelroT193777	TGA	474
HelroT107800	TAA	529
HelroT194371	TGA	699
HelroT114869	TAG	823
HelroT110155	TGA	550
HelroT112421	TGA	431
HelroT191717	TAA	129
HelroT106865	TGA	1315
HelroT191199	TAA	579
HelroT104598	TAA	309
HelroT110599	TGA	279
HelroT94258	TAA	1348
HelroT97508	TAA	66
HelroT93614	TGA	314
HelroT93617	TAA	319
HelroT188995	TGA	498
HelroT188997	TGA	297
HelroT186034	TAA	202
HelroT186037	TAA	182
HelroT186030	TGA	1023
HelroT185013	TAA	216
HelroT185017	TAA	286
HelroT112159	TGA	228
HelroT189549	TGA	791
HelroT116895	TAA	764
HelroT192998	TAA	125
HelroT192994	TAA	342
HelroT154876	TAG	323
HelroT105135	TAA	47
HelroT193118	TGA	194
HelroT116278	TGA	902
HelroT194764	TAA	81
HelroT194765	TAA	834
HelroT194760	TAG	936
HelroT107225	TGA	296
HelroT97267	TGA	339
HelroT114122	TAA	992
HelroT185294	TGA	3350
HelroT185295	TAA	494
HelroT112986	TAA	41
HelroT185290	TAA	342
HelroT185292	TGA	504
HelroT185298	TAA	45
HelroT185299	TGA	198
HelroT191405	TAG	368
HelroT193928	TAA	1284
HelroT193921	TGA	427
HelroT193922	TAA	550
HelroT112211	TAA	749
HelroT99061	TAG	443
HelroT193313	TGA	291
HelroT94863	TAA	1933
HelroT188517	TAG	762
HelroT113249	TAA	984
HelroT116074	TAG	1465
HelroT115371	TGA	119
HelroT192523	TGA	259
HelroT98384	TGA	1345
HelroT185057	TAA	603
HelroT185055	TGA	533
HelroT185050	TGA	274
HelroT108802	TGA	434
HelroT108808	TGA	64
HelroT103786	TGA	577
HelroT194148	TAA	446
HelroT194149	TGA	724
HelroT194142	TGA	135
HelroT194143	TGA	191
HelroT194140	TGA	415
HelroT194141	TGA	66
HelroT102788	TGA	633
HelroT102787	TGA	317
HelroT102781	TGA	239
HelroT115505	TAA	993
HelroT115501	TAG	465
HelroT185942	TGA	336
HelroT111479	TGA	373
HelroT185946	TGA	234
HelroT185947	TGA	391
HelroT111475	TAG	714
HelroT111477	TAG	561
HelroT111473	TAA	416
HelroT113902	TGA	216
HelroT100558	TAA	315
HelroT190606	TGA	526
HelroT193301	TAA	239
HelroT193300	TAG	61
HelroT193305	TAA	646
HelroT193306	TAA	829
HelroT113018	TGA	315
HelroT102849	TGA	1763
HelroT102846	TAA	413
HelroT190658	TAA	197
HelroT190659	TAA	433
HelroT190657	TGA	206
HelroT190655	TGA	146
HelroT185555	TGA	965
HelroT185550	TGA	1143
HelroT114375	TGA	1397
HelroT193684	TGA	923
HelroT185520	TAA	439
HelroT188893	TGA	874
HelroT188708	TGA	1172
HelroT99776	TGA	644
HelroT188701	TAA	238
HelroT188705	TGA	776
HelroT188706	TAA	177
HelroT101169	TGA	1075
HelroT187702	TGA	280
HelroT187704	TGA	1517
HelroT195138	TAA	506
HelroT195133	TGA	630
HelroT195134	TGA	538
HelroT195136	TAA	97
HelroT192480	TGA	279
HelroT192482	TAG	10
HelroT192484	TGA	480
HelroT98024	TGA	204
HelroT96341	TAG	232
HelroT111789	TGA	1396
HelroT111783	TGA	874
HelroT113318	TAA	1380
HelroT103086	TGA	595
HelroT117205	TGA	240
HelroT117203	TAA	111
HelroT185398	TAA	302
HelroT93275	TAA	280
HelroT93271	TAA	977
HelroT185390	TGA	249
HelroT185395	TGA	322
HelroT114577	TAG	665
HelroT114574	TAA	53
HelroT110662	TGA	486
HelroT190246	TAA	1572
HelroT191110	TAA	152
HelroT191111	TGA	616
HelroT191118	TGA	775
HelroT116969	TGA	265
HelroT104040	TAA	258
HelroT154361	TAA	207
HelroT107533	TAA	732
HelroT107531	TGA	434
HelroT154942	TGA	9
HelroT193538	TGA	741
HelroT193532	TAA	160
HelroT193530	TGA	895
HelroT193531	TGA	268
HelroT193535	TAG	346
HelroT188273	TAG	257
HelroT188276	TAA	74
HelroT190387	TAA	210
HelroT186255	TAG	453
HelroT186252	TAA	881
HelroT194947	TGA	1048
HelroT188913	TAA	208
HelroT102116	TAA	1025
HelroT105460	TAA	106
HelroT189665	TAA	729
HelroT192915	TAA	626
HelroT192910	TGA	394
HelroT192918	TAA	177
HelroT194459	TAA	460
HelroT188139	TGA	301
HelroT194454	TAG	872
HelroT188137	TGA	589
HelroT186861	TAA	264
HelroT93411	TAA	66
HelroT186248	TAG	472
HelroT186240	TAA	235
HelroT192996	TAG	348
HelroT98272	TGA	150
HelroT190425	TAA	150
HelroT98278	TGA	476
HelroT100238	TAA	7
HelroT185746	TAG	154
HelroT185747	TAA	2050
HelroT185745	TGA	757
HelroT185743	TAA	946
HelroT185740	TAA	478
HelroT185741	TGA	1303
HelroT185749	TGA	744
HelroT191771	TAG	442
HelroT191774	TGA	151
HelroT191775	TGA	271
HelroT192145	TAA	82
HelroT192148	TAA	234
HelroT191488	TGA	115
HelroT191489	TAA	131
HelroT191481	TGA	132
HelroT191484	TAA	757
HelroT191487	TAG	651
HelroT193432	TGA	222
HelroT193435	TAG	472
HelroT184836	TAG	841
HelroT184835	TGA	245
HelroT184834	TAA	389
HelroT190161	TAA	723
HelroT190163	TGA	7
HelroT108462	TGA	1169
HelroT108466	TAA	312
HelroT187872	TAA	313
HelroT101627	TAA	342
HelroT101626	TGA	228
HelroT111011	TAA	119
HelroT99171	TAA	120
HelroT189468	TGA	63
HelroT189467	TAA	90
HelroT99303	TGA	136
HelroT188334	TGA	156
HelroT94681	TAG	286
HelroT94350	TAA	448
HelroT98479	TAA	901
HelroT102708	TGA	479
HelroT189144	TGA	1358
HelroT192899	TGA	657
HelroT192895	TGA	914
HelroT104410	TAG	964
HelroT187099	TAA	556
HelroT192761	TAG	179
HelroT192762	TGA	454
HelroT192763	TAA	499
HelroT192764	TGA	637
HelroT192765	TAG	1154
HelroT194396	TGA	354
HelroT194640	TAA	388
HelroT194643	TGA	1355
HelroT194645	TAA	430
HelroT194647	TAG	422
HelroT193389	TAA	245
HelroT113093	TAA	386
HelroT107147	TAG	545
HelroT103862	TGA	1053
HelroT109895	TAA	805
HelroT191525	TAA	315
HelroT193605	TAA	1109
HelroT193600	TAG	922
HelroT193602	TAA	290
HelroT193603	TGA	820
HelroT113770	TGA	1199
HelroT113778	TGA	681
HelroT107931	TAA	613
HelroT154695	TAA	627
HelroT185291	TGA	377
HelroT189781	TAG	1097
HelroT99809	TAG	229
HelroT188784	TAA	270
HelroT188786	TGA	264
HelroT188788	TAA	290
HelroT95727	TGA	543
HelroT186439	TAA	877
HelroT116629	TGA	322
HelroT192402	TAA	556
HelroT192405	TGA	7
HelroT192404	TGA	421
HelroT192409	TGA	62
HelroT192408	TGA	194
HelroT187742	TAG	369
HelroT116619	TAG	409
HelroT192693	TGA	139
HelroT93760	TAG	519
HelroT93768	TAA	348
HelroT185311	TAA	274
HelroT185317	TGA	804
HelroT185316	TAG	605
HelroT185319	TAA	314
HelroT194029	TGA	1032
HelroT194028	TAG	1104
HelroT194023	TGA	852
HelroT194022	TAG	648
HelroT194025	TGA	128
HelroT185863	TAA	192
HelroT185861	TGA	1019
HelroT185866	TAA	127
HelroT185865	TAA	311
HelroT187296	TGA	1192
HelroT102572	TAG	1989
HelroT111285	TAA	212
HelroT153934	TAA	474
HelroT112394	TAA	233
HelroT190829	TAA	661
HelroT190825	TAA	290
HelroT190821	TGA	766
HelroT190823	TGA	284
HelroT186777	TGA	525
HelroT104628	TAA	133
HelroT108136	TGA	1314
HelroT194567	TGA	256
HelroT194561	TGA	291
HelroT194563	TGA	119
HelroT193025	TAA	127
HelroT193029	TGA	395
HelroT191884	TAA	576
HelroT191881	TGA	301
HelroT190598	TAA	177
HelroT190041	TAA	1302
HelroT190044	TAA	695
HelroT185452	TGA	338
HelroT185454	TAA	362
HelroT185455	TAA	951
HelroT191318	TGA	214
HelroT191310	TAG	1311
HelroT191313	TGA	254
HelroT187955	TAA	900
HelroT193817	TGA	1365
HelroT193816	TGA	806
HelroT193811	TGA	204
HelroT193812	TAA	142
HelroT185885	TAA	138
HelroT110926	TGA	213
HelroT185887	TAA	138
HelroT185880	TGA	409
HelroT189377	TGA	309
HelroT189374	TGA	95
HelroT188425	TGA	112
HelroT188421	TAA	135
HelroT188428	TGA	191
HelroT189599	TAG	96
HelroT189594	TAA	367
HelroT189592	TAG	271
HelroT187622	TAA	866
HelroT187621	TGA	249
HelroT187620	TAA	482
HelroT93491	TAA	395
HelroT98141	TAA	130
HelroT192230	TGA	437
HelroT192237	TAG	415
HelroT111863	TGA	181
HelroT100818	TGA	703
HelroT194964	TAG	637
HelroT185120	TAA	204
HelroT185121	TAA	780
HelroT185127	TAG	530
HelroT185129	TAA	864
HelroT114744	TGA	470
HelroT110051	TAA	211
HelroT110053	TGA	1033
HelroT191255	TAA	171
HelroT191254	TGA	255
HelroT191250	TAA	552
HelroT112743	TAA	48
HelroT113832	TGA	705
HelroT111094	TAA	251
HelroT154240	TGA	238
HelroT107474	TGA	922
HelroT109498	TGA	941
HelroT109499	TAA	1005
HelroT104783	TAA	836
HelroT110878	TGA	770
HelroT110871	TGA	441
HelroT108365	TAG	102
HelroT106435	TAA	577
HelroT109966	TGA	879
HelroT99384	TGA	768
HelroT189920	TGA	157
HelroT154769	TAG	306
HelroT154764	TAA	41
HelroT105252	TAA	299
HelroT105256	TAA	939
HelroT105257	TAA	319
HelroT192813	TGA	236
HelroT95214	TAA	400
HelroT192818	TAA	483
HelroT187011	TGA	405
HelroT187018	TAA	578
HelroT194319	TAA	273
HelroT188676	TGA	58
HelroT194312	TAA	431
HelroT188678	TAA	258
HelroT194315	TAG	471
HelroT186943	TGA	588
HelroT188516	TGA	576
HelroT195045	TGA	1182
HelroT195046	TAG	519
HelroT195047	TAA	591
HelroT195041	TGA	714
HelroT195043	TAA	224
HelroT195048	TAG	2150
HelroT195049	TAG	353
HelroT97107	TAG	52
HelroT186053	TAA	443
HelroT186052	TAG	1055
HelroT186050	TGA	478
HelroT186059	TAA	1246
HelroT100373	TGA	170
HelroT106233	TAA	580
HelroT185620	TAG	223
HelroT185625	TAA	180
HelroT185624	TAG	189
HelroT185626	TGA	2335
HelroT185629	TAA	1687
HelroT185628	TAG	1543
HelroT194880	TAA	119
HelroT194885	TAA	229
HelroT185081	TGA	260
HelroT185083	TAA	104
HelroT185082	TGA	252
HelroT185089	TGA	346
HelroT184972	TAA	260
HelroT113267	TGA	686
HelroT102264	TGA	489
HelroT115315	TGA	771
HelroT190335	TAA	408
HelroT108507	TGA	513
HelroT111117	TGA	135
HelroT107622	TGA	1079
HelroT189707	TAA	721
HelroT189703	TAA	244
HelroT189700	TAA	527
HelroT189701	TGA	450
HelroT95052	TAA	844
HelroT188076	TGA	436
HelroT188070	TGA	295
HelroT99199	TAG	880
HelroT94015	TAA	197
HelroT189880	TAA	407
HelroT189885	TGA	139
HelroT98648	TGA	385
HelroT98643	TAA	822
HelroT98642	TAG	865
HelroT188829	TGA	407
HelroT102065	TGA	917
HelroT189063	TGA	1007
HelroT189060	TAA	138
HelroT187932	TAA	393
HelroT105598	TGA	329
HelroT105042	TAA	102
HelroT105047	TAG	1190
HelroT101749	TAG	96
HelroT192605	TAA	648
HelroT192604	TGA	550
HelroT187204	TAA	280
HelroT187209	TAA	1208
HelroT109550	TGA	702
HelroT115925	TAG	251
HelroT93529	TGA	728
HelroT93524	TAA	895
HelroT107353	TAG	930
HelroT107062	TGA	458
HelroT190514	TAA	793
HelroT190511	TGA	556
HelroT190510	TGA	605
HelroT191395	TAG	628
HelroT193726	TGA	289
HelroT113439	TAG	525
HelroT193894	TAG	1052
HelroT193897	TAA	138
HelroT193891	TAG	656
HelroT193892	TGA	582
HelroT189158	TAA	178
HelroT154551	TGA	143
HelroT154558	TAA	727
HelroT114857	TAA	36
HelroT114851	TAA	1300
HelroT110162	TAA	676
HelroT189512	TAG	36
HelroT189510	TAG	720
HelroT116105	TGA	1374
HelroT94198	TGA	455
HelroT94192	TGA	648
HelroT97558	TAA	854
HelroT187088	TGA	1129
HelroT93645	TAA	524
HelroT97167	TAG	227
HelroT95902	TAA	542
HelroT95909	TAA	255
HelroT102639	TAA	798
HelroT115475	TAG	407
HelroT105364	TAA	98
HelroT104700	TAA	161
HelroT185949	TGA	858
HelroT194486	TAG	639
HelroT193143	TGA	118
HelroT193140	TGA	494
HelroT193149	TAG	154
HelroT194733	TGA	90
HelroT194738	TAA	364
HelroT190496	TGA	20
HelroT190497	TAA	263
HelroT190729	TAA	462
HelroT190726	TAG	118
HelroT190724	TAA	79
HelroT190723	TGA	172
HelroT185794	TAA	211
HelroT185790	TAG	532
HelroT185793	TAA	366
HelroT185792	TAA	2026
HelroT185799	TAA	843
HelroT185246	TAA	422
HelroT112954	TAA	23
HelroT185249	TAG	604
HelroT114462	TGA	885
HelroT191453	TAA	70
HelroT193918	TGA	683
HelroT97197	TGA	415
HelroT189237	TAA	243
HelroT189234	TAA	98
HelroT189235	TGA	618
HelroT189230	TAA	438
HelroT189231	TAA	866
HelroT189238	TAG	724
HelroT188549	TAA	467
HelroT189498	TGA	1277
HelroT189493	TAA	513
HelroT189490	TGA	359
HelroT189494	TGA	530
HelroT99694	TAG	120
HelroT94522	TAA	167
HelroT192579	TAG	340
HelroT194808	TAA	145
HelroT194806	TAA	137
HelroT185009	TGA	136
HelroT185008	TGA	239
HelroT185005	TAA	465
HelroT185006	TAA	92
HelroT185000	TAA	312
HelroT185003	TAA	375
HelroT185002	TAA	572
HelroT108854	TGA	500
HelroT110719	TAA	470
HelroT96495	TGA	801
HelroT96497	TGA	232
HelroT108581	TGA	567
HelroT194114	TGA	318
HelroT194117	TGA	363
HelroT194116	TAG	721
HelroT194111	TAA	1437
HelroT194118	TGA	870
HelroT115530	TAA	4
HelroT185918	TAA	1138
HelroT185916	TAA	252
HelroT187510	TAA	405
HelroT191066	TGA	881
HelroT191060	TGA	926
HelroT191068	TGA	988
HelroT109066	TAG	365
HelroT111197	TAA	34
HelroT111195	TAA	880
HelroT112087	TGA	194
HelroT190918	TGA	178
HelroT190915	TGA	1187
HelroT190914	TGA	681
HelroT104934	TGA	157
HelroT100634	TGA	435
HelroT193332	TGA	19
HelroT193337	TAG	270
HelroT109845	TGA	117
HelroT94727	TAA	68
HelroT115387	TAA	789
HelroT189800	TAG	1029
HelroT189809	TAG	605
HelroT109814	TAA	994
HelroT192689	TGA	97
HelroT192685	TGA	244
HelroT188730	TAA	195
HelroT194214	TGA	195
HelroT188733	TAA	398
HelroT188735	TAG	646
HelroT194219	TGA	427
HelroT186484	TGA	1081
HelroT186157	TGA	479
HelroT186154	TGA	1364
HelroT110936	TAA	123
HelroT186151	TAA	677
HelroT100036	TGA	854
HelroT116695	TAG	814
HelroT192309	TGA	357
HelroT192303	TAG	328
HelroT116524	TAA	1124
HelroT192301	TAA	239
HelroT98567	TAA	250
HelroT191647	TAA	307
HelroT102301	TAA	342
HelroT97933	TGA	35
HelroT93221	TGA	315
HelroT185559	TGA	881
HelroT185556	TGA	1027
HelroT190279	TAG	1194
HelroT190273	TGA	401
HelroT189623	TAA	173
HelroT190894	TGA	187
HelroT190892	TGA	332
HelroT190893	TAA	777
HelroT111253	TAG	585
HelroT109569	TGA	293
HelroT109564	TAG	181
HelroT108214	TGA	99
HelroT99097	TAG	861
HelroT188241	TAG	756
HelroT194962	TAG	1081
HelroT98767	TAA	167
HelroT102146	TAA	1088
HelroT102143	TAG	457
HelroT95960	TGA	165
HelroT194936	TAA	992
HelroT194935	TGA	218
HelroT189386	TAA	1058
HelroT189384	TAA	102
HelroT95985	TAA	2197
HelroT95981	TAA	68
HelroT189650	TGA	892
HelroT189653	TAA	1022
HelroT189657	TGA	552
HelroT192196	TGA	246
HelroT96981	TAA	1296
HelroT186833	TGA	328
HelroT194408	TAA	76
HelroT101552	TAG	606
HelroT107257	TAA	233
HelroT103959	TAA	187
HelroT97219	TGA	220
HelroT98248	TGA	434
HelroT190413	TAA	572
HelroT190416	TAA	86
HelroT184845	TAA	313
HelroT106126	TAA	363
HelroT185718	TGA	110
HelroT185715	TAA	320
HelroT185714	TAA	720
HelroT185717	TAA	1430
HelroT185711	TAA	72
HelroT185710	TAA	399
HelroT192111	TGA	104
HelroT193441	TGA	440
HelroT193444	TGA	525
HelroT193445	TGA	421
HelroT193990	TAG	1183
HelroT109340	TAG	498
HelroT113689	TAA	755
HelroT112795	TGA	407
HelroT110334	TAA	953
HelroT187829	TGA	1117
HelroT112249	TGA	11
HelroT189411	TGA	832
HelroT189416	TAA	496
HelroT189414	TAG	204
HelroT116792	TGA	1135
HelroT98481	TAA	697
HelroT98483	TAA	213
HelroT97768	TGA	273
HelroT96415	TGA	1583
HelroT194199	TGA	928
HelroT194195	TAG	539
HelroT194192	TGA	7
HelroT185993	TGA	268
HelroT185992	TGA	107
HelroT102482	TAA	538
HelroT105284	TAA	778
HelroT105281	TGA	254
HelroT112004	TGA	541
HelroT190992	TAA	472
HelroT105133	TGA	320
HelroT104422	TGA	427
HelroT100509	TGA	106
HelroT192737	TGA	44
HelroT192733	TAA	196
HelroT108080	TAA	332
HelroT194670	TAA	251
HelroT194672	TGA	905
HelroT103856	TAA	381
HelroT102816	TGA	328
HelroT97407	TGA	533
HelroT110518	TAA	116
HelroT185691	TGA	283
HelroT185694	TAG	1237
HelroT185695	TGA	982
HelroT185698	TGA	733
HelroT185528	TAA	276
HelroT185524	TAG	390
HelroT185521	TAG	1251
HelroT191550	TGA	201
HelroT191557	TAA	930
HelroT191555	TAA	711
HelroT107948	TAA	587
HelroT107946	TAG	651
HelroT190385	TAA	371
HelroT190380	TAA	136
HelroT190381	TAA	145
HelroT195098	TGA	332
HelroT115787	TAA	242
HelroT192435	TAA	1169
HelroT192384	TGA	1055
HelroT192382	TAA	392
HelroT192383	TGA	87
HelroT192380	TGA	335
HelroT98699	TGA	216
HelroT185321	TGA	333
HelroT185323	TAA	295
HelroT185324	TGA	177
HelroT185325	TGA	153
HelroT185327	TAA	211
HelroT185150	TAA	364
HelroT103347	TAA	634
HelroT194017	TAA	413
HelroT185812	TAA	818
HelroT185810	TAA	818
HelroT185811	TGA	183
HelroT185816	TAA	361
HelroT115679	TGA	517
HelroT102529	TGA	761
HelroT111560	TGA	750
HelroT187411	TAA	1034
HelroT191140	TAG	246
HelroT191143	TGA	471
HelroT191142	TAG	263
HelroT191144	TGA	7
HelroT109653	TAA	1146
HelroT190817	TGA	191
HelroT190810	TAA	535
HelroT190812	TGA	263
HelroT190818	TAA	170
HelroT191853	TAA	98
HelroT191852	TGA	1072
HelroT191851	TGA	1065
HelroT191850	TAG	167
HelroT191855	TGA	809
HelroT191854	TGA	323
HelroT107544	TGA	622
HelroT193567	TGA	613
HelroT192629	TGA	621
HelroT190034	TAG	402
HelroT108901	TAA	333
HelroT193825	TAA	992
HelroT193827	TAA	173
HelroT105412	TGA	110
HelroT189305	TGA	973
HelroT189308	TGA	186
HelroT192964	TGA	128
HelroT192963	TAG	162
HelroT192960	TGA	1261
HelroT192968	TGA	214
HelroT192969	TGA	555
HelroT102569	TAA	510
HelroT188163	TAA	269
HelroT94411	TAA	479
HelroT94416	TAA	711
HelroT186218	TAA	675
HelroT186210	TAA	172
HelroT186214	TAG	322
HelroT116401	TAG	697
HelroT191722	TAG	331
HelroT191725	TGA	1184
HelroT194930	TGA	624
HelroT191728	TGA	496
HelroT194938	TAA	460
HelroT192192	TAA	460
HelroT113575	TGA	953
HelroT184843	TAA	574
HelroT184840	TAA	521
HelroT184849	TAA	745
HelroT93147	TAA	404
HelroT187980	TGA	79
HelroT114712	TAA	435
HelroT190130	TGA	328
HelroT190136	TAA	51
HelroT110003	TAA	256
HelroT191266	TAA	467
HelroT191267	TAA	574
HelroT111063	TGA	88
HelroT109192	TGA	321
HelroT106408	TAG	63
HelroT193249	TAA	301
HelroT193244	TGA	426
HelroT193240	TAA	406
HelroT188365	TGA	1267
HelroT94381	TGA	2028
HelroT103011	TGA	695
HelroT95199	TGA	325
HelroT189976	TGA	455
HelroT98406	TGA	545
HelroT102774	TGA	54
HelroT189111	TAA	348
HelroT105203	TGA	300
HelroT189115	TGA	337
HelroT188648	TAG	107
HelroT188646	TAA	552
HelroT194361	TAG	248
HelroT194364	TGA	437
HelroT187371	TAA	326
HelroT101454	TAA	323
HelroT99557	TGA	710
HelroT107112	TGA	76
HelroT186399	TGA	124
HelroT186023	TGA	442
HelroT97481	TAA	2297
HelroT190685	TAA	303
HelroT190684	TGA	878
HelroT97488	TGA	129
HelroT185618	TAA	308
HelroT185611	TAG	219
HelroT185612	TAA	327
HelroT185616	TGA	255
HelroT185617	TAG	159
HelroT96289	TAG	483
HelroT102897	TAA	284
HelroT102896	TAG	148
HelroT192019	TAG	797
HelroT192012	TGA	64
HelroT96758	TGA	877
HelroT115347	TGA	184
HelroT109229	TAG	77
HelroT109220	TAA	469
HelroT193651	TAA	664
HelroT116789	TAA	525
HelroT109225	TGA	650
HelroT193656	TAA	504
HelroT193654	TAA	1151
HelroT114692	TGA	457
HelroT112693	TAG	457
HelroT190306	TAG	121
HelroT190307	TGA	186
HelroT190300	TAA	961
HelroT190302	TGA	170
HelroT190308	TGA	60
HelroT112528	TGA	339
HelroT97320	TGA	658
HelroT101151	TGA	893
HelroT107657	TAA	510
HelroT189759	TGA	180
HelroT189751	TAG	61
HelroT189753	TGA	1004
HelroT95088	TGA	151
HelroT188088	TGA	827
HelroT188082	TAA	116
HelroT94029	TAA	483
HelroT98619	TAA	271
HelroT93730	TAA	47
HelroT103307	TGA	586
HelroT189117	TAA	359
HelroT194092	TAA	752
HelroT194096	TAA	483
HelroT185893	TGA	517
HelroT185894	TGA	69
HelroT185895	TGA	180
HelroT185899	TAA	143
HelroT187946	TAA	295
HelroT187947	TGA	82
HelroT187944	TAA	355
HelroT192676	TGA	786
HelroT192675	TGA	152
HelroT104520	TAA	234
HelroT187239	TAA	436
HelroT187234	TGA	1184
HelroT187231	TAA	749
HelroT187232	TAA	626
HelroT108942	TGA	549
HelroT194532	TGA	255
HelroT194531	TAG	671
HelroT194536	TGA	380
HelroT194538	TGA	10
HelroT193079	TGA	607
HelroT193071	TAA	1591
HelroT193074	TGA	988
HelroT115955	TAA	380
HelroT107328	TGA	693
HelroT190525	TGA	529
HelroT185405	TAA	207
HelroT185404	TAA	361
HelroT185407	TAA	524
HelroT102919	TGA	599
HelroT102916	TGA	418
HelroT102915	TGA	104
HelroT191696	TGA	9
HelroT191698	TAA	486
HelroT192553	TGA	334
HelroT191341	TGA	234
HelroT191344	TAA	441
HelroT113446	TAA	262
HelroT113444	TAA	1225
HelroT106804	TGA	537
HelroT104538	TAA	290
HelroT104535	TAG	753
HelroT155381	TGA	942
HelroT93914	TAA	252
HelroT93910	TGA	1473
HelroT154526	TAA	812
HelroT188474	TGA	647
HelroT95543	TGA	511
HelroT188296	TAA	2173
HelroT188294	TGA	52
HelroT188291	TGA	553
HelroT186529	TAA	1418
HelroT186523	TAA	388
HelroT186525	TAG	129
HelroT186524	TAG	190
HelroT116156	TGA	201
HelroT98136	TAG	409
HelroT190692	TGA	313
HelroT186290	TAA	1419
HelroT186293	TGA	292
HelroT186292	TAG	104
HelroT186294	TAG	795
HelroT186296	TGA	1018
HelroT192269	TAA	287
HelroT192268	TAG	104
HelroT194865	TGA	663
HelroT98795	TGA	312
HelroT195099	TGA	91
HelroT185172	TAA	408
HelroT185174	TGA	119
HelroT185177	TAA	268
HelroT105915	TAA	427
HelroT105912	TGA	173
HelroT105910	TAA	62
HelroT95955	TAG	1416
HelroT95956	TAA	594
HelroT102643	TAA	425
HelroT114367	TAA	393
HelroT115447	TGA	273
HelroT111355	TGA	760
HelroT186024	TAA	1455
HelroT101345	TAA	789
HelroT155141	TAG	836
HelroT100431	TAA	323
HelroT155148	TAG	125
HelroT190681	TGA	157
HelroT106777	TGA	266
HelroT106779	TGA	3
HelroT97484	TGA	817
HelroT191958	TAA	213
HelroT191957	TAA	244
HelroT191951	TAA	464
HelroT185615	TAA	1081
HelroT109931	TGA	231
HelroT109933	TAA	288
HelroT190775	TGA	219
HelroT190772	TGA	220
HelroT114186	TAA	2027
HelroT185239	TAA	393
HelroT185231	TAA	298
HelroT185237	TGA	451
HelroT185234	TGA	196
HelroT114451	TGA	71
HelroT193948	TGA	117
HelroT193947	TAA	105
HelroT193946	TGA	386
HelroT193942	TGA	487
HelroT193941	TGA	102
HelroT193940	TAA	151
HelroT189266	TGA	745
HelroT192848	TAA	553
HelroT189192	TAA	637
HelroT189191	TGA	670
HelroT189197	TGA	729
HelroT189195	TGA	456
HelroT189194	TAA	35
HelroT187042	TGA	284
HelroT187040	TAA	204
HelroT187047	TGA	294
HelroT187046	TAG	61
HelroT186317	TAA	790
HelroT186311	TAG	82
HelroT113955	TGA	375
HelroT195014	TAA	240
HelroT189343	TGA	801
HelroT188910	TAG	449
HelroT192545	TAA	1844
HelroT116724	TAG	587
HelroT116728	TGA	1039
HelroT194872	TAA	107
HelroT96204	TAA	45
HelroT194870	TAA	200
HelroT194877	TAA	379
HelroT194878	TAA	394
HelroT184920	TAG	999
HelroT184927	TAA	300
HelroT184929	TAA	150
HelroT184928	TAA	199
HelroT185030	TGA	1187
HelroT185032	TAA	747
HelroT185033	TAA	1140
HelroT185038	TGA	1306
HelroT108864	TGA	735
HelroT105890	TAA	957
HelroT105764	TGA	107
HelroT194120	TAG	1181
HelroT190925	TAA	767
HelroT190926	TAA	446
HelroT190927	TAG	781
HelroT190929	TAG	912
HelroT191038	TAA	317
HelroT191035	TGA	456
HelroT191034	TAA	227
HelroT191032	TAA	310
HelroT111140	TGA	1041
HelroT104383	TGA	88
HelroT190619	TAG	159
HelroT190612	TAA	195
HelroT190613	TAG	346
HelroT193368	TGA	274
HelroT193367	TAA	393
HelroT193366	TGA	259
HelroT193363	TAA	245
HelroT95007	TAG	464
HelroT188005	TAA	908
HelroT188000	TGA	116
HelroT188001	TAA	921
HelroT188009	TGA	727
HelroT94757	TGA	243
HelroT189835	TGA	440
HelroT105468	TGA	226
HelroT154673	TGA	81
HelroT189012	TGA	273
HelroT189013	TAG	127
HelroT194249	TAG	43
HelroT96873	TAA	98
HelroT194240	TAA	758
HelroT188761	TAG	450
HelroT193353	TAA	1426
HelroT97056	TAG	1013
HelroT98081	TAA	425
HelroT186106	TAG	733
HelroT186101	TAG	693
HelroT110947	TAA	857
HelroT98557	TAA	913
HelroT110490	TAA	94
HelroT106059	TAA	224
HelroT106052	TGA	475
HelroT185481	TGA	207
HelroT185480	TAA	765
HelroT185484	TAA	225
HelroT185489	TAA	945
HelroT102998	TAA	168
HelroT192356	TGA	181
HelroT191619	TAA	1115
HelroT191614	TGA	420
HelroT191617	TAA	122
HelroT96017	TAA	171
HelroT113375	TAA	304
HelroT113378	TAA	52
HelroT193756	TGA	255
HelroT193757	TAA	250
HelroT193752	TGA	486
HelroT193750	TGA	59
HelroT193759	TAA	692
HelroT107827	TGA	874
HelroT116445	TGA	133
HelroT192223	TGA	918
HelroT187113	TGA	1198
HelroT190227	TGA	393
HelroT190226	TGA	203
HelroT110137	TGA	415
HelroT112400	TGA	276
HelroT100074	TAA	477
HelroT104028	TAA	574
HelroT106880	TAG	2931
HelroT111260	TAA	1220
HelroT186406	TAA	709
HelroT106314	TGA	421
HelroT188214	TGA	409
HelroT186249	TGA	586
HelroT96652	TAG	424
HelroT96656	TGA	305
HelroT189608	TGA	540
HelroT189601	TGA	79
HelroT101525	TGA	112
HelroT186803	TAA	226
HelroT193131	TAA	652
HelroT194780	TAG	994
HelroT194782	TGA	235
HelroT194783	TAA	1076
HelroT190447	TAA	260
HelroT190444	TAA	209
HelroT97247	TAA	530
HelroT190440	TAA	1552
HelroT190449	TGA	406
HelroT185724	TAG	1039
HelroT185726	TAA	247
HelroT185727	TGA	574
HelroT185720	TAA	613
HelroT185729	TAA	565
HelroT191792	TGA	1556
HelroT191798	TAA	60
HelroT191423	TAG	610
HelroT193499	TAA	275
HelroT193498	TAA	139
HelroT193494	TAA	95
HelroT193497	TGA	669
HelroT184897	TAA	534
HelroT184893	TGA	141
HelroT184898	TAG	567
HelroT109312	TGA	1144
HelroT187818	TAA	493
HelroT110309	TGA	331
HelroT187814	TAA	254
HelroT187817	TGA	397
HelroT193168	TAA	639
HelroT99850	TAA	151
HelroT99365	TGA	253
HelroT188398	TAG	132
HelroT188399	TAA	620
HelroT188397	TAA	58
HelroT94333	TGA	218
HelroT94331	TAA	293
HelroT100946	TAA	314
HelroT97732	TAA	670
HelroT98900	TAA	605
HelroT185969	TGA	449
HelroT115562	TAA	277
HelroT185962	TAA	469
HelroT185960	TAA	410
HelroT111410	TGA	63
HelroT111417	TGA	788
HelroT101226	TGA	429
HelroT105102	TAA	160
HelroT186615	TGA	116
HelroT186617	TGA	566
HelroT104475	TGA	374
HelroT100575	TAA	42
HelroT100685	TGA	427
HelroT194626	TAA	770
HelroT102862	TGA	170
HelroT102867	TGA	490
HelroT190631	TAA	308
HelroT190637	TAA	233
HelroT110527	TAG	124
HelroT185575	TGA	355
HelroT185574	TAG	1127
HelroT185576	TGA	185
HelroT185570	TAA	444
HelroT112809	TAG	540
HelroT185578	TAA	1221
HelroT187878	TAA	242
HelroT112974	TAG	284
HelroT189096	TAG	355
HelroT189097	TAG	558
HelroT189095	TGA	436
HelroT189098	TGA	184
HelroT189099	TGA	426
HelroT99753	TAA	303
HelroT192463	TGA	244
HelroT186189	TAG	278
HelroT186188	TAA	69
HelroT186187	TAA	173
HelroT186181	TGA	274
HelroT186180	TAA	374
HelroT116577	TAA	539
HelroT117195	TAA	71
HelroT188754	TAA	535
HelroT188755	TAA	175
HelroT97947	TAA	123
HelroT185375	TAA	52
HelroT185372	TAA	478
HelroT114555	TAA	45
HelroT110647	TGA	214
HelroT103603	TAA	58
HelroT114881	TAA	1297
HelroT105607	TGA	434
HelroT194049	TAG	476
HelroT194048	TGA	212
HelroT194045	TGA	433
HelroT194043	TGA	291
HelroT194042	TAA	866
HelroT194041	TAA	304
HelroT194040	TGA	87
HelroT115686	TGA	690
HelroT187446	TGA	580
HelroT191179	TGA	1055
HelroT191173	TGA	523
HelroT112481	TGA	783
HelroT115758	TGA	120
HelroT100728	TAA	282
HelroT109416	TAA	1066
HelroT193089	TAG	297
HelroT108264	TGA	662
HelroT193081	TAA	104
HelroT108261	TGA	1359
HelroT193551	TGA	398
HelroT193552	TGA	551
HelroT193553	TGA	234
HelroT193555	TAA	74
HelroT193557	TAA	684
HelroT94141	TAA	390
HelroT188930	TAA	786
HelroT188931	TGA	244
HelroT94922	TAA	278
HelroT189687	TAG	352
HelroT189685	TGA	348
HelroT192935	TAA	823
HelroT187684	TGA	926
HelroT188488	TGA	449
HelroT188482	TGA	623
HelroT188483	TAG	1500
HelroT188487	TAA	321
HelroT188150	TGA	787
HelroT194477	TGA	1245
HelroT188157	TGA	299
HelroT188158	TAA	908
HelroT194479	TAG	380
HelroT94423	TGA	259
HelroT94426	TAA	503
HelroT186220	TAG	396
HelroT186223	TAA	624
HelroT186224	TGA	326
HelroT186226	TAA	271
HelroT186227	TGA	609
HelroT106153	TGA	185
HelroT106158	TAG	404
HelroT96112	TAA	350
HelroT96116	TAA	297
HelroT111800	TAA	531
HelroT106063	TAA	512
HelroT192169	TAA	170
HelroT192167	TGA	417
HelroT100875	TAA	200
HelroT192162	TAA	504
HelroT193411	TAA	168
HelroT184819	TAA	237
HelroT184815	TGA	247
HelroT113524	TAA	1501
HelroT184813	TAA	441
HelroT109396	TAA	101
HelroT104674	TGA	885
HelroT190143	TGA	198
HelroT190144	TAA	354
HelroT190145	TAG	626
HelroT108446	TAA	290
HelroT187895	TGA	863
HelroT101399	TAG	420
HelroT101643	TGA	409
HelroT194530	TGA	261
HelroT111038	TGA	195
HelroT109477	TGA	742
HelroT107720	TGA	41
HelroT189441	TGA	1381
HelroT95171	TAA	70
HelroT188312	TGA	212
HelroT188314	TGA	366
HelroT189946	TGA	868
HelroT189947	TGA	187
HelroT189943	TGA	112
HelroT189948	TAG	227
HelroT98458	TAA	845
HelroT96469	TAG	321
HelroT102728	TAA	400
HelroT189162	TAG	123
HelroT189163	TAG	105
HelroT189164	TGA	404
HelroT192743	TGA	816
HelroT192740	TAA	30
HelroT187346	TAA	942
HelroT187347	TAG	670
HelroT101408	TGA	876
HelroT115827	TGA	537
HelroT115822	TAG	534
HelroT103807	TAA	759
HelroT97472	TAA	638
HelroT97475	TAA	104
HelroT185645	TAA	178
HelroT185644	TAA	1542
HelroT185642	TAA	232
HelroT185641	TAG	1309
HelroT185640	TAG	1223
HelroT185649	TGA	448
HelroT112884	TGA	637
HelroT191501	TAA	253
HelroT191505	TGA	492
HelroT111616	TAG	974
HelroT184990	TAG	549
HelroT184992	TGA	255
HelroT184994	TAA	962
HelroT184995	TGA	458
HelroT184997	TGA	701
HelroT184998	TAA	960
HelroT185403	TAA	1408
HelroT114062	TGA	141
HelroT193623	TAA	363
HelroT193621	TGA	828
HelroT193626	TGA	402
HelroT193624	TAA	449
HelroT193625	TAA	327
HelroT113751	TGA	421
HelroT114397	TAG	441
HelroT107917	TGA	451
HelroT104333	TAG	2572
HelroT191088	TGA	357
HelroT191089	TAA	796
HelroT191087	TAA	415
HelroT191080	TAA	169
HelroT154313	TAA	66
HelroT189765	TAA	164
HelroT189760	TAA	212
HelroT189761	TAG	241
HelroT189762	TGA	259
HelroT189769	TGA	1866
HelroT106891	TAA	301
HelroT99280	TAA	217
HelroT99285	TAA	429
HelroT116640	TGA	97
HelroT94076	TAA	454
HelroT187007	TGA	384
HelroT117118	TGA	612
HelroT187002	TAA	147
HelroT187926	TAA	590
HelroT103356	TGA	297
HelroT103352	TAG	1081
HelroT188601	TAA	274
HelroT194320	TGA	906
HelroT102089	TGA	496
HelroT185843	TAA	231
HelroT185844	TGA	1202
HelroT187998	TGA	1547
HelroT187992	TAA	731
HelroT94914	TGA	446
HelroT112376	TAA	755
HelroT112372	TAA	270
HelroT190849	TGA	95
HelroT190840	TGA	494
HelroT186712	TAG	807
HelroT186716	TGA	27
HelroT186717	TGA	734
HelroT116983	TAA	425
HelroT108152	TAA	82
HelroT194546	TAA	265
HelroT194547	TGA	927
HelroT193006	TGA	383
HelroT193007	TAG	225
HelroT113133	TGA	156
HelroT113130	TGA	116
HelroT115988	TAA	170
HelroT115984	TAA	2046
HelroT110447	TAA	153
HelroT190063	TAA	444
HelroT190066	TAG	395
HelroT104310	TAA	360
HelroT185431	TGA	731
HelroT185432	TGA	25
HelroT185433	TAA	282
HelroT185435	TGA	382
HelroT185437	TAA	267
HelroT108977	TGA	373
HelroT191332	TGA	29
HelroT193780	TAG	481
HelroT193788	TAA	368
HelroT115162	TAA	830
HelroT193873	TAA	611
HelroT193870	TAG	154
HelroT107894	TGA	143
HelroT98326	TAA	407
HelroT189355	TGA	391
HelroT189358	TGA	116
HelroT188401	TAG	1366
HelroT188404	TGA	178
HelroT188408	TGA	418
HelroT101835	TGA	20
HelroT95510	TAA	809
HelroT95512	TGA	436
HelroT95514	TGA	208
HelroT192253	TAG	322
HelroT192257	TGA	793
HelroT98295	TAG	271
HelroT98290	TAA	152
HelroT97828	TGA	555
HelroT98836	TGA	189
HelroT194945	TGA	836
HelroT185141	TGA	1216
HelroT194398	TAA	434
HelroT191233	TGA	825
HelroT191231	TAA	1535
HelroT191237	TAA	356
HelroT191235	TAA	458
HelroT191234	TGA	469
HelroT109167	TAA	276
HelroT113810	TGA	976
HelroT191907	TAG	52
HelroT155178	TGA	889
HelroT108698	TAA	91
HelroT110893	TAA	525
HelroT104858	TAA	44
HelroT193217	TAG	891
HelroT190749	TAA	725
HelroT190744	TGA	808
HelroT190746	TGA	383
HelroT190743	TGA	192
HelroT99418	TAA	277
HelroT114400	TGA	27
HelroT189257	TAA	347
HelroT189252	TGA	2050
HelroT189258	TGA	154
HelroT105275	TGA	638
HelroT105279	TAA	121
HelroT192878	TAA	407
HelroT99990	TGA	1149
HelroT95235	TAA	325
HelroT187038	TAG	386
HelroT194331	TGA	481
HelroT194330	TAA	180
HelroT188611	TGA	118
HelroT188617	TGA	440
HelroT188615	TGA	413
HelroT186070	TAA	436
HelroT186073	TGA	546
HelroT186075	TGA	292
HelroT186077	TAA	955
HelroT106217	TAA	209
HelroT192596	TGA	226
HelroT108537	TAG	191
HelroT192049	TAA	879
HelroT192040	TAA	8
HelroT192044	TAA	563
HelroT191581	TGA	181
HelroT111699	TGA	908
HelroT191587	TAG	390
HelroT111692	TGA	411
HelroT113207	TAA	590
HelroT107993	TGA	234
HelroT108526	TGA	167
HelroT101296	TAA	97
HelroT113992	TAA	631
HelroT113995	TAA	250
HelroT191003	TAG	566
HelroT191008	TGA	230
HelroT191009	TGA	346
HelroT109730	TAG	419
HelroT109739	TAA	1157
HelroT104956	TGA	130
HelroT108064	TAA	536
HelroT108067	TAA	207
HelroT190969	TAA	582
HelroT95781	TAA	335
HelroT188055	TAA	736
HelroT188051	TGA	1043
HelroT192951	TAA	68
HelroT96547	TGA	779
HelroT192266	TAA	265
HelroT188808	TAA	302
HelroT188804	TAG	249
HelroT188801	TGA	229
HelroT189048	TGA	667
HelroT187911	TGA	160
HelroT187914	TGA	439
HelroT187919	TAA	855
HelroT192628	TAG	459
HelroT194276	TGA	354
HelroT194277	TGA	263
HelroT194270	TAA	139
HelroT96849	TAA	329
HelroT187263	TAA	245
HelroT187260	TGA	540
HelroT186794	TGA	112
HelroT101724	TGA	794
HelroT100094	TAA	148
HelroT93501	TAA	269
HelroT107371	TAA	101
HelroT107370	TGA	1162
HelroT186138	TAA	1684
HelroT186139	TGA	237
HelroT110990	TGA	636
HelroT97089	TAA	826
HelroT190570	TGA	788
HelroT98504	TGA	426
HelroT190574	TAA	2251
HelroT103014	TAA	387
HelroT192368	TAA	868
HelroT192362	TGA	747
HelroT191624	TGA	278
HelroT191626	TGA	1834
HelroT191620	TAA	364
HelroT96068	TAA	766
HelroT191622	TAG	264
HelroT191623	TAG	526
HelroT193707	TAA	122
HelroT193706	TGA	139
HelroT114296	TGA	398
HelroT185545	TAA	89
HelroT107810	TGA	713
HelroT112831	TAA	312
HelroT110149	TGA	506
HelroT110145	TAA	489
HelroT112439	TAA	150
HelroT189718	TGA	1095
HelroT104567	TGA	946
HelroT107038	TAG	160
HelroT107039	TAA	266
HelroT107032	TAA	1159
HelroT185175	TAA	105
HelroT107037	TAA	137
HelroT185178	TGA	1294
HelroT189539	TAA	672
HelroT95592	TAA	95
HelroT99073	TAA	500
HelroT103256	TAA	211
HelroT93198	TAA	18
HelroT116413	TAA	578
HelroT116410	TAA	985
HelroT98239	TAA	119
HelroT191736	TAA	552
HelroT191734	TGA	316
HelroT191730	TGA	231
HelroT191731	TAA	374
HelroT95925	TGA	105
HelroT105347	TAG	610
HelroT108618	TGA	764
HelroT108613	TGA	194
HelroT108615	TAA	702
HelroT100443	TAA	857
HelroT193169	TAG	335
HelroT193165	TAG	1302
HelroT193167	TGA	107
HelroT193162	TAA	709
HelroT116244	TGA	999
HelroT191984	TAA	238
HelroT191982	TAA	786
HelroT194751	TAA	259
HelroT194755	TAA	207
HelroT194759	TAG	395
HelroT194758	TGA	731
HelroT193292	TGA	391
HelroT193290	TGA	138
HelroT193296	TAA	234
HelroT107238	TGA	1846
HelroT103935	TAA	1057
HelroT106726	TAA	646
HelroT192414	TGA	1034
HelroT113542	TAA	167
HelroT113546	TAA	236
HelroT185261	TAA	628
HelroT185263	TAA	1144
HelroT185262	TAA	364
HelroT185265	TAG	2
HelroT185264	TAA	326
HelroT112977	TAA	156
HelroT191473	TGA	343
HelroT191479	TGA	1111
HelroT193938	TGA	191
HelroT193939	TAA	925
HelroT193936	TGA	151
HelroT193937	TAA	218
HelroT193935	TGA	406
HelroT113622	TGA	1025
HelroT104248	TAG	1516
HelroT94890	TGA	193
HelroT188565	TAA	407
HelroT188563	TAG	545
HelroT105985	TAA	269
HelroT188699	TGA	398
HelroT188693	TAA	141
HelroT188692	TGA	257
HelroT188697	TAG	180
HelroT95414	TAG	243
HelroT192511	TGA	626
HelroT192510	TAA	317
HelroT192517	TGA	408
HelroT192515	TGA	279
HelroT98395	TGA	268
HelroT100932	TGA	563
HelroT100933	TAA	647
HelroT100939	TGA	1237
HelroT97702	TAA	595
HelroT194826	TGA	517
HelroT185069	TAA	449
HelroT185068	TGA	491
HelroT185063	TGA	621
HelroT185062	TGA	1227
HelroT185061	TAA	182
HelroT185060	TAA	237
HelroT185065	TAA	1049
HelroT185064	TAA	452
HelroT114647	TGA	614
HelroT114649	TGA	39
HelroT110739	TAG	224
HelroT103772	TGA	728
HelroT194171	TAA	72
HelroT194170	TAA	230
HelroT194177	TAA	231
HelroT185935	TAA	1182
HelroT185934	TGA	184
HelroT185936	TAG	1649
HelroT185933	TGA	280
HelroT185938	TAA	293
HelroT93833	TGA	911
HelroT113916	TGA	766
HelroT186621	TAA	729
HelroT99110	TGA	670
HelroT108795	TGA	233
HelroT193319	TAA	245
HelroT193315	TGA	219
HelroT193312	TAA	835
HelroT109820	TGA	463
HelroT190667	TGA	311
HelroT190664	TAA	530
HelroT190662	TAA	215
HelroT190661	TAA	231
HelroT185548	TAA	959
HelroT185544	TGA	177
HelroT185546	TGA	350
HelroT185540	TGA	587
HelroT185541	TAA	265
HelroT185542	TAG	1032
HelroT185543	TAA	339
HelroT154625	TAG	367
HelroT154629	TAA	75
HelroT188886	TGA	326
HelroT188887	TAA	320
HelroT188888	TAA	192
HelroT188889	TGA	189
HelroT105536	TGA	1379
HelroT99764	TGA	563
HelroT188719	TAG	257
HelroT188714	TGA	1024
HelroT187775	TAG	1541
HelroT187774	TGA	343
HelroT187773	TAG	330
HelroT195149	TAA	388
HelroT195143	TAA	866
HelroT101948	TGA	550
HelroT100012	TAG	270
HelroT100017	TGA	341
HelroT192497	TAA	69
HelroT192492	TGA	357
HelroT192493	TAA	739
HelroT97005	TGA	879
HelroT96355	TGA	1157
HelroT116543	TGA	273
HelroT111791	TAA	54
HelroT113490	TGA	272
HelroT113493	TGA	395
HelroT185388	TGA	363
HelroT185387	TGA	115
HelroT185384	TGA	515
HelroT93209	TGA	1117
HelroT114561	TGA	737
HelroT187901	TGA	407
HelroT110679	TAA	465
HelroT103632	TGA	228
HelroT190256	TAA	826
HelroT110832	TAG	955
HelroT190250	TAG	179
HelroT190258	TGA	236
HelroT190259	TGA	810
HelroT191127	TAG	894
HelroT191126	TGA	413
HelroT191122	TAA	235
HelroT191120	TGA	320
HelroT116956	TAA	59
HelroT116952	TAA	204
HelroT153989	TGA	199
HelroT155003	TGA	864
HelroT104692	TGA	373
HelroT108184	TGA	302
HelroT108234	TGA	129
HelroT108236	TGA	226
HelroT108230	TAA	277
HelroT106340	TGA	453
HelroT193504	TGA	281
HelroT99560	TGA	331
HelroT188264	TGA	432
HelroT188265	TAA	346
HelroT188262	TAA	518
HelroT188261	TAG	325
HelroT98742	TAG	801
HelroT102128	TAA	614
HelroT116548	TGA	461
HelroT102694	TAA	522
HelroT105476	TGA	154
HelroT105471	TAA	365
HelroT105479	TGA	74
HelroT189672	TAA	182
HelroT189670	TGA	136
HelroT192907	TAA	216
HelroT192901	TGA	485
HelroT192903	TGA	553
HelroT192908	TGA	210
HelroT192909	TAG	1020
HelroT187100	TAA	356
HelroT188109	TAA	282
HelroT188108	TGA	817
HelroT194424	TGA	427
HelroT188105	TGA	565
HelroT188104	TGA	281
HelroT100226	TGA	922
HelroT186278	TAA	287
HelroT186277	TGA	754
HelroT186276	TAA	701
HelroT186274	TAA	659
HelroT186273	TGA	1071
HelroT186271	TGA	886
HelroT190437	TGA	617
HelroT185778	TAA	393
HelroT185773	TGA	2086
HelroT185770	TGA	517
HelroT185776	TAG	248
HelroT185774	TAA	785
HelroT192286	TAA	823
HelroT102324	TAG	594
HelroT191743	TGA	163
HelroT194990	TGA	129
HelroT192136	TAG	652
HelroT192130	TGA	397
HelroT192133	TAA	140
HelroT192138	TGA	176
HelroT185199	TAA	335
HelroT185198	TAA	738
HelroT185197	TAA	243
HelroT185194	TGA	510
HelroT185193	TGA	279
HelroT155469	TGA	1420
HelroT184825	TAA	289
HelroT184827	TAG	461
HelroT184821	TGA	240
HelroT184823	TGA	410
HelroT184828	TAG	890
HelroT114157	TAA	16
HelroT115201	TAA	1865
HelroT190193	TAA	598
HelroT190192	TGA	2
HelroT185385	TGA	1273
HelroT108413	TGA	854
HelroT185380	TGA	1201
HelroT110355	TAA	167
HelroT187844	TGA	707
HelroT187849	TGA	203
HelroT185381	TAA	127
HelroT101631	TGA	1013
HelroT109424	TAA	266
HelroT189471	TAA	475
HelroT94814	TAA	1286
HelroT94361	TAA	261
HelroT189993	TGA	513
HelroT189995	TAA	126
HelroT189999	TGA	326
HelroT189998	TGA	414
HelroT103444	TAA	1664
HelroT96436	TGA	215
HelroT104401	TGA	741
HelroT108719	TGA	851
HelroT192710	TAA	212
HelroT192719	TGA	190
HelroT194386	TGA	653
HelroT116040	TAG	559
HelroT187316	TGA	664
HelroT187315	TAG	465
HelroT189267	TAG	710
HelroT187311	TAA	648
HelroT194659	TGA	294
HelroT194654	TAA	1042
HelroT189260	TAA	1006
HelroT193394	TGA	498
HelroT193392	TAA	1858
HelroT193398	TAA	217
HelroT193399	TGA	191
HelroT107172	TGA	482
HelroT110575	TGA	553
HelroT114057	TGA	376
HelroT102838	TAA	546
HelroT113404	TGA	416
HelroT113705	TAA	1198
HelroT107921	TGA	323
HelroT107927	TAG	537
HelroT94516	TAA	466
HelroT188794	TAG	287
HelroT188793	TAG	491
HelroT188798	TGA	166
HelroT95757	TGA	201
HelroT186423	TGA	735
HelroT192415	TGA	993
HelroT192412	TAA	405
HelroT98055	TGA	1086
HelroT186312	TAA	6
HelroT97629	TAG	807
HelroT97993	TAA	231
HelroT93282	TAA	33
HelroT185306	TAA	787
HelroT185307	TAA	455
HelroT185302	TAA	594
HelroT185300	TAA	405
HelroT185301	TGA	855
HelroT194036	TAA	119
HelroT194032	TGA	149
HelroT185871	TGA	152
HelroT185872	TAA	219
HelroT185876	TAA	443
HelroT185877	TAA	232
HelroT111546	TAA	239
HelroT102505	TGA	185
HelroT112383	TAA	379
HelroT190832	TGA	153
HelroT190833	TGA	920
HelroT190831	TAA	1033
HelroT190836	TGA	290
HelroT190837	TGA	91
HelroT190834	TAA	234
HelroT190839	TAG	385
HelroT108105	TAA	3080
HelroT191878	TAA	434
HelroT191874	TAA	299
HelroT193581	TAG	867
HelroT193589	TAA	259
HelroT193588	TAA	126
HelroT190054	TAG	251
HelroT193509	TAA	277
HelroT190056	TAA	215
HelroT190058	TAA	686
HelroT185468	TAA	412
HelroT185464	TAA	82
HelroT185462	TAA	847
HelroT185461	TAA	2137
HelroT192544	TGA	259
HelroT108925	TGA	286
HelroT99567	TGA	424
HelroT193801	TAA	143
HelroT193806	TGA	841
HelroT188960	TGA	175
HelroT188962	TGA	581
HelroT188964	TGA	256
HelroT154098	TAA	208
HelroT187369	TGA	151
HelroT189361	TAA	1281
HelroT95386	TGA	211
HelroT185976	TAG	580
HelroT188187	TAA	748
HelroT188186	TAA	347
HelroT188183	TGA	334
HelroT188188	TAA	207
HelroT93977	TGA	1235
HelroT189589	TGA	675
HelroT189581	TGA	424
HelroT187181	TAG	681
HelroT192201	TGA	344
HelroT192208	TAA	1011
HelroT111854	TGA	136
HelroT97810	TAA	445
HelroT194919	TGA	222
HelroT194912	TGA	120
HelroT185116	TGA	294
HelroT185115	TAG	380
HelroT185110	TAA	195
HelroT185119	TGA	1134
HelroT110029	TAA	383
HelroT191242	TAA	279
HelroT191240	TAA	694
HelroT191241	TAA	809
HelroT191247	TGA	80
HelroT191248	TAA	322
HelroT191249	TGA	190
HelroT112773	TGA	145
HelroT93352	TGA	768
HelroT111085	TAA	865
HelroT111080	TAA	469
HelroT185039	TGA	305
HelroT101326	TAA	125
HelroT104131	TGA	442
HelroT101329	TGA	128
HelroT104138	TGA	517
HelroT155129	TAA	304
HelroT112195	TGA	151
HelroT191938	TAG	368
HelroT191939	TGA	350
HelroT191935	TAA	1362
HelroT193855	TAG	435
HelroT104797	TGA	163
HelroT104861	TGA	182
HelroT193262	TAA	725
HelroT193264	TAA	2219
HelroT185663	TAA	291
HelroT188342	TGA	622
HelroT188344	TAA	218
HelroT94672	TGA	1597
HelroT103179	TAG	1417
HelroT189281	TAA	175
HelroT189280	TAA	270
HelroT189284	TGA	458
HelroT189289	TGA	763
HelroT189288	TGA	236
HelroT189133	TGA	878
HelroT189132	TAA	120
HelroT189136	TAA	511
HelroT192824	TGA	1561
HelroT192823	TGA	191
HelroT192822	TAA	613
HelroT192798	TGA	411
HelroT192791	TGA	273
HelroT194308	TGA	59
HelroT194306	TAA	222
HelroT186957	TAA	420
HelroT186951	TAA	411
HelroT186959	TAA	477
HelroT187398	TGA	243
HelroT186040	TAG	543
HelroT186041	TAA	46
HelroT186042	TAA	10
HelroT186045	TAA	271
HelroT186046	TAA	675
HelroT186048	TAA	396
HelroT186049	TGA	248
HelroT185636	TAA	137
HelroT185631	TAA	378
HelroT185638	TAA	250
HelroT194896	TGA	462
HelroT194898	TGA	451
HelroT194899	TGA	651
HelroT192078	TAA	383
HelroT96778	TGA	896
HelroT185098	TAA	261
HelroT185092	TGA	1674
HelroT185090	TAA	550
HelroT185096	TGA	605
HelroT185095	TAA	141
HelroT184947	TAA	540
HelroT184944	TAA	1457
HelroT184942	TAA	311
HelroT184940	TGA	630
HelroT184949	TAA	246
HelroT193676	TGA	976
HelroT113786	TGA	425
HelroT114944	TAA	14
HelroT190322	TGA	895
HelroT190320	TAA	184
HelroT190326	TAG	252
HelroT108518	TGA	287
HelroT107639	TGA	320
HelroT189738	TGA	594
HelroT189732	TGA	714
HelroT189730	TAA	931
HelroT189737	TAA	118
HelroT189735	TGA	206
HelroT99632	TAG	1053
HelroT188064	TAA	729
HelroT188065	TAG	709
HelroT99188	TAG	899
HelroT189892	TAA	310
HelroT189893	TGA	162
HelroT117142	TGA	208
HelroT117141	TAA	30
HelroT98638	TAG	904
HelroT185509	TAA	168
HelroT188851	TGA	9
HelroT100124	TGA	171
HelroT189079	TGA	1162
HelroT189070	TGA	389
HelroT189071	TGA	197
HelroT189072	TAA	539
HelroT105051	TGA	253
HelroT192619	TGA	763
HelroT96898	TAA	819
HelroT187216	TAA	241
HelroT194518	TGA	279
HelroT194513	TGA	269
HelroT194512	TGA	432
HelroT194514	TAG	422
HelroT194517	TGA	131
HelroT194516	TAA	149
HelroT193051	TGA	561
HelroT193050	TAA	304
HelroT193055	TGA	1211
HelroT193054	TAG	588
HelroT193057	TGA	366
HelroT107343	TGA	344
HelroT190503	TGA	505
HelroT190504	TAG	148
HelroT190508	TAA	738
HelroT103045	TAA	427
HelroT191367	TGA	140
HelroT193731	TAA	75
HelroT115114	TGA	373
HelroT115111	TAA	600
HelroT193883	TGA	599
HelroT193880	TGA	564
HelroT193887	TAA	105
HelroT193885	TAG	124
HelroT154543	TAG	54
HelroT190286	TAA	583
HelroT104083	TAG	31
HelroT189500	TGA	1697
HelroT188450	TGA	671
HelroT188453	TAA	538
HelroT188459	TGA	231
HelroT188458	TAA	303
HelroT186501	TAA	77
HelroT94219	TAA	818
HelroT103288	TAA	587
HelroT103283	TAA	1194
HelroT95979	TAA	342
HelroT115469	TAA	673
HelroT190435	TGA	259
HelroT190438	TGA	164
HelroT108666	TAA	563
HelroT194498	TAA	242
HelroT193156	TAG	128
HelroT193150	TAG	443
HelroT193158	TAG	517
HelroT194728	TAG	22
HelroT194721	TAG	606
HelroT194726	TAA	1309
HelroT106711	TGA	884
HelroT106716	TGA	236
HelroT106717	TGA	144
HelroT190717	TAG	291
HelroT190716	TAA	231
HelroT190714	TAA	204
HelroT190719	TAA	501
HelroT185780	TAA	412
HelroT185784	TAA	1356
HelroT185250	TAA	333
HelroT185252	TAG	839
HelroT185255	TGA	180
HelroT112946	TGA	629
HelroT185258	TGA	83
HelroT185259	TGA	265
HelroT191448	TGA	367
HelroT191446	TAA	1110
HelroT191443	TAA	264
HelroT193969	TAG	1161
HelroT194994	TAA	362
HelroT194997	TAA	1413
HelroT189209	TAA	739
HelroT189202	TAA	196
HelroT189200	TAG	525
HelroT189206	TGA	786
HelroT189204	TGA	31
HelroT188556	TAG	32
HelroT188557	TAA	316
HelroT188550	TAA	555
HelroT188558	TAG	155
HelroT188559	TAG	246
HelroT191259	TGA	146
HelroT191256	TGA	275
HelroT187063	TAA	171
HelroT186335	TAA	514
HelroT195030	TGA	804
HelroT195033	TGA	179
HelroT195039	TGA	1222
HelroT192560	TAA	1022
HelroT192564	TAA	176
HelroT111950	TAA	336
HelroT117079	TGA	98
HelroT117076	TAG	87
HelroT194818	TAA	162
HelroT194810	TAG	135
HelroT194811	TGA	217
HelroT194812	TAA	175
HelroT194813	TGA	662
HelroT194814	TGA	148
HelroT185016	TGA	2600
HelroT185018	TAA	84
HelroT185019	TGA	323
HelroT103740	TGA	430
HelroT103742	TGA	509
HelroT96485	TGA	1688
HelroT194109	TAA	435
HelroT194102	TGA	598
HelroT194103	TGA	183
HelroT194101	TGA	293
HelroT194105	TAG	528
HelroT185908	TAG	135
HelroT185909	TAA	425
HelroT185904	TAA	403
HelroT185906	TGA	497
HelroT185907	TGA	442
HelroT185900	TAA	173
HelroT185901	TAA	156
HelroT191051	TAA	373
HelroT191057	TAA	262
HelroT109077	TAA	510
HelroT100598	TGA	61
HelroT112090	TAA	340
HelroT190906	TGA	142
HelroT190902	TGA	752
HelroT100627	TAA	160
HelroT193348	TAA	470
HelroT190733	TAA	219
HelroT94735	TGA	759
HelroT94730	TAA	455
HelroT94088	TGA	526
HelroT189813	TGA	543
HelroT189810	TAA	88
HelroT112963	TAA	1607
HelroT105502	TAG	402
HelroT105504	TGA	1926
HelroT187748	TAG	238
HelroT187749	TGA	447
HelroT188744	TGA	520
HelroT194228	TAG	321
HelroT106950	TAA	248
HelroT188743	TAG	1310
HelroT194223	TGA	614
HelroT194221	TAG	966
HelroT194220	TGA	199
HelroT194225	TAG	1263
HelroT194592	TAA	2638
HelroT194594	TGA	825
HelroT93558	TAG	422
HelroT186162	TGA	267
HelroT186161	TAA	392
HelroT186166	TAA	727
HelroT186165	TAG	350
HelroT186164	TGA	934
HelroT186169	TGA	261
HelroT186168	TAA	231
HelroT100028	TAA	254
HelroT96384	TAG	396
HelroT192339	TAA	385
HelroT192338	TAA	485
HelroT191670	TAG	1043
HelroT102315	TAA	143
HelroT97921	TAA	1822
HelroT190205	TGA	789
HelroT110111	TGA	335
HelroT110114	TGA	266
HelroT101030	TAA	573
HelroT101038	TAA	82
HelroT111242	TAG	8
HelroT99976	TGA	1582
HelroT109555	TGA	2380
HelroT108208	TAA	283
HelroT106331	TAA	129
HelroT188234	TAA	237
HelroT188231	TAG	91
HelroT188230	TAG	304
HelroT103204	TAA	55
HelroT102150	TGA	322
HelroT185341	TAA	624
HelroT186029	TAA	1191
HelroT185344	TAA	1025
HelroT187155	TGA	79
HelroT194415	TAA	226
HelroT194417	TAA	234
HelroT194410	TAA	143
HelroT194412	TAA	273
HelroT186826	TGA	125
HelroT116230	TAA	389
HelroT93454	TGA	1548
HelroT190469	TGA	1104
HelroT190791	TGA	652
HelroT190797	TAA	708
HelroT185702	TAA	496
HelroT185703	TGA	654
HelroT185706	TAA	1043
HelroT185707	TAA	235
HelroT185708	TAG	245
HelroT96179	TAA	266
HelroT192108	TAA	499
HelroT192104	TGA	243
HelroT192106	TGA	346
HelroT192102	TAA	337
HelroT193474	TAG	772
HelroT193472	TGA	354
HelroT193470	TAG	544
HelroT109371	TGA	488
HelroT109375	TGA	1335
HelroT110329	TGA	613
HelroT110322	TGA	719
HelroT110320	TAG	188
HelroT187837	TGA	285
HelroT192359	TGA	1226
HelroT113373	TGA	593
HelroT189420	TGA	716
HelroT95192	TAA	858
HelroT94829	TAA	286
HelroT116784	TAA	648
HelroT116782	TAA	98
HelroT98923	TGA	1072
HelroT97753	TGA	248
HelroT103432	TGA	507
HelroT95831	TGA	490
HelroT95830	TAA	81
HelroT105878	TGA	10
HelroT105872	TAG	167
HelroT105874	TGA	145
HelroT185984	TGA	307
HelroT185985	TGA	919
HelroT185980	TAA	810
HelroT185981	TAA	406
HelroT185982	TAA	220
HelroT185989	TAA	679
HelroT111430	TGA	802
HelroT105298	TAA	441
HelroT105295	TAG	116
HelroT105290	TGA	509
HelroT105292	TGA	1896
HelroT112012	TGA	302
HelroT190986	TGA	639
HelroT190982	TGA	855
HelroT105121	TGA	468
HelroT187585	TGA	1517
HelroT186674	TAG	519
HelroT108746	TAA	1139
HelroT108743	TGA	718
HelroT108742	TAA	195
HelroT192725	TGA	727
HelroT192727	TAG	909
HelroT192720	TGA	1130
HelroT100515	TGA	528
HelroT192722	TGA	221
HelroT104983	TGA	523
HelroT104986	TGA	1249
HelroT194606	TGA	866
HelroT107188	TAA	549
HelroT107185	TGA	428
HelroT107183	TGA	145
HelroT115846	TAG	248
HelroT190224	TAA	169
HelroT190616	TAG	149
HelroT190614	TAA	763
HelroT190610	TAA	433
HelroT114081	TGA	70
HelroT185513	TAG	296
HelroT185511	TGA	2054
HelroT185510	TAA	966
HelroT185515	TAG	381
HelroT185519	TAA	1094
HelroT188682	TGA	181
HelroT191565	TAA	236
HelroT191562	TAA	491
HelroT191561	TAG	248
HelroT113731	TGA	140
HelroT115063	TGA	300
HelroT93842	TGA	1060
HelroT193094	TAA	557
HelroT95765	TGA	462
HelroT101913	TGA	158
HelroT101910	TAG	313
HelroT186472	TAG	2926
HelroT192448	TGA	805
HelroT192441	TAA	1140
HelroT94513	TGA	1415
HelroT185356	TGA	1479
HelroT185351	TAA	571
HelroT185353	TAA	384
HelroT185352	TGA	794
HelroT114533	TAA	436
HelroT114532	TAA	598
HelroT194316	TGA	803
HelroT105624	TGA	272
HelroT105627	TGA	1101
HelroT194066	TGA	83
HelroT194061	TAA	302
HelroT194060	TAA	93
HelroT185829	TAA	354
HelroT185827	TGA	700
HelroT185823	TAA	177
HelroT185820	TAA	584
HelroT102534	TGA	398
HelroT102536	TAA	431
HelroT191155	TGA	781
HelroT191152	TGA	1437
HelroT191151	TGA	222
HelroT191158	TAA	420
HelroT191159	TAG	48
HelroT191849	TGA	289
HelroT107575	TGA	386
HelroT193572	TGA	137
HelroT190006	TGA	1653
HelroT190005	TGA	414
HelroT108915	TGA	363
HelroT188959	TAA	357
HelroT188954	TAG	48
HelroT189337	TAA	281
HelroT189336	TGA	476
HelroT189333	TAG	498
HelroT189332	TGA	423
HelroT189331	TAA	265
HelroT189330	TAG	480
HelroT105422	TGA	152
HelroT105425	TGA	592
HelroT105390	TGA	367
HelroT105398	TAA	190
HelroT192952	TGA	572
HelroT192950	TGA	2445
HelroT99671	TGA	683
HelroT189560	TGA	424
HelroT188174	TGA	425
HelroT188171	TAA	206
HelroT94403	TAG	535
HelroT186209	TAA	481
HelroT186206	TAA	579
HelroT186207	TGA	475
HelroT186205	TGA	806
HelroT186200	TAA	734
HelroT194928	TGA	174
HelroT194929	TGA	215
HelroT191738	TAA	458
HelroT192188	TGA	284
HelroT192189	TGA	375
HelroT184879	TGA	1003
HelroT184878	TAA	981
HelroT184873	TAA	1089
HelroT184872	TGA	461
HelroT184870	TGA	440
HelroT113547	TAG	82
HelroT184876	TGA	241
HelroT184875	TGA	2363
HelroT97843	TAA	578
HelroT99599	TGA	531
HelroT190128	TGA	442
HelroT110019	TGA	193
HelroT191298	TAA	407
HelroT191291	TAA	390
HelroT191292	TAG	529
HelroT191296	TAG	260
HelroT192061	TGA	302
HelroT109184	TAA	415
HelroT109459	TGA	646
HelroT109453	TAA	243
HelroT194657	TAA	348
HelroT104295	TGA	183
HelroT100131	TAA	430
HelroT185925	TGA	1091
HelroT106476	TAA	817
HelroT106472	TAG	237
HelroT99472	TAA	576
HelroT95115	TGA	271
HelroT99479	TAA	236
HelroT188378	TAA	511
HelroT188375	TGA	110
HelroT191075	TGA	404
HelroT189966	TAG	752
HelroT189967	TAA	235
HelroT189969	TAA	803
HelroT98434	TGA	95
HelroT189100	TAA	189
HelroT189101	TAA	408
HelroT189103	TAG	264
HelroT189105	TGA	181
HelroT105218	TAA	176
HelroT194356	TAA	686
HelroT194351	TGA	91
HelroT187365	TGA	249
HelroT194688	TGA	85
HelroT101462	TGA	137
HelroT101461	TAA	557
HelroT100335	TGA	51
HelroT107104	TAG	1877
HelroT195087	TGA	972
HelroT186015	TAA	818
HelroT186014	TGA	453
HelroT186013	TAA	172
HelroT97497	TGA	1626
HelroT185669	TGA	99
HelroT185664	TGA	325
HelroT185666	TGA	919
HelroT185661	TAA	667
HelroT185660	TGA	238
HelroT106279	TGA	673
HelroT185662	TGA	351
HelroT185599	TAG	930
HelroT185598	TAG	116
HelroT185592	TAA	152
HelroT185597	TAA	342
HelroT111980	TAA	729
HelroT102882	TGA	1077
HelroT192026	TGA	1476
HelroT111676	TAG	346
HelroT114003	TAA	332
HelroT109239	TAA	727
HelroT193646	TAG	416
HelroT101815	TAA	150
HelroT114917	TAG	187
HelroT108549	TGA	307
HelroT108545	TAA	535
HelroT110207	TGA	690
HelroT101144	TAA	339
HelroT107666	TGA	564
HelroT189742	TAA	1870
HelroT189741	TAG	396
HelroT189746	TAG	202
HelroT95099	TGA	251
HelroT96929	TAA	144
HelroT94059	TGA	336
HelroT97655	TAA	579
HelroT192276	TAA	1331
HelroT188868	TGA	596
HelroT188864	TAA	486
HelroT190865	TGA	832
HelroT101782	TGA	621
HelroT153976	TAA	196
HelroT153971	TAA	170
HelroT104662	TGA	761
HelroT108178	TGA	109
HelroT186734	TAA	85
HelroT193068	TGA	129
HelroT115969	TGA	878
HelroT107319	TGA	457
HelroT94435	TAA	1702
HelroT190087	TAG	625
HelroT190084	TGA	242
HelroT190088	TGA	945
HelroT185416	TGA	793
HelroT185417	TGA	411
HelroT185414	TGA	242
HelroT185412	TAA	375
HelroT185413	TGA	411
HelroT185410	TGA	143
HelroT185411	TGA	285
HelroT108992	TAA	454
HelroT191354	TAG	554
HelroT113471	TGA	1260
HelroT193850	TAA	98
HelroT112541	TAA	94
HelroT105332	TAA	275
HelroT155397	TAA	126
HelroT188469	TAG	210
HelroT188466	TAA	673
HelroT188288	TGA	628
HelroT188284	TGA	542
HelroT188286	TGA	249
HelroT186534	TAG	577
HelroT116148	TGA	375
HelroT98101	TGA	597
HelroT98103	TAA	893
HelroT186286	TGA	1694
HelroT186287	TAG	307
HelroT186284	TAA	226
HelroT186285	TGA	205
HelroT186283	TAA	1107
HelroT186281	TAG	1005
HelroT186288	TGA	1562
HelroT186289	TAA	534
HelroT192271	TAA	1371
HelroT116498	TAA	96
HelroT192279	TGA	608
HelroT97598	TAA	338
HelroT97596	TAA	1198
HelroT93683	TGA	240
HelroT103503	TAA	380
HelroT185164	TGA	620
HelroT185163	TAA	358
HelroT185160	TAA	359
HelroT105902	TGA	998
HelroT102672	TGA	290
HelroT115438	TGA	739
HelroT191212	TAA	633
HelroT111329	TGA	447
HelroT191219	TGA	455
HelroT109107	TGA	1799
HelroT191961	TAA	1095
HelroT191964	TGA	204
HelroT191968	TGA	249
HelroT107437	TAA	291
HelroT106742	TGA	688
HelroT103993	TAA	451
HelroT193185	TGA	829
HelroT193188	TAA	7
HelroT193233	TGA	582
HelroT193235	TAA	481
HelroT193237	TAA	401
HelroT107293	TAA	262
HelroT190762	TAA	697
HelroT190766	TAG	303
HelroT190767	TGA	256
HelroT185207	TAA	339
HelroT185206	TAA	331
HelroT185204	TGA	159
HelroT185203	TAA	328
HelroT112911	TAA	776
HelroT114428	TGA	849
HelroT189273	TAA	130
HelroT189270	TGA	274
HelroT189271	TAA	431
HelroT189278	TGA	378
HelroT192855	TGA	457
HelroT192853	TAG	883
HelroT188581	TGA	373
HelroT189182	TAA	59
HelroT188638	TAG	135
HelroT188630	TGA	340
HelroT188635	TGA	1408
HelroT188636	TAA	284
HelroT190158	TGA	548
HelroT187050	TGA	249
HelroT187057	TGA	316
HelroT195008	TAA	430
HelroT195004	TAA	1270
HelroT186092	TAA	1525
HelroT186091	TAG	1044
HelroT186090	TAG	831
HelroT194847	TAG	651
HelroT96235	TAA	278
HelroT194841	TGA	419
HelroT96238	TGA	1265
HelroT111906	TAA	202
HelroT112734	TAA	389
HelroT184934	TAA	1318
HelroT184932	TAG	392
HelroT184933	TGA	253
HelroT184938	TAA	326
HelroT184939	TAA	193
HelroT108893	TAA	359
HelroT110752	TAA	824
HelroT187654	TGA	830
HelroT105715	TAG	1260
HelroT105717	TGA	75
HelroT110285	TGA	860
HelroT110282	TAA	266
HelroT190953	TAA	56
HelroT190959	TGA	489
HelroT191022	TGA	309
HelroT191023	TAA	445
HelroT111155	TAA	465
HelroT111152	TAA	193
HelroT154121	TGA	587
HelroT155295	TAA	1010
HelroT193180	TGA	428
HelroT193187	TGA	896
HelroT109714	TAA	654
HelroT108045	TGA	323
HelroT193378	TGA	160
HelroT193374	TGA	202
HelroT193377	TAA	124
HelroT95018	TGA	431
HelroT188031	TAG	315
HelroT188030	TGA	1113
HelroT94763	TGA	876
HelroT94766	TAA	362
HelroT99227	TGA	945
HelroT192410	TAA	483
HelroT99711	TAG	41
HelroT188725	TAG	82
HelroT105555	TGA	876
HelroT189028	TGA	177
HelroT105083	TAA	93
HelroT105082	TAG	572
HelroT187790	TAA	103
HelroT187796	TGA	937
HelroT188774	TGA	91
HelroT188776	TAA	101
HelroT188771	TAG	503
HelroT188772	TAG	188
HelroT194252	TAG	1620
HelroT194253	TGA	756
HelroT194254	TAA	603
HelroT194255	TAA	1320
HelroT116381	TGA	86
HelroT93565	TAA	1196
HelroT186118	TAA	398
HelroT110971	TAG	796
HelroT186114	TAA	235
HelroT186115	TAA	360
HelroT98522	TAA	93
HelroT190559	TAA	255
HelroT106049	TGA	315
HelroT185496	TAG	792
HelroT185497	TAA	438
HelroT185494	TAG	1003
HelroT185490	TAA	800
HelroT185499	TGA	1662
HelroT186498	TAA	11
HelroT192348	TAG	893
HelroT192341	TGA	695
HelroT192345	TAA	277
HelroT195151	TGA	156
HelroT191607	TAA	82
HelroT191604	TAA	27
HelroT193762	TAG	166
HelroT193760	TGA	241
HelroT193766	TGA	490
HelroT107834	TAA	389
HelroT190234	TGA	393
HelroT190235	TAA	239
HelroT190236	TAA	212
HelroT110122	TAA	502
HelroT110124	TAA	387
HelroT110129	TGA	39
HelroT101069	TAA	81
HelroT106874	TAA	118
HelroT191185	TGA	252
HelroT191184	TAA	484
HelroT191187	TGA	1205
HelroT191186	TAA	430
HelroT191180	TGA	73
HelroT191189	TAA	108
HelroT191188	TGA	1036
HelroT109692	TGA	132
HelroT107583	TAG	245
HelroT107587	TAA	87
HelroT189557	TGA	172
HelroT189556	TGA	225
HelroT189554	TAA	144
HelroT99580	TAG	1008
HelroT188202	TAA	346
HelroT188208	TGA	602
HelroT94263	TAG	125
HelroT194295	TAA	834
HelroT93606	TGA	256
HelroT93602	TGA	814
HelroT103239	TGA	505
HelroT184902	TAA	383
HelroT188988	TAA	126
HelroT102182	TAA	376
HelroT102185	TGA	352
HelroT115658	TGA	709
HelroT189618	TAA	380
HelroT189614	TGA	489
HelroT189616	TAG	1290
HelroT112163	TAA	51
HelroT101510	TAA	635
HelroT104748	TAA	362
HelroT193107	TAG	599
HelroT194773	TGA	458
HelroT103917	TGA	518
HelroT103911	TAA	484
HelroT190459	TGA	301
HelroT114139	TAA	710
HelroT114138	TGA	416
HelroT112997	TGA	345
HelroT185286	TAA	1107
HelroT185285	TGA	111
HelroT112993	TAA	528
HelroT185281	TGA	480
HelroT185280	TAA	404
HelroT191412	TGA	153
HelroT191416	TGA	272
HelroT193489	TAA	120
HelroT193483	TAA	158
HelroT184883	TAG	698
HelroT184880	TGA	161
HelroT184881	TAA	2116
HelroT109307	TGA	583
HelroT113643	TAA	129
HelroT106930	TAG	84
HelroT104268	TAG	725
HelroT188532	TAG	636
HelroT188530	TGA	787
HelroT188508	TAG	802
HelroT188500	TGA	313
HelroT188506	TGA	444
HelroT188505	TGA	361
HelroT188504	TAG	1072
HelroT95474	TAA	17
HelroT186366	TGA	428
HelroT192530	TAA	482
HelroT192533	TGA	160
HelroT192532	TGA	209
HelroT117001	TGA	150
HelroT185040	TGA	809
HelroT185045	TAA	594
HelroT185044	TAA	110
HelroT185950	TGA	829
HelroT185957	TAA	618
HelroT185956	TGA	991
HelroT185955	TAA	739
HelroT185958	TGA	588
HelroT111405	TAA	849
HelroT93853	TGA	19
HelroT113932	TAG	193
HelroT187554	TAA	219
HelroT186608	TGA	434
HelroT155212	TAA	363
HelroT100540	TGA	350
HelroT103893	TGA	148
HelroT190881	TGA	808
HelroT194634	TGA	217
HelroT194635	TGA	696
HelroT194636	TGA	164
HelroT194632	TAA	76
HelroT113060	TGA	80
HelroT109800	TGA	2126
HelroT190644	TGA	662
HelroT190648	TAA	417
HelroT193692	TGA	222
HelroT193690	TAG	1669
HelroT115102	TGA	467
HelroT195125	TAA	238
HelroT186192	TAA	776
HelroT186190	TAA	168
HelroT186191	TAA	507
HelroT186197	TAA	444
HelroT186194	TAA	302
HelroT186199	TAG	1831
HelroT192474	TGA	190
HelroT192478	TAG	515
HelroT98030	TGA	146
HelroT98035	TGA	575
HelroT116562	TAA	134
HelroT117017	TAA	297
HelroT185364	TGA	140
HelroT185366	TGA	594
HelroT185361	TAA	358
HelroT93262	TAA	144
HelroT194058	TAA	913
HelroT194054	TAA	129
HelroT194052	TAA	101
HelroT187454	TGA	359
HelroT191108	TAA	173
HelroT191106	TAG	527
HelroT191101	TAA	668
HelroT111211	TAA	262
HelroT116974	TGA	371
HelroT191819	TAA	334
HelroT191815	TAA	296
HelroT154955	TAA	553
HelroT108226	TAA	39
HelroT193527	TAA	754
HelroT193526	TGA	333
HelroT193528	TAA	1523
HelroT99505	TAA	856
HelroT188905	TAA	676
HelroT188901	TAG	413
HelroT188909	TAA	193
HelroT102106	TGA	331
HelroT105454	TGA	396
HelroT189694	TAA	274
HelroT189696	TGA	651
HelroT189692	TGA	193
HelroT189698	TAA	775
HelroT192925	TAG	56
HelroT96941	TGA	533
HelroT194448	TAA	165
HelroT188121	TAA	1956
HelroT194441	TAA	890
HelroT194446	TGA	108
HelroT194445	TAA	146
HelroT186257	TGA	193
HelroT186250	TAA	511
HelroT186253	TAA	1243
HelroT186259	TAA	986
HelroT115837	TAA	647
HelroT185751	TAA	230
HelroT185750	TGA	824
HelroT185752	TAG	767
HelroT185754	TGA	1205
HelroT191761	TGA	362
HelroT191760	TAG	347
HelroT191762	TAG	258
HelroT192150	TGA	618
HelroT192159	TAA	954
HelroT191499	TGA	495
HelroT191495	TAG	306
HelroT193409	TAG	390
HelroT184809	TGA	605
HelroT109381	TGA	332
HelroT109389	TAG	891
HelroT190175	TAA	453
HelroT190174	TGA	210
HelroT190172	TAA	630
HelroT110370	TGA	277
HelroT154236	TAA	504
HelroT112284	TGA	314
HelroT101382	TAA	318
HelroT186002	TAA	729
HelroT111022	TGA	160
HelroT111023	TAA	297
HelroT109405	TGA	221
HelroT109402	TAA	309
HelroT184989	TAA	86
HelroT189456	TAG	398
HelroT95167	TAA	704
HelroT188326	TGA	1519
HelroT188325	TGA	539
HelroT188322	TGA	131
HelroT188321	TGA	268
HelroT188320	TGA	556
HelroT188329	TGA	49
HelroT94691	TAG	288
HelroT114997	TAA	403
HelroT94341	TGA	1810
HelroT190373	TAA	36
HelroT98446	TGA	807
HelroT185589	TGA	214
HelroT103469	TAA	431
HelroT96459	TGA	552
HelroT102735	TGA	321
HelroT192039	TGA	1846
HelroT189155	TAA	648
HelroT189153	TAG	297
HelroT192887	TGA	197
HelroT187087	TGA	756
HelroT187336	TGA	26
HelroT107158	TGA	580
HelroT107153	TAA	822
HelroT97190	TAA	207
HelroT106284	TAA	201
HelroT185654	TAA	417
HelroT185657	TAA	1179
HelroT185659	TAG	154
HelroT114071	TAG	1106
HelroT114074	TAA	1178
HelroT112898	TAG	295
HelroT109889	TGA	1063
HelroT96716	TAA	516
HelroT96714	TAA	62
HelroT193617	TAA	505
HelroT193616	TAG	124
HelroT193611	TGA	1065
HelroT193618	TAA	657
HelroT113767	TAA	147
HelroT113765	TAA	136
HelroT114382	TAG	1010
HelroT110237	TGA	271
HelroT110232	TAG	500
HelroT94228	TGA	884
HelroT99297	TGA	1097
HelroT99127	TGA	282
HelroT94060	TGA	221
HelroT189398	TGA	278
HelroT97603	TAA	781
HelroT103696	TAG	316
HelroT185579	TAG	502
HelroT185850	TAG	136
HelroT111522	TAA	867
HelroT187989	TAA	207
HelroT186760	TGA	898
HelroT186768	TGA	89
HelroT104323	TAA	779
HelroT194575	TAG	555
HelroT194573	TAA	353
HelroT193037	TAG	142
HelroT193036	TGA	234
HelroT193034	TAA	1078
HelroT193031	TAA	1339
HelroT115999	TAA	110
HelroT191893	TGA	240
HelroT191892	TGA	450
HelroT191890	TGA	237
HelroT102959	TGA	249
HelroT110458	TAA	1224
HelroT110454	TAA	306
HelroT190076	TAA	408
HelroT190074	TAA	63
HelroT190075	TGA	455
HelroT190072	TAA	542
HelroT106099	TAA	23
HelroT185445	TGA	401
HelroT185444	TGA	766
HelroT185441	TAA	645
HelroT185440	TAG	1000
HelroT114226	TAG	91
HelroT191309	TGA	160
HelroT191307	TGA	1752
HelroT191305	TGA	467
HelroT191301	TGA	389
HelroT193797	TGA	429
HelroT193795	TAA	85
HelroT115173	TAA	556
HelroT193863	TGA	794
HelroT193868	TGA	566
HelroT155340	TAG	267
HelroT102635	TGA	387
HelroT189346	TAA	324
HelroT189345	TGA	392
HelroT107672	TAA	529
HelroT189348	TAG	227
HelroT189349	TAA	1188
HelroT188434	TAA	905
HelroT116717	TAA	613
HelroT188439	TGA	255
HelroT187613	TGA	35
HelroT187611	TGA	1670
HelroT99625	TAG	460
HelroT186563	TAA	174
HelroT101841	TAA	788
HelroT95507	TGA	972
HelroT192229	TAA	105
HelroT192221	TGA	475
HelroT192222	TGA	161
HelroT111877	TAA	1897
HelroT186265	TAA	132
HelroT98827	TGA	116
HelroT117310	TAG	379
HelroT194973	TGA	411
HelroT194976	TAA	136
HelroT185138	TAG	518
HelroT194911	TGA	279
HelroT185136	TAA	102
HelroT185133	TAA	547
HelroT185132	TAG	778
HelroT194913	TGA	230
HelroT110043	TGA	393
HelroT190408	TGA	1187
HelroT191220	TGA	136
HelroT191221	TGA	101
HelroT111318	TAA	679
HelroT112750	TAA	302
HelroT113800	TGA	311
HelroT116835	TGA	508
HelroT113809	TAA	439
HelroT190406	TAG	1069
HelroT101303	TGA	87
HelroT185117	TGA	535
HelroT191919	TGA	76
HelroT191910	TAG	713
HelroT191914	TGA	473
HelroT108687	TAA	304
HelroT185118	TGA	1308
HelroT104849	TAA	206
HelroT108353	TAA	66
HelroT193204	TGA	498
HelroT193205	TGA	729
HelroT193208	TGA	92
HelroT109971	TAA	79
HelroT109972	TAG	1148
HelroT94619	TGA	491
HelroT99395	TAA	702
HelroT99392	TAA	894
HelroT189935	TAA	296
HelroT189937	TGA	666
HelroT189938	TAA	344
HelroT186886	TGA	95
HelroT194482	TGA	193
HelroT191758	TAG	124
HelroT105249	TGA	158
HelroT192807	TAA	118
HelroT194326	TAG	127
HelroT194324	TAA	101
HelroT194322	TAA	502
HelroT188605	TAA	634
HelroT188606	TGA	577
HelroT188607	TAA	349
HelroT186068	TAG	491
HelroT186069	TAA	342
HelroT186066	TGA	1374
HelroT186065	TAA	112
HelroT186060	TAA	1779
HelroT186061	TGA	654
HelroT100366	TAA	192
HelroT192580	TGA	298
HelroT192581	TGA	344
HelroT192582	TGA	624
HelroT192583	TAA	125
HelroT192587	TAA	265
HelroT192588	TAA	72
HelroT192589	TAA	608
HelroT103188	TAA	116
HelroT192053	TAA	75
HelroT191596	TGA	169
HelroT191594	TAG	526
HelroT191598	TAA	526
HelroT113279	TGA	337
HelroT184965	TAG	366
HelroT184964	TGA	71
HelroT113277	TGA	140
HelroT113270	TGA	664
HelroT184963	TAA	264
HelroT184962	TGA	555
HelroT102273	TGA	403
HelroT102275	TAA	198
HelroT93316	TGA	1411
HelroT109357	TAA	121
HelroT115304	TAA	482
HelroT108539	TAA	843
HelroT190344	TAA	951
HelroT108533	TAA	194
HelroT190347	TAG	138
HelroT154179	TGA	411
HelroT101116	TGA	1583
HelroT109728	TAA	236
HelroT100648	TGA	40
HelroT189710	TAA	452
HelroT106565	TGA	100
HelroT188042	TAG	329
HelroT188048	TAG	213
HelroT189875	TAA	304
HelroT189876	TGA	62
HelroT189877	TAG	1963
HelroT189871	TGA	870
HelroT189878	TAA	438
HelroT96551	TAA	288
HelroT96557	TGA	627
HelroT188833	TGA	869
HelroT188832	TAA	813
HelroT188838	TGA	400
HelroT185244	TGA	121
HelroT189058	TAA	804
HelroT187900	TAA	135
HelroT187909	TGA	256
HelroT192638	TGA	522
HelroT192639	TAA	657
HelroT192632	TGA	173
HelroT194280	TAA	160
HelroT194285	TGA	860
HelroT194286	TAA	532
HelroT101759	TAA	146
HelroT100087	TAA	1789
HelroT115911	TAA	496
HelroT93534	TAG	815
HelroT101607	TGA	631
HelroT97098	TAA	608
HelroT190569	TAA	283
HelroT190561	TAA	284
HelroT190567	TAG	46
HelroT106017	TAG	173
HelroT103064	TGA	1235
HelroT103068	TAA	762
HelroT96051	TAA	561
HelroT192468	TAA	1026
HelroT187798	TGA	414
HelroT111769	TGA	907
HelroT191387	TGA	1049
HelroT191380	TAA	780
HelroT191389	TAA	303
HelroT193718	TGA	237
HelroT193914	TAG	1077
HelroT110176	TAA	1067
HelroT190418	TAA	432
HelroT112207	TAA	291
HelroT189527	TAA	188
HelroT189525	TAG	114
HelroT116111	TGA	463
HelroT94235	TAA	141
HelroT97485	TAA	166
HelroT186112	TAA	212
HelroT186113	TAA	577
HelroT186116	TAA	198
HelroT110978	TAA	281
HelroT105953	TAA	1188
HelroT189408	TAG	198
HelroT189402	TGA	363
HelroT105374	TGA	958
HelroT154853	TAG	231
HelroT108605	TAG	374
HelroT100479	TGA	1178
HelroT193172	TAA	842
HelroT116255	TGA	634
HelroT194746	TGA	917
HelroT191999	TGA	651
HelroT193289	TGA	639
HelroT193280	TGA	475
HelroT193281	TGA	199
HelroT193283	TAA	368
HelroT193284	TAA	92
HelroT103925	TGA	942
HelroT103921	TGA	86
HelroT190483	TGA	625
HelroT190480	TGA	615
HelroT190486	TAA	744
HelroT190484	TAA	630
HelroT185279	TAA	3890
HelroT112966	TAA	603
HelroT185274	TAA	848
HelroT185272	TAA	236
HelroT185273	TGA	226
HelroT185270	TGA	690
HelroT185271	TAA	480
HelroT191468	TGA	176
HelroT191466	TAA	465
HelroT193902	TAA	477
HelroT193900	TAA	594
HelroT193907	TAA	102
HelroT113615	TAA	272
HelroT94807	TAG	1114
HelroT155421	TGA	353
HelroT193018	TAA	1038
HelroT189225	TAA	176
HelroT189224	TGA	522
HelroT189226	TAG	143
HelroT189229	TGA	935
HelroT189228	TGA	227
HelroT188573	TGA	586
HelroT188570	TAA	914
HelroT188571	TAA	170
HelroT188577	TGA	149
HelroT189487	TGA	192
HelroT188689	TAA	760
HelroT188680	TAA	188
HelroT188686	TAA	149
HelroT95422	TAA	363
HelroT95426	TGA	963
HelroT95427	TGA	712
HelroT116093	TAG	713
HelroT192500	TGA	370
HelroT192507	TAA	536
HelroT100903	TAG	608
HelroT117052	TAG	883
HelroT96242	TAA	1235
HelroT194833	TAA	351
HelroT194830	TAA	197
HelroT93398	TGA	252
HelroT185072	TAG	536
HelroT185073	TAA	812
HelroT185075	TAA	184
HelroT185077	TGA	163
HelroT108821	TGA	146
HelroT110726	TGA	218
HelroT103762	TGA	197
HelroT110729	TAA	259
HelroT194166	TAA	237
HelroT194167	TAA	156
HelroT185922	TAG	453
HelroT185921	TAA	353
HelroT191072	TAA	388
HelroT111184	TGA	140
HelroT111186	TAG	1382
HelroT111180	TGA	48
HelroT101195	TAA	520
HelroT155224	TAG	672
HelroT108015	TGA	727
HelroT107695	TAA	394
HelroT193322	TGA	385
HelroT193326	TGA	210
HelroT193324	TGA	539
HelroT114815	TAA	544
HelroT114357	TAA	113
HelroT189138	TGA	484
HelroT195063	TAA	392
HelroT101065	TGA	709
HelroT187766	TAA	377
HelroT194205	TGA	225
HelroT188726	TGA	250
HelroT194207	TAG	401
HelroT194206	TAA	156
HelroT194208	TGA	1328
HelroT188729	TAG	66
HelroT106870	TGA	1071
HelroT195154	TGA	304
HelroT186141	TAG	916
HelroT186140	TAA	287
HelroT186143	TGA	261
HelroT186145	TAA	675
HelroT186146	TGA	553
HelroT186326	TGA	636
HelroT100002	TGA	1032
HelroT116537	TGA	1071
HelroT192311	TAA	479
HelroT192313	TAA	1168
HelroT192312	TAA	142
HelroT191655	TAA	365
HelroT191654	TAG	325
HelroT191658	TGA	504
HelroT190268	TAA	85
HelroT190263	TAA	746
HelroT190261	TAG	763
HelroT190260	TAG	286
HelroT190267	TGA	758
HelroT190889	TAA	1493
HelroT190886	TGA	248
HelroT190882	TAA	538
HelroT191135	TAA	1582
HelroT191137	TGA	413
HelroT191131	TGA	648
HelroT104068	TAA	413
HelroT154346	TAA	180
HelroT100762	TAA	194
HelroT107080	TGA	230
HelroT154960	TGA	3
HelroT104681	TAA	1302
HelroT154963	TAA	590
HelroT108199	TAA	188
HelroT108224	TAA	77
HelroT106357	TGA	1831
HelroT193513	TGA	214
HelroT99551	TGA	2929
HelroT188254	TAA	705
HelroT189396	TGA	410
HelroT189399	TAA	379
HelroT105484	TGA	488
HelroT189644	TGA	102
HelroT96972	TAA	17
HelroT188119	TGA	385
HelroT188114	TGA	199
HelroT188112	TAG	465
HelroT194432	TAA	218
HelroT186840	TAA	347
HelroT194439	TGA	1294
HelroT101569	TGA	261
HelroT107242	TAA	176
HelroT100213	TGA	397
HelroT186261	TAG	286
HelroT186263	TGA	435
HelroT98250	TAA	138
HelroT98251	TAA	404
HelroT97204	TGA	347
HelroT185768	TAA	476
HelroT106117	TAA	919
HelroT185760	TAA	207
HelroT185761	TGA	50
HelroT185762	TAG	973
HelroT185763	TAA	527
HelroT185764	TAG	1267
HelroT192296	TGA	315
HelroT192292	TGA	385
HelroT191756	TAA	411
HelroT191757	TAG	869
HelroT191751	TAA	333
HelroT191752	TAA	13
HelroT191759	TGA	152
HelroT192122	TGA	233
HelroT192123	TAG	115
HelroT192125	TAG	522
HelroT185184	TGA	668
HelroT185187	TGA	480
HelroT185182	TGA	398
HelroT193456	TAA	149
HelroT193450	TGA	1348
HelroT193453	TGA	395
HelroT193988	TGA	326
HelroT193983	TGA	158
HelroT193980	TGA	666
HelroT193987	TAA	809
HelroT193985	TGA	555
HelroT193984	TAA	14
HelroT113696	TGA	874
HelroT113693	TAA	1395
HelroT113698	TGA	188
HelroT187854	TGA	283
HelroT187858	TAA	119
HelroT104183	TAA	536
HelroT106966	TGA	549
HelroT104231	TAA	63
HelroT109431	TAA	200
HelroT107767	TGA	235
HelroT99321	TAA	395
HelroT188933	TAA	135
HelroT94372	TGA	480
HelroT189983	TAG	390
HelroT189986	TGA	311
HelroT189989	TGA	549
HelroT96420	TGA	1021
HelroT192060	TAA	283
HelroT95818	TAA	227
HelroT99817	TAA	240
HelroT112074	TGA	1133
HelroT105143	TGA	480
HelroT108721	TGA	43
HelroT108727	TAA	1196
HelroT100536	TAA	564
HelroT192702	TAA	160
HelroT192700	TAA	1136
HelroT108094	TAA	262
HelroT108097	TGA	104
HelroT186652	TGA	339
HelroT186656	TGA	370
HelroT107164	TAA	973
HelroT107165	TAG	218
HelroT107160	TGA	269
HelroT185683	TGA	103
HelroT185682	TAA	317
HelroT185681	TGA	238
HelroT185687	TGA	645
HelroT185685	TGA	741
HelroT185689	TAA	214
