CPIJ009706-RA	TGA	71
CPIJ009705-RA	TAA	310
CPIJ010787-RA	TGA	31
CPIJ007568-RA	TAA	199
CPIJ018531-RA	TAG	257
CPIJ003287-RA	TAA	51
CPIJ014416-RA	TGA	76
CPIJ007565-RA	TAG	599
CPIJ017218-RA	TAG	231
CPIJ017217-RA	TAA	257
CPIJ017217-RB	TAA	262
CPIJ002738-RA	TAA	60
CPIJ002739-RA	TAA	55
CPIJ002737-RA	TGA	24
CPIJ003429-RA	TGA	546
CPIJ002083-RA	TAG	463
CPIJ002084-RA	TGA	137
CPIJ002088-RA	TAA	338
CPIJ002089-RA	TAA	72
CPIJ005830-RA	TAA	112
CPIJ005830-RB	TAA	112
CPIJ012430-RA	TAA	41
CPIJ008259-RA	TGA	191
CPIJ003936-RA	TAA	85
CPIJ010817-RA	TGA	83
CPIJ003931-RA	TAA	80
CPIJ013119-RA	TAG	288
CPIJ013113-RA	TAA	20
CPIJ013115-RA	TAA	371
CPIJ010147-RA	TAG	186
CPIJ018338-RA	TGA	77
CPIJ001060-RA	TGA	91
CPIJ001066-RA	TAG	177
CPIJ010490-RA	TGA	22
CPIJ010363-RA	TAA	156
CPIJ017562-RA	TAG	42
CPIJ001395-RA	TAA	178
CPIJ001390-RA	TAG	239
CPIJ001393-RA	TAA	145
CPIJ000629-RA	TGA	44
CPIJ000627-RA	TAA	51
CPIJ000623-RA	TAA	72
CPIJ017912-RA	TAG	120
CPIJ007398-RA	TGA	230
CPIJ001939-RA	TAG	211
CPIJ011366-RA	TAG	50
CPIJ001930-RA	TAA	105
CPIJ009061-RA	TAG	66
CPIJ003634-RA	TAG	40
CPIJ003636-RA	TAG	135
CPIJ003639-RA	TGA	141
CPIJ014125-RA	TAA	147
CPIJ019692-RA	TGA	64
CPIJ017810-RA	TAA	294
CPIJ018033-RA	TAG	119
CPIJ010439-RA	TAG	176
CPIJ013504-RA	TAA	121
CPIJ015171-RA	TGA	72
CPIJ018498-RA	TAG	7
CPIJ018492-RA	TAA	13
CPIJ012189-RA	TGA	43
CPIJ012187-RA	TGA	42
CPIJ012182-RA	TGA	44
CPIJ006113-RA	TGA	348
CPIJ013329-RA	TAA	31
CPIJ002885-RA	TAA	133
CPIJ018251-RA	TAA	297
CPIJ015086-RA	TGA	493
CPIJ018256-RA	TGA	245
CPIJ002271-RA	TAA	250
CPIJ012506-RA	TAG	197
CPIJ016874-RA	TGA	86
CPIJ013583-RA	TAG	213
CPIJ013588-RA	TAA	30
CPIJ005134-RA	TGA	115
CPIJ005137-RA	TAA	187
CPIJ005132-RA	TAA	50
CPIJ004840-RA	TGA	820
CPIJ007960-RA	TGA	153
CPIJ007966-RA	TAA	79
CPIJ007967-RA	TAG	361
CPIJ001239-RA	TAG	75
CPIJ020292-RA	TAA	52
CPIJ011254-RA	TAG	317
CPIJ016638-RA	TAA	246
CPIJ015088-RA	TAG	43
CPIJ018160-RA	TAG	336
CPIJ007768-RA	TGA	68
CPIJ007769-RA	TAG	120
CPIJ007760-RA	TAA	168
CPIJ009726-RA	TAA	44
CPIJ009721-RA	TAA	683
CPIJ009112-RA	TGA	34
CPIJ007183-RA	TGA	254
CPIJ007180-RA	TAA	241
CPIJ005721-RA	TGA	39
CPIJ005723-RA	TAA	266
CPIJ005727-RA	TGA	73
CPIJ007980-RA	TAA	721
CPIJ003406-RA	TAG	177
CPIJ003405-RA	TAG	480
CPIJ019205-RA	TGA	182
CPIJ015055-RA	TAG	104
CPIJ005584-RA	TAA	319
CPIJ005853-RA	TAG	40
CPIJ005588-RA	TAG	132
CPIJ005859-RA	TAA	83
CPIJ001456-RA	TGA	71
CPIJ004456-RA	TAA	186
CPIJ012844-RA	TGA	70
CPIJ016188-RA	TGA	473
CPIJ004675-RA	TAA	244
CPIJ004676-RA	TAA	121
CPIJ008831-RA	TAA	439
CPIJ015603-RA	TGA	74
CPIJ019628-RA	TGA	89
CPIJ014022-RA	TAA	85
CPIJ011691-RA	TAA	100
CPIJ011690-RA	TGA	57
CPIJ011693-RA	TAA	86
CPIJ011692-RA	TAA	103
CPIJ000356-RA	TAG	98
CPIJ007377-RA	TAA	52
CPIJ007376-RA	TAA	662
CPIJ007379-RA	TAA	244
CPIJ001916-RA	TGA	43
CPIJ019874-RA	TAA	601
CPIJ009003-RA	TGA	105
CPIJ009002-RA	TGA	92
CPIJ009009-RA	TAA	59
CPIJ007515-RA	TAG	110
CPIJ007514-RA	TAA	513
CPIJ011955-RA	TGA	118
CPIJ017506-RA	TAA	274
CPIJ006245-RA	TAA	61
CPIJ008608-RA	TGA	37
CPIJ003878-RA	TAA	63
CPIJ003879-RA	TAG	183
CPIJ003654-RA	TAG	139
CPIJ003655-RA	TAA	83
CPIJ006139-RA	TAA	305
CPIJ006132-RA	TAG	359
CPIJ006133-RA	TAA	188
CPIJ010518-RA	TAG	127
CPIJ017394-RA	TAG	27
CPIJ012385-RA	TAA	89
CPIJ000587-RA	TGA	210
CPIJ002299-RA	TAA	360
CPIJ002298-RA	TAA	276
CPIJ018721-RA	TGA	139
CPIJ013878-RA	TAG	162
CPIJ013871-RA	TGA	41
CPIJ013870-RA	TAA	54
CPIJ005118-RA	TGA	32
CPIJ005441-RA	TAA	105
CPIJ014618-RA	TGA	84
CPIJ004864-RA	TAG	375
CPIJ004865-RA	TAA	178
CPIJ013381-RA	TAG	205
CPIJ015054-RA	TAG	883
CPIJ012259-RA	TAA	383
CPIJ009411-RA	TAA	215
CPIJ009417-RA	TGA	310
CPIJ013389-RA	TGA	21
CPIJ012251-RA	TAG	73
CPIJ000455-RA	TGA	61
CPIJ009931-RA	TAA	127
CPIJ006067-RA	TAA	156
CPIJ004246-RA	TAG	165
CPIJ004240-RA	TAA	433
CPIJ006060-RA	TAG	41
CPIJ018105-RA	TAA	117
CPIJ006049-RA	TAA	229
CPIJ001218-RA	TAA	161
CPIJ001748-RA	TAA	387
CPIJ001746-RA	TAA	62
CPIJ001740-RA	TAA	305
CPIJ001741-RA	TAG	207
CPIJ000160-RA	TAA	242
CPIJ000162-RA	TAA	140
CPIJ001710-RA	TGA	27
CPIJ012380-RA	TAA	41
CPIJ008291-RA	TGA	33
CPIJ002844-RA	TGA	262
CPIJ002841-RA	TAA	260
CPIJ002843-RA	TAA	84
CPIJ006040-RA	TAA	349
CPIJ002849-RA	TAA	455
CPIJ009818-RA	TAA	11
CPIJ009819-RA	TGA	56
CPIJ009813-RA	TGA	55
CPIJ003468-RA	TAG	191
CPIJ012287-RA	TAA	101
CPIJ002598-RA	TAA	166
CPIJ006044-RA	TGA	73
CPIJ004473-RA	TAA	33
CPIJ004476-RA	TGA	334
CPIJ002339-RA	TAA	125
CPIJ002330-RA	TAA	37
CPIJ006046-RA	TAA	249
CPIJ005878-RA	TAA	142
CPIJ005875-RA	TAG	174
CPIJ004659-RA	TAA	50
CPIJ018377-RA	TAA	380
CPIJ004652-RA	TGA	125
CPIJ009248-RA	TGA	115
CPIJ009247-RA	TAA	57
CPIJ009246-RA	TAA	184
CPIJ000375-RA	TAA	96
CPIJ000376-RA	TGA	189
CPIJ000372-RA	TGA	160
CPIJ000373-RA	TAG	32
CPIJ017825-RA	TAA	23
CPIJ007683-RA	TGA	127
CPIJ001974-RA	TGA	79
CPIJ001978-RA	TAG	222
CPIJ000837-RA	TAA	158
CPIJ000089-RA	TGA	79
CPIJ000083-RA	TAA	374
CPIJ018307-RA	TAG	83
CPIJ008199-RA	TAA	477
CPIJ007359-RA	TAA	230
CPIJ003850-RB	TGA	297
CPIJ005987-RA	TAA	321
CPIJ009285-RA	TAG	75
CPIJ000830-RA	TGA	262
CPIJ005682-RA	TAA	318
CPIJ005681-RA	TAA	291
CPIJ017044-RA	TAG	53
CPIJ017043-RA	TGA	61
CPIJ011496-RA	TGA	157
CPIJ012676-RA	TAA	115
CPIJ012677-RA	TGA	245
CPIJ012670-RA	TGA	67
CPIJ005463-RA	TGA	140
CPIJ012492-RA	TGA	120
CPIJ012490-RA	TAA	141
CPIJ013725-RA	TGA	131
CPIJ020122-RA	TAA	258
CPIJ012947-RA	TAG	92
CPIJ015123-RA	TAA	82
CPIJ014566-RA	TGA	367
CPIJ014098-RA	TGA	50
CPIJ004222-RA	TAG	64
CPIJ004223-RA	TAA	81
CPIJ015941-RA	TGA	73
CPIJ008006-RA	TAA	57
CPIJ015942-RA	TAA	47
CPIJ012373-RA	TGA	316
CPIJ008005-RA	TGA	360
CPIJ008002-RA	TAA	93
CPIJ008003-RA	TAA	142
CPIJ014894-RA	TAA	75
CPIJ010730-RA	TAA	124
CPIJ040897-RA	TGA	80
CPIJ010738-RA	TGA	199
CPIJ001760-RA	TAA	1364
CPIJ001764-RA	TAA	221
CPIJ002352-RA	TAA	558
CPIJ000147-RA	TAA	220
CPIJ000146-RA	TAG	175
CPIJ000416-RA	TAA	168
CPIJ010286-RA	TAG	60
CPIJ019227-RA	TGA	127
CPIJ017545-RA	TGA	280
CPIJ003999-RA	TAA	376
CPIJ015761-RA	TGA	100
CPIJ015763-RA	TAG	193
CPIJ015762-RA	TGA	46
CPIJ019221-RA	TAG	119
CPIJ019653-RA	TGA	474
CPIJ013649-RA	TAA	242
CPIJ016495-RA	TAA	47
CPIJ010957-RA	TAA	52
CPIJ017724-RA	TGA	121
CPIJ003199-RA	TAG	170
CPIJ019010-RA	TGA	31
CPIJ006818-RA	TGA	53
CPIJ002825-RA	TGA	428
CPIJ009761-RA	TGA	106
CPIJ003441-RA	TGA	186
CPIJ015046-RA	TAG	134
CPIJ019244-RA	TAG	43
CPIJ018749-RA	TAA	74
CPIJ010340-RA	TAG	155
CPIJ018422-RA	TAG	452
CPIJ017960-RA	TGA	34
CPIJ004417-RA	TAA	241
CPIJ012807-RA	TGA	117
CPIJ002317-RA	TAG	114
CPIJ005891-RA	TGA	46
CPIJ018352-RA	TAA	184
CPIJ015119-RA	TAG	61
CPIJ005325-RA	TGA	105
CPIJ005327-RA	TAG	67
CPIJ005322-RA	TGA	93
CPIJ010120-RA	TGA	120
CPIJ010121-RA	TAG	499
CPIJ010123-RA	TGA	122
CPIJ014156-RA	TAA	72
CPIJ012848-RA	TAA	49
CPIJ011881-RA	TGA	637
CPIJ000319-RA	TAG	168
CPIJ001408-RA	TGA	89
CPIJ001400-RA	TAG	536
CPIJ012718-RA	TAG	133
CPIJ009599-RA	TGA	122
CPIJ014006-RA	TAA	371
CPIJ013577-RA	TAA	261
CPIJ015161-RA	TAA	163
CPIJ007338-RA	TAA	125
CPIJ007330-RA	TAG	228
CPIJ010421-RA	TAA	108
CPIJ018232-RA	TAG	38
CPIJ016965-RA	TGA	264
CPIJ018432-RA	TGA	159
CPIJ003836-RA	TAG	176
CPIJ003832-RA	TGA	65
CPIJ002897-RA	TAA	164
CPIJ011918-RA	TGA	46
CPIJ019284-RA	TGA	224
CPIJ005663-RA	TGA	39
CPIJ017062-RA	TAG	34
CPIJ013295-RA	TGA	268
CPIJ009345-RA	TAA	31
CPIJ012681-RA	TGA	461
CPIJ013741-RA	TAG	46
CPIJ011912-RA	TAG	81
CPIJ007035-RA	TAA	41
CPIJ007785-RA	TGA	240
CPIJ007970-RA	TAA	138
CPIJ013795-RA	TAA	140
CPIJ005981-RA	TAA	1
CPIJ004758-RA	TGA	1
CPIJ004203-RA	TAG	84
CPIJ008958-RA	TGA	98
CPIJ005982-RA	TAA	208
CPIJ008952-RA	TAA	585
CPIJ019945-RA	TGA	231
CPIJ008231-RA	TAA	946
CPIJ000125-RA	TAA	2139
CPIJ000123-RA	TAG	117
CPIJ000129-RA	TAA	96
CPIJ018235-RA	TAG	175
CPIJ015295-RA	TAA	333
CPIJ015291-RA	TAG	172
CPIJ006920-RA	TAG	136
CPIJ016928-RA	TAG	122
CPIJ016926-RA	TAA	570
CPIJ016921-RA	TAA	33
CPIJ015038-RA	TAA	122
CPIJ015104-RA	TGA	13
CPIJ019677-RA	TGA	38
CPIJ009164-RA	TAG	117
CPIJ009366-RA	TGA	535
CPIJ000438-RA	TAG	59
CPIJ000437-RA	TAA	52
CPIJ000436-RA	TAA	66
CPIJ007471-RA	TAA	676
CPIJ007477-RA	TAG	116
CPIJ002801-RA	TAA	95
CPIJ002805-RA	TGA	405
CPIJ007255-RA	TAA	507
CPIJ016212-RA	TAG	100
CPIJ009028-RA	TGA	604
CPIJ019414-RA	TGA	58
CPIJ006578-RA	TAA	97
CPIJ012355-RA	TAG	90
CPIJ002376-RA	TGA	171
CPIJ013196-RA	TGA	96
CPIJ011501-RA	TGA	161
CPIJ009024-RA	TAA	49
CPIJ016121-RA	TAA	71
CPIJ013917-RA	TGA	75
CPIJ010692-RA	TAA	120
CPIJ010693-RA	TAA	59
CPIJ005344-RA	TGA	608
CPIJ004692-RA	TAA	159
CPIJ004694-RA	TAG	75
CPIJ019593-RA	TGA	175
CPIJ000336-RA	TGA	81
CPIJ000337-RA	TAA	177
CPIJ018061-RA	TAA	94
CPIJ001423-RA	TAG	217
CPIJ018062-RA	TGA	237
CPIJ016308-RA	TAG	308
CPIJ000841-RA	TAA	93
CPIJ000598-RA	TGA	41
CPIJ000595-RA	TAG	285
CPIJ000848-RA	TAG	197
CPIJ000593-RA	TGA	144
CPIJ011462-RA	TAG	58
CPIJ007648-RA	TGA	72
CPIJ007319-RA	TAA	423
CPIJ006008-RA	TAA	236
CPIJ003819-RA	TAG	159
CPIJ003814-RA	TGA	63
CPIJ017882-RA	TAG	63
CPIJ017883-RA	TGA	105
CPIJ013450-RA	TAG	713
CPIJ010528-RA	TAA	240
CPIJ014102-RA	TAG	68
CPIJ005648-RA	TAA	190
CPIJ005643-RA	TAG	97
CPIJ005640-RA	TGA	202
CPIJ005645-RA	TAA	90
CPIJ005644-RA	TGA	109
CPIJ017083-RA	TAA	280
CPIJ017084-RA	TAA	281
CPIJ003761-RA	TAG	229
CPIJ007860-RA	TGA	30
CPIJ007869-RA	TGA	57
CPIJ002148-RA	TAA	104
CPIJ002142-RA	TAA	47
CPIJ005426-RA	TAA	145
CPIJ008136-RA	TAA	107
CPIJ016195-RA	TAA	63
CPIJ004660-RA	TAA	48
CPIJ004595-RA	TAA	441
CPIJ004596-RA	TAG	310
CPIJ006733-RA	TAA	261
CPIJ009402-RA	TGA	119
CPIJ013503-RA	TGA	60
CPIJ009404-RA	TAG	170
CPIJ015857-RA	TAA	53
CPIJ010085-RA	TGA	46
CPIJ015854-RA	TGA	386
CPIJ004778-RA	TAA	250
CPIJ004776-RA	TAA	200
CPIJ011929-RA	TAA	189
CPIJ008935-RA	TGA	58
CPIJ008327-RA	TAA	11
CPIJ013769-RA	TAA	78
CPIJ013767-RA	TAA	60
CPIJ009900-RA	TGA	57
CPIJ013765-RA	TAA	109
CPIJ013764-RA	TAA	58
CPIJ013763-RA	TAA	58
CPIJ013762-RA	TAA	62
CPIJ014234-RA	TAA	81
CPIJ010269-RA	TGA	360
CPIJ007113-RA	TAG	446
CPIJ014537-RA	TAG	128
CPIJ013966-RA	TAA	168
CPIJ009625-RA	TGA	45
CPIJ009627-RA	TAG	107
CPIJ012395-RA	TAA	41
CPIJ016906-RA	TGA	60
CPIJ017507-RA	TGA	1090
CPIJ017508-RA	TGA	67
CPIJ001852-RA	TGA	201
CPIJ016563-RA	TAG	94
CPIJ019611-RA	TAA	511
CPIJ002955-RA	TGA	127
CPIJ000104-RA	TGA	44
CPIJ003150-RA	TAA	50
CPIJ003155-RA	TGA	45
CPIJ003157-RA	TAG	426
CPIJ007452-RA	TGA	20
CPIJ007453-RA	TAG	67
CPIJ008685-RA	TGA	197
CPIJ008688-RA	TAA	146
CPIJ015579-RA	TAA	10
CPIJ008241-RA	TAA	457
CPIJ012593-RA	TGA	49
CPIJ008242-RA	TAG	109
CPIJ003489-RA	TAA	46
CPIJ003488-RA	TAA	57
CPIJ003482-RA	TAA	67
CPIJ003487-RA	TAA	54
CPIJ003486-RA	TAA	47
CPIJ002358-RA	TAA	247
CPIJ012377-RA	TAA	79
CPIJ012374-RA	TAG	144
CPIJ002350-RA	TGA	245
CPIJ002354-RA	TAA	119
CPIJ002427-RA	TAG	39
CPIJ015124-RA	TAA	86
CPIJ013974-RA	TAA	366
CPIJ004903-RA	TAA	56
CPIJ004906-RA	TAA	336
CPIJ005368-RA	TAA	178
CPIJ001621-RA	TGA	37
CPIJ001620-RA	TGA	45
CPIJ001195-RA	TAA	24
CPIJ001628-RA	TGA	648
CPIJ016731-RA	TAA	100
CPIJ015506-RA	TAA	41
CPIJ010699-RA	TAG	107
CPIJ010697-RA	TAG	170
CPIJ009083-RA	TAA	156
CPIJ004019-RA	TGA	323
CPIJ015566-RA	TAA	296
CPIJ004010-RA	TAA	519
CPIJ004017-RA	TAA	224
CPIJ016049-RA	TGA	151
CPIJ016041-RA	TGA	101
CPIJ000864-RA	TAA	82
CPIJ011923-RA	TGA	80
CPIJ001999-RA	TAA	120
CPIJ011924-RA	TAA	124
CPIJ001993-RA	TGA	93
CPIJ008682-RA	TAG	32
CPIJ008687-RA	TAA	362
CPIJ005524-RA	TGA	168
CPIJ005996-RA	TAG	187
CPIJ005525-RA	TAG	126
CPIJ011176-RA	TGA	133
CPIJ011179-RA	TGA	139
CPIJ017319-RA	TGA	131
CPIJ006534-RA	TAA	57
CPIJ009279-RA	TAA	119
CPIJ006884-RA	TGA	54
CPIJ005999-RA	TAA	125
CPIJ005998-RA	TAA	94
CPIJ003748-RA	TGA	75
CPIJ003742-RA	TGA	424
CPIJ003743-RA	TAG	461
CPIJ006538-RA	TAA	35
CPIJ012164-RA	TGA	55
CPIJ002163-RA	TGA	86
CPIJ018343-RA	TAA	2572
CPIJ005191-RA	TGA	73
CPIJ014226-RA	TAA	52
CPIJ019398-RA	TAA	613
CPIJ007899-RA	TAA	113
CPIJ012085-RA	TAG	231
CPIJ012167-RA	TGA	184
CPIJ004571-RA	TAA	167
CPIJ004577-RA	TAG	173
CPIJ012785-RA	TGA	211
CPIJ006716-RA	TAG	56
CPIJ013566-RA	TGA	299
CPIJ014038-RA	TAA	21
CPIJ014781-RA	TAA	123
CPIJ004712-RA	TAG	28
CPIJ004710-RA	TGA	176
CPIJ004711-RA	TAA	283
CPIJ004719-RA	TAA	141
CPIJ015922-RA	TAA	106
CPIJ008464-RA	TGA	57
CPIJ015929-RA	TAG	44
CPIJ013783-RA	TAA	120
CPIJ013782-RA	TAA	139
CPIJ013787-RA	TAA	78
CPIJ008014-RA	TGA	330
CPIJ009823-RA	TGA	99
CPIJ008016-RA	TAA	304
CPIJ039840-RA	TAA	122
CPIJ039841-RA	TGA	114
CPIJ012301-RA	TAA	78
CPIJ002431-RA	TAA	49
CPIJ015253-RA	TAG	39
CPIJ015252-RA	TGA	76
CPIJ015259-RA	TAA	536
CPIJ019582-RA	TAA	136
CPIJ020093-RA	TAG	391
CPIJ020092-RA	TAG	222
CPIJ019087-RA	TAG	149
CPIJ008635-RA	TGA	121
CPIJ010328-RA	TAG	36
CPIJ011552-RA	TAG	146
CPIJ008637-RA	TGA	242
CPIJ015075-RA	TAA	371
CPIJ001874-RA	TGA	78
CPIJ001876-RA	TAG	71
CPIJ001871-RA	TAA	242
CPIJ000470-RA	TAA	104
CPIJ009438-RA	TAA	34
CPIJ006794-RA	TGA	170
CPIJ009163-RA	TGA	118
CPIJ016783-RA	TAA	121
CPIJ016781-RA	TAA	152
CPIJ014267-RA	TAA	196
CPIJ016789-RA	TAA	346
CPIJ016252-RA	TAG	48
CPIJ016254-RA	TAG	391
CPIJ006797-RA	TAA	251
CPIJ017789-RA	TAA	54
CPIJ003170-RA	TAG	517
CPIJ003176-RA	TGA	154
CPIJ003175-RA	TAA	60
CPIJ006526-RA	TAG	90
CPIJ018167-RA	TAG	80
CPIJ003359-RA	TAA	59
CPIJ003357-RA	TAA	59
CPIJ003350-RA	TAA	34
CPIJ012314-RA	TAA	51
CPIJ012313-RA	TAA	23
CPIJ009947-RA	TAA	116
CPIJ013324-RA	TGA	378
CPIJ018019-RA	TGA	103
CPIJ009333-RA	TAG	99
CPIJ017123-RA	TAA	615
CPIJ017124-RA	TAG	257
CPIJ011448-RA	TGA	195
CPIJ015552-RA	TAA	124
CPIJ009984-RA	TAA	134
CPIJ004969-RA	TAA	59
CPIJ014662-RA	TAA	156
CPIJ004961-RA	TAG	226
CPIJ013049-RA	TGA	441
CPIJ013043-RA	TAG	46
CPIJ005380-RA	TAA	380
CPIJ019444-RA	TGA	53
CPIJ011727-RA	TAA	329
CPIJ004381-RB	TGA	14
CPIJ017620-RA	TAA	312
CPIJ008264-RA	TAG	96
CPIJ011633-RA	TAA	36
CPIJ001605-RA	TAG	562
CPIJ007603-RA	TAA	54
CPIJ007602-RA	TGA	272
CPIJ011944-RA	TAA	307
CPIJ011947-RA	TAA	30
CPIJ000735-RA	TAA	273
CPIJ000736-RA	TGA	19
CPIJ000731-RA	TAA	582
CPIJ000732-RA	TAG	256
CPIJ000733-RA	TAA	121
CPIJ018452-RA	TAA	12
CPIJ018454-RA	TGA	103
CPIJ014036-RA	TAA	161
CPIJ010410-RA	TAG	507
CPIJ014784-RA	TAA	106
CPIJ002861-RA	TGA	166
CPIJ014898-RA	TGA	84
CPIJ014786-RA	TAA	291
CPIJ008261-RA	TGA	27
CPIJ018959-RA	TAA	249
CPIJ010493-RA	TGA	483
CPIJ006959-RA	TAG	77
CPIJ005609-RA	TAA	77
CPIJ009351-RA	TAG	155
CPIJ012143-RA	TAA	1290
CPIJ012144-RA	TAA	31
CPIJ012145-RA	TAA	38
CPIJ019329-RA	TAG	84
CPIJ008915-RA	TAA	346
CPIJ008917-RA	TAA	29
CPIJ000225-RA	TAA	76
CPIJ009359-RA	TAA	113
CPIJ018481-RA	TAA	241
CPIJ007025-RA	TAA	83
CPIJ004559-RA	TAG	314
CPIJ007024-RA	TAG	68
CPIJ006770-RA	TAG	554
CPIJ007026-RA	TGA	56
CPIJ009571-RA	TAA	685
CPIJ013234-RA	TAA	93
CPIJ013237-RA	TAG	82
CPIJ011275-RA	TAG	48
CPIJ004730-RA	TAG	160
CPIJ004734-RA	TGA	38
CPIJ018486-RA	TGA	78
CPIJ017606-RA	TAG	2
CPIJ014254-RA	TAA	83
CPIJ039861-RA	TAA	148
CPIJ039868-RA	TAA	30
CPIJ018187-RA	TAG	567
CPIJ011799-RA	TAG	49
CPIJ011793-RA	TAG	83
CPIJ010840-RA	TAG	52
CPIJ010224-RA	TGA	58
CPIJ010223-RA	TGA	58
CPIJ011578-RA	TGA	60
CPIJ011570-RA	TAG	36
CPIJ011573-RA	TAA	217
CPIJ005855-RA	TAA	43
CPIJ039848-RA	TGA	9
CPIJ013223-RA	TAG	81
CPIJ009454-RA	TAA	102
CPIJ009452-RA	TGA	368
CPIJ009334-RA	TAG	262
CPIJ015791-RA	TGA	196
CPIJ015792-RA	TGA	26
CPIJ014901-RA	TAA	100
CPIJ009804-RA	TAG	41
CPIJ017747-RA	TAG	48
CPIJ016509-RA	TAA	371
CPIJ016504-RA	TAA	77
CPIJ018848-RA	TAG	539
CPIJ018843-RA	TAA	69
CPIJ002642-RA	TAA	146
CPIJ002647-RA	TAA	330
CPIJ002645-RA	TGA	156
CPIJ006544-RA	TAG	46
CPIJ006542-RA	TGA	90
CPIJ008493-RA	TAA	17
CPIJ008492-RA	TGA	42
CPIJ008497-RA	TAG	859
CPIJ008499-RA	TGA	64
CPIJ002390-RA	TAA	43
CPIJ017445-RA	TAA	20
CPIJ017746-RA	TAG	81
CPIJ017108-RA	TAA	85
CPIJ012556-RA	TGA	29
CPIJ005010-RA	TAA	199
CPIJ005014-RA	TAA	300
CPIJ015250-RA	TAG	366
CPIJ004943-RA	TGA	450
CPIJ004940-RA	TGA	21
CPIJ012336-RA	TAA	190
CPIJ012335-RA	TAA	197
CPIJ012332-RA	TGA	125
CPIJ008366-RA	TAA	249
CPIJ008888-RA	TAA	61
CPIJ018058-RA	TAG	17
CPIJ004984-RA	TGA	62
CPIJ005450-RA	TGA	58
CPIJ004054-RA	TAA	175
CPIJ004056-RA	TGA	1
CPIJ004059-RA	TAG	290
CPIJ001661-RA	TGA	199
CPIJ000531-RA	TAA	127
CPIJ000535-RA	TAA	198
CPIJ010486-RA	TAA	140
CPIJ007622-RA	TAA	66
CPIJ007621-RA	TGA	56
CPIJ001481-RA	TAA	12
CPIJ001487-RA	TAA	240
CPIJ017191-RA	TAG	48
CPIJ000754-RA	TGA	215
CPIJ000755-RA	TAG	605
CPIJ000752-RA	TGA	282
CPIJ000753-RA	TAA	3594
CPIJ000751-RA	TGA	95
CPIJ000759-RA	TAG	92
CPIJ008396-RA	TAA	436
CPIJ008395-RA	TAA	71
CPIJ008392-RA	TGA	48
CPIJ015428-RA	TAA	70
CPIJ017358-RA	TAA	170
CPIJ007083-RA	TGA	162
CPIJ007080-RA	TAA	93
CPIJ003258-RA	TAG	69
CPIJ003259-RA	TAA	410
CPIJ015079-RA	TAA	85
CPIJ014444-RA	TGA	14
CPIJ019630-RA	TAG	50
CPIJ011268-RA	TAA	139
CPIJ003940-RA	TAG	92
CPIJ006287-RA	TGA	310
CPIJ006281-RA	TAA	191
CPIJ018005-RA	TGA	5298
CPIJ006048-RA	TAG	145
CPIJ004539-RA	TAG	166
CPIJ004537-RA	TAG	111
CPIJ004534-RA	TGA	78
CPIJ004532-RA	TAG	37
CPIJ004533-RA	TAA	88
CPIJ009436-RA	TAA	161
CPIJ005485-RA	TAG	101
CPIJ004280-RA	TAG	149
CPIJ004287-RA	TAA	242
CPIJ004288-RA	TAA	252
CPIJ008201-RA	TGA	114
CPIJ002011-RA	TAG	90
CPIJ008202-RA	TAG	65
CPIJ018834-RA	TAG	14
CPIJ014436-RA	TAA	97
CPIJ010028-RA	TAG	140
CPIJ010023-RA	TAA	232
CPIJ011773-RA	TAA	73
CPIJ011770-RA	TGA	195
CPIJ011777-RA	TAG	107
CPIJ011775-RA	TGA	234
CPIJ018833-RA	TAA	59
CPIJ010973-RA	TAA	96
CPIJ010976-RA	TAG	47
CPIJ010978-RA	TGA	177
CPIJ018830-RA	TGA	117
CPIJ010799-RA	TGA	21
CPIJ001838-RA	TAA	77
CPIJ001830-RA	TAA	137
CPIJ001832-RA	TAA	101
CPIJ001833-RA	TAA	105
CPIJ001834-RA	TAA	106
CPIJ001835-RA	TAA	171
CPIJ001836-RA	TAA	105
CPIJ001837-RA	TAA	99
CPIJ014928-RA	TAA	224
CPIJ014924-RA	TGA	42
CPIJ014921-RA	TGA	138
CPIJ010574-RA	TAA	299
CPIJ018687-RA	TGA	112
CPIJ011856-RA	TAG	273
CPIJ016297-RA	TAG	106
CPIJ015477-RA	TAG	91
CPIJ015476-RA	TAG	135
CPIJ016298-RA	TGA	116
CPIJ007443-RA	TAA	108
CPIJ018795-RA	TGA	43
CPIJ018794-RA	TAG	77
CPIJ018793-RA	TAA	99
CPIJ003139-RA	TAA	63
CPIJ002668-RA	TAA	43
CPIJ002669-RA	TGA	14
CPIJ003399-RA	TAA	247
CPIJ016031-RA	TAA	221
CPIJ017169-RA	TGA	27
CPIJ012537-RA	TGA	94
CPIJ013666-RA	TGA	190
CPIJ013918-RA	TAG	125
CPIJ005033-RA	TAA	150
CPIJ005039-RA	TGA	247
CPIJ002913-RA	TAG	624
CPIJ002917-RA	TAG	31
CPIJ016520-RA	TGA	527
CPIJ016525-RA	TGA	59
CPIJ015535-RA	TAG	354
CPIJ006750-RA	TAA	58
CPIJ009694-RA	TGA	31
CPIJ004079-RA	TAA	219
CPIJ004076-RA	TGA	291
CPIJ004073-RA	TAA	398
CPIJ004070-RA	TAA	368
CPIJ001648-RA	TAA	15
CPIJ010589-RA	TGA	146
CPIJ008340-RA	TAA	156
CPIJ003890-RA	TAA	148
CPIJ003895-RA	TGA	217
CPIJ011182-RA	TAG	221
CPIJ005964-RA	TAG	31
CPIJ005535-RA	TAG	136
CPIJ013824-RA	TAA	115
CPIJ003098-RA	TAA	102
CPIJ003099-RA	TAA	138
CPIJ017373-RA	TGA	65
CPIJ015672-RA	TAA	279
CPIJ010887-RA	TGA	138
CPIJ006918-RA	TGA	95
CPIJ006917-RA	TAA	225
CPIJ006914-RA	TGA	286
CPIJ017096-RA	TGA	198
CPIJ000770-RA	TAA	51
CPIJ000773-RA	TAG	277
CPIJ000775-RA	TGA	2040
CPIJ019182-RA	TGA	155
CPIJ003274-RA	TAA	250
CPIJ008347-RA	TGA	501
CPIJ009480-RA	TGA	99
CPIJ014581-RA	TAA	149
CPIJ011274-RA	TAG	46
CPIJ008450-RA	TAA	117
CPIJ010701-RA	TAG	60
CPIJ005930-RA	TAA	26
CPIJ001096-RA	TAA	108
CPIJ004519-RA	TAA	134
CPIJ002052-RA	TGA	45
CPIJ009903-RA	TGA	257
CPIJ014857-RA	TAA	326
CPIJ019831-RA	TGA	157
CPIJ019830-RA	TAG	40
CPIJ008472-RA	TGA	139
CPIJ008221-RA	TAA	1469
CPIJ008471-RA	TGA	84
CPIJ010452-RA	TAA	57
CPIJ008470-RA	TAA	73
CPIJ013497-RA	TAA	528
CPIJ005200-RA	TGA	63
CPIJ010000-RA	TAA	27
CPIJ020036-RA	TAA	52
CPIJ010913-RA	TAG	77
CPIJ010918-RA	TAG	240
CPIJ009434-RA	TGA	74
CPIJ001365-RA	TGA	262
CPIJ001361-RA	TAG	141
CPIJ000184-RA	TAA	863
CPIJ000182-RA	TAA	194
CPIJ000189-RA	TAG	123
CPIJ016767-RA	TGA	79
CPIJ000981-RA	TAG	390
CPIJ014945-RA	TGA	348
CPIJ015099-RA	TAA	208
CPIJ011531-RA	TAG	225
CPIJ011537-RA	TAA	179
CPIJ011718-RA	TGA	50
CPIJ008590-RA	TAA	279
CPIJ017499-RA	TAA	244
CPIJ009392-RA	TAA	78
CPIJ015369-RA	TAG	229
CPIJ015368-RA	TAG	62
CPIJ008592-RA	TAG	311
CPIJ002609-RA	TAA	547
CPIJ002604-RA	TGA	61
CPIJ002605-RA	TAA	226
CPIJ002602-RA	TAA	88
CPIJ002603-RA	TGA	63
CPIJ013392-RA	TGA	504
CPIJ005059-RA	TGA	146
CPIJ003519-RA	TGA	646
CPIJ009927-RA	TAG	45
CPIJ003512-RA	TAA	115
CPIJ003516-RA	TAA	18
CPIJ002936-RA	TAG	165
CPIJ002930-RA	TAA	86
CPIJ007587-RA	TAG	151
CPIJ012790-RA	TGA	174
CPIJ015127-RA	TAA	142
CPIJ004899-RA	TAA	90
CPIJ004897-RA	TAG	99
CPIJ018950-RA	TGA	187
CPIJ010625-RA	TGA	532
CPIJ010610-RA	TGA	79
CPIJ014551-RA	TAG	78
CPIJ014556-RA	TGA	57
CPIJ004091-RA	TGA	62
CPIJ004098-RA	TAG	101
CPIJ001119-RA	TAA	53
CPIJ018567-RA	TAG	303
CPIJ013224-RA	TAA	96
CPIJ014981-RA	TAA	30
CPIJ006823-RA	TGA	275
CPIJ013832-RA	TAA	188
CPIJ002872-RA	TAG	63
CPIJ008571-RA	TGA	206
CPIJ000577-RA	TAA	18
CPIJ000574-RA	TAG	168
CPIJ000572-RA	TAA	269
CPIJ003074-RA	TAA	21
CPIJ003079-RA	TGA	117
CPIJ011255-RA	TAA	436
CPIJ011259-RA	TAA	256
CPIJ006932-RA	TAA	70
CPIJ006934-RA	TAA	215
CPIJ003877-RA	TAA	119
CPIJ000794-RA	TGA	127
CPIJ000795-RA	TAA	530
CPIJ007229-RA	TGA	190
CPIJ007228-RA	TAG	618
CPIJ019347-RA	TAG	498
CPIJ009364-RA	TGA	106
CPIJ000232-RA	TAA	510
CPIJ006241-RA	TAA	188
CPIJ006247-RA	TGA	226
CPIJ007990-RA	TGA	8
CPIJ005916-RA	TAG	222
CPIJ012704-RA	TGA	73
CPIJ012250-RA	TAA	444
CPIJ008097-RA	TGA	273
CPIJ012252-RA	TAA	94
CPIJ002036-RA	TGA	35
CPIJ006068-RA	TAA	300
CPIJ016419-RA	TGA	170
CPIJ013259-RA	TAA	308
CPIJ008099-RA	TAG	61
CPIJ007019-RA	TAA	108
CPIJ018004-RA	TAA	190
CPIJ012296-RA	TAA	383
CPIJ018003-RA	TAG	449
CPIJ005269-RA	TAA	126
CPIJ005268-RA	TGA	92
CPIJ014706-RA	TGA	58
CPIJ004794-RA	TAA	500
CPIJ001563-RA	TAA	177
CPIJ001560-RA	TAA	344
CPIJ018191-RA	TAG	186
CPIJ001568-RA	TGA	112
CPIJ019501-RA	TAG	125
CPIJ009357-RA	TGA	747
CPIJ018192-RA	TAG	542
CPIJ019075-RA	TAG	28
CPIJ011256-RA	TAA	92
CPIJ015586-RA	TAA	80
CPIJ011730-RA	TGA	95
CPIJ016709-RA	TAA	194
CPIJ000967-RA	TAA	191
CPIJ000966-RA	TAA	93
CPIJ018632-RA	TAG	65
CPIJ011082-RA	TAA	155
CPIJ011083-RA	TAA	156
CPIJ009567-RA	TAA	295
CPIJ014882-RA	TAA	308
CPIJ015686-RA	TAA	44
CPIJ012882-RA	TAG	43
CPIJ002628-RA	TAA	223
CPIJ005077-RA	TAA	283
CPIJ003533-RA	TAA	171
CPIJ003536-RA	TAG	33
CPIJ003534-RA	TGA	38
CPIJ003538-RA	TAA	170
CPIJ016821-RA	TAA	444
CPIJ019883-RA	TGA	43
CPIJ012399-RA	TAA	41
CPIJ012396-RA	TAA	89
CPIJ012391-RA	TAA	20
CPIJ012390-RA	TAA	41
CPIJ012392-RA	TAA	89
CPIJ002484-RA	TAG	156
CPIJ002952-RA	TGA	219
CPIJ002953-RA	TAG	215
CPIJ015639-RA	TGA	53
CPIJ015263-RA	TAA	120
CPIJ006471-RA	TAA	347
CPIJ006470-RA	TAA	121
CPIJ006473-RA	TAA	158
CPIJ006472-RA	TAA	382
CPIJ013629-RA	TAA	131
CPIJ013623-RA	TGA	17
CPIJ004304-RA	TAA	69
CPIJ004307-RA	TGA	116
CPIJ012878-RA	TAA	103
CPIJ012879-RA	TAA	37
CPIJ013380-RA	TAG	74
CPIJ012840-RA	TGA	49
CPIJ010945-RA	TAG	103
CPIJ015049-RA	TAA	77
CPIJ001798-RA	TGA	183
CPIJ015114-RA	TGA	100
CPIJ017679-RA	TAA	197
CPIJ003058-RA	TAA	530
CPIJ008056-RA	TAG	216
CPIJ009684-RA	TAA	31
CPIJ014886-RA	TAG	151
CPIJ014435-RA	TAA	236
CPIJ013748-RA	TAA	1183
CPIJ010664-RA	TGA	35
CPIJ018366-RA	TGA	273
CPIJ017844-RA	TAG	393
CPIJ017845-RA	TGA	465
CPIJ017843-RA	TAA	133
CPIJ008515-RA	TAG	202
CPIJ003226-RA	TGA	24
CPIJ003224-RA	TAG	86
CPIJ011376-RA	TGA	162
CPIJ007274-RA	TGA	82
CPIJ003239-RA	TAA	154
CPIJ002012-RA	TGA	75
CPIJ017269-RA	TAA	213
CPIJ006053-RA	TAG	99
CPIJ009651-RA	TAA	163
CPIJ015157-RA	TAG	72
CPIJ012308-RA	TGA	294
CPIJ000835-RA	TAG	113
CPIJ005246-RA	TAA	164
CPIJ014763-RA	TAA	47
CPIJ014761-RA	TGA	127
CPIJ001546-RA	TAG	402
CPIJ001547-RA	TAA	504
CPIJ018457-RA	TAA	278
CPIJ009639-RA	TGA	63
CPIJ004116-RA	TGA	362
CPIJ011715-RA	TAA	188
CPIJ010357-RA	TGA	62
CPIJ000948-RA	TAA	431
CPIJ000944-RA	TGA	198
CPIJ000052-RA	TAG	90
CPIJ000056-RA	TGA	101
CPIJ013780-RA	TAG	72
CPIJ015443-RA	TGA	215
CPIJ018021-RA	TAA	164
CPIJ017451-RA	TGA	48
CPIJ007223-RA	TAA	60
CPIJ011234-RA	TGA	48
CPIJ004245-RA	TGA	181
CPIJ017185-RA	TAA	155
CPIJ013784-RA	TAA	118
CPIJ017674-RA	TAG	179
CPIJ012005-RA	TAA	484
CPIJ012006-RA	TAA	155
CPIJ009961-RA	TAA	138
CPIJ003551-RA	TAA	199
CPIJ003552-RA	TAG	460
CPIJ002979-RA	TAG	90
CPIJ002970-RA	TAG	208
CPIJ016740-RA	TGA	58
CPIJ006452-RA	TAG	46
CPIJ006457-RA	TAG	43
CPIJ006456-RA	TGA	352
CPIJ016535-RA	TGA	142
CPIJ016534-RA	TGA	934
CPIJ013350-RA	TAG	87
CPIJ013356-RA	TGA	23
CPIJ013355-RA	TGA	253
CPIJ012735-RA	TAA	21
CPIJ013720-RA	TAA	469
CPIJ010654-RA	TAG	97
CPIJ012919-RA	TAG	183
CPIJ012970-RA	TAA	205
CPIJ009377-RA	TAA	144
CPIJ000615-RA	TGA	62
CPIJ008555-RA	TGA	15
CPIJ000205-RA	TAA	130
CPIJ000202-RA	TGA	91
CPIJ011296-RA	TAA	102
CPIJ008675-RA	TGA	59
CPIJ001210-RA	TAG	90
CPIJ001211-RA	TAG	98
CPIJ001742-RA	TGA	68
CPIJ009155-RA	TAA	632
CPIJ008539-RA	TAA	117
CPIJ001216-RA	TAA	367
CPIJ007694-RA	TGA	308
CPIJ016448-RA	TAG	157
CPIJ007693-RA	TGA	226
CPIJ019321-RA	TAA	146
CPIJ002785-RA	TAA	71
CPIJ002784-RA	TAA	33
CPIJ019322-RA	TAG	145
CPIJ019325-RA	TAA	245
CPIJ019181-RA	TAG	68
CPIJ003787-RA	TAA	474
CPIJ003961-RA	TAA	50
CPIJ002566-RA	TAA	61
CPIJ018910-RA	TAA	227
CPIJ017247-RA	TAG	11
CPIJ007447-RA	TAA	55
CPIJ007446-RA	TAA	42
CPIJ007911-RA	TAA	85
CPIJ007910-RA	TAG	81
CPIJ007913-RA	TAG	78
CPIJ007914-RA	TAA	103
CPIJ007916-RA	TAG	105
CPIJ012219-RA	TGA	236
CPIJ007445-RA	TGA	55
CPIJ008265-RA	TAA	178
CPIJ013167-RA	TGA	202
CPIJ012460-RA	TGA	301
CPIJ018288-RA	TAG	113
CPIJ008104-RA	TAA	148
CPIJ004177-RA	TAG	439
CPIJ004172-RA	TAA	213
CPIJ008841-RA	TAG	35
CPIJ000699-RA	TAG	70
CPIJ000696-RA	TGA	452
CPIJ004258-RA	TAA	114
CPIJ011592-RA	TAA	25
CPIJ011590-RA	TAA	75
CPIJ012400-RA	TAA	51
CPIJ000077-RA	TAG	697
CPIJ000076-RA	TGA	87
CPIJ007646-RA	TAA	31
CPIJ017811-RA	TAG	338
CPIJ008294-RA	TAG	21
CPIJ014227-RA	TGA	201
CPIJ015718-RA	TGA	152
CPIJ017479-RA	TAA	100
CPIJ017471-RA	TGA	136
CPIJ012240-RA	TGA	56
CPIJ019103-RA	TAG	128
CPIJ007722-RA	TGA	72
CPIJ013149-RA	TAA	56
CPIJ008780-RA	TAA	72
CPIJ012023-RA	TAA	465
CPIJ009940-RA	TAA	93
CPIJ003579-RA	TAA	31
CPIJ003578-RA	TAA	26
CPIJ015966-RA	TAA	36
CPIJ007721-RA	TGA	126
CPIJ002993-RA	TAA	10
CPIJ019938-RA	TGA	127
CPIJ012682-RA	TAA	365
CPIJ002192-RA	TAA	27
CPIJ002196-RA	TAG	91
CPIJ006430-RA	TGA	143
CPIJ013378-RA	TGA	248
CPIJ013379-RA	TAA	471
CPIJ004343-RB	TAA	223
CPIJ004343-RA	TAA	223
CPIJ002224-RA	TAG	387
CPIJ013088-RA	TAG	33
CPIJ013084-RA	TGA	50
CPIJ013083-RA	TGA	33
CPIJ011708-RA	TGA	44
CPIJ018084-RA	TAA	415
CPIJ015139-RA	TAA	172
CPIJ017498-RA	TAA	215
CPIJ012328-RA	TAG	36
CPIJ005168-RA	TAG	112
CPIJ000680-RA	TAA	357
CPIJ014350-RA	TAA	295
CPIJ000682-RA	TAA	235
CPIJ012321-RA	TAA	52
CPIJ000687-RA	TAA	200
CPIJ007520-RA	TAG	544
CPIJ010670-RA	TAG	62
CPIJ010673-RA	TGA	32
CPIJ010674-RA	TGA	146
CPIJ010677-RA	TAG	102
CPIJ011103-RA	TAA	13
CPIJ016318-RA	TAG	101
CPIJ007204-RA	TAA	194
CPIJ020229-RA	TAA	93
CPIJ006836-RA	TGA	511
CPIJ016689-RA	TGA	72
CPIJ016687-RA	TAG	116
CPIJ007788-RA	TAA	41
CPIJ014825-RA	TGA	70
CPIJ003640-RA	TAG	201
CPIJ016462-RA	TAA	621
CPIJ000488-RA	TAA	57
CPIJ000489-RA	TAG	66
CPIJ000484-RA	TAA	83
CPIJ003013-RA	TAA	153
CPIJ003019-RA	TAA	236
CPIJ006883-RA	TAG	27
CPIJ019396-RA	TGA	67
CPIJ008599-RA	TGA	45
CPIJ002504-RA	TAA	264
CPIJ011659-RA	TGA	312
CPIJ009394-RA	TAG	42
CPIJ016310-RA	TAA	461
CPIJ017229-RA	TAA	110
CPIJ005750-RA	TAA	95
CPIJ017383-RA	TAA	176
CPIJ013142-RA	TAA	212
CPIJ013145-RA	TGA	339
CPIJ013144-RA	TAA	362
CPIJ008862-RA	TAG	220
CPIJ012341-RA	TAA	509
CPIJ010990-RA	TGA	167
CPIJ004482-RA	TAA	91
CPIJ016477-RA	TAG	64
CPIJ009154-RA	TAA	437
CPIJ004628-RA	TAA	98
CPIJ010191-RA	TAA	105
CPIJ010190-RA	TAA	117
CPIJ010193-RA	TGA	130
CPIJ008868-RA	TAG	109
CPIJ008869-RA	TGA	169
CPIJ001500-RA	TGA	102
CPIJ001502-RA	TGA	155
CPIJ001058-RA	TAG	64
CPIJ000673-RA	TAA	245
CPIJ000679-RA	TAA	110
CPIJ010335-RA	TAA	74
CPIJ000908-RA	TAA	99
CPIJ018692-RA	TAA	75
CPIJ007524-RA	TAA	124
CPIJ000016-RA	TGA	172
CPIJ000010-RA	TGA	73
CPIJ000019-RA	TGA	136
CPIJ015187-RA	TGA	210
CPIJ007527-RA	TGA	181
CPIJ017415-RA	TAA	94
CPIJ017414-RA	TGA	57
CPIJ040879-RA	TAA	156
CPIJ040878-RA	TGA	1640
CPIJ040877-RA	TAA	1817
CPIJ040874-RA	TAA	158
CPIJ040870-RA	TAG	5
CPIJ019123-RA	TGA	282
CPIJ019122-RA	TGA	216
CPIJ016896-RA	TAG	244
CPIJ009054-RA	TAA	246
CPIJ008679-RA	TAG	239
CPIJ007542-RA	TAG	14
CPIJ007542-RB	TAG	67
CPIJ007541-RA	TAA	114
CPIJ016441-RA	TAA	366
CPIJ019024-RA	TAA	605
CPIJ016096-RA	TAG	39
CPIJ015186-RA	TAG	86
CPIJ003592-RA	TGA	113
CPIJ003595-RA	TAA	302
CPIJ016326-RA	TAA	429
CPIJ015641-RA	TAG	23
CPIJ016323-RA	TAG	70
CPIJ014649-RA	TGA	91
CPIJ006149-RA	TAA	113
CPIJ006418-RA	TAA	41
CPIJ006141-RA	TAG	168
CPIJ006142-RA	TAA	20
CPIJ013314-RA	TGA	141
CPIJ013313-RA	TAA	42
CPIJ004812-RA	TAG	380
CPIJ004815-RA	TGA	95
CPIJ004814-RA	TAA	83
CPIJ012403-RA	TAA	41
CPIJ012405-RA	TAA	89
CPIJ018032-RA	TGA	48
CPIJ007000-RA	TAG	276
CPIJ019846-RA	TGA	37
CPIJ012868-RA	TAA	337
CPIJ006209-RA	TAA	305
CPIJ006204-RA	TAG	41
CPIJ020263-RA	TAA	233
CPIJ010954-RA	TAA	77
CPIJ001263-RA	TGA	69
CPIJ000248-RA	TAG	164
CPIJ012803-RA	TAG	554
CPIJ016828-RA	TAA	255
CPIJ011571-RA	TAA	328
CPIJ009192-RA	TAG	26
CPIJ014801-RA	TGA	225
CPIJ016407-RA	TAG	81
CPIJ018379-RA	TGA	313
CPIJ016408-RA	TAA	117
CPIJ014402-RA	TGA	23
CPIJ007046-RA	TAA	78
CPIJ007044-RA	TAA	254
CPIJ007043-RA	TGA	44
CPIJ007042-RA	TGA	152
CPIJ008103-RA	TAA	102
CPIJ018520-RA	TAG	93
CPIJ008101-RA	TAA	1080
CPIJ003920-RA	TAA	196
CPIJ003293-RA	TGA	62
CPIJ011976-RA	TAA	1131
CPIJ017205-RA	TAG	25
CPIJ002742-RA	TAA	44
CPIJ002740-RA	TAA	22
CPIJ002747-RA	TGA	38
CPIJ002744-RA	TGA	39
CPIJ005778-RA	TAG	1209
CPIJ005772-RA	TAG	53
CPIJ005770-RA	TAG	204
CPIJ007950-RA	TAA	150
CPIJ002524-RA	TAG	101
CPIJ005551-RA	TAG	110
CPIJ009672-RA	TAA	200
CPIJ014525-RA	TGA	64
CPIJ006605-RA	TAG	288
CPIJ018322-RA	TAA	194
CPIJ012961-RA	TAA	183
CPIJ004607-RA	TAA	88
CPIJ008809-RA	TGA	56
CPIJ001076-RA	TGA	243
CPIJ001078-RA	TAA	25
CPIJ000384-RA	TGA	262
CPIJ012714-RA	TAG	370
CPIJ000657-RA	TGA	92
CPIJ017432-RA	TAG	57
CPIJ007384-RA	TAA	56
CPIJ040891-RA	TAG	7
CPIJ040890-RA	TAA	19
CPIJ001929-RA	TAA	231
CPIJ040894-RA	TAG	244
CPIJ012719-RA	TAA	142
CPIJ019149-RA	TGA	173
CPIJ009078-RA	TAA	71
CPIJ000038-RA	TAA	8
CPIJ000031-RA	TAA	127
CPIJ003608-RA	TAA	552
CPIJ007566-RA	TAA	105
CPIJ019000-RA	TAG	204
CPIJ017328-RA	TAA	189
CPIJ015785-RA	TAG	95
CPIJ019517-RA	TAG	556
CPIJ014133-RA	TAG	428
CPIJ014136-RA	TAA	194
CPIJ017694-RA	TAA	166
CPIJ011705-RA	TAA	614
CPIJ006160-RA	TAA	289
CPIJ006167-RA	TAA	463
CPIJ006166-RA	TAG	162
CPIJ014679-RA	TAA	15
CPIJ006168-RA	TAA	136
CPIJ015556-RA	TAA	86
CPIJ015554-RA	TAA	200
CPIJ013474-RA	TGA	158
CPIJ012421-RA	TAA	41
CPIJ012427-RA	TAA	89
CPIJ012425-RA	TAA	41
CPIJ040895-RA	TAA	226
CPIJ012743-RA	TAA	87
CPIJ013596-RA	TAA	20
CPIJ004839-RA	TAA	347
CPIJ014310-RA	TGA	36
CPIJ010816-RA	TAA	159
CPIJ001242-RA	TAG	24
CPIJ001245-RA	TGA	119
CPIJ020280-RA	TGA	256
CPIJ005941-RA	TAA	391
CPIJ016647-RA	TAA	91
CPIJ010762-RA	TGA	56
CPIJ014861-RA	TAG	151
CPIJ007895-RA	TGA	60
CPIJ018157-RA	TGA	23
CPIJ016427-RA	TAA	271
CPIJ011415-RA	TAG	87
CPIJ007711-RA	TAG	159
CPIJ007710-RA	TAA	173
CPIJ012818-RA	TAA	121
CPIJ018557-RA	TAG	314
CPIJ017598-RA	TGA	63
CPIJ012154-RA	TAG	39
CPIJ015739-RA	TAA	368
CPIJ015730-RA	TAA	42
CPIJ012956-RA	TGA	97
CPIJ015663-RA	TGA	213
CPIJ012954-RA	TAA	59
CPIJ002728-RA	TAA	118
CPIJ005716-RA	TAA	215
CPIJ003412-RA	TGA	168
CPIJ000450-RA	TAG	274
CPIJ019944-RA	TGA	64
CPIJ002090-RA	TAA	71
CPIJ009025-RA	TAA	366
CPIJ002099-RA	TAA	60
CPIJ002395-RA	TAG	88
CPIJ002463-RA	TGA	117
CPIJ002461-RA	TAA	229
CPIJ007052-RA	TAA	85
CPIJ004440-RA	TAA	569
CPIJ004449-RA	TGA	123
CPIJ004991-RA	TAG	123
CPIJ006623-RA	TAA	125
CPIJ010151-RA	TAG	96
CPIJ001018-RA	TAA	521
CPIJ019895-RA	TGA	68
CPIJ008374-RA	TGA	96
CPIJ012750-RA	TGA	185
CPIJ000636-RA	TGA	303
CPIJ007366-RA	TGA	49
CPIJ011350-RA	TAA	309
CPIJ011423-RA	TGA	137
CPIJ011427-RA	TAG	204
CPIJ001900-RA	TGA	311
CPIJ001902-RA	TGA	401
CPIJ009010-RA	TAG	62
CPIJ018993-RA	TAA	420
CPIJ019847-RA	TAA	133
CPIJ008716-RA	TGA	656
CPIJ017902-RA	TAA	85
CPIJ017907-RA	TAG	1391
CPIJ010194-RA	TAG	67
CPIJ008848-RA	TGA	131
CPIJ008190-RA	TGA	36
CPIJ006367-RA	TAG	200
CPIJ016362-RA	TAA	109
CPIJ008194-RA	TAG	106
CPIJ018484-RA	TAG	22
CPIJ014112-RA	TAA	22
CPIJ002281-RA	TAG	553
CPIJ002286-RA	TAA	47
CPIJ006766-RA	TGA	133
CPIJ011113-RA	TGA	67
CPIJ005108-RA	TAA	87
CPIJ013860-RA	TAA	256
CPIJ005451-RA	TGA	58
CPIJ018233-RA	TAA	75
CPIJ013205-RA	TGA	46
CPIJ014663-RA	TAA	244
CPIJ014666-RA	TAG	19
CPIJ014664-RA	TAA	668
CPIJ004859-RA	TAA	218
CPIJ004855-RA	TAA	132
CPIJ012339-RA	TGA	71
CPIJ012886-RA	TAA	281
CPIJ014590-RA	TAA	330
CPIJ012880-RA	TAA	11
CPIJ001227-RA	TAA	888
CPIJ001220-RA	TAA	149
CPIJ004274-RA	TAA	154
CPIJ007539-RA	TGA	147
CPIJ007538-RA	TAA	146
CPIJ007535-RA	TGA	98
CPIJ010922-RA	TAG	184
CPIJ001738-RA	TAA	103
CPIJ006480-RA	TAA	206
CPIJ007775-RA	TAA	79
CPIJ007777-RA	TAA	135
CPIJ009733-RA	TAA	80
CPIJ009737-RA	TAG	96
CPIJ018569-RA	TAG	74
CPIJ008287-RA	TAA	57
CPIJ008289-RA	TAA	535
CPIJ007198-RA	TAA	105
CPIJ017711-RA	TAG	95
CPIJ002707-RA	TGA	275
CPIJ002702-RA	TAG	72
CPIJ006828-RA	TGA	230
CPIJ002709-RA	TGA	227
CPIJ005730-RA	TAG	472
CPIJ003476-RA	TAA	233
CPIJ003477-RA	TAA	233
CPIJ003470-RA	TAG	148
CPIJ007891-RA	TAG	61
CPIJ014318-RA	TAG	25
CPIJ010244-RA	TGA	205
CPIJ016697-RA	TAG	106
CPIJ004460-RA	TGA	285
CPIJ012872-RA	TAG	109
CPIJ013476-RA	TGA	204
CPIJ005597-RA	TAA	700
CPIJ014127-RA	TGA	177
CPIJ014120-RA	TAA	74
CPIJ004640-RA	TAA	263
CPIJ004647-RA	TAA	57
CPIJ001699-RA	TAA	68
CPIJ001691-RA	TGA	218
CPIJ000341-RA	TAA	110
CPIJ000340-RA	TAA	79
CPIJ000343-RA	TAG	281
CPIJ000344-RA	TGA	49
CPIJ000346-RA	TAA	15
CPIJ007345-RA	TAA	427
CPIJ007341-RA	TAG	101
CPIJ007698-RA	TAA	284
CPIJ010035-RA	TAA	475
CPIJ009030-RA	TAA	196
CPIJ009032-RA	TGA	120
CPIJ009033-RA	TAA	108
CPIJ017964-RA	TGA	27
CPIJ017966-RA	TAG	198
CPIJ017962-RA	TGA	82
CPIJ006348-RA	TGA	98
CPIJ006342-RA	TAA	230
CPIJ015201-RA	TAG	144
CPIJ014604-RA	TAA	391
CPIJ012675-RA	TAA	1166
CPIJ003868-RA	TAA	204
CPIJ008618-RA	TGA	219
CPIJ003865-RA	TGA	113
CPIJ003864-RA	TAA	82
CPIJ002117-RA	TAG	107
CPIJ002114-RA	TGA	225
CPIJ006123-RA	TGA	51
CPIJ006122-RA	TGA	113
CPIJ006195-RA	TGA	84
CPIJ017385-RA	TGA	126
CPIJ017873-RA	TGA	105
CPIJ016420-RA	TAA	135
CPIJ007837-RA	TAG	192
CPIJ007834-RA	TAG	375
CPIJ012609-RA	TAG	104
CPIJ007070-RA	TAA	245
CPIJ011928-RA	TAG	354
CPIJ012605-RA	TGA	11
CPIJ013804-RA	TAG	47
CPIJ005479-RA	TAA	86
CPIJ014605-RA	TAA	630
CPIJ012466-RA	TAA	420
CPIJ013736-RA	TAA	415
CPIJ020139-RA	TAA	84
CPIJ010961-RA	TAA	53
CPIJ000820-RA	TGA	35
CPIJ000533-RA	TAG	127
CPIJ000534-RA	TAA	65
CPIJ004254-RA	TGA	101
CPIJ016979-RA	TAA	861
CPIJ010564-RA	TGA	127
CPIJ018118-RA	TGA	138
CPIJ000402-RA	TGA	194
CPIJ003797-RA	TAA	152
CPIJ007753-RA	TAA	124
CPIJ009756-RA	TAG	190
CPIJ003986-RA	TGA	541
CPIJ003987-RA	TAA	87
CPIJ003982-RA	TAA	45
CPIJ003983-RA	TAG	91
CPIJ003981-RA	TAG	73
CPIJ015776-RA	TGA	23
CPIJ015771-RA	TAA	268
CPIJ008200-RA	TAA	206
CPIJ009446-RA	TAA	839
CPIJ017732-RA	TAA	74
CPIJ003186-RA	TGA	112
CPIJ002859-RA	TAA	513
CPIJ002853-RA	TAG	122
CPIJ002857-RA	TGA	474
CPIJ002856-RA	TAA	130
CPIJ006804-RA	TGA	43
CPIJ006805-RA	TGA	51
CPIJ006801-RA	TGA	55
CPIJ009808-RA	TAA	287
CPIJ003326-RA	TAG	46
CPIJ019238-RA	TAA	92
CPIJ002581-RA	TGA	127
CPIJ009664-RA	TAA	194
CPIJ019862-RA	TAA	335
CPIJ019824-RA	TAA	263
CPIJ004400-RA	TAA	185
CPIJ012811-RA	TGA	254
CPIJ010392-RA	TGA	132
CPIJ018710-RA	TAG	671
CPIJ005868-RA	TGA	51
CPIJ005864-RA	TAA	262
CPIJ005861-RA	TAG	466
CPIJ016301-RA	TGA	96
CPIJ005311-RA	TGA	216
CPIJ005313-RA	TGA	121
CPIJ005315-RA	TAA	295
CPIJ010114-RA	TAA	179
CPIJ010110-RA	TGA	106
CPIJ010112-RA	TAA	374
CPIJ011640-RA	TGA	107
CPIJ019432-RA	TGA	204
CPIJ019436-RA	TGA	166
CPIJ019439-RA	TGA	68
CPIJ015429-RA	TGA	70
CPIJ020309-RA	TAA	224
CPIJ009239-RA	TAA	127
CPIJ008203-RA	TAA	291
CPIJ001941-RA	TGA	168
CPIJ000098-RA	TGA	173
CPIJ000095-RA	TGA	350
CPIJ000090-RA	TAG	465
CPIJ009811-RA	TGA	59
CPIJ009956-RA	TAA	43
CPIJ016012-RA	TGA	120
CPIJ016015-RA	TAG	53
CPIJ012689-RA	TAA	156
CPIJ017878-RA	TAG	266
CPIJ000894-RA	TAA	74
CPIJ000897-RA	TAA	272
CPIJ000891-RA	TGA	44
CPIJ000899-RA	TAG	472
CPIJ006434-RA	TGA	31
CPIJ014410-RA	TAA	470
CPIJ003660-RA	TGA	71
CPIJ018588-RA	TAA	417
CPIJ012918-RA	TAG	541
CPIJ005675-RA	TAG	61
CPIJ005679-RA	TAG	215
CPIJ012756-RA	TAA	125
CPIJ007815-RA	TAG	191
CPIJ010731-RA	TGA	75
CPIJ012667-RA	TAA	173
CPIJ012666-RA	TGA	59
CPIJ012662-RA	TAA	60
CPIJ013530-RA	TAA	76
CPIJ005416-RA	TGA	602
CPIJ005410-RA	TGA	549
CPIJ013757-RA	TAA	195
CPIJ013752-RA	TGA	211
CPIJ005564-RA	TGA	114
CPIJ015133-RA	TAA	224
CPIJ009237-RA	TAG	188
CPIJ014087-RA	TAG	176
CPIJ014084-RA	TAG	103
CPIJ014089-RA	TGA	31
CPIJ017837-RA	TAG	97
CPIJ004237-RA	TAA	405
CPIJ004231-RA	TAG	55
CPIJ004233-RA	TAG	22
CPIJ008960-RA	TAG	177
CPIJ004239-RA	TAA	264
CPIJ010703-RA	TGA	165
CPIJ018130-RA	TAA	76
CPIJ001771-RA	TAA	101
CPIJ001779-RA	TAA	133
CPIJ013081-RA	TAG	126
CPIJ015286-RA	TAA	131
CPIJ015285-RA	TAA	47
CPIJ015280-RA	TAA	24
CPIJ000144-RA	TAG	481
CPIJ019666-RA	TAG	178
CPIJ008797-RA	TAA	56
CPIJ006868-RA	TGA	80
CPIJ006869-RA	TAG	86
CPIJ002834-RA	TAA	887
CPIJ002837-RA	TAG	48
CPIJ002831-RA	TAA	148
CPIJ003308-RA	TGA	172
CPIJ009821-RA	TAA	60
CPIJ003304-RA	TAG	109
CPIJ003301-RA	TGA	197
CPIJ003302-RA	TAA	74
CPIJ016221-RA	TGA	834
CPIJ016220-RA	TAG	51
CPIJ016224-RA	TAA	82
CPIJ014296-RA	TAA	493
CPIJ004935-RA	TAA	117
CPIJ004429-RA	TGA	90
CPIJ012344-RA	TGA	295
CPIJ002300-RA	TGA	41
CPIJ002306-RA	TAG	443
CPIJ002308-RA	TAA	86
CPIJ016938-RA	TAA	251
CPIJ005882-RA	TGA	218
CPIJ005885-RA	TAA	45
CPIJ005888-RA	TGA	337
CPIJ004686-RA	TAA	42
CPIJ004688-RA	TAG	56
CPIJ015076-RA	TGA	210
CPIJ013889-RA	TAG	596
CPIJ005086-RA	TAA	476
CPIJ008197-RA	TAA	90
CPIJ005333-RA	TAA	277
CPIJ006289-RA	TAA	212
CPIJ009211-RA	TAA	85
CPIJ000305-RA	TAA	55
CPIJ013298-RA	TGA	42
CPIJ001439-RA	TAA	134
CPIJ001437-RA	TAG	51
CPIJ001433-RA	TAG	141
CPIJ016933-RA	TAA	68
CPIJ013826-RA	TAG	254
CPIJ007301-RA	TAA	136
CPIJ007303-RA	TGA	276
CPIJ007659-RA	TGA	185
CPIJ011444-RA	TAG	51
CPIJ011447-RA	TAA	115
CPIJ013926-RA	TAA	116
CPIJ018423-RA	TAA	20
CPIJ008184-RA	TAA	48
CPIJ008182-RA	TAA	164
CPIJ006022-RA	TAA	118
CPIJ015806-RA	TAA	108
CPIJ006024-RA	TGA	488
CPIJ001538-RA	TGA	430
CPIJ020013-RA	TAA	41
CPIJ017057-RA	TAA	334
CPIJ005652-RA	TAA	262
CPIJ007878-RA	TGA	232
CPIJ012130-RA	TGA	140
CPIJ002156-RA	TAA	34
CPIJ013510-RA	TAG	112
CPIJ013511-RA	TAG	63
CPIJ005436-RA	TAA	53
CPIJ015484-RA	TAG	172
CPIJ010323-RA	TGA	56
CPIJ010454-RA	TGA	117
CPIJ015662-RA	TGA	90
CPIJ010891-RA	TAG	239
CPIJ010893-RA	TGA	115
CPIJ010456-RA	TAA	338
CPIJ006811-RA	TGA	59
CPIJ015567-RA	TAA	78
CPIJ004219-RA	TAA	58
CPIJ008943-RA	TGA	5
CPIJ008945-RA	TGA	102
CPIJ015912-RA	TGA	31
CPIJ018661-RA	TAG	120
CPIJ013770-RA	TAG	62
CPIJ013772-RA	TAA	78
CPIJ013773-RA	TAA	78
CPIJ013775-RA	TAA	80
CPIJ010278-RA	TAA	169
CPIJ010271-RA	TAA	56
CPIJ009317-RA	TAA	377
CPIJ009316-RA	TAA	246
CPIJ006495-RA	TAA	93
CPIJ010316-RA	TGA	46
CPIJ017297-RA	TGA	64
CPIJ003331-RA	TAA	126
CPIJ003330-RA	TAA	66
CPIJ016931-RA	TAA	104
CPIJ017510-RA	TAG	82
CPIJ003334-RA	TAA	110
CPIJ000119-RA	TGA	10
CPIJ000449-RA	TAA	330
CPIJ000446-RA	TAA	13
CPIJ003149-RA	TGA	72
CPIJ007467-RA	TAG	226
CPIJ007466-RA	TAA	42
CPIJ009793-RA	TAA	102
CPIJ009792-RA	TGA	53
CPIJ009799-RA	TAA	48
CPIJ003499-RA	TAA	22
CPIJ019277-RA	TGA	182
CPIJ008536-RA	TGA	134
CPIJ008256-RA	TGA	90
CPIJ040862-RA	TAA	57
CPIJ019278-RA	TGA	46
CPIJ006512-RA	TAA	154
CPIJ006517-RA	TAG	184
CPIJ006514-RA	TAG	93
CPIJ006518-RA	TAG	34
CPIJ006519-RA	TAG	108
CPIJ012365-RA	TGA	67
CPIJ004918-RA	TAA	298
CPIJ013182-RA	TAA	142
CPIJ040867-RA	TGA	28
CPIJ014823-RA	TGA	94
CPIJ014822-RA	TGA	489
CPIJ015488-RA	TGA	635
CPIJ005351-RA	TAG	29
CPIJ005353-RA	TGA	46
CPIJ001636-RA	TAA	24
CPIJ001184-RA	TAA	12
CPIJ001180-RA	TAA	91
CPIJ001183-RA	TAA	46
CPIJ000324-RA	TAA	140
CPIJ000323-RA	TAA	685
CPIJ000328-RA	TAA	69
CPIJ015646-RA	TGA	25
CPIJ001989-RA	TAG	406
CPIJ040868-RA	TAA	22
CPIJ011328-RA	TAA	109
CPIJ011600-RA	TAA	59
CPIJ016053-RA	TAG	86
CPIJ016051-RA	TGA	83
CPIJ000853-RA	TAA	221
CPIJ000855-RA	TGA	237
CPIJ010515-RA	TGA	144
CPIJ010516-RA	TGA	106
CPIJ011934-RA	TAG	312
CPIJ011935-RA	TAA	149
CPIJ009631-RA	TAG	61
CPIJ009635-RA	TAA	67
CPIJ016300-RA	TGA	88
CPIJ019397-RA	TAG	257
CPIJ008356-RA	TAA	166
CPIJ003809-RA	TAA	48
CPIJ003804-RA	TAA	17
CPIJ003803-RA	TGA	352
CPIJ019137-RA	TAA	98
CPIJ018013-RA	TAA	361
CPIJ013829-RA	TAA	249
CPIJ007068-RA	TAA	43
CPIJ012855-RA	TGA	69
CPIJ005639-RA	TAA	181
CPIJ005630-RA	TGA	79
CPIJ008049-RA	TAG	156
CPIJ002172-RA	TGA	195
CPIJ002177-RA	TAG	312
CPIJ006183-RA	TAA	16
CPIJ005183-RA	TGA	98
CPIJ005186-RA	TAG	93
CPIJ006225-RA	TAA	198
CPIJ018869-RA	TAG	72
CPIJ006227-RA	TGA	269
CPIJ006671-RA	TAA	120
CPIJ010358-RA	TAA	129
CPIJ004581-RA	TAG	87
CPIJ006728-RA	TGA	368
CPIJ006724-RA	TAA	129
CPIJ004764-RA	TAA	188
CPIJ000297-RA	TAG	264
CPIJ013791-RA	TAA	70
CPIJ013797-RA	TGA	247
CPIJ013794-RA	TAA	71
CPIJ001344-RA	TGA	118
CPIJ019091-RA	TAA	140
CPIJ010352-RA	TAA	44
CPIJ015242-RA	TGA	88
CPIJ015243-RA	TAA	135
CPIJ007281-RA	TAG	185
CPIJ013494-RA	TAA	326
CPIJ008262-RA	TGA	52
CPIJ001849-RA	TAA	75
CPIJ001840-RA	TAA	188
CPIJ000466-RA	TAA	160
CPIJ000468-RA	TAG	80
CPIJ008269-RA	TAG	370
CPIJ006087-RA	TGA	92
CPIJ006081-RA	TAA	75
CPIJ006083-RA	TAA	67
CPIJ011826-RA	TGA	38
CPIJ006089-RA	TAG	637
CPIJ017604-RA	TAA	15
CPIJ017796-RA	TAA	114
CPIJ017795-RA	TAA	143
CPIJ017792-RA	TAA	126
CPIJ017793-RA	TAG	123
CPIJ002692-RA	TGA	71
CPIJ003340-RA	TAA	45
CPIJ003341-RA	TGA	197
CPIJ012307-RA	TAG	42
CPIJ002344-RA	TAA	80
CPIJ002342-RA	TAG	108
CPIJ011192-RA	TAA	500
CPIJ013962-RA	TAG	94
CPIJ011190-RA	TAG	48
CPIJ010336-RA	TAA	84
CPIJ008381-RA	TAG	74
CPIJ011194-RA	TAG	308
CPIJ004973-RA	TGA	118
CPIJ005379-RA	TAA	200
CPIJ005377-RA	TGA	72
CPIJ005376-RA	TAG	119
CPIJ014086-RA	TAG	176
CPIJ001610-RA	TGA	416
CPIJ001612-RA	TGA	51
CPIJ001618-RA	TAG	142
CPIJ019451-RA	TAA	243
CPIJ004399-RA	TAA	534
CPIJ004391-RA	TGA	81
CPIJ004394-RA	TAA	155
CPIJ018231-RA	TAA	79
CPIJ010680-RA	TGA	76
CPIJ010683-RA	TGA	199
CPIJ010682-RA	TAA	276
CPIJ010685-RA	TAG	72
CPIJ004020-RA	TAA	42
CPIJ004023-RA	TAA	184
CPIJ011623-RA	TAA	57
CPIJ011624-RA	TGA	238
CPIJ000879-RA	TAA	91
CPIJ016074-RA	TAA	298
CPIJ000872-RA	TAG	101
CPIJ006157-RA	TAA	164
CPIJ011486-RA	TAG	156
CPIJ006154-RA	TGA	127
CPIJ009611-RA	TAA	106
CPIJ020266-RA	TGA	284
CPIJ008695-RA	TGA	132
CPIJ015473-RA	TGA	101
CPIJ016291-RA	TAA	42
CPIJ019794-RA	TAG	396
CPIJ014889-RA	TAA	66
CPIJ010700-RA	TAA	82
CPIJ010904-RA	TAA	100
CPIJ005611-RA	TAA	312
CPIJ005613-RA	TAG	134
CPIJ005616-RA	TGA	146
CPIJ005968-RA	TGA	104
CPIJ003756-RA	TAA	249
CPIJ007406-RA	TAG	61
CPIJ018825-RA	TAA	34
CPIJ011431-RA	TAA	46
CPIJ007162-RA	TGA	5
CPIJ012412-RA	TAA	41
CPIJ007164-RA	TAG	169
CPIJ004565-RA	TAA	364
CPIJ012796-RA	TGA	161
CPIJ006700-RA	TAA	563
CPIJ013222-RA	TAG	69
CPIJ009225-RA	TAG	264
CPIJ009656-RA	TGA	753
CPIJ006561-RD	TGA	67
CPIJ006561-RB	TGA	78
CPIJ006561-RC	TGA	67
CPIJ006561-RA	TGA	78
CPIJ006560-RA	TGA	99
CPIJ015860-RA	TAG	312
CPIJ014243-RA	TGA	101
CPIJ018193-RA	TAA	389
CPIJ003246-RA	TGA	120
CPIJ001287-RA	TGA	521
CPIJ001282-RA	TAG	80
CPIJ001281-RA	TAG	80
CPIJ012850-RA	TAG	907
CPIJ001289-RA	TAA	315
CPIJ011436-RA	TAA	46
CPIJ009116-RA	TAG	79
CPIJ000130-RA	TAA	770
CPIJ010948-RA	TGA	71
CPIJ010237-RA	TGA	648
CPIJ001867-RA	TGA	62
CPIJ001869-RA	TAA	73
CPIJ009422-RA	TAG	172
CPIJ009427-RA	TAG	133
CPIJ015203-RA	TAG	118
CPIJ016792-RA	TAG	129
CPIJ013834-RA	TAA	84
CPIJ019693-RA	TGA	32
CPIJ003102-RA	TGA	340
CPIJ003101-RA	TAG	291
CPIJ006559-RA	TGA	76
CPIJ002413-RA	TAA	193
CPIJ002418-RA	TAA	56
CPIJ017110-RA	TAG	223
CPIJ013949-RA	TAG	119
CPIJ013899-RA	TAA	114
CPIJ013940-RA	TAG	119
CPIJ009996-RA	TAG	57
CPIJ009998-RA	TAA	226
CPIJ013056-RA	TAA	65
CPIJ014325-RA	TAA	115
CPIJ009327-RA	TGA	113
CPIJ015062-RA	TGA	331
CPIJ015027-RA	TGA	85
CPIJ017344-RA	TAG	88
CPIJ004047-RA	TAG	58
CPIJ004043-RA	TGA	51
CPIJ004049-RA	TAA	263
CPIJ001679-RA	TGA	361
CPIJ001675-RA	TAA	54
CPIJ010554-RA	TGA	140
CPIJ007634-RA	TAA	252
CPIJ008108-RA	TAA	17
CPIJ001496-RA	TAA	89
CPIJ008177-RA	TGA	90
CPIJ000728-RA	TAA	74
CPIJ009679-RA	TAG	62
CPIJ018444-RA	TAG	86
CPIJ019476-RA	TAA	125
CPIJ017326-RA	TAG	149
CPIJ007098-RA	TAA	101
CPIJ006030-RA	TAA	137
CPIJ006940-RA	TGA	161
CPIJ006943-RA	TGA	64
CPIJ006946-RA	TAA	118
CPIJ005946-RA	TAA	40
CPIJ001054-RA	TGA	234
CPIJ005942-RA	TAA	124
CPIJ005943-RA	TGA	514
CPIJ003731-RA	TGA	146
CPIJ012157-RA	TAG	226
CPIJ012159-RA	TGA	27
CPIJ000677-RB	TGA	417
CPIJ000677-RA	TGA	417
CPIJ008218-RA	TAG	239
CPIJ001270-RA	TAA	102
CPIJ004543-RA	TGA	54
CPIJ004547-RA	TGA	194
CPIJ010337-RA	TAG	82
CPIJ006764-RA	TAA	218
CPIJ006763-RA	TAA	203
CPIJ006769-RA	TAG	557
CPIJ006768-RA	TGA	379
CPIJ013207-RA	TAA	518
CPIJ005498-RA	TAA	76
CPIJ005499-RA	TAG	251
CPIJ005497-RA	TAA	79
CPIJ005495-RA	TAA	71
CPIJ005493-RA	TAG	744
CPIJ005490-RA	TGA	278
CPIJ005491-RA	TGA	32
CPIJ004729-RA	TAA	53
CPIJ010586-RA	TAA	68
CPIJ039879-RA	TAG	110
CPIJ009321-RA	TAA	434
CPIJ009328-RA	TAA	246
CPIJ010038-RA	TAA	108
CPIJ010030-RA	TAG	140
CPIJ011783-RA	TGA	65
CPIJ014269-RA	TAA	40
CPIJ010788-RA	TAA	58
CPIJ009442-RA	TAA	370
CPIJ019074-RA	TAG	28
CPIJ009817-RA	TAG	32
CPIJ018784-RA	TAA	132
CPIJ003120-RA	TAG	259
CPIJ003123-RA	TAA	12
CPIJ003125-RA	TAA	92
CPIJ003129-RA	TAA	76
CPIJ007153-RA	TGA	138
CPIJ002650-RA	TAG	59
CPIJ002652-RA	TAA	276
CPIJ002659-RA	TGA	35
CPIJ018503-RA	TGA	208
CPIJ018438-RA	TAG	220
CPIJ003384-RA	TAG	48
CPIJ003381-RA	TAA	200
CPIJ003383-RA	TAA	210
CPIJ002470-RA	TAA	37
CPIJ017176-RA	TGA	70
CPIJ018591-RA	TGA	115
CPIJ012528-RA	TAA	143
CPIJ018590-RA	TAA	148
CPIJ013698-RA	TAA	424
CPIJ013696-RA	TAA	394
CPIJ013481-RA	TAG	58
CPIJ019525-RA	TAA	203
CPIJ002383-RA	TGA	66
CPIJ002382-RA	TGA	109
CPIJ002387-RA	TAG	23
CPIJ002384-RA	TAA	369
CPIJ015687-RA	TGA	213
CPIJ006792-RA	TAA	242
CPIJ011165-RA	TAA	190
CPIJ008379-RA	TAG	54
CPIJ006746-RA	TGA	56
CPIJ015685-RA	TGA	48
CPIJ004069-RA	TAG	78
CPIJ014064-RA	TAG	24
CPIJ004065-RA	TAA	66
CPIJ001128-RA	TAG	51
CPIJ010573-RA	TAG	57
CPIJ040875-RA	TAA	118
CPIJ011992-RA	TGA	909
CPIJ011998-RA	TAG	103
CPIJ011999-RA	TAG	59
CPIJ000747-RA	TAA	27
CPIJ000746-RA	TAA	89
CPIJ011284-RA	TAA	597
CPIJ008389-RA	TAA	56
CPIJ008388-RA	TAG	43
CPIJ008384-RA	TGA	104
CPIJ009303-RA	TAG	368
CPIJ017346-RA	TAA	293
CPIJ006966-RA	TAA	283
CPIJ009658-RA	TGA	276
CPIJ007219-RA	TGA	116
CPIJ003713-RA	TAG	77
CPIJ019378-RA	TAA	373
CPIJ019370-RA	TAA	168
CPIJ016160-RA	TAA	128
CPIJ014969-RA	TGA	94
CPIJ001131-RA	TGA	154
CPIJ001130-RA	TAG	88
CPIJ006299-RA	TGA	66
CPIJ008671-RA	TGA	41
CPIJ001132-RA	TAA	744
CPIJ004529-RA	TAG	536
CPIJ004528-RA	TAA	456
CPIJ001136-RA	TAA	293
CPIJ004522-RA	TAA	114
CPIJ006039-RA	TAA	236
CPIJ006038-RA	TAA	148
CPIJ002048-RA	TAG	188
CPIJ006749-RA	TAA	332
CPIJ002045-RA	TGA	273
CPIJ002043-RA	TAA	247
CPIJ015695-RA	TAG	80
CPIJ004293-RA	TAA	132
CPIJ004292-RA	TAA	100
CPIJ019029-RA	TAG	142
CPIJ010444-RA	TAG	70
CPIJ018513-RA	TAG	59
CPIJ001357-RA	TAG	103
CPIJ005212-RA	TGA	52
CPIJ010012-RA	TAG	40
CPIJ010013-RA	TAA	179
CPIJ010016-RA	TAA	33
CPIJ014062-RA	TAA	194
CPIJ015882-RA	TAA	101
CPIJ019578-RA	TAA	136
CPIJ010440-RA	TAG	73
CPIJ008120-RA	TAG	266
CPIJ008277-RA	TGA	11
CPIJ001828-RA	TGA	308
CPIJ001351-RA	TGA	268
CPIJ001820-RA	TAA	46
CPIJ018275-RA	TAA	278
CPIJ000190-RA	TAA	119
CPIJ000195-RA	TAA	71
CPIJ000199-RA	TAG	17
CPIJ009460-RA	TAG	50
CPIJ008278-RA	TAG	118
CPIJ019297-RA	TAA	164
CPIJ019136-RA	TGA	58
CPIJ000999-RA	TAG	344
CPIJ011700-RA	TAG	143
CPIJ000992-RA	TGA	27
CPIJ000993-RA	TAG	77
CPIJ014936-RA	TAA	61
CPIJ014935-RA	TAA	1096
CPIJ014934-RA	TGA	46
CPIJ018957-RA	TAG	134
CPIJ016283-RA	TAA	406
CPIJ016571-RA	TAG	80
CPIJ016571-RB	TAG	80
CPIJ012052-RA	TAA	79
CPIJ003502-RA	TAA	155
CPIJ003501-RA	TGA	214
CPIJ003504-RA	TGA	7
CPIJ002908-RA	TAA	541
CPIJ002453-RA	TAA	101
CPIJ002452-RA	TGA	126
CPIJ013240-RA	TAG	118
CPIJ010489-RA	TGA	22
CPIJ004752-RA	TGA	64
CPIJ004888-RA	TAA	90
CPIJ004883-RA	TGA	228
CPIJ015740-RA	TAG	353
CPIJ008359-RA	TGA	286
CPIJ014540-RA	TAA	193
CPIJ004082-RA	TGA	331
CPIJ004080-RA	TAA	278
CPIJ010594-RA	TAG	197
CPIJ010596-RA	TAA	116
CPIJ010599-RA	TGA	99
CPIJ011269-RA	TAA	147
CPIJ006416-RA	TAA	223
CPIJ008563-RA	TGA	64
CPIJ017378-RA	TGA	60
CPIJ014165-RA	TAA	215
CPIJ003887-RA	TAG	227
CPIJ015143-RA	TAG	147
CPIJ000509-RA	TAA	282
CPIJ000508-RA	TAG	233
CPIJ000503-RA	TAG	97
CPIJ000500-RA	TAA	267
CPIJ000504-RA	TGA	93
CPIJ017364-RA	TAG	123
CPIJ003088-RA	TGA	145
CPIJ003085-RA	TAA	197
CPIJ003080-RA	TAG	177
CPIJ011660-RA	TAA	103
CPIJ012775-RA	TAA	156
CPIJ000767-RA	TGA	52
CPIJ000766-RA	TAA	313
CPIJ009106-RA	TGA	92
CPIJ009101-RA	TAA	381
CPIJ000761-RA	TAA	650
CPIJ000760-RA	TAA	610
CPIJ003260-RA	TAA	411
CPIJ003266-RA	TAG	146
CPIJ010020-RA	TAA	128
CPIJ007230-RA	TGA	34
CPIJ006091-RA	TAA	9
CPIJ019191-RA	TGA	37
CPIJ004810-RA	TAG	122
CPIJ004361-RA	TAG	333
CPIJ005907-RA	TGA	1418
CPIJ004506-RA	TAG	92
CPIJ002025-RA	TAA	55
CPIJ006019-RA	TAA	61
CPIJ005815-RA	TAG	423
CPIJ017302-RA	TGA	187
CPIJ008519-RA	TGA	391
CPIJ015409-RA	TAA	111
CPIJ009361-RA	TAA	114
CPIJ039839-RA	TAA	142
CPIJ008512-RA	TAA	135
CPIJ005273-RA	TAA	28
CPIJ005271-RA	TAA	50
CPIJ009607-RA	TAA	552
CPIJ014047-RA	TGA	32
CPIJ014045-RA	TGA	30
CPIJ014049-RA	TAA	113
CPIJ001596-RA	TGA	146
CPIJ001592-RA	TAA	79
CPIJ010895-RA	TGA	362
CPIJ010290-RA	TGA	43
CPIJ010291-RA	TAA	954
CPIJ001372-RA	TGA	144
CPIJ011746-RA	TGA	171
CPIJ011388-RA	TGA	132
CPIJ016775-RA	TAA	188
CPIJ000979-RA	TAA	56
CPIJ010435-RA	TAA	297
CPIJ018602-RA	TAA	62
CPIJ018253-RA	TAA	518
CPIJ011528-RA	TAA	111
CPIJ015402-RA	TAA	70
CPIJ015853-RA	TGA	38
CPIJ015403-RA	TAA	61
CPIJ018741-RA	TAA	198
CPIJ008759-RA	TAA	157
CPIJ015405-RA	TGA	41
CPIJ015608-RA	TGA	37
CPIJ011382-RA	TAA	71
CPIJ015850-RA	TAA	43
CPIJ011381-RA	TAG	173
CPIJ008624-RA	TAG	174
CPIJ014868-RA	TAG	102
CPIJ018255-RA	TGA	46
CPIJ011380-RA	TAA	52
CPIJ002612-RA	TAA	78
CPIJ013385-RA	TAA	137
CPIJ013384-RA	TGA	222
CPIJ005048-RA	TAG	119
CPIJ009933-RA	TAA	284
CPIJ009936-RA	TAG	241
CPIJ003520-RA	TAG	129
CPIJ003522-RA	TAG	173
CPIJ003523-RA	TAA	48
CPIJ012387-RA	TAA	89
CPIJ012382-RA	TAA	89
CPIJ002928-RA	TAG	58
CPIJ015386-RA	TGA	83
CPIJ006469-RA	TAA	283
CPIJ013657-RA	TAG	81
CPIJ015859-RA	TAG	117
CPIJ014384-RA	TAA	74
CPIJ014387-RA	TAA	123
CPIJ004312-RA	TAA	194
CPIJ012925-RA	TGA	112
CPIJ012504-RA	TGA	157
CPIJ012236-RA	TAA	469
CPIJ010601-RA	TAG	108
CPIJ012507-RA	TGA	110
CPIJ018582-RA	TAA	946
CPIJ012058-RA	TAA	59
CPIJ001164-RA	TAG	78
CPIJ013673-RA	TGA	68
CPIJ019713-RA	TAA	177
CPIJ015387-RA	TGA	83
CPIJ015384-RA	TGA	160
CPIJ004634-RA	TGA	54
CPIJ018262-RA	TAA	91
CPIJ004141-RA	TAG	596
CPIJ007655-RA	TAA	114
CPIJ008169-RA	TAA	485
CPIJ011443-RA	TAA	142
CPIJ009260-RA	TAG	66
CPIJ009348-RA	TAG	283
CPIJ003061-RA	TGA	106
CPIJ003065-RA	TAA	150
CPIJ007783-RA	TAA	158
CPIJ014652-RA	TGA	95
CPIJ001041-RA	TAG	61
CPIJ001043-RA	TAA	134
CPIJ000783-RA	TGA	72
CPIJ000782-RA	TGA	18
CPIJ000784-RA	TGA	105
CPIJ003205-RA	TGA	186
CPIJ003204-RA	TAA	926
CPIJ008785-RA	TAG	8
CPIJ007258-RA	TAA	48
CPIJ017839-RA	TAG	127
CPIJ020019-RA	TAA	4
CPIJ000394-RA	TAA	360
CPIJ006251-RA	TAA	222
CPIJ006259-RA	TAA	267
CPIJ002000-RA	TAA	111
CPIJ002353-RA	TGA	47
CPIJ012318-RA	TAA	6
CPIJ018010-RA	TGA	181
CPIJ002907-RA	TAA	241
CPIJ008987-RA	TAA	432
CPIJ008984-RA	TGA	236
CPIJ008982-RA	TAA	173
CPIJ005786-RA	TAA	79
CPIJ005785-RA	TAA	316
CPIJ005783-RA	TAG	52
CPIJ005788-RA	TAA	630
CPIJ015042-RA	TAA	135
CPIJ009337-RA	TAA	74
CPIJ014713-RA	TGA	101
CPIJ008309-RA	TAA	173
CPIJ004782-RA	TGA	398
CPIJ001579-RA	TGA	264
CPIJ008435-RA	TGA	80
CPIJ011517-RA	TAG	153
CPIJ001314-RA	TGA	93
CPIJ001317-RA	TAA	222
CPIJ001316-RA	TAA	143
CPIJ001318-RA	TAG	98
CPIJ011729-RA	TAG	557
CPIJ011898-RA	TAA	523
CPIJ011726-RA	TAG	75
CPIJ016715-RA	TAA	221
CPIJ016711-RA	TAG	192
CPIJ008421-RA	TAA	143
CPIJ000951-RA	TAG	41
CPIJ010416-RA	TAG	137
CPIJ000958-RA	TGA	18
CPIJ010413-RA	TAA	303
CPIJ018627-RA	TAA	35
CPIJ018624-RA	TGA	60
CPIJ008422-RA	TAA	76
CPIJ011098-RA	TAG	132
CPIJ009578-RA	TAA	90
CPIJ016827-RA	TAA	251
CPIJ000040-RA	TAA	14
CPIJ018723-RA	TGA	172
CPIJ008770-RA	TGA	137
CPIJ016662-RA	TGA	104
CPIJ016664-RA	TAG	90
CPIJ017447-RA	TAA	153
CPIJ015624-RA	TAA	112
CPIJ017194-RA	TGA	53
CPIJ017192-RA	TAA	155
CPIJ012016-RA	TAA	240
CPIJ012013-RA	TAA	231
CPIJ012010-RA	TAA	129
CPIJ012011-RA	TAA	418
CPIJ002632-RA	TGA	16
CPIJ002638-RA	TAA	116
CPIJ005064-RA	TAG	132
CPIJ005061-RA	TAA	38
CPIJ005060-RA	TAG	65
CPIJ009911-RA	TGA	538
CPIJ003543-RA	TAA	190
CPIJ015209-RA	TAA	186
CPIJ002493-RA	TGA	173
CPIJ002944-RA	TAG	35
CPIJ002948-RA	TGA	81
CPIJ012909-RA	TAA	101
CPIJ014360-RA	TGA	90
CPIJ014361-RA	TAA	186
CPIJ014052-RA	TGA	35
CPIJ020068-RA	TAA	30
CPIJ014505-RA	TAA	122
CPIJ014057-RA	TAA	44
CPIJ013478-RA	TAA	415
CPIJ001140-RA	TAA	173
CPIJ001141-RA	TAG	180
CPIJ040880-RA	TGA	69
CPIJ010623-RA	TAG	57
CPIJ015103-RA	TAA	14
CPIJ012510-RA	TGA	44
CPIJ000540-RA	TAA	253
CPIJ008540-RA	TGA	418
CPIJ007013-RA	TAA	45
CPIJ009501-RA	TAA	222
CPIJ009148-RA	TAA	310
CPIJ019115-RA	TAG	86
CPIJ002798-RA	TAA	164
CPIJ002799-RA	TAA	158
CPIJ002794-RA	TAG	67
CPIJ002795-RA	TAA	103
CPIJ017687-RA	TAG	156
CPIJ012841-RA	TAG	282
CPIJ003958-RA	TAA	49
CPIJ003952-RA	TAA	101
CPIJ003221-RA	TGA	380
CPIJ008643-RA	TAA	55
CPIJ016348-RA	TAA	35
CPIJ010597-RA	TAA	75
CPIJ012738-RA	TAA	177
CPIJ012737-RA	TAA	66
CPIJ009286-RA	TGA	182
CPIJ013172-RA	TAG	29
CPIJ005504-RA	TAA	171
CPIJ005504-RB	TAA	171
CPIJ005501-RA	TAA	59
CPIJ014777-RA	TAA	1287
CPIJ003296-RA	TAG	106
CPIJ009284-RA	TAG	332
CPIJ001087-RA	TGA	105
CPIJ001082-RA	TAA	168
CPIJ008245-RA	TAG	113
CPIJ012090-RA	TAA	404
CPIJ008402-RA	TAA	39
CPIJ001550-RA	TGA	64
CPIJ010477-RA	TAG	286
CPIJ010470-RA	TAA	202
CPIJ001337-RA	TGA	200
CPIJ016849-RA	TAA	30
CPIJ007482-RA	TAA	165
CPIJ007480-RA	TAA	116
CPIJ007489-RA	TAA	54
CPIJ007488-RA	TAA	64
CPIJ018034-RA	TGA	51
CPIJ013793-RA	TAA	132
CPIJ016598-RA	TAG	1628
CPIJ017754-RA	TAA	229
CPIJ013140-RA	TAA	114
CPIJ017648-RA	TAA	29
CPIJ017645-RA	TAA	123
CPIJ003568-RA	TAA	72
CPIJ003560-RA	TGA	80
CPIJ003566-RA	TAG	136
CPIJ015414-RA	TAA	251
CPIJ012713-RA	TGA	93
CPIJ010091-RA	TGA	80
CPIJ006429-RA	TAA	88
CPIJ013343-RA	TAA	201
CPIJ013348-RA	TAA	256
CPIJ014344-RA	TAA	168
CPIJ004359-RA	TGA	116
CPIJ004354-RA	TGA	108
CPIJ004215-RA	TGA	278
CPIJ013230-RA	TAA	300
CPIJ008189-RA	TGA	30
CPIJ013396-RA	TAA	11
CPIJ008944-RA	TGA	154
CPIJ015094-RA	TAA	14
CPIJ012409-RA	TAA	89
CPIJ017812-RA	TAG	156
CPIJ010641-RA	TAA	71
CPIJ013771-RA	TAG	62
CPIJ014437-RA	TGA	76
CPIJ009308-RA	TGA	235
CPIJ000210-RA	TAA	62
CPIJ019926-RA	TGA	547
CPIJ016698-RA	TGA	51
CPIJ016690-RA	TAA	61
CPIJ014207-RA	TAA	31
CPIJ014206-RA	TGA	426
CPIJ016471-RB	TGA	1059
CPIJ016471-RA	TAG	35
CPIJ016472-RA	TAG	57
CPIJ017876-RA	TAG	421
CPIJ017875-RA	TGA	151
CPIJ017874-RA	TAA	98
CPIJ003027-RA	TAA	109
CPIJ003026-RA	TAA	168
CPIJ002771-RA	TGA	62
CPIJ002776-RA	TAG	108
CPIJ006214-RA	TAA	600
CPIJ006210-RA	TGA	118
CPIJ002514-RA	TAA	271
CPIJ002512-RA	TAA	71
CPIJ002510-RA	TAA	390
CPIJ002518-RA	TAA	54
CPIJ009104-RA	TAA	170
CPIJ009105-RA	TAA	81
CPIJ014536-RA	TAA	462
CPIJ009201-RA	TAG	521
CPIJ009100-RA	TAA	322
CPIJ008501-RA	TAG	88
CPIJ005742-RA	TAA	262
CPIJ005743-RA	TAA	135
CPIJ005741-RA	TAA	244
CPIJ007922-RA	TGA	204
CPIJ013405-RA	TAA	58
CPIJ014577-RA	TAA	176
CPIJ008361-RA	TAG	785
CPIJ007536-RA	TAG	379
CPIJ010984-RA	TAA	81
CPIJ010982-RA	TGA	339
CPIJ012419-RA	TAA	41
CPIJ020234-RA	TAG	23
CPIJ015130-RA	TGA	885
CPIJ018667-RA	TAA	73
CPIJ011589-RA	TAA	249
CPIJ011584-RA	TAA	279
CPIJ011587-RA	TGA	137
CPIJ011583-RA	TAA	182
CPIJ011582-RA	TAA	238
CPIJ009539-RA	TGA	69
CPIJ011119-RA	TGA	421
CPIJ017324-RA	TGA	282
CPIJ017407-RA	TAA	34
CPIJ040869-RA	TAA	584
CPIJ011325-RA	TAA	162
CPIJ011323-RA	TAG	324
CPIJ040863-RA	TAG	1040
CPIJ040863-RC	TGA	283
CPIJ040863-RB	TGA	99
CPIJ040866-RA	TGA	6
CPIJ016149-RA	TAA	527
CPIJ019134-RA	TAA	192
CPIJ019131-RA	TAA	200
CPIJ003587-RA	TAA	726
CPIJ003588-RA	TGA	173
CPIJ003589-RA	TAA	43
CPIJ013351-RA	TGA	83
CPIJ016316-RA	TAA	215
CPIJ002181-RA	TAA	271
CPIJ002183-RA	TAA	90
CPIJ002182-RA	TGA	55
CPIJ013364-RA	TAG	645
CPIJ004372-RA	TGA	181
CPIJ004809-RA	TAA	327
CPIJ012416-RA	TAA	89
CPIJ012414-RA	TAA	89
CPIJ002237-RA	TAG	64
CPIJ002236-RA	TAA	71
CPIJ002238-RA	TAA	158
CPIJ000596-RA	TAG	167
CPIJ000849-RA	TAA	66
CPIJ013093-RA	TAA	222
CPIJ010505-RA	TAA	41
CPIJ014790-RA	TAA	64
CPIJ012511-RA	TAA	144
CPIJ010584-RA	TGA	96
CPIJ005171-RA	TGA	750
CPIJ005176-RA	TAA	49
CPIJ014328-RA	TAG	191
CPIJ014329-RA	TGA	269
CPIJ015328-RA	TGA	276
CPIJ015322-RA	TGA	66
CPIJ007314-RA	TAG	293
CPIJ007213-RA	TGA	43
CPIJ001276-RA	TGA	131
CPIJ001274-RA	TAG	52
CPIJ001275-RA	TAA	286
CPIJ013398-RA	TAA	170
CPIJ000445-RA	TGA	9
CPIJ000279-RA	TAA	201
CPIJ009326-RA	TAA	111
CPIJ006012-RA	TGA	64
CPIJ000276-RA	TAG	149
CPIJ015876-RA	TGA	28
CPIJ009185-RA	TAG	406
CPIJ009186-RA	TAA	132
CPIJ006018-RA	TAA	61
CPIJ009182-RA	TGA	67
CPIJ009188-RA	TAA	113
CPIJ019905-RA	TAG	22
CPIJ011991-RA	TGA	195
CPIJ015131-RA	TAA	66
CPIJ000499-RA	TAA	66
CPIJ014896-RA	TAG	90
CPIJ000491-RA	TGA	101
CPIJ000492-RA	TAA	97
CPIJ000496-RA	TAG	72
CPIJ003005-RA	TAA	152
CPIJ011997-RA	TAA	67
CPIJ003009-RA	TAG	281
CPIJ003008-RA	TAA	256
CPIJ002750-RA	TGA	79
CPIJ002753-RA	TGA	54
CPIJ018511-RA	TAG	26
CPIJ008589-RA	TAA	94
CPIJ008588-RA	TAA	67
CPIJ008583-RA	TAG	85
CPIJ008582-RA	TGA	166
CPIJ008580-RA	TAA	58
CPIJ008587-RA	TAG	205
CPIJ005765-RA	TAA	96
CPIJ005762-RA	TGA	175
CPIJ008337-RA	TGA	25
CPIJ007944-RA	TAG	208
CPIJ007945-RA	TGA	324
CPIJ007943-RA	TAA	439
CPIJ002530-RA	TGA	312
CPIJ005818-RA	TAA	94
CPIJ013132-RA	TGA	809
CPIJ005545-RA	TAA	174
CPIJ014559-RA	TGA	151
CPIJ014558-RA	TGA	43
CPIJ003491-RA	TAA	105
CPIJ004497-RA	TGA	240
CPIJ004491-RA	TGA	358
CPIJ008212-RA	TAA	143
CPIJ011875-RA	TAG	93
CPIJ015893-RA	TAA	546
CPIJ004638-RA	TAG	224
CPIJ008872-RA	TAG	113
CPIJ001514-RA	TAG	40
CPIJ001048-RA	TAA	61
CPIJ018686-RA	TGA	252
CPIJ018688-RA	TAG	103
CPIJ016893-RA	TAG	306
CPIJ018614-RA	TAA	361
CPIJ016890-RA	TGA	118
CPIJ019118-RA	TAA	14
CPIJ012723-RA	TGA	648
CPIJ040882-RA	TGA	1497
CPIJ040883-RA	TAA	260
CPIJ040881-RA	TAG	278
CPIJ040886-RA	TAA	165
CPIJ040887-RA	TAG	1240
CPIJ040884-RA	TAA	428
CPIJ040888-RA	TAA	72
CPIJ040889-RA	TGA	41
CPIJ016883-RA	TAA	100
CPIJ016882-RA	TGA	128
CPIJ016885-RA	TAA	74
CPIJ009519-RA	TAA	117
CPIJ000024-RA	TAA	572
CPIJ003612-RA	TAG	109
CPIJ003613-RA	TAA	36
CPIJ003610-RA	TGA	92
CPIJ003611-RA	TGA	224
CPIJ008649-RA	TGA	72
CPIJ007555-RA	TAA	307
CPIJ019032-RA	TAA	32
CPIJ016084-RA	TGA	158
CPIJ018142-RA	TAA	690
CPIJ012728-RA	TGA	404
CPIJ015899-RA	TGA	518
CPIJ013941-RA	TAA	107
CPIJ012186-RA	TAA	89
CPIJ018147-RA	TGA	81
CPIJ016898-RA	TGA	442
CPIJ009294-RA	TAA	135
CPIJ004823-RA	TAA	181
CPIJ004829-RA	TAA	486
CPIJ002256-RA	TGA	717
CPIJ017925-RA	TAA	60
CPIJ002258-RA	TGA	89
CPIJ016430-RA	TAG	475
CPIJ014732-RA	TAA	41
CPIJ018561-RA	TGA	57
CPIJ017439-RA	TAA	115
CPIJ005157-RA	TAA	162
CPIJ005155-RA	TAA	94
CPIJ018072-RA	TAA	92
CPIJ040893-RA	TAA	138
CPIJ006085-RA	TAA	297
CPIJ009262-RA	TAA	166
CPIJ040892-RA	TAG	15
CPIJ014659-RA	TGA	70
CPIJ014659-RB	TAA	23
CPIJ006867-RA	TGA	43
CPIJ011373-RA	TAA	277
CPIJ008859-RA	TAA	95
CPIJ040896-RA	TAA	150
CPIJ020145-RA	TAA	156
CPIJ010827-RA	TAA	120
CPIJ010820-RA	TGA	31
CPIJ010823-RA	TAG	154
CPIJ001706-RA	TGA	354
CPIJ001707-RA	TAA	109
CPIJ001254-RA	TAG	82
CPIJ006194-RA	TAA	854
CPIJ000251-RA	TGA	54
CPIJ000259-RA	TGA	195
CPIJ012641-RA	TGA	99
CPIJ016655-RA	TAA	359
CPIJ014411-RA	TAG	465
CPIJ016659-RA	TAA	93
CPIJ007705-RA	TAG	121
CPIJ013456-RA	TAA	297
CPIJ018146-RA	TAA	133
CPIJ008781-RA	TGA	55
CPIJ016432-RA	TAA	175
CPIJ009074-RA	TAA	67
CPIJ009076-RA	TAA	115
CPIJ008075-RA	TAA	183
