Dexi3B01G0006470.1	TGA	421
Dexi4B01G0010890.1	TAG	165
Dexi1B01G0029670.1	TGA	561
Dexi6A01G0011690.1	TGA	50
Dexi5B01G0007000.1	TGA	178
Dexi9B01G0041260.1	TGA	44
Dexi2A01G0022220.1	TGA	387
Dexi5A01G0018040.1	TGA	438
DexiUA01G0021630.1	TAG	115
Dexi9A01G0003560.1	TGA	26
Dexi8B01G0007460.1	TAG	126
Dexi5B01G0003720.1	TGA	111
Dexi1B01G0007390.1	TAA	284
Dexi4B01G0005120.1	TAA	164
Dexi9B01G0022950.1	TGA	141
Dexi6A01G0009400.1	TGA	138
Dexi8A01G0014080.1	TAA	288
Dexi7A01G0015160.1	TAA	297
Dexi3A01G0029250.1	TGA	312
Dexi3B01G0018020.1	TAA	53
Dexi8B01G0011140.1	TGA	186
Dexi3B01G0003360.1	TGA	150
Dexi9B01G0001730.1	TAA	145
Dexi9A01G0028110.1	TGA	1266
Dexi8B01G0001370.1	TGA	71
Dexi3A01G0026650.1	TAA	15
Dexi1A01G0030750.1	TAG	174
Dexi3A01G0012130.1	TGA	51
Dexi3A01G0028090.1	TGA	264
Dexi9B01G0014780.1	TGA	48
Dexi9A01G0022020.1	TAA	85
Dexi4A01G0009830.1	TGA	147
Dexi9B01G0027000.1	TGA	654
Dexi4A01G0002230.1	TGA	18
Dexi5A01G0029390.1	TAA	348
Dexi9B01G0035350.1	TAG	42
Dexi3A01G0012540.1	TGA	98
Dexi1B01G0002600.1	TAA	282
Dexi2A01G0005350.1	TAG	72
Dexi8A01G0016350.1	TGA	48
Dexi8A01G0013100.1	TGA	3
Dexi5B01G0010670.1	TAA	17
Dexi6B01G0004230.1	TAA	229
DexiUA01G0006150.1	TAA	372
Dexi5A01G0014650.1	TAG	18
Dexi6B01G0020340.1	TGA	192
Dexi9B01G0045290.1	TGA	15
Dexi1A01G0031160.1	TAA	357
Dexi5B01G0006320.1	TAG	15
Dexi5A01G0020670.1	TAG	4559
Dexi8B01G0005700.1	TGA	65
Dexi3A01G0028420.1	TAA	336
Dexi9A01G0032400.1	TAG	126
Dexi2B01G0027690.1	TGA	6
DexiUA01G0013330.1	TGA	63
Dexi2A01G0021270.1	TAA	263
Dexi3A01G0026050.1	TAA	136
Dexi2B01G0003720.1	TAG	395
Dexi2A01G0016920.1	TGA	3
Dexi2A01G0012120.1	TAG	432
Dexi8A01G0009110.1	TAA	355
Dexi1B01G0009180.1	TGA	33
Dexi1A01G0003480.1	TAA	989
Dexi2A01G0006230.1	TGA	134
Dexi2B01G0035620.1	TAG	252
Dexi4A01G0018800.1	TGA	46
DexiUA01G0012370.1	TGA	189
Dexi2A01G0015920.1	TGA	9
Dexi4B01G0021260.1	TAG	27
Dexi3B01G0018070.1	TGA	8
DexiUA01G0027080.1	TGA	2622
Dexi9A01G0041990.1	TGA	258
Dexi8B01G0007580.1	TAA	261
Dexi1A01G0010190.1	TAA	234
Dexi6A01G0017710.1	TGA	45
Dexi3A01G0028530.1	TGA	6
Dexi5A01G0016300.1	TAG	84
Dexi3A01G0003990.1	TGA	166
Dexi7B01G0006620.1	TAG	124
Dexi7B01G0003700.1	TGA	279
Dexi2A01G0017140.1	TGA	5484
Dexi4B01G0002030.1	TGA	27
Dexi7A01G0006320.1	TAG	11
Dexi1A01G0005430.1	TGA	72
Dexi5A01G0015140.1	TAG	63
Dexi3A01G0025870.1	TAA	47
Dexi4A01G0000740.1	TAG	148
Dexi3A01G0007870.1	TAG	12
Dexi3A01G0022470.1	TAG	231
Dexi6B01G0010610.1	TAA	405
Dexi7A01G0017360.1	TAG	171
Dexi9B01G0020300.1	TAA	1865
Dexi3B01G0025440.1	TGA	201
Dexi6B01G0010930.1	TGA	225
Dexi3B01G0023180.1	TAG	231
Dexi1B01G0012830.1	TGA	279
Dexi4A01G0006680.1	TAG	94
Dexi4A01G0006680.2	TAA	110
Dexi6A01G0017610.1	TAG	5309
Dexi9B01G0026750.1	TAG	81
Dexi3B01G0038390.1	TGA	75
Dexi6B01G0008950.1	TGA	6
Dexi3B01G0031740.1	TGA	21
Dexi3A01G0034910.1	TAG	5787
Dexi3B01G0021110.1	TGA	164
DexiUA01G0007550.1	TGA	12
Dexi2A01G0032450.1	TAA	261
Dexi2B01G0007440.1	TAA	251
Dexi2A01G0021240.1	TGA	130
Dexi5A01G0011540.1	TGA	3
Dexi5A01G0028660.1	TAG	14
Dexi3B01G0020470.1	TGA	534
Dexi1A01G0014290.1	TGA	21
Dexi7B01G0010070.1	TGA	174
Dexi1B01G0014760.1	TAG	300
Dexi3B01G0035760.1	TAA	663
Dexi3A01G0008690.1	TGA	179
Dexi5B01G0017890.1	TGA	6
Dexi3B01G0032920.1	TGA	597
Dexi3A01G0011040.1	TGA	636
Dexi1A01G0022170.2	TAG	104
Dexi1A01G0022170.3	TAG	104
Dexi8A01G0000880.1	TAG	44
Dexi1A01G0002350.1	TGA	3
Dexi3A01G0035970.1	TGA	3
Dexi6B01G0009900.1	TAG	35
Dexi4A01G0021970.1	TGA	107
Dexi9A01G0011030.1	TGA	123
Dexi3B01G0036210.1	TAA	123
Dexi1A01G0015320.1	TAA	16
DexiUA01G0025940.2	TAA	1329
Dexi9B01G0044120.1	TGA	3383
Dexi2B01G0032270.1	TGA	171
DexiUA01G0019810.1	TGA	1454
Dexi4A01G0021260.1	TGA	96
Dexi5B01G0018240.1	TAA	315
Dexi8B01G0011630.1	TGA	72
Dexi2B01G0035130.1	TGA	108
Dexi1B01G0007450.1	TGA	321
Dexi2A01G0000870.1	TGA	69
Dexi6A01G0011460.1	TAG	34
Dexi1A01G0004400.1	TAG	264
Dexi9A01G0002170.1	TGA	6
Dexi1A01G0019570.1	TAG	20
Dexi3A01G0000850.1	TAA	8
Dexi7A01G0023510.1	TAA	192
Dexi2A01G0035340.1	TGA	2606
Dexi9A01G0034310.1	TGA	81
Dexi7B01G0017500.1	TGA	81
Dexi2A01G0010950.1	TGA	90
Dexi3B01G0013420.1	TGA	12
Dexi5A01G0024790.1	TGA	249
Dexi9A01G0026950.1	TAG	204
Dexi4A01G0006890.1	TGA	330
Dexi6B01G0010990.1	TAG	3
Dexi3A01G0026850.1	TGA	32
Dexi5B01G0034760.1	TGA	189
Dexi2B01G0028350.1	TAG	132
Dexi6B01G0009520.1	TAG	11
Dexi1B01G0008800.1	TGA	135
Dexi5B01G0018670.1	TGA	57
Dexi1B01G0009630.1	TAA	234
Dexi5B01G0005640.1	TAG	195
Dexi8A01G0002570.1	TAA	1686
Dexi3A01G0024410.1	TAG	267
Dexi3B01G0001640.1	TGA	192
Dexi7B01G0024730.1	TAA	207
Dexi3B01G0031850.1	TAG	2154
Dexi4A01G0014780.1	TAG	160
Dexi1B01G0009770.1	TGA	775
Dexi3A01G0026520.1	TGA	27
Dexi8A01G0007780.1	TGA	132
Dexi9B01G0004210.1	TGA	7752
Dexi1A01G0017610.1	TGA	15
Dexi4A01G0008990.1	TGA	42
Dexi5A01G0010070.1	TGA	195
Dexi5A01G0033730.1	TGA	111
Dexi7B01G0017070.1	TGA	199
Dexi9A01G0021310.1	TGA	357
Dexi5A01G0017900.1	TAG	48
Dexi5A01G0026780.1	TGA	12
Dexi9A01G0000510.2	TAG	64
Dexi1A01G0006130.1	TAA	564
Dexi6B01G0000630.1	TAG	156
Dexi3B01G0037900.1	TGA	3
Dexi5B01G0002860.1	TGA	126
Dexi5A01G0011400.1	TGA	48
Dexi6B01G0012640.1	TGA	70
Dexi2A01G0026620.1	TAG	228
Dexi7B01G0014630.1	TGA	3
Dexi8A01G0006110.1	TGA	342
Dexi3B01G0021120.1	TGA	107
Dexi5A01G0020700.1	TGA	39
Dexi3A01G0017600.1	TAA	14
DexiUA01G0011360.1	TGA	40
Dexi5B01G0024940.1	TAA	12
Dexi5B01G0031170.1	TGA	247
Dexi7A01G0006290.1	TAG	11
Dexi4B01G0022590.1	TGA	90
Dexi9A01G0012130.1	TAA	132
Dexi2B01G0000820.1	TAG	7
Dexi3B01G0031020.1	TAG	190
Dexi6B01G0002930.1	TGA	259
Dexi4A01G0001920.1	TGA	50
Dexi7B01G0003310.1	TAA	7647
Dexi6A01G0007080.1	TAA	189
Dexi9A01G0006590.1	TGA	171
Dexi9A01G0009540.1	TAG	333
Dexi9B01G0038960.1	TGA	16
Dexi6A01G0011750.1	TAG	35
Dexi3A01G0021030.1	TGA	52
Dexi7B01G0016380.1	TAA	1753
Dexi2B01G0009910.1	TAA	51
Dexi9B01G0016160.1	TGA	92
Dexi9B01G0011240.1	TGA	50
Dexi5B01G0027890.1	TAA	114
Dexi7B01G0007270.1	TGA	203
Dexi5A01G0003990.1	TGA	18
Dexi5B01G0018190.1	TGA	30
Dexi6A01G0012740.1	TGA	225
Dexi5A01G0021530.1	TGA	38
Dexi2A01G0019330.1	TAA	1704
Dexi9A01G0045780.1	TGA	180
Dexi2B01G0020220.1	TAG	36
Dexi1A01G0018820.1	TAG	82
Dexi2B01G0015900.1	TGA	3
Dexi3B01G0018970.1	TGA	2132
Dexi2A01G0014960.1	TAG	24
Dexi6A01G0002230.1	TGA	66
Dexi5A01G0015160.1	TGA	604
Dexi8A01G0005910.1	TGA	264
Dexi4B01G0004400.1	TAA	3216
DexiUA01G0003490.1	TAG	524
Dexi7B01G0016490.1	TGA	327
Dexi5B01G0004980.1	TGA	2025
Dexi1A01G0020020.1	TAA	163
Dexi5A01G0017580.1	TGA	6
Dexi2A01G0000890.1	TAG	7
Dexi5A01G0037120.1	TAA	102
Dexi1B01G0003510.1	TGA	111
Dexi2A01G0012860.1	TGA	6
DexiUA01G0014390.1	TGA	3
Dexi3A01G0009030.1	TGA	857
Dexi7B01G0018030.1	TAG	171
Dexi8A01G0001890.1	TGA	195
Dexi5A01G0039250.1	TAG	333
Dexi5A01G0021420.1	TAA	108
Dexi5A01G0021420.2	TAA	108
Dexi5A01G0032100.1	TAG	114
Dexi3A01G0031880.1	TAA	1259
Dexi9A01G0035610.1	TAG	135
Dexi2A01G0019020.1	TAA	3644
Dexi2B01G0030430.1	TGA	103
Dexi3B01G0009610.2	TGA	70
Dexi7A01G0024200.1	TAA	207
Dexi6A01G0007220.1	TAA	54
Dexi3A01G0018200.1	TGA	234
Dexi7A01G0011680.1	TGA	117
Dexi4A01G0011650.1	TGA	21
Dexi3B01G0023840.2	TAG	104
Dexi1A01G0011860.1	TGA	97
Dexi6A01G0021360.1	TGA	192
Dexi9A01G0010720.2	TAA	29
Dexi9A01G0010720.1	TAA	29
Dexi5A01G0033640.1	TAG	16
Dexi7A01G0023350.1	TGA	5022
Dexi1B01G0007550.1	TGA	198
Dexi3A01G0024360.1	TGA	135
Dexi5B01G0024810.1	TGA	129
Dexi3B01G0031170.1	TGA	57
Dexi5B01G0037050.1	TAA	102
Dexi5A01G0016680.1	TAA	42
Dexi5B01G0005180.1	TGA	4442
Dexi3B01G0027680.1	TAA	1967
Dexi4B01G0021450.1	TAG	165
Dexi9A01G0032890.1	TGA	22
Dexi3B01G0007840.1	TAG	12
Dexi3B01G0010140.1	TAG	139
Dexi6B01G0004810.1	TAA	105
Dexi5B01G0032440.1	TGA	24
Dexi2B01G0017360.1	TAA	72
Dexi5A01G0039540.1	TGA	549
Dexi5A01G0035200.1	TAG	725
Dexi2A01G0035240.1	TGA	285
Dexi2B01G0022530.1	TGA	639
Dexi2A01G0005290.1	TGA	381
Dexi9A01G0002500.1	TAA	375
Dexi9A01G0011960.1	TAA	29
Dexi5A01G0036740.1	TAG	237
Dexi9A01G0023360.1	TGA	150
DexiUA01G0012330.1	TAG	1553
Dexi8A01G0015970.1	TGA	45
DexiUA01G0015780.1	TGA	57
Dexi1B01G0009750.1	TGA	433
Dexi6B01G0010750.1	TAG	17
Dexi5A01G0019030.1	TAG	205
Dexi5A01G0021220.1	TAG	62
Dexi3B01G0031090.1	TGA	30
Dexi9B01G0004230.1	TGA	323
Dexi5B01G0000350.1	TGA	221
Dexi9B01G0011990.1	TAA	288
DexiUA01G0015570.1	TGA	3
Dexi5B01G0039400.1	TAA	33
Dexi1B01G0010170.1	TAG	231
Dexi8A01G0013400.1	TGA	9
Dexi8B01G0008050.1	TGA	129
Dexi5B01G0033810.1	TAG	20
Dexi2A01G0004240.1	TAA	660
Dexi3A01G0032640.1	TAA	46
Dexi3A01G0007350.1	TGA	444
Dexi2A01G0015180.1	TAG	312
Dexi9A01G0032910.1	TGA	2886
Dexi2B01G0030660.1	TAG	171
Dexi9B01G0021730.1	TGA	52
Dexi3B01G0027900.1	TAG	150
Dexi5B01G0018510.1	TGA	8
Dexi6A01G0012790.1	TAG	3
Dexi2A01G0021660.1	TAG	36
Dexi1A01G0024060.1	TAG	354
Dexi5A01G0021210.1	TGA	45
Dexi2B01G0013650.1	TAA	264
Dexi2B01G0030970.1	TAA	25
Dexi7B01G0024170.1	TGA	129
Dexi9B01G0010260.1	TAA	27
Dexi1A01G0017830.1	TAG	264
Dexi7A01G0018020.1	TGA	42
Dexi6B01G0014890.1	TGA	187
Dexi9A01G0028790.1	TGA	147
Dexi9B01G0031740.1	TAG	147
Dexi2A01G0001690.1	TAA	54
Dexi4A01G0016090.1	TAA	525
Dexi7A01G0010420.1	TGA	273
Dexi2B01G0033930.1	TGA	32
Dexi3B01G0011890.1	TGA	411
Dexi9B01G0024940.1	TGA	81
Dexi3B01G0004000.1	TGA	134
Dexi4B01G0014820.1	TGA	3
Dexi4A01G0024370.1	TGA	310
Dexi5A01G0030320.1	TGA	123
Dexi5A01G0006480.1	TGA	45
Dexi2A01G0018730.1	TGA	6
Dexi9A01G0041920.1	TAA	132
Dexi4B01G0018420.1	TGA	46
DexiUA01G0009050.1	TGA	75
Dexi9A01G0026270.1	TGA	6
Dexi7A01G0005520.1	TAG	1134
Dexi2A01G0015560.1	TAG	3251
Dexi2B01G0010830.1	TAA	264
Dexi1B01G0014850.1	TGA	59
Dexi1A01G0030230.1	TGA	72
Dexi9B01G0018680.1	TGA	793
Dexi9B01G0002360.1	TGA	4026
Dexi1A01G0010950.1	TAA	157
Dexi2B01G0023100.1	TGA	44
Dexi8A01G0013090.1	TAA	186
Dexi5A01G0008240.1	TGA	46
Dexi4B01G0023690.1	TGA	76
Dexi4B01G0023690.2	TGA	76
Dexi6A01G0016960.1	TAA	629
Dexi8B01G0014610.1	TAG	177
Dexi1A01G0028240.1	TAA	300
Dexi1A01G0015980.1	TGA	38
DexiUA01G0006400.1	TAG	192
Dexi8B01G0012450.1	TAA	195
Dexi9A01G0023470.1	TAG	327
Dexi9A01G0004220.1	TAG	104
Dexi8A01G0004380.1	TGA	57
Dexi9B01G0015000.1	TGA	1017
Dexi2B01G0034410.1	TGA	105
Dexi5B01G0004070.1	TGA	18
Dexi6B01G0009860.1	TGA	33
Dexi3B01G0017050.1	TGA	123
Dexi3B01G0026530.1	TAA	44
Dexi3B01G0026980.1	TGA	105
Dexi2A01G0027950.1	TGA	9
Dexi5B01G0016620.1	TGA	219
Dexi5A01G0016310.1	TGA	219
Dexi7B01G0002800.1	TGA	119
Dexi5B01G0023790.1	TAA	9
Dexi4A01G0012790.1	TGA	5
Dexi5A01G0031990.1	TAG	131
Dexi1A01G0030300.1	TGA	480
Dexi4B01G0006020.1	TGA	18
Dexi2B01G0011780.1	TGA	1197
Dexi2A01G0005330.1	TGA	36
Dexi7B01G0002450.1	TGA	51
Dexi9B01G0044770.1	TAG	246
Dexi8B01G0014180.1	TGA	45
Dexi3B01G0027190.1	TAG	214
Dexi5A01G0014730.1	TGA	10941
Dexi2B01G0018930.1	TGA	55
Dexi5B01G0034460.1	TGA	16
DexiUA01G0004820.1	TAA	192
Dexi2B01G0029830.1	TGA	153
Dexi6A01G0013870.1	TGA	915
Dexi9B01G0043710.1	TGA	218
Dexi6A01G0016580.1	TAG	227
Dexi5B01G0039210.1	TAA	363
Dexi8B01G0000760.1	TGA	38
Dexi5A01G0018400.1	TGA	87
Dexi9B01G0016370.1	TAA	81
Dexi7B01G0012010.1	TGA	174
Dexi5A01G0012460.1	TGA	174
Dexi5A01G0010170.1	TGA	6
DexiUA01G0009240.1	TGA	47
DexiUA01G0027310.1	TGA	36
Dexi9B01G0045100.1	TGA	261
Dexi1B01G0010050.1	TAA	1434
Dexi6A01G0006610.1	TGA	45
Dexi9A01G0037430.1	TAA	588
Dexi9A01G0036420.1	TGA	411
Dexi3B01G0018680.1	TGA	108
Dexi6A01G0001010.1	TGA	618
Dexi2A01G0018530.1	TAA	72
Dexi2A01G0010990.1	TGA	53
Dexi2B01G0012090.1	TGA	6
Dexi8A01G0012920.1	TGA	72
Dexi3A01G0022310.2	TAG	32
Dexi1B01G0005420.1	TAG	180
DexiUA01G0027600.1	TAA	1131
Dexi5A01G0013670.1	TAG	50
Dexi1B01G0027240.1	TAA	300
Dexi9A01G0022320.1	TGA	52
Dexi5A01G0029230.1	TAG	105
Dexi9B01G0015380.1	TAG	66
Dexi2B01G0010860.1	TAG	136
DexiUA01G0020820.1	TGA	609
Dexi9B01G0035410.1	TGA	260
Dexi9B01G0006500.1	TGA	198
Dexi2A01G0013480.1	TAA	564
Dexi9A01G0037770.1	TAA	618
Dexi7A01G0023560.1	TGA	44
Dexi2B01G0000330.1	TGA	9
Dexi6A01G0016850.2	TGA	133
Dexi6B01G0019860.1	TGA	6
Dexi5B01G0035010.1	TGA	6
Dexi1B01G0009570.1	TAG	241
Dexi8B01G0010370.1	TGA	400
Dexi3B01G0008450.1	TGA	129
Dexi5A01G0008130.1	TAG	111
Dexi2A01G0012750.1	TAG	162
DexiUA01G0018090.1	TGA	384
Dexi1B01G0016670.1	TAG	264
Dexi3B01G0011560.1	TGA	114
Dexi8B01G0002190.1	TAG	81
Dexi9B01G0004820.1	TAG	24
Dexi5B01G0001330.1	TAA	21
Dexi7A01G0011220.1	TGA	174
Dexi3B01G0008330.1	TGA	3
Dexi3B01G0018720.1	TGA	1790
DexiUA01G0022710.1	TAA	194
Dexi1B01G0013140.1	TAG	5555
Dexi2B01G0013770.1	TAG	360
Dexi3A01G0016600.1	TAG	303
Dexi7B01G0006730.1	TAG	108
Dexi9A01G0017630.1	TGA	56
Dexi7B01G0013900.1	TGA	1197
Dexi3A01G0008570.1	TGA	60
Dexi9A01G0036750.1	TGA	41
