ONK54739	TGA	0
ONK54878	TGA	0
ONK54935	TGA	0
ONK54938	TAG	0
ONK55254	TGA	0
ONK55689	TAG	0
ONK56338	TAA	0
ONK56387	TGA	0
ONK56441	TGA	0
ONK56483	TAG	0
ONK56528	TGA	0
ONK56535	TGA	0
ONK56597	TGA	0
ONK56700	TGA	0
ONK56894	TGA	0
ONK56973	TAA	0
ONK57084	TAA	0
ONK57251	TAA	0
ONK57346	TAA	0
ONK57373	TAG	0
ONK57554	TGA	0
ONK57923	TAG	0
ONK58189	TAG	0
ONK58384	TAG	0
ONK58400	TAA	0
ONK58460	TGA	0
ONK58535	TGA	0
ONK62143	TGA	0
ONK62151	TAG	0
ONK62463	TAG	0
ONK62784	TGA	0
ONK62786	TGA	0
ONK62787	TGA	0
ONK63091	TAA	0
ONK63155	TAG	0
ONK63169	TGA	0
ONK63342	TAG	0
ONK63718	TAG	0
ONK63772	TAG	0
ONK63781	TAA	0
ONK63922	TAG	0
ONK64205	TGA	0
ONK64394	TGA	0
ONK64483	TGA	0
ONK64491	TAA	0
ONK64573	TGA	0
ONK64601	TGA	0
ONK64682	TAG	0
ONK64789	TAG	0
ONK65001	TAG	0
ONK65095	TAG	0
ONK65137	TGA	0
ONK65595	TAA	0
ONK65785	TGA	0
ONK65786	TAA	0
ONK66551	TAG	0
ONK66850	TGA	0
ONK66906	TAG	0
ONK66963	TAG	0
ONK67111	TAA	0
ONK68471	TAA	0
ONK68584	TAA	0
ONK68589	TGA	0
ONK68622	TGA	0
ONK68690	TAG	0
ONK68780	TAG	0
ONK69005	TAA	0
ONK69110	TAG	0
ONK69388	TAA	0
ONK69555	TGA	0
ONK69589	TAG	0
ONK69647	TAA	0
ONK70477	TGA	0
ONK70695	TGA	0
ONK71534	TGA	0
ONK71959	TGA	0
ONK72224	TGA	0
ONK72641	TAG	0
ONK72688	TGA	0
ONK72766	TGA	0
ONK72889	TAA	0
ONK72892	TGA	0
ONK72960	TGA	0
ONK72964	TGA	0
ONK72971	TAG	0
ONK72992	TGA	0
ONK73005	TGA	0
ONK73237	TAA	0
ONK73250	TAA	0
ONK73283	TGA	0
ONK73349	TAA	0
ONK73489	TGA	0
ONK73543	TAA	0
ONK73948	TGA	0
ONK74412	TAA	0
ONK74495	TGA	0
ONK74863	TAA	0
ONK75085	TGA	0
ONK75236	TGA	0
ONK75703	TGA	0
ONK75717	TAA	0
ONK75914	TAA	0
ONK76061	TGA	0
ONK76204	TAA	0
ONK76213	TAA	0
ONK76263	TAA	0
ONK76584	TAA	0
ONK76665	TAG	0
ONK77130	TAG	0
ONK77742	TAA	0
ONK77762	TAG	0
ONK77782	TAG	0
ONK77926	TAA	0
ONK77965	TGA	0
ONK78100	TAA	0
ONK78237	TAA	0
ONK78265	TGA	0
ONK78525	TGA	0
ONK78783	TAG	0
ONK79921	TAG	0
ONK80031	TGA	0
ONK80206	TAA	0
ONK80454	TAA	0
ONK80475	TGA	0
ONK80487	TAA	0
ONK80488	TAA	0
ONK80519	TGA	0
ONK80903	TGA	0
ONK80918	TAG	0
ONK81123	TAA	0
ONK81394	TGA	0
ONK81395	TAG	0
ONK81713	TGA	0
