CRE27177.1	TAA	96
CRE01828.1	TGA	267
CRE01828.2	TGA	301
CRE02222.1	TAA	83
CRE01831.1	TGA	108
CRE18832.1	TAA	80
CRE18833.1	TGA	384
CRE18481.1	TGA	167
CRE18483.1	TAA	115
CRE02152.1	TAG	45
CRE03642.1	TAA	334
CRE30702.1	TAA	181
CRE30960.1	TAA	41
CRE30701.1	TAA	195
CRE00719.1	TAG	166
CRE17069.1	TAA	278
CRE29432.1	TAG	82
CRE21921.1	TAG	272
CRE07001.1	TAG	388
CRE07000.1	TAA	243
CRE09090.1	TGA	214
CRE26365.1	TAA	129
CRE26366.1	TAG	205
CRE10560.1	TAA	47
CRE12590.1	TAA	281
CRE26378.1	TAG	220
CRE26379.1	TGA	19
CRE03852.1	TAA	3
CRE03654.1	TAG	157
CRE00510.1	TAA	46
CRE00508.1	TGA	86
CRE03271.1	TAA	360
CRE18673.1	TGA	280
CRE18086.1	TAG	33
CRE18046.1	TAA	133
CRE18088.1	TGA	93
CRE16752.1	TGA	35
CRE23620.1	TAA	297
CRE15382.1	TAA	229
CRE15286.1	TAA	28
CRE20319.1	TGA	134
CRE25344.1	TGA	171
CRE25617.1	TAA	342
CRE26487.1	TGA	635
CRE26138.1	TAA	182
CRE04635.1	TAA	226
CRE04844.1	TAG	184
CRE04844.2	TAG	105
CRE04633.1	TAA	115
CRE05232.1	TAA	175
CRE25810.1	TAA	164
CRE25809.1	TGA	97
CRE08076.1	TAA	16
CRE11882.1	TAA	55
CRE11721.1	TAA	36
CRE11878.1	TAA	104
CRE22221.1	TAA	266
CRE28814.1	TAA	198
CRE06124.1	TAG	108
CRE06125.1	TAA	599
CRE01283.1	TAA	344
CRE01280.1	TGA	25
CRE02041.1	TAA	335
CRE02046.1	TAA	133
CRE02045.1	TAA	252
CRE26475.1	TGA	837
CRE14871.1	TAA	87
CRE25556.1	TGA	191
CRE03963.1	TGA	152
CRE03749.1	TAA	177
CRE03962.1	TAA	46
CRE03751.1	TAA	255
CRE03750.1	TAG	24
CRE03961.1	TAA	41
CRE25553.1	TAA	85
CRE01059.1	TGA	287
CRE01059.2	TGA	287
CRE00969.1	TAA	106
CRE14541.1	TGA	80
CRE21212.1	TAA	120
CRE11827.1	TAG	47
CRE29961.1	TAA	122
CRE06890.1	TAA	60
CRE06833.1	TGA	254
CRE31139.1	TAA	134
CRE15463.1	TAG	435
CRE15527.2	TAA	122
CRE15527.3	TAA	80
CRE15527.1	TAA	81
CRE02313.1	TAA	87
CRE07332.1	TAA	30
CRE05885.1	TAG	115
CRE05827.1	TGA	303
CRE05884.1	TAA	226
CRE05886.1	TAG	61
CRE13466.1	TAA	147
CRE13466.2	TAA	68
CRE01004.1	TAA	191
CRE17266.1	TAA	150
CRE18508.1	TAG	152
CRE21036.1	TAA	62
CRE19259.1	TAA	219
CRE19179.1	TAA	230
CRE26321.1	TAA	110
CRE19704.1	TAA	270
CRE15176.1	TGA	732
CRE24446.1	TAA	56
CRE01990.1	TGA	249
CRE01991.1	TGA	249
CRE02014.1	TAA	49
CRE02015.1	TAG	85
CRE22326.1	TAG	141
CRE03012.1	TGA	161
CRE28123.1	TAA	384
CRE12343.1	TAA	177
CRE13160.1	TAA	70
CRE12342.1	TAA	160
CRE12347.1	TAA	179
CRE24151.1	TAA	297
CRE29860.1	TAA	40
CRE29761.1	TAA	39
CRE29553.1	TAA	136
CRE04686.1	TGA	242
CRE13882.1	TGA	378
CRE04687.1	TAA	42
CRE04500.1	TAA	72
CRE24090.1	TGA	221
CRE24342.1	TGA	71
CRE04903.1	TAA	345
CRE20765.1	TAG	112
CRE24986.1	TGA	63
CRE24760.1	TGA	117
CRE27096.1	TAA	249
CRE27093.1	TAA	171
CRE27401.1	TAA	151
CRE02082.1	TAA	65
CRE01690.1	TAG	131
CRE25482.1	TAA	55
CRE25489.1	TAG	183
CRE00768.1	TAA	112
CRE00770.1	TGA	56
CRE07424.1	TAG	74
CRE28044.1	TAG	395
CRE28379.1	TAA	115
CRE11521.1	TAA	132
CRE18729.1	TAA	83
CRE19083.1	TAA	216
CRE19077.1	TAG	64
CRE22121.1	TAG	89
CRE22109.1	TAA	87
CRE31535.1	TGA	125
CRE30788.1	TAG	135
CRE08069.1	TAA	24
CRE06571.1	TAA	10
CRE20194.1	TGA	204
CRE02214.1	TGA	75
CRE28000.1	TAA	75
CRE12583.1	TGA	116
CRE03917.1	TAG	46
CRE03920.2	TGA	29
CRE03920.1	TGA	29
CRE17149.1	TAA	94
CRE18943.1	TAG	267
CRE18944.1	TGA	99
CRE27202.1	TGA	178
CRE19283.1	TAA	190
CRE27574.1	TAA	90
CRE19934.1	TAA	45
CRE29824.1	TAA	512
CRE29825.1	TAG	3
CRE29604.1	TAA	92
CRE29822.1	TAA	43
CRE20203.1	TGA	91
CRE25101.1	TAA	155
CRE25100.1	TAG	137
CRE25099.1	TAA	31
CRE25389.1	TAA	38
CRE13265.1	TGA	198
CRE28621.1	TAG	73
CRE20429.1	TAA	411
CRE11853.1	TGA	457
CRE11852.1	TAG	355
CRE09891.1	TGA	41
CRE26558.1	TAA	173
CRE08251.1	TGA	111
CRE14116.1	TGA	49
CRE14164.1	TAA	109
CRE05499.1	TAG	90
CRE26278.1	TAA	145
CRE11384.1	TAA	238
CRE10947.1	TAA	70
CRE16161.1	TGA	231
CRE00430.1	TAA	308
CRE10297.1	TAA	21
CRE01855.1	TAA	103
CRE01858.1	TAA	346
CRE02247.1	TAG	50
CRE02248.1	TAA	89
CRE28688.1	TGA	188
CRE28781.1	TAA	190
CRE28781.2	TAA	111
CRE28780.1	TAA	49
CRE25459.1	TAA	93
CRE03327.1	TAA	75
CRE04712.1	TAA	50
CRE14105.1	TGA	86
CRE08741.1	TGA	50
CRE28281.1	TGA	77
CRE24963b.1	TAA	88
CRE24963a.1	TAA	88
CRE05206.1	TAA	277
CRE05224.1	TGA	188
CRE29359.1	TAA	70
CRE27139.2	TAA	136
CRE27139.1	TAA	140
CRE12775.1	TAA	30
CRE14238.1	TGA	339
CRE30669.1	TGA	147
CRE30927.1	TAA	448
CRE26136.1	TAA	39
CRE13964.1	TAA	176
CRE14055.1	TAA	221
CRE04794.1	TAA	40
CRE22405.1	TAA	715
CRE28174.1	TAG	128
CRE15597.1	TAA	162
CRE13798.1	TAA	119
CRE15599.1	TAA	187
CRE13728.1	TAA	26
CRE13706.1	TAA	236
CRE26345.1	TAA	116
CRE21655.1	TAA	85
CRE12834.1	TGA	112
CRE00383.1	TAA	47
CRE01016.1	TAA	253
CRE13453.1	TGA	297
CRE01017.1	TAA	61
CRE13456.1	TAG	30
CRE16693.1	TAA	270
CRE25154.1	TAA	125
CRE15266.1	TAA	106
CRE01807.1	TGA	43
CRE25434.1	TAA	9
CRE25135.1	TGA	44
CRE09731.1	TGA	278
CRE03766.1	TAA	66
CRE20708.1	TAA	81
CRE20777.1	TAA	463
CRE20706.1	TAA	181
CRE11014.1	TGA	80
CRE08078.1	TAA	35
CRE02956.1	TAA	157
CRE02957.1	TAA	111
CRE03166.1	TAA	72
CRE02958.1	TGA	113
CRE29728.1	TAG	310
CRE29726.1	TAA	54
CRE06847.1	TAA	99
CRE19185.1	TAA	41
CRE09908.1	TGA	191
CRE22660.1	TGA	148
CRE07666.1	TAA	67
CRE05245.1	TAG	109
CRE07801.1	TGA	26
CRE17133.1	TGA	142
CRE11720.1	TAA	86
CRE11722.1	TAG	387
CRE30580.1	TAA	71
CRE22485.1	TAA	275
CRE18116.1	TAA	18
CRE27466.1	TAA	357
CRE18455.1	TAA	208
CRE19166.1	TGA	337
CRE19236.1	TGA	170
CRE19169.1	TAA	78
CRE28197.1	TAA	65
CRE04308.1	TAA	210
CRE02007.1	TGA	3
CRE17082.1	TAA	259
CRE08812.1	TGA	88
CRE01306.1	TAA	74
CRE05741.1	TAA	323
CRE28096.1	TAA	164
CRE00499.1	TAA	490
CRE03667.1	TAA	637
CRE03876.1	TAG	597
CRE03675.1	TAA	260
CRE04924.1	TGA	93
CRE28747.1	TAG	103
CRE15579.1	TGA	196
CRE15578.1	TAA	95
CRE07443.1	TAA	111
CRE20685.1	TAA	129
CRE20742.1	TAA	245
CRE14282.1	TAA	107
CRE14280.1	TAA	230
CRE24774.1	TAA	82
CRE11905.1	TGA	317
CRE29917.1	TAA	171
CRE11283.1	TAA	198
CRE27070.1	TAG	150
CRE27078.1	TGA	437
CRE01317.1	TAA	242
CRE24010.1	TAG	54
CRE24012.1	TAG	171
CRE24011.1	TAA	316
CRE18219.1	TGA	69
CRE18218.1	TGA	128
CRE01653.1	TGA	87
CRE26492.1	TGA	25
CRE26493.1	TAA	239
CRE20193.1	TAA	30
CRE28217.1	TAA	125
CRE28523.1	TGA	419
CRE09094.1	TGA	190
CRE31065.1	TAA	116
CRE03975.1	TGA	118
CRE03761.1	TAA	280
CRE03973.1	TAA	220
CRE03972.1	TAG	94
CRE12616.1	TAA	192
CRE09877.1	TAA	109
CRE24655.1	TAG	244
CRE24654.1	TGA	345
CRE00948.1	TAA	107
CRE05888.1	TAA	265
CRE05832.1	TAA	202
CRE30589.1	TAA	446
CRE23240.1	TAA	210
CRE13375.1	TAA	37
CRE13377.1	TGA	238
CRE02894.1	TGA	63
CRE03929.1	TAA	107
CRE29897.1	TAG	36
CRE29901.1	TAA	134
CRE29898.1	TGA	187
CRE23710.1	TAA	17
CRE12720.1	TAA	129
CRE29448.1	TAA	59
CRE29452.1	TAA	260
CRE29451.1	TAA	78
CRE27329.1	TAA	264
CRE25004.1	TAA	89
CRE24996.1	TAA	41
CRE15215.1	TAA	135
CRE27502.1	TAA	117
CRE14149.1	TAA	314
CRE27199.1	TGA	388
CRE27199.2	TGA	388
CRE01750.1	TAA	216
CRE25380.1	TAG	63
CRE25379.1	TGA	123
CRE25085.1	TAA	51
CRE00673.1	TAG	210
CRE00201.1	TAA	211
CRE30999.1	TAA	74
CRE31005.1	TAG	306
CRE30741.1	TAA	71
CRE21837.1	TAA	180
CRE21772.1	TAG	35
CRE08049.1	TAA	173
CRE08150.1	TAA	91
CRE08060.1	TAA	106
CRE29708.1	TAA	308
CRE29482.1	TAG	216
CRE03153.1	TGA	117
CRE19515.1	TGA	14
CRE10853.1	TGA	43
CRE03020.1	TGA	127
CRE27092.1	TAG	611
CRE30056.1	TAG	113
CRE30100.1	TAA	269
CRE22206.1	TAA	105
CRE04052.1	TAA	297
CRE29789.1	TGA	95
CRE29581.1	TGA	154
CRE22184.1	TAA	178
CRE28601.1	TGA	119
CRE20819.1	TGA	341
CRE14252.1	TAA	30
CRE14253.1	TAG	696
CRE14257.1	TAA	185
CRE14921.1	TGA	202
CRE21149.1	TAA	79
CRE25735.1	TAG	133
CRE25669.1	TAA	132
CRE20436.1	TAA	11
CRE20409.1	TGA	272
CRE20408.1	TAG	377
CRE29650.1	TAA	231
CRE29649.1	TAG	653
CRE22807.1	TAA	201
CRE32639.1	TAA	83
CRE21126.1	TAA	12
CRE27126.1	TAA	57
CRE24955.1	TAA	375
CRE26711.1	TAA	37
CRE15400.1	TAA	337
CRE20352.1	TAA	146
CRE20355.1	TGA	292
CRE20356.1	TAA	283
CRE04407.1	TAA	149
CRE00787.1	TAA	196
CRE29064.2	TAA	66
CRE29064.1	TAA	71
CRE31138.1	TAA	106
CRE14187.1	TGA	471
CRE28607.1	TAA	348
CRE04846.1	TGA	130
CRE28835.1	TGA	246
CRE12618.1	TAA	56
CRE30763.1	TAG	120
CRE11714.1	TAA	67
CRE06343.1	TGA	19
CRE24214.1	TAA	241
CRE03610.1	TAA	437
CRE26806.1	TAA	381
CRE10220.1	TAA	36
CRE26455.1	TAA	164
CRE26185.1	TAA	115
CRE26458.1	TAA	101
CRE26459.1	TGA	28
CRE05458.1	TAA	178
CRE05666.1	TAG	318
CRE05463.1	TAG	386
CRE28201.1	TAG	114
CRE00557.1	TAA	24
CRE00553.1	TAA	424
CRE00083.1	TAA	107
CRE00085.1	TAA	178
CRE06686.1	TAA	115
CRE14632.1	TAA	22
CRE00892.1	TAA	39
CRE00401.1	TAA	432
CRE24295.1	TAA	114
CRE08118.1	TAA	79
CRE08117.1	TAG	267
CRE01107.1	TAA	82
CRE01106.1	TAG	184
CRE01035.1	TAA	20
CRE01036.1	TGA	338
CRE01104.1	TAG	146
CRE15489.1	TGA	121
CRE18601.1	TAA	49
CRE01886.1	TAG	152
CRE01887.1	TAA	109
CRE01884.1	TAA	269
CRE15755.1	TAA	353
CRE12492.1	TAA	70
CRE25104.1	TAA	42
CRE25393.1	TAA	94
CRE25391.1	TGA	32
CRE07078.1	TGA	69
CRE04326.1	TGA	72
CRE11664.1	TGA	233
CRE11837.1	TAA	74
CRE26063.1	TAA	47
CRE26402.1	TAA	41
CRE15896.1	TAA	278
CRE16061.1	TGA	91
CRE08250.1	TGA	19
CRE05521.1	TAA	59
CRE00624.1	TAA	124
CRE19659.1	TAA	43
CRE29647.1	TAA	244
CRE08036.1	TGA	90
CRE16227.1	TAA	472
CRE16171.1	TGA	96
CRE16229.1	TAG	53
CRE13504.1	TAG	139
CRE13505.1	TAG	423
CRE13506.1	TGA	339
CRE05000.1	TAA	65
CRE10108.1	TAA	15
CRE10271.1	TGA	101
CRE10109.1	TAA	34
CRE24673.1	TAG	173
CRE24647.1	TGA	181
CRE16723.1	TGA	121
CRE19400.1	TAA	105
CRE19363.1	TAA	266
CRE04519.1	TAA	282
CRE04520.1	TAA	102
CRE04705.1	TAG	201
CRE24908.1	TGA	175
CRE10672.1	TAA	293
CRE21190.1	TAA	91
CRE04992.1	TAA	308
CRE19441.1	TAA	111
CRE25515.1	TGA	101
CRE25217.1	TGA	157
CRE25219.1	TGA	90
CRE25512.1	TAG	185
CRE20248.1	TAA	157
CRE20349.1	TGA	147
CRE15453.1	TGA	53
CRE26399.1	TAA	30
CRE04603.1	TAA	68
CRE22288.2	TGA	8
CRE22288.1	TGA	8
CRE08297.1	TAA	80
CRE13102.1	TAG	141
CRE30121.1	TAG	154
CRE30121.2	TAG	154
CRE27727.1	TAA	127
CRE27765.1	TAG	95
CRE27766.1	TAA	148
CRE27728.1	TAA	242
CRE27726.1	TAA	93
CRE15791.1	TAA	37
CRE21579.1	TAG	272
CRE12468.1	TAA	226
CRE12644.1	TAA	29
CRE12644.2	TAA	39
CRE12645.1	TAA	442
CRE29830.1	TAA	21
CRE10844.1	TGA	546
CRE20748.1	TGA	193
CRE10982.1	TGA	156
CRE00986.1	TAG	108
CRE20497.1	TAA	381
CRE00357.1	TAA	112
CRE19380.1	TAA	71
CRE16794.1	TAA	226
CRE07233.1	TAA	24
CRE12079.1	TAA	175
CRE21523.1	TAA	289
CRE25977.1	TGA	111
CRE30157.1	TAA	290
CRE11034.1	TAA	11
CRE08023.1	TAA	31
CRE08168.1	TAA	45
CRE29740.1	TGA	136
CRE14174.1	TAA	233
CRE09663.1	TAA	63
CRE09648.1	TAA	165
CRE30842.1	TAA	135
CRE31089.1	TAA	85
CRE19323.1	TGA	143
CRE19655.1	TAA	74
CRE06463.1	TAA	50
CRE01962.1	TGA	124
CRE01961.1	TAA	252
CRE01566.1	TAA	116
CRE01567.1	TAA	299
CRE21888.1	TAA	59
CRE06815.1	TAA	309
CRE06749.1	TAA	92
CRE03547.1	TAA	40
CRE01861.1	TAA	60
CRE02254.1	TAA	107
CRE01860.1	TAA	157
CRE01862.1	TAA	171
CRE25352.1	TGA	63
CRE29873.1	TGA	71
CRE04763.1	TAG	151
CRE00993.1	TGA	85
CRE28494.1	TAG	13
CRE16461.1	TAA	73
CRE16454.1	TAA	447
CRE04131.1	TAA	65
CRE31586.2	TAG	277
CRE31586.1	TAG	302
CRE24737.1	TAA	175
CRE24738.1	TAA	98
CRE00915.1	TAA	138
CRE04753.1	TAA	671
CRE11118.1	TAA	51
CRE01559.1	TGA	216
CRE01946.1	TAA	303
CRE01947.1	TAA	86
CRE01561.1	TAA	105
CRE01951.1	TAA	68
CRE03682.1	TAA	99
CRE03880.1	TAG	114
CRE03680.1	TAG	91
CRE31384.1	TAA	537
CRE30047.1	TAA	445
CRE15201.1	TAA	258
CRE04639a.1	TAG	196
CRE04639b.1	TAG	80
CRE03531.1	TAA	54
CRE13976.1	TAG	236
CRE12141.1	TGA	264
CRE12142.1	TGA	319
CRE12176.1	TAG	587
CRE10640.1	TAG	116
CRE10659.1	TAA	59
CRE10642.1	TGA	69
CRE07845.1	TAA	114
CRE22830.1	TAG	9
CRE07796.1	TAG	103
CRE07798.1	TAA	9
CRE12911.1	TAG	399
CRE21278.1	TAA	26
CRE27063.1	TAA	195
CRE27378.1	TAA	169
CRE25173.1	TGA	289
CRE25464.1	TAA	109
CRE00590.1	TAA	69
CRE01786.1	TAA	160
CRE01789.1	TAG	438
CRE01789.2	TAG	237
CRE01784.1	TGA	54
CRE09967.1	TAA	435
CRE09968.1	TGA	113
CRE10157.1	TGA	103
CRE26234.1	TAA	41
CRE16067.1	TAA	459
CRE15934.1	TAA	124
CRE03148.1	TGA	45
CRE02943.1	TAA	213
CRE03149.1	TAG	45
CRE28517.1	TAA	169
CRE07514.1	TAG	360
CRE07513.1	TGA	529
CRE25153.1	TAG	388
CRE13225.1	TGA	194
CRE30793.1	TAA	86
CRE01064.1	TGA	147
CRE01065.1	TGA	169
CRE02058.1	TAA	267
CRE21293.1	TAA	145
CRE17229.1	TAG	279
CRE17110.1	TAA	291
CRE27032.1	TAA	71
CRE27344.1	TAA	125
CRE27037.1	TAA	61
CRE12747.1	TAA	374
CRE12546.1	TGA	401
CRE07752.1	TGA	99
CRE18523.1	TGA	79
CRE12507.1	TGA	17
CRE13610.1	TAA	167
CRE27484.1	TGA	98
CRE27483.1	TAA	338
CRE27482.1	TAG	224
CRE27481.1	TGA	81
CRE01775.1	TAA	245
CRE01774.1	TAA	144
CRE02165.1	TAA	145
CRE02163.1	TGA	48
CRE02632.1	TAA	99
CRE02629.1	TAG	475
CRE07033.1	TAG	126
CRE16922.1	TGA	69
CRE00209.1	TAA	149
CRE02669.1	TAA	147
CRE17080.1	TAA	124
CRE17078.1	TAA	377
CRE04726.1	TAA	577
CRE04724.1	TAG	148
CRE30063.1	TAA	70
CRE04079.1	TAG	183
CRE04082.1	TGA	94
CRE19383.1	TGA	19
CRE05181.1	TAA	128
CRE05188.1	TAA	72
CRE05191.1	TAA	1
CRE29799.1	TAA	249
CRE29796.1	TAA	120
CRE29794.1	TAA	287
CRE13677.1	TAA	91
CRE26376.1	TGA	147
CRE26377.1	TAG	166
CRE12521.1	TAA	212
CRE12736.1	TAA	135
CRE26578.1	TGA	71
CRE26582.1	TGA	186
CRE26327.1	TGA	211
CRE03636.1	TAA	261
CRE03641.2	TAA	165
CRE03641.1	TAA	17
CRE25648.1	TAA	71
CRE25645.1	TAA	259
CRE10066.1	TAA	87
CRE10226.2	TGA	267
CRE10226.1	TGA	267
CRE32634.1	TGA	109
CRE32633.1	TAG	309
CRE09270.1	TAA	366
CRE27431.1	TAG	100
CRE18975.1	TGA	246
CRE22587.1	TGA	270
CRE24898.1	TAG	362
CRE24899.1	TAA	76
CRE15545.2	TAA	207
CRE15545.1	TAA	207
CRE19104.1	TGA	177
CRE18962.1	TAG	111
CRE15304.1	TAA	76
CRE15386.1	TAA	636
CRE20359.1	TAA	233
CRE20357.1	TAG	341
CRE20360.1	TAA	48
CRE20255.1	TGA	249
CRE25590.1	TAA	146
CRE25308.1	TAA	308
CRE25307.1	TAA	221
CRE10296.1	TAA	159
CRE13959.1	TGA	131
CRE14039.1	TGA	27
CRE14040.1	TAG	54
CRE13960.1	TAA	116
CRE28372.1	TGA	71
CRE10039.1	TAG	326
CRE04622.1	TAA	80
CRE04835.1	TAA	307
CRE04621.1	TGA	200
CRE30420.1	TAA	370
CRE08034.1	TGA	713
CRE21274.1	TAA	77
CRE02034.1	TGA	29
CRE01636.1	TAA	137
CRE26463.1	TAA	175
CRE05673.1	TAA	246
CRE05671.1	TAA	143
CRE05672.1	TAA	129
CRE08259.1	TAA	97
CRE31130.1	TAA	101
CRE18951.1	TGA	107
CRE18952.1	TAA	97
CRE29071.1	TAA	110
CRE24583.1	TAA	275
CRE24534.1	TAA	12
CRE20308.1	TAA	109
CRE20307.1	TGA	61
CRE20213.1	TAA	28
CRE20309.1	TGA	132
CRE21636.1	TAA	291
CRE23947.1	TAA	173
CRE13432.1	TAG	222
CRE24033.1	TAG	233
CRE23951.1	TAA	33
CRE23950.1	TGA	12
CRE23952.1	TAG	55
CRE05716.1	TAA	55
CRE18571.1	TAA	100
CRE16658.1	TAA	318
CRE00198.1	TAA	373
CRE02128.1	TAA	380
CRE02127.1	TAA	74
CRE26291.1	TAG	304
CRE00249.1	TGA	291
CRE26287.1	TGA	85
CRE05637.1	TAA	513
CRE21744.1	TAG	256
CRE01691.1	TAA	92
CRE20383.1	TAA	514
CRE27868.1	TAA	80
CRE27868.2	TAA	10
CRE20094.1	TAA	185
CRE10278.1	TGA	144
CRE10281.1	TAA	90
CRE00924.1	TAA	11
CRE22274.1	TGA	209
CRE20483.1	TGA	110
CRE25750.1	TAA	150
CRE25677.1	TAG	32
CRE08577.1	TAA	136
CRE14604.1	TAA	35
CRE03202.1	TAA	370
CRE01699.2	TGA	168
CRE01699.1	TGA	322
CRE23568.1	TGA	46
CRE25203.1	TAA	56
CRE25495.1	TGA	414
CRE25205.1	TAA	87
CRE10322.1	TAA	51
CRE24796.1	TAA	117
CRE10880.1	TAA	25
CRE14210.1	TAG	559
CRE14244.1	TGA	123
CRE15921.1	TAA	522
CRE04582.1	TAA	155
CRE04788.1	TAA	198
CRE19071.1	TAA	118
CRE18719.1	TAA	130
CRE04672.1	TAG	11
CRE04667.1	TAA	122
CRE11871.1	TAA	103
CRE11711.1	TAG	112
CRE11874.1	TAG	69
CRE13490.1	TAG	365
CRE07670.1	TAG	216
CRE12340.1	TAA	180
CRE22189.1	TAA	386
CRE03953.1	TGA	148
CRE03710.1	TGA	35
CRE00959.1	TAA	119
CRE00953.1	TAG	319
CRE00958.1	TAA	160
CRE01048.1	TAA	284
CRE27390.1	TAA	360
CRE06054.1	TAA	130
CRE27212.1	TAA	640
CRE27216.1	TAA	100
CRE24020.1	TGA	164
CRE24018.1	TGA	300
CRE25477.1	TAA	579
CRE25184.1	TAA	107
CRE13359.1	TAA	124
CRE07391.1	TAA	228
CRE07390.1	TAA	154
CRE13262.1	TGA	128
CRE25419.1	TAA	47
CRE20787.1	TAG	14
CRE20717.1	TAG	21
CRE04883.2	TAA	244
CRE04883.1	TAA	300
CRE04682.1	TGA	140
CRE08170.1	TGA	85
CRE25911.1	TAA	130
CRE11863.1	TAA	292
CRE11696.1	TAA	191
CRE11695.1	TAA	45
CRE31079.1	TAG	167
CRE19809.1	TAA	84
CRE05919.1	TAA	60
CRE04297.1	TAA	248
CRE21859.1	TGA	400
CRE06803.1	TGA	203
CRE09333.1	TGA	34
CRE30085.1	TGA	75
CRE27578.1	TAA	409
CRE27644.1	TAG	77
CRE27575.1	TAG	261
CRE02238.1	TAA	125
CRE02233.1	TGA	238
CRE26875.1	TAG	94
CRE25576.1	TGA	110
CRE25555.1	TGA	23
CRE25265.1	TAA	43
CRE28558.1	TAA	104
CRE28268.1	TAG	325
CRE11976.1	TAA	131
CRE11979.1	TAA	248
CRE31447.1	TAA	29
CRE29377.1	TAA	448
CRE31159.1	TAA	62
CRE31160.1	TAA	102
CRE12560.1	TAA	371
CRE01344.1	TGA	121
CRE26152.1	TAA	201
CRE12268.1	TAA	87
CRE01930.1	TAA	78
CRE01932.1	TAA	291
CRE28461.1	TAG	158
CRE31382.1	TGA	171
CRE31383.1	TAA	61
CRE28743.1	TAA	28
CRE06781.1	TAA	217
CRE06779.1	TAA	125
CRE23204.1	TAA	145
CRE30165.1	TAA	103
CRE27999.1	TAG	489
CRE09825.1	TAA	249
CRE09826.1	TAA	315
CRE12191.1	TAA	41
CRE29485.1	TAA	156
CRE29426.1	TGA	76
CRE05850.1	TAA	96
CRE04033.1	TAA	221
CRE04087.1	TAA	99
CRE25564.1	TAA	92
CRE25565.1	TAA	322
CRE00398.1	TAA	350
CRE01095.1	TAA	176
CRE01029.1	TAA	105
CRE23977.1	TAA	391
CRE23887.1	TAA	223
CRE23889.1	TAA	73
CRE05593.1	TGA	23
CRE07374.1	TAA	156
CRE07372.1	TAA	45
CRE25146.1	TAA	10
CRE01800.1	TAA	69
CRE26519.1	TAA	168
CRE26255.1	TAA	383
CRE24092.1	TAA	136
CRE02946.1	TAG	152
CRE03155.1	TAG	84
CRE03157.1	TAA	287
CRE03157.2	TAA	287
CRE28608.1	TAG	245
CRE04022.1	TGA	93
CRE04023.1	TGA	54
CRE29732.1	TAA	184
CRE21160.1	TAA	340
CRE21163.1	TAA	171
CRE24700.1	TAG	157
CRE24693.1	TAA	198
CRE24692.1	TGA	116
CRE16866.1	TAA	44
CRE19105.1	TAA	94
CRE22981.1	TAA	39
CRE08545.1	TGA	97
CRE19796.1	TGA	33
CRE14367.1	TGA	87
CRE29702.1	TAG	14
CRE29703.1	TAA	547
CRE31652.1	TAG	101
CRE18485.1	TAA	572
CRE18842.1	TAA	66
CRE13572.1	TAG	189
CRE25350.1	TGA	109
CRE06641.1	TAA	51
CRE30706.1	TAA	536
CRE00708.1	TAA	14
CRE28084.1	TAA	102
CRE02603.1	TAG	294
CRE02602.1	TAA	286
CRE11767.1	TAA	85
CRE11768.1	TAA	137
CRE11937.1	TAA	223
CRE15516.1	TAA	44
CRE25828.1	TAA	256
CRE26528.1	TAA	299
CRE20767.1	TAA	131
CRE06945.1	TAA	100
CRE06947.1	TAA	168
CRE26079.1	TAG	457
CRE26085.1	TAA	75
CRE26362.1	TGA	142
CRE26108.1	TAA	167
CRE22302.1	TGA	310
CRE22308.1	TAG	96
CRE25638.1	TAA	416
CRE25639.1	TAA	267
CRE25700.1	TAA	168
CRE25699.1	TAA	134
CRE20403.1	TGA	60
CRE03660.1	TAA	43
CRE03660.2	TAA	43
CRE03862a.1	TAA	71
CRE03862b.1	TAA	75
CRE03861.1	TAA	224
CRE03662.1	TAA	92
CRE03661.1	TAA	134
CRE08850.1	TAA	296
CRE00318.1	TGA	111
CRE09268.1	TGA	120
CRE08851.1	TAA	122
CRE01231.1	TGA	582
CRE11831.1	TGA	23
CRE12001.1	TAA	351
CRE10245.1	TAG	60
CRE18041.1	TAG	146
CRE20200.1	TAA	112
CRE16755.1	TAA	393
CRE12398.1	TAA	35
CRE12399.1	TAA	81
CRE15379.1	TAG	397
CRE15278.1	TAA	200
CRE20240.1	TGA	94
CRE10005.1	TGA	150
CRE10004.1	TGA	144
CRE25346.1	TGA	84
CRE04842b.1	TAA	404
CRE04842a.1	TGA	518
CRE04839.1	TAG	117
CRE04624.1	TAA	301
CRE28915.1	TAA	88
CRE11724.1	TAA	165
CRE11889.1	TAG	52
CRE11888.1	TAA	89
CRE11887.1	TAG	152
CRE07960.1	TAA	153
CRE28742.1	TAA	203
CRE17806.1	TAA	107
CRE28736.1	TAA	72
CRE31573.1	TAA	459
CRE01646.1	TAA	79
CRE01645.1	TAA	45
CRE05823.1	TAA	315
CRE24629.1	TGA	64
CRE28230.1	TAG	378
CRE03966.1	TAA	173
CRE03967.1	TAG	176
CRE01062.1	TAA	91
CRE06185.1	TGA	70
CRE29866.1	TAA	80
CRE29865.1	TAA	59
CRE31131.1	TAA	82
CRE31137.1	TAA	184
CRE07344.1	TAA	450
CRE22163.1	TAA	106
CRE21945.1	TAG	83
CRE13413.1	TAA	37
CRE13411.1	TAA	40
CRE03299.1	TAA	263
CRE24832.1	TAG	50
CRE31475.1	TAA	40
CRE31473.1	TAA	306
CRE31459.1	TAA	128
CRE08756.1	TGA	115
CRE29912.1	TAA	95
CRE03084.1	TAA	684
CRE12527.1	TAA	73
CRE05537.1	TGA	56
CRE05538.1	TAA	145
CRE16678.1	TAA	274
CRE03798.1	TAA	326
CRE03804.1	TAA	200
CRE01763.1	TAA	294
CRE26568.1	TGA	315
CRE19681.1	TGA	114
CRE04748.1	TAA	74
CRE04747.1	TAG	190
CRE04749.1	TAG	130
CRE04551.1	TGA	102
CRE04112.1	TAG	209
CRE24511.1	TAA	179
CRE28131.3	TAA	391
CRE28131.2	TAA	382
CRE28131.1	TAA	382
CRE32635.1	TGA	216
CRE28442.1	TGA	170
CRE29778.1	TAG	431
CRE29569.1	TAA	93
CRE07160.1	TAA	33
CRE16660.1	TAA	46
CRE12389.1	TGA	142
CRE12287.1	TAA	116
CRE12300.1	TAA	212
CRE22565.1	TAG	341
CRE12267.1	TAG	101
CRE12278.1	TGA	69
CRE03911.1	TGA	18
CRE03914.1	TAG	203
CRE03913.1	TGA	155
CRE04913.1	TAA	41
CRE02087.1	TGA	130
CRE02092.1	TGA	72
CRE28715.1	TAA	149
CRE15410.1	TAA	221
CRE20258.2	TAG	604
CRE20258.1	TAG	527
CRE11106.1	TAA	255
CRE11107.1	TAA	290
CRE13341.1	TGA	165
CRE13345.1	TGA	70
CRE14217.1	TAA	274
CRE14246.1	TAG	42
CRE14216.1	TAA	149
CRE28391.1	TAG	46
CRE28067.1	TAA	124
CRE04146.1	TAA	362
CRE22208.1	TAG	165
CRE14118.1	TGA	75
CRE05390.1	TAA	311
CRE30795.1	TAA	79
CRE06575.1	TAA	38
CRE06576.1	TAA	50
CRE06351.1	TGA	70
CRE02587.1	TGA	30
CRE26175.1	TAA	197
CRE26449.1	TAG	145
CRE00548.1	TGA	308
CRE15543.1	TGA	259
CRE15477.1	TAA	183
CRE07502.1	TAA	217
CRE01896.1	TAA	121
CRE31545.1	TAA	62
CRE29827.1	TAA	110
CRE29608.1	TAA	57
CRE03988.1	TGA	26
CRE03987.1	TAA	162
CRE07415.1	TAA	285
CRE20304.1	TGA	328
CRE20305.1	TGA	225
CRE25385.1	TGA	209
CRE13272.1	TAG	349
CRE20809.1	TAG	94
CRE19931.1	TAA	131
CRE25763.1	TAA	278
CRE09651.1	TAA	193
CRE01726.1	TAA	155
CRE02133.1	TGA	138
CRE12140.1	TAA	241
CRE11678.1	TAA	139
CRE12880.1	TAA	140
CRE27786.1	TAA	96
CRE14320.1	TAA	189
CRE08012.1	TGA	14
CRE08154.1	TAA	106
CRE08032.1	TAA	106
CRE05695.1	TAG	118
CRE05492.1	TGA	117
CRE05494.1	TAG	132
CRE06694.1	TAA	137
CRE05403.1	TGA	1
CRE05406.1	TGA	55
CRE26533.1	TAA	101
CRE26271.1	TAA	235
CRE26531.1	TGA	124
CRE26530.1	TAG	353
CRE26269.1	TAA	95
CRE26529.1	TAA	100
CRE04271.1	TAA	119
CRE04273.1	TAG	138
CRE04290.1	TAA	371
CRE04284.1	TAG	401
CRE28663.1	TAA	113
CRE14474.1	TAG	126
CRE09709.1	TAA	314
CRE20912.1	TGA	101
CRE06805.1	TAG	16
CRE08908.1	TAA	48
CRE08907.1	TAA	54
CRE08981.1	TAA	51
CRE09394.1	TAA	102
CRE00906.1	TAA	100
CRE06975.1	TAA	414
CRE16614.1	TAA	84
CRE01853.1	TAA	557
CRE24212.1	TGA	71
CRE03317.1	TAG	202
CRE27923.1	TGA	43
CRE28305.1	TAA	103
CRE28296.1	TAA	150
CRE20019.1	TAA	59
CRE18478.1	TAA	52
CRE29306.1	TAG	136
CRE12571.1	TAA	194
CRE12569.1	TAA	169
CRE12776.1	TAA	400
CRE25528.1	TAG	181
CRE15459.1	TAG	171
CRE30680.1	TAA	26
CRE25950.1	TAA	112
CRE14060.1	TAA	180
CRE04800.1	TAA	83
CRE28489.1	TGA	156
CRE15514.1	TGA	136
CRE30742.1	TAG	310
CRE15555.1	TAA	126
CRE15496.1	TGA	105
CRE15497.1	TAA	177
CRE15498.1	TAA	16
CRE15559.1	TAA	189
CRE28440.1	TAA	71
CRE13937.1	TAA	115
CRE13936.2	TGA	209
CRE13936.1	TGA	54
CRE26173.1	TAG	185
CRE26460.1	TAG	33
CRE19897.1	TAA	109
CRE11038.1	TGA	210
CRE09091.1	TAA	105
CRE09086.1	TAA	184
CRE08648.1	TAA	58
CRE13536.1	TAA	102
CRE13468.1	TAA	43
CRE13470.1	TAA	182
CRE00371.1	TAA	167
CRE00999.1	TGA	43
CRE01070.1	TGA	249
CRE13824.1	TAA	52
CRE02020.1	TAA	42
CRE25158.1	TAA	180
CRE19391.1	TGA	27
CRE25457.1	TAA	129
CRE27551.1	TAA	620
CRE02198.1	TAG	450
CRE25427.1	TAA	221
CRE22900.1	TGA	230
CRE22955.1	TAA	279
CRE10808.1	TAA	121
CRE10803.1	TAA	137
CRE20692.1	TGA	304
CRE24077.1	TGA	81
CRE08158.1	TAA	53
CRE02969.1	TGA	159
CRE03179.1	TAA	466
CRE03181.1	TAA	301
CRE29751.1	TGA	105
CRE31098.1	TAA	183
CRE11808.1	TAA	647
CRE02748.1	TGA	296
CRE13062.1	TGA	55
CRE21954.1	TGA	182
CRE21959.1	TAA	190
CRE13054.1	TGA	297
CRE27586.1	TGA	248
CRE26510.1	TGA	128
CRE27471.1	TGA	117
CRE27162.1	TAA	82
CRE18462.1	TAA	93
CRE18461.1	TAA	92
CRE14326.2	TAG	231
CRE14326.1	TAG	231
CRE14332.1	TAA	201
CRE29919.1	TAA	26
CRE08666.1	TGA	145
CRE28583.1	TAA	180
CRE11942.1	TAA	48
CRE11770.1	TAA	123
CRE29846.1	TAA	37
CRE15473.1	TAG	43
CRE12236.1	TGA	24
CRE01825.1	TAA	20
CRE05552.1	TGA	254
CRE24554.1	TGA	41
CRE26344.1	TAA	10
CRE00491.1	TAA	275
CRE03665.1	TAA	239
CRE08132.1	TAA	196
CRE08306.1	TAA	84
CRE24271.1	TAA	415
CRE28212.1	TAG	122
CRE01151.1	TAA	372
CRE28498.1	TGA	166
CRE10008.1	TAA	59
CRE10188.1	TAA	225
CRE00509.1	TGA	41
CRE12532.1	TAG	71
CRE21184.1	TAA	42
CRE21184.2	TAA	47
CRE21184.3	TAA	28
CRE21289.1	TAA	236
CRE27082.1	TAG	40
CRE27385.1	TAA	113
CRE24015.1	TAG	163
CRE24016.1	TGA	42
CRE18204.1	TGA	167
CRE18205.1	TAA	84
CRE02062.1	TAG	224
CRE01681.1	TAA	109
CRE00580.1	TAA	171
CRE15947.1	TAA	48
CRE02938.1	TAA	74
CRE08010.1	TAA	114
CRE29709.1	TAA	215
CRE29491.1	TGA	45
CRE31058.1	TAA	249
CRE31057.1	TAA	162
CRE31056.1	TAA	191
CRE31060.1	TAA	233
CRE21154.1	TAG	318
CRE12631.1	TGA	213
CRE12812.1	TAA	132
CRE12628.1	TAG	135
CRE10116.1	TAA	46
CRE23187.1	TAA	12
CRE16388.1	TGA	264
CRE13382.1	TAG	395
CRE13287.1	TAG	84
CRE13383.1	TGA	83
CRE09758.1	TGA	32
CRE09773.1	TGA	37
CRE03102.1	TAA	122
CRE03106.1	TAG	301
CRE02915.1	TAA	409
CRE14289.1	TAA	103
CRE14288.1	TAG	65
CRE23097.1	TGA	130
CRE30664.1	TAA	304
CRE06970.1	TAA	92
CRE29455.1	TAA	86
CRE29457.1	TGA	271
CRE01744.1	TAA	99
CRE02135.1	TAA	96
CRE00205.1	TAA	486
CRE04011.1	TAA	117
CRE00208.1	TAA	134
CRE00219.1	TAG	216
CRE00215.1	TAG	432
CRE08017.1	TAA	157
CRE07990.1	TAA	238
CRE20431.1	TGA	12
CRE04731.1	TAA	196
CRE04732.1	TAA	84
CRE04733.1	TAG	370
CRE04115.1	TAG	111
CRE23164.1	TAA	106
CRE23157.1	TAA	64
CRE30062.1	TAA	101
CRE30102.1	TGA	12
CRE02093.1	TAG	544
CRE14264.1	TGA	51
CRE07700.1	TGA	213
CRE05183.1	TAA	173
CRE29783.1	TGA	134
CRE00666.1	TGA	615
CRE07879.1	TAA	86
CRE02618.1	TAG	67
CRE03626b.1	TAA	117
CRE03626a.1	TAA	117
CRE03627.1	TAA	80
CRE03628.1	TGA	110
CRE03833.1	TAA	411
CRE25659.1	TAA	78
CRE31422.1	TAG	176
CRE31424.1	TGA	164
CRE20415.1	TAG	442
CRE20411.1	TGA	187
CRE29640.1	TAA	465
CRE03188.1	TAA	39
CRE21062.1	TGA	56
CRE22811.1	TAA	116
CRE00807.1	TAA	563
CRE12326.1	TGA	247
CRE20347.1	TGA	107
CRE15311.1	TGA	128
CRE10147.1	TAG	223
CRE10921.1	TAA	100
CRE14206.1	TGA	139
CRE14204.1	TAA	141
CRE14203.1	TAA	144
CRE04609.1	TAA	131
CRE04608.1	TGA	142
CRE04822.1	TAA	249
CRE28363.1	TAA	49
CRE28362.1	TGA	244
CRE28026.1	TAA	126
CRE04858.1	TAA	164
CRE08830.1	TAA	104
CRE08828.1	TAA	55
CRE17807.1	TAA	81
CRE29285.1	TAA	95
CRE29284.1	TAA	163
CRE25776.1	TAA	180
CRE30764.1	TGA	223
CRE13714.1	TAA	46
CRE15832.1	TAA	80
CRE11717.1	TGA	122
CRE03813.1	TAA	64
CRE23755.1	TAA	108
CRE29195.1	TAA	70
CRE26182.1	TAA	141
CRE26181.1	TAA	48
CRE26454.1	TAG	103
CRE08100.1	TAA	197
CRE08267.1	TGA	448
CRE01112.1	TGA	368
CRE01108.1	TGA	313
CRE03816.1	TGA	349
CRE03789.1	TAA	81
CRE18639.1	TAA	170
CRE15549.1	TAG	107
CRE01889.1	TAA	159
CRE02286.1	TAA	147
CRE06672.1	TAA	33
CRE06423.1	TAA	93
CRE21001.1	TAG	175
CRE02124.1	TGA	95
CRE30657.1	TAA	183
CRE30658.1	TAA	125
CRE30655.1	TAA	118
CRE01937.1	TGA	425
CRE04013.1	TAA	116
CRE11836.1	TAG	82
CRE13485.1	TAA	49
CRE13219.1	TAG	101
CRE05517.1	TAA	325
CRE05725.1	TAG	10
CRE06670.1	TAA	52
CRE00173.1	TAA	166
CRE00175.1	TAA	146
CRE10406.1	TAA	359
CRE26299.1	TAG	63
CRE26304.1	TAA	27
CRE18875.1	TAA	50
CRE01621.1	TGA	68
CRE16175.1	TAA	101
CRE13564.1	TGA	158
CRE10105.1	TAA	161
CRE00934.1	TAA	495
CRE29200.1	TGA	8
CRE29212.1	TAG	80
CRE27921.1	TAA	42
CRE22030.1	TAA	64
CRE28873.1	TGA	31
CRE25585.1	TGA	53
CRE25304.1	TAA	318
CRE04506.1	TAA	84
CRE16378.1	TAA	175
CRE28595.1	TAA	141
CRE11427.1	TAG	440
CRE12785.1	TAA	126
CRE12594.1	TGA	96
CRE03238.1	TAG	676
CRE26969.1	TAG	55
CRE27299.1	TAA	99
CRE16283.1	TAA	158
CRE01712.1	TGA	74
CRE01713.1	TAA	355
CRE28106.1	TGA	204
CRE04772.1	TAG	194
CRE04577.1	TAA	83
CRE04576.1	TAA	254
CRE04064.1	TGA	250
CRE12716.1	TAA	177
CRE00044.1	TGA	87
CRE00513.1	TGA	372
CRE03033.1	TAA	103
CRE11319.1	TGA	7
CRE09867.1	TGA	160
CRE29628.1	TAA	177
CRE25547.1	TAA	124
CRE03734.1	TAG	63
CRE00996.1	TAA	120
CRE05524.1	TGA	492
CRE18412.1	TAA	209
CRE18762.1	TAA	641
CRE18413.1	TAA	164
CRE29623.2	TAA	179
CRE29623.3	TAA	32
CRE29623.1	TAA	179
CRE01824.1	TAG	2
CRE13252.1	TAG	123
CRE20182.1	TAA	79
CRE25414.1	TGA	65
CRE24595.1	TAA	86
CRE29535.1	TAA	92
CRE29743.1	TAA	172
CRE29746.1	TAA	24
CRE14218.1	TGA	233
CRE09710.1	TAA	70
CRE01019.1	TGA	128
CRE13454.1	TAG	12
CRE03714.1	TAA	19
CRE03715.1	TAA	50
CRE06475.1	TGA	12
CRE06473.1	TAA	141
CRE05382.1	TAA	318
CRE03716.1	TAA	119
CRE03717.1	TGA	256
CRE01968.1	TAA	6
CRE01572.1	TAG	112
CRE01964.1	TAA	74
CRE05994.1	TGA	36
CRE18439.1	TAA	215
CRE17502.1	TGA	92
CRE16284.1	TAA	162
CRE03302.1	TAA	45
CRE12489.1	TAA	90
CRE04438.1	TAA	64
CRE25384.1	TAA	226
CRE25071.1	TGA	40
CRE25357.1	TAA	34
CRE25254.1	TAA	156
CRE25252.1	TGA	62
CRE25251.1	TGA	110
CRE10712.1	TAA	92
CRE09910.1	TGA	177
CRE15031.1	TAA	32
CRE16456.1	TAG	23
CRE25817.1	TAA	32
CRE16464.1	TAA	34
CRE16462.1	TAA	118
CRE10273.1	TAA	76
CRE07498.1	TAA	39
CRE03986.1	TAG	19
CRE10810.1	TGA	334
CRE01361.1	TAG	18
CRE22725.1	TAA	3
CRE01356.1	TAA	130
CRE01357.1	TAA	115
CRE06723.1	TAA	156
CRE01558.1	TGA	23
CRE01944.1	TAA	544
CRE01555.1	TAA	117
CRE01942.1	TAA	103
CRE01941.1	TAG	21
CRE24086.1	TGA	209
CRE03691.1	TGA	151
CRE03693.1	TAG	40
CRE03692.1	TAG	109
CRE03687.1	TAG	68
CRE01218.1	TAA	62
CRE01219.1	TAA	109
CRE01177.1	TAA	155
CRE01177.2	TAA	155
CRE01178.1	TGA	30
CRE31478.1	TAA	213
CRE18030.1	TAA	145
CRE07467.1	TGA	436
CRE10176.1	TGA	73
CRE10174.1	TGA	364
CRE21068.1	TAA	655
CRE11550.1	TAA	52
CRE20376.1	TAA	465
CRE31643.1	TAA	2
CRE03599.1	TAG	115
CRE10647.1	TAA	164
CRE10664.1	TAG	66
CRE10644.1	TAA	272
CRE20110.1	TGA	35
CRE18794.1	TAG	43
CRE12853.1	TGA	178
CRE04413.1	TAA	160
CRE04408.1	TAG	160
CRE25470.1	TAG	111
CRE25176.1	TGA	3
CRE23984.1	TAA	31
CRE23982.1	TAG	550
CRE23982.2	TAG	550
CRE00585.1	TAA	43
CRE02179.1	TAA	147
CRE01791.1	TAG	98
CRE02175.1	TAA	105
CRE03137.1	TAA	402
CRE07694.1	TAA	109
CRE07699.1	TAG	132
CRE24454.1	TGA	144
CRE24456.1	TAA	70
CRE28501.1	TAA	52
CRE28502.1	TGA	67
CRE28191.1	TAG	57
CRE16856.1	TGA	148
CRE16912.1	TAA	395
CRE16913.1	TAG	510
CRE19221.1	TGA	221
CRE23246.1	TAA	132
CRE25024.1	TAG	43
CRE15702.1	TAG	40
CRE19458.1	TAA	242
CRE26973.1	TGA	167
CRE14981.1	TAA	61
CRE02115.1	TAA	94
CRE15347.1	TGA	634
CRE17101.1	TAA	143
CRE05037.1	TAA	39
CRE29691.1	TGA	52
CRE12539.2	TGA	382
CRE12539.1	TGA	118
CRE01838.1	TAA	280
CRE18828.1	TAA	281
CRE18476.1	TAA	92
CRE01768.1	TGA	180
CRE19209.1	TAA	182
CRE14334.1	TAG	63
CRE14336.1	TAA	252
CRE20534.1	TAG	105
CRE30980.1	TAA	31
CRE30715.1	TGA	42
CRE04098.1	TAA	79
CRE18159.1	TAA	57
CRE07004.1	TAG	72
CRE29809.1	TGA	162
CRE29816.1	TAA	349
CRE08683.1	TAA	357
CRE26374.1	TAG	544
CRE22581.1	TGA	166
CRE03644.1	TAA	158
CRE03645.1	TAG	138
CRE25712.1	TAG	3
CRE31395.1	TAA	160
CRE16191.1	TAA	139
CRE00814.1	TAA	153
CRE03663.1	TAA	95
CRE10231.1	TAA	455
CRE25883.1	TAG	135
CRE25745.1	TGA	32
CRE19116.1	TAA	185
CRE25241.1	TGA	76
CRE20233.1	TAA	57
CRE26161.1	TGA	113
CRE04615.1	TGA	44
CRE04619.1	TGA	63
CRE00894.1	TGA	76
CRE30285.1	TAA	155
CRE28749.1	TGA	56
CRE01634.1	TAA	303
CRE28241.1	TGA	70
CRE14530.1	TAA	41
CRE21119.1	TAA	285
CRE08096.1	TGA	107
CRE12817.1	TAA	366
CRE02306.1	TAA	474
CRE07530.1	TAA	86
CRE00810.1	TAA	336
CRE20221.1	TAA	92
CRE01455.1	TAG	115
CRE14430.1	TAG	469
CRE30434.1	TAA	187
CRE30431.1	TAA	228
CRE05531.1	TAG	325
CRE13509.1	TAG	216
CRE24026.1	TAA	56
CRE18567.1	TGA	22
CRE18568.2	TAG	105
CRE18568.1	TAG	105
CRE16664.1	TGA	349
CRE00651.1	TAG	502
CRE19271.1	TAG	220
CRE26545.1	TAA	111
CRE26541.1	TAA	365
CRE04559.1	TAA	223
CRE04561.1	TGA	35
CRE22427.1	TAG	305
CRE02857.1	TAA	30
CRE03039.1	TGA	6
CRE28118.1	TGA	110
CRE28434.1	TAA	33
CRE28113.1	TAG	171
CRE28432.1	TGA	466
CRE14875.1	TAA	358
CRE30732.1	TAA	154
CRE30731.1	TGA	390
CRE16620.1	TAA	339
CRE29557.1	TAA	251
CRE13699.1	TAA	109
CRE22190.1	TGA	207
CRE04688.1	TAA	123
CRE03260.1	TGA	104
CRE03189.1	TAG	283
CRE12290.1	TAA	160
CRE03790.1	TAA	54
CRE15433.1	TAA	38
CRE25493.1	TAA	168
CRE06011.1	TAG	234
CRE00761.1	TGA	474
CRE00763.1	TGA	93
CRE00268.1	TAA	222
CRE04546.1	TGA	140
CRE04741.1	TAA	165
CRE14242.1	TAA	180
CRE28055.1	TAA	494
CRE28050.1	TAA	116
CRE28052.1	TAA	212
CRE04590.2	TAG	204
CRE04590.1	TAG	177
CRE04592.1	TAG	62
CRE28455.1	TAA	618
CRE04662.1	TGA	81
CRE04861.1	TAA	61
CRE04866.1	TAG	492
CRE11877.1	TAA	119
CRE04043.1	TGA	208
CRE30780.1	TGA	127
CRE16708.1	TAA	357
CRE31127.1	TAA	361
CRE04348.1	TGA	151
CRE29951.1	TGA	90
CRE20295.1	TGA	49
CRE12420.1	TAA	210
CRE01054.1	TAA	136
CRE01055.1	TGA	527
CRE27528.1	TAA	42
CRE19281.1	TAG	97
CRE04375.1	TAA	20
CRE05115.1	TAA	168
CRE29618.1	TAG	213
CRE29843.1	TAA	21
CRE29619.1	TAG	233
CRE29620.1	TAA	171
CRE29617.1	TAA	61
CRE25124.1	TAA	15
CRE25121.1	TAA	98
CRE25417.1	TGA	405
CRE02916.1	TAA	167
CRE28336.1	TAA	88
CRE28335.1	TAA	133
CRE23935.1	TGA	137
CRE11857.1	TAA	14
CRE11687.1	TAA	50
CRE30815.1	TAG	257
CRE12324.1	TAA	121
CRE03940.1	TAA	433
CRE05502.1	TAA	377
CRE06677.1	TAA	9
CRE27565.1	TGA	124
CRE01046.1	TAG	151
CRE06788.1	TAG	218
CRE06731.1	TAA	332
CRE27654.1	TAA	426
CRE02231.1	TGA	137
CRE02230.1	TAA	348
CRE02230.2	TAA	52
CRE27217.1	TAA	184
CRE28898.1	TAA	88
CRE27219.1	TAA	754
CRE11539.1	TAA	411
CRE25549.1	TAA	341
CRE25550.1	TAA	289
CRE27432.1	TGA	225
CRE25552.1	TAA	198
CRE04742.1	TAA	225
CRE23691.1	TGA	296
CRE20020.1	TAA	326
CRE11970.1	TAA	186
CRE11807.1	TAA	24
CRE13389.1	TGA	91
CRE08261.1	TGA	536
CRE08090.1	TAA	164
CRE29320.1	TAA	305
CRE29367.1	TAA	104
CRE29366.1	TGA	90
CRE20284.1	TAA	89
CRE27458.1	TAA	102
CRE12761.1	TGA	427
CRE12767.1	TAA	53
CRE05557.1	TAA	130
CRE05585.1	TGA	22
CRE23880.1	TAA	20
CRE23882.1	TAA	141
CRE25403.1	TGA	116
CRE26133.1	TAA	179
CRE26418.1	TAA	113
CRE14047.2	TAA	273
CRE14047.1	TAA	220
CRE14048.1	TAA	162
CRE14049.1	TAA	103
CRE14046.1	TAA	35
CRE01540.1	TAA	102
CRE18173.1	TAA	493
CRE28182.1	TGA	118
CRE28185.1	TAA	53
CRE28495.1	TAA	242
CRE22872.1	TAA	489
CRE29870.1	TAA	420
CRE25933.1	TAA	173
CRE07662.1	TAA	461
CRE07487.1	TAA	199
CRE22238.1	TAG	303
CRE07766.1	TGA	174
CRE11589.1	TAG	72
CRE15218.1	TAA	71
CRE13930.1	TAA	59
CRE29209.1	TGA	401
CRE29211.1	TAA	69
CRE29196.1	TAA	156
CRE18477.1	TAA	112
CRE12895.1	TAG	371
CRE12893.1	TAG	423
CRE13461.1	TGA	44
CRE23978.1	TGA	86
CRE23896.1	TGA	273
CRE23898.1	TAA	97
CRE27041.1	TAG	136
CRE25440.1	TAA	187
CRE25442.1	TAG	101
CRE25150.1	TAA	90
CRE02188.1	TAA	225
CRE09584.1	TAG	403
CRE03765.1	TAA	433
CRE26953.1	TAA	58
CRE24112.1	TGA	149
CRE03167.1	TAG	136
CRE03171.1	TGA	302
CRE29013.1	TAG	70
CRE03426.1	TGA	34
CRE14827.1	TAA	133
CRE22547.1	TAA	111
CRE18103.1	TGA	352
CRE08954.1	TAA	4
CRE27463.1	TAA	46
CRE18444.1	TAG	90
CRE18798.1	TGA	118
CRE08159.1	TGA	56
CRE08211.1	TAA	19
CRE28303.1	TGA	77
CRE08550.1	TAA	79
CRE11932.1	TGA	72
CRE15551.1	TGA	154
CRE00340.1	TAA	544
CRE26358.1	TAG	181
CRE26358.2	TAG	161
CRE06288.1	TAA	366
CRE03857.1	TGA	122
CRE00840.1	TAA	376
CRE08316.1	TAA	537
CRE03225.1	TAA	119
CRE10248.1	TAA	37
CRE10251.1	TAG	269
CRE07433.1	TAA	253
CRE07435.1	TAA	108
CRE07436.1	TAA	353
CRE16637.1	TAA	139
CRE14223.1	TAG	155
CRE10557.1	TGA	49
CRE20334.1	TAA	92
CRE20331.1	TAA	226
CRE09996.1	TAG	142
CRE18679.1	TAG	106
CRE20752.1	TGA	4
CRE20753.1	TAA	386
CRE09209.1	TAA	36
CRE08794.1	TAA	401
CRE08792.1	TGA	32
CRE08793.1	TAA	224
CRE03478.1	TGA	27
CRE11893.1	TGA	124
CRE11733.1	TAA	32
CRE11896.1	TGA	62
CRE11213.1	TAA	418
CRE02053.1	TAA	211
CRE01665.1	TGA	218
CRE24614.1	TAA	177
CRE05651.1	TAA	126
CRE26218.1	TGA	82
CRE28238.1	TGA	116
CRE08213.1	TAA	78
CRE03978.1	TAA	163
CRE11982.1	TAG	339
CRE11985.1	TAA	94
CRE11813.1	TAA	142
CRE12619.1	TAA	46
CRE17662.1	TAG	86
CRE30858.1	TAA	404
CRE30860.1	TGA	17
CRE07339.1	TAA	163
CRE07878.1	TAA	250
CRE21940.1	TAA	78
CRE13277.1	TAA	37
CRE07871.1	TAA	64
CRE03090.1	TAA	89
CRE15032.1	TAA	49
CRE18572.1	TAG	342
CRE11418.1	TAA	410
CRE02290.1	TAG	95
CRE02236.1	TGA	24
CRE01554.1	TAG	74
CRE27029.1	TAG	211
CRE29993.1	TGA	66
CRE26546.1	TAA	228
CRE26547.1	TAA	298
CRE11353.1	TAA	205
CRE11358.1	TGA	216
CRE05078.1	TAG	108
CRE26627.2	TAA	355
CRE26627.1	TAA	356
CRE26634.1	TAA	13
CRE12723.1	TAA	211
CRE27003.1	TAA	70
CRE27002.1	TAA	266
CRE27194.1	TGA	21
CRE18844.1	TGA	346
CRE03785.1	TAA	65
CRE02145.1	TAA	44
CRE01758.1	TGA	124
CRE30995.1	TAA	43
CRE26309.1	TAA	112
CRE26564.1	TAA	306
CRE26315.1	TAA	56
CRE26563.1	TAA	60
CRE19674.1	TAG	166
CRE04746.1	TAA	306
CRE04746.2	TAA	129
CRE21927.1	TAA	38
CRE03028.2	TAA	126
CRE03028.1	TAA	133
CRE03026.4	TGA	50
CRE03026.1	TGA	50
CRE03026.3	TGA	50
CRE03026.2	TGA	50
CRE22192.1	TAA	138
CRE07679.1	TAA	111
CRE07678.1	TAA	258
CRE01352.1	TAG	47
CRE21226.1	TAA	52
CRE25665.1	TGA	304
CRE25666.1	TGA	302
CRE25667.1	TAA	56
CRE09418.1	TAA	186
CRE09015.1	TAA	175
CRE09014b.1	TAA	80
CRE09014a.1	TAA	80
CRE09014a.2	TAA	80
CRE03701.1	TAA	240
CRE03909.1	TAA	244
CRE29441.1	TAG	242
CRE28110.1	TAA	75
CRE00276.1	TAA	237
CRE00778.1	TAA	425
CRE14194.1	TGA	438
CRE11085.1	TGA	95
CRE28386.1	TGA	169
CRE14063.1	TAG	35
CRE04645.1	TGA	137
CRE28129.1	TAA	47
CRE06564.1	TAA	178
CRE28728.1	TAA	52
CRE20573.1	TAA	193
CRE16817.1	TAA	416
CRE16814.1	TAA	307
CRE20246.1	TAA	127
CRE07953.1	TAG	565
CRE00076.1	TAA	97
CRE00552.1	TAA	282
CRE08116.1	TAA	124
CRE08113.1	TAA	214
CRE08111.1	TGA	131
CRE31151.1	TAA	440
CRE30899.1	TAA	10
CRE31148.1	TAA	17
CRE10324.1	TAG	349
CRE10325.1	TAG	85
CRE18605.1	TAA	70
CRE02303.1	TAA	331
CRE02305.1	TAA	40
CRE02304.1	TAA	403
CRE13820.1	TAA	230
CRE29241.1	TAA	33
CRE03992.1	TGA	146
CRE03781.1	TAA	590
CRE07409.1	TAA	5
CRE07410.1	TGA	40
CRE10053.1	TAA	182
CRE10045.1	TAG	56
CRE25108.1	TGA	213
CRE16139.1	TGA	115
CRE04333.1	TAA	246
CRE04333.2	TAA	77
CRE11675.1	TAA	307
CRE11674.1	TAA	126
CRE31648.1	TAA	153
CRE00647.1	TAA	29
CRE00648.1	TAA	87
CRE09623.1	TAG	50
CRE09531.1	TAA	217
CRE05391.1	TAA	133
CRE30686.1	TAA	155
CRE24509.1	TAA	301
CRE02001.1	TAA	277
CRE18436.1	TAA	193
CRE06676.1	TAA	125
CRE28403.1	TAA	45
CRE02693.1	TGA	70
CRE04932.1	TAA	154
CRE08927.1	TAA	25
CRE00415.1	TAA	112
CRE06972.1	TGA	121
CRE16733.1	TAG	26
CRE16241.1	TGA	43
CRE18004.1	TAA	106
CRE24182.1	TAA	99
CRE24184.1	TAA	56
CRE24181.1	TAA	193
CRE04514.1	TAA	92
CRE04699.1	TAA	93
CRE04702.1	TAG	395
CRE04701.2	TGA	272
CRE04701.1	TGA	273
CRE28578.1	TAA	171
CRE28292.1	TGA	100
CRE21813.1	TGA	20
CRE17347.1	TAA	106
CRE21197.1	TAA	348
CRE12584.1	TAG	226
CRE04918.2	TAA	116
CRE04918.1	TAA	116
CRE27285.1	TAA	315
CRE15539.1	TAA	137
CRE15476.1	TAA	328
CRE01721.1	TAG	348
CRE01722.1	TAG	94
CRE30945.1	TGA	78
CRE26131.1	TAG	356
CRE04809.1	TAA	391
CRE19088.1	TGA	104
CRE16575.1	TGA	164
CRE28480.1	TAA	794
CRE08130.1	TGA	576
CRE08301.1	TAA	262
CRE30809.1	TAA	199
CRE29328.1	TAA	102
CRE29327.1	TGA	512
CRE30753.1	TAA	112
CRE30753.2	TAA	112
CRE13819.1	TAA	153
CRE21229.1	TAG	153
CRE21143.1	TAA	330
CRE11345.1	TAA	87
CRE01120.1	TAA	38
CRE01159.1	TAA	203
CRE07740.1	TAA	230
CRE07759.1	TAA	145
CRE07741.1	TAG	75
CRE25396.1	TAA	134
CRE12165.1	TAA	48
CRE12164.1	TAG	109
CRE29821.2	TAA	104
CRE29821.1	TAA	96
CRE29539.1	TAA	188
CRE29433.1	TGA	117
CRE29803.2	TAA	257
CRE29803.3	TAA	189
CRE29803.1	TAA	216
CRE03742.1	TAG	114
CRE03950.1	TGA	144
CRE13526.1	TAA	27
CRE00373.1	TAA	62
CRE01622.1	TGA	244
CRE24146.1	TGA	284
CRE19335.1	TAA	108
CRE19337.1	TAA	88
CRE01813.1	TAA	116
CRE02208.1	TAG	196
CRE02207.1	TAA	79
CRE02205.1	TAA	131
CRE18321.1	TAA	108
CRE08080.1	TAA	199
CRE08070.1	TAG	198
CRE03177.1	TAA	191
CRE02967.1	TGA	7
CRE03173.1	TGA	113
CRE29547.1	TAA	331
CRE30846.1	TGA	130
CRE25566.1	TAG	257
CRE21034.1	TAG	176
CRE30925.1	TGA	106
CRE17232.1	TAA	425
CRE17113.1	TGA	457
CRE15422.1	TGA	175
CRE10253.1	TAA	159
CRE10254.1	TAA	45
CRE10254.2	TAA	45
CRE32629b.1	TAA	155
CRE32629a.1	TAA	161
CRE01864.1	TGA	52
CRE02258.1	TAA	38
CRE02260.1	TAA	76
CRE18820.1	TAG	118
CRE18816.1	TAA	301
CRE20600.1	TAA	38
CRE20595.1	TAA	401
CRE19247.1	TAA	252
CRE25369.1	TGA	8
CRE29935.1	TAA	330
CRE25571.1	TGA	72
CRE04574.1	TAA	168
CRE04573.2	TAG	89
CRE04573.1	TAG	52
CRE04569.1	TAA	96
CRE04570.1	TAG	41
CRE28293.1	TAG	263
CRE26894.1	TAG	80
CRE04059.1	TAA	62
CRE04138.1	TAG	117
CRE24782.1	TGA	154
CRE05758.1	TAA	84
CRE01685.1	TAG	546
CRE01686.1	TAA	53
CRE26334.1	TAA	180
CRE26332.1	TAA	65
CRE01957.1	TAA	75
CRE03683.1	TAA	214
CRE03884.1	TAA	94
CRE03888.1	TAA	36
CRE30049.1	TGA	167
CRE30091.1	TAG	162
CRE30053.1	TAG	174
CRE30094.1	TAA	14
CRE30055.1	TAG	303
CRE10587.1	TAG	82
CRE13760.1	TAG	3
CRE04885.1	TGA	108
CRE18013.1	TAA	190
CRE10166.1	TAA	29
CRE09980.1	TAG	63
CRE09979.1	TAG	27
CRE10696.1	TAA	42
CRE20232.1	TAA	51
CRE13992.1	TAG	12
CRE07126.1	TAA	218
CRE18632.1	TAA	76
CRE18632.2	TAA	115
CRE00872.1	TAA	121
CRE10420.1	TAA	130
CRE23796.1	TGA	372
CRE11193.1	TGA	8
CRE27369.1	TAA	174
CRE25461.1	TGA	59
CRE25165.1	TAA	54
CRE23914.1	TAA	102
CRE23912.1	TAA	483
CRE16235.1	TGA	66
CRE10152.1	TAG	64
CRE10151.1	TAA	218
CRE09963.1	TAG	427
CRE02926.1	TGA	197
CRE02925.1	TAA	43
CRE02927.2	TAA	39
CRE02927.1	TAA	10
CRE28208.1	TGA	553
CRE28209.1	TAA	87
CRE21133.1	TAA	417
CRE24728.1	TAA	7
CRE30865.1	TAA	54
CRE30862.1	TGA	130
CRE18263.1	TAG	138
CRE13292.2	TGA	204
CRE13292.1	TGA	131
CRE13384.1	TAA	397
CRE13294.1	TAA	151
CRE13388.1	TGA	1
CRE13297.1	TAG	52
CRE14924.1	TAA	131
CRE14925.2	TAA	132
CRE14925.1	TAA	154
CRE06968.1	TAA	180
CRE26998.1	TAA	161
CRE06969.1	TAA	11
CRE27326.1	TGA	196
CRE27324.1	TGA	360
CRE18531.1	TAA	73
CRE12691.1	TAA	101
CRE02169.1	TGA	151
CRE01781.1	TAA	266
CRE01782.1	TAA	48
CRE02166.1	TGA	183
CRE01779.1	TAA	39
CRE07989.1	TGA	733
CRE08224.1	TAG	121
CRE04730.1	TAA	92
CRE04531.1	TAA	42
CRE04535.1	TAA	61
CRE26560.1	TAG	254
CRE05171.1	TAG	201
CRE05170.1	TAG	188
CRE29591.1	TAG	36
CRE29801.1	TGA	101
CRE29592.1	TAA	510
CRE29805.1	TGA	121
CRE29800.1	TAA	10
CRE18381.1	TAA	70
CRE23627.1	TGA	51
CRE02607.1	TAA	58
CRE26587.1	TGA	389
CRE03632.1	TGA	122
CRE03631.1	TGA	146
CRE03836.1	TGA	147
CRE03839.1	TAA	169
CRE25723.1	TAA	358
CRE20445.1	TGA	74
CRE31429.1	TAA	91
CRE31438.1	TAA	46
CRE29637.1	TAA	316
CRE22893.1	TAG	166
CRE22891.1	TGA	202
CRE27441.1	TAG	77
CRE27133.1	TAA	32
CRE22564.1	TGA	96
CRE20257.1	TGA	166
CRE15309.1	TAA	176
CRE10205.1	TAA	113
CRE13950.1	TAA	214
CRE13954.1	TAG	261
CRE13952.1	TAG	80
CRE26126.1	TGA	148
CRE14230.1	TAA	263
CRE04823.1	TAA	170
CRE28377.1	TAA	287
CRE04852.1	TAA	52
CRE04854.1	TAG	248
CRE13557.1	TGA	223
CRE07166.1	TAG	80
CRE25557.1	TAA	575
CRE25273.1	TGA	163
CRE26193.1	TGA	159
CRE26197.1	TAA	40
CRE20262.1	TAA	150
CRE00055.1	TAA	108
CRE18959.1	TAA	99
CRE18634.1	TAG	181
CRE29147.1	TGA	226
CRE01023.1	TAA	113
CRE01022.1	TAA	75
CRE01028.1	TAA	32
CRE08731.1	TAA	351
CRE30652.1	TAA	253
CRE30654.1	TAG	144
CRE25475.1	TGA	241
CRE26990.1	TGA	129
CRE26994.1	TGA	151
CRE09766.1	TAG	58
CRE23960.1	TAG	697
CRE05722.1	TAA	169
CRE16649.1	TAA	114
CRE00194.1	TAA	106
CRE01738.1	TAA	50
CRE02129.1	TGA	17
CRE06228.1	TAA	66
CRE00250.1	TAG	255
CRE10384.1	TAA	386
CRE26292.1	TAA	174
CRE01973.1	TGA	238
CRE16215.1	TAA	360
CRE26770.1	TAA	197
CRE02845.1	TAG	188
CRE10117.1	TGA	81
CRE00922.1	TAA	237
CRE00433.1	TGA	124
CRE00432.1	TAG	206
CRE20479.1	TGA	104
CRE20475.1	TAA	137
CRE25581.1	TAA	185
CRE25575.1	TAA	62
CRE25577.1	TAG	83
CRE25579.1	TAA	64
CRE21811.1	TGA	24
CRE29612.1	TAA	126
CRE21202.1	TAA	145
CRE13354.1	TAG	229
CRE13355.1	TAG	635
CRE03226.1	TAA	127
CRE27301.1	TGA	76
CRE27300.1	TAA	90
CRE26972.1	TAA	200
CRE07645.1	TAA	59
CRE13358.1	TAA	232
CRE23574.1	TAG	108
CRE23572.1	TAG	447
CRE00159.1	TAA	54
CRE00749.1	TGA	209
CRE25803.2	TAA	264
CRE25803.1	TAA	261
CRE25781.1	TGA	41
CRE04776.1	TGA	275
CRE04778.1	TAA	71
CRE12710.1	TAG	161
CRE24394.1	TAG	113
CRE12819.1	TAA	58
CRE28203.1	TAA	69
CRE09871.1	TAA	76
CRE15283.1	TAA	237
CRE11520.1	TAA	28
CRE12479.1	TAA	60
CRE21657.1	TAA	502
CRE17161.1	TAA	154
CRE25827.1	TAA	127
CRE07088.1	TAG	3
CRE03943.1	TAA	625
CRE03741.1	TAA	40
CRE29936.1	TAG	195
CRE29938.1	TGA	130
CRE29938.2	TGA	166
CRE26658.1	TAA	58
CRE28687.1	TGA	168
CRE00951.1	TAG	120
CRE01045.1	TAA	87
CRE18923.1	TAA	323
CRE18922.1	TAA	412
CRE18922.2	TAA	412
CRE18593.1	TAA	253
CRE18592.1	TAA	99
CRE01874.1	TAA	262
CRE02275.1	TAA	161
CRE18406.1	TAA	13
CRE18411.1	TAA	19
CRE20987.1	TAA	68
CRE24171.1	TAA	324
CRE29627.1	TAA	175
CRE20184.2	TAA	316
CRE20184.1	TAA	316
CRE07398.1	TAA	126
CRE20187.1	TAG	70
CRE10830.1	TAA	195
CRE20780.1	TAA	126
CRE20786.1	TAG	446
CRE04676.1	TAA	118
CRE04678.1	TAA	122
CRE11701.1	TAA	77
CRE11700.1	TGA	149
CRE19858.1	TAA	12
CRE08050.1	TAA	387
CRE23703.1	TAG	160
CRE23702.1	TGA	81
CRE15709.1	TAG	250
CRE20923.1	TGA	296
CRE06722.1	TAG	147
CRE05609.1	TAA	172
CRE05965.1	TAA	646
CRE05949.1	TGA	28
CRE05945.1	TAA	43
CRE14096.1	TGA	136
CRE21868.1	TAA	211
CRE21865.1	TAA	191
CRE30109.1	TGA	163
CRE30108.1	TAG	159
CRE03312.1	TGA	300
CRE03254.1	TAA	132
CRE28419.1	TAA	47
CRE02264.1	TAG	91
CRE18060.1	TAA	192
CRE18005.1	TAA	285
CRE25294.1	TAA	167
CRE28677.1	TAA	167
CRE25536.1	TAA	350
CRE25247.1	TGA	277
CRE25249.1	TAA	210
CRE03619.1	TAG	63
CRE03823.1	TAA	651
CRE28272.1	TAA	122
CRE16393.1	TGA	278
CRE16419.1	TAA	111
CRE16417.1	TAG	298
CRE11799.1	TAG	55
CRE21462.1	TGA	137
CRE17945.1	TAA	437
CRE31152.1	TAG	16
CRE12551.1	TAG	221
CRE00296.1	TAG	407
CRE00793.1	TAA	111
CRE26429.1	TGA	29
CRE26151.1	TAG	238
CRE26146.1	TGA	60
CRE01933.1	TAG	61
CRE28150.1	TAA	170
CRE28157.1	TAG	41
CRE03893.1	TAG	50
CRE03686.1	TAG	509
CRE01212.1	TAA	392
CRE01239.1	TAA	44
CRE01240.1	TAA	43
CRE01241.1	TAA	269
CRE01242.1	TAA	206
CRE10170.1	TAA	231
CRE14221.1	TGA	78
CRE20368.1	TAA	279
CRE20369.1	TAA	182
CRE08300.1	TAG	128
CRE13915.1	TAA	35
CRE13994.1	TAA	10
CRE12197.1	TGA	539
CRE12201.1	TAA	110
CRE10666.1	TAA	122
CRE10650.1	TGA	35
CRE28028.1	TAA	65
CRE28901.1	TAA	49
CRE28856.1	TAA	70
CRE28906.1	TGA	84
CRE19502.1	TAA	351
CRE12900.1	TAA	345
CRE12850.1	TAA	90
CRE11255.1	TAA	55
CRE23608.1	TAA	67
CRE01093.1	TGA	20
CRE23992.1	TGA	199
CRE05750.1	TAA	252
CRE27058.1	TAG	59
CRE19909.1	TAG	223
CRE25473.1	TAA	260
CRE02180.1	TAA	72
CRE01797.1	TGA	291
CRE01798.1	TGA	140
CRE01794.1	TAA	97
CRE24062.1	TAA	416
CRE02951.1	TAA	125
CRE04069.1	TAA	66
CRE04018.1	TAA	148
CRE24396.1	TAA	129
CRE28195.1	TAA	225
CRE22690.1	TAA	243
CRE29516.1	TAA	3
CRE29515.1	TAA	400
CRE02983.1	TAA	395
CRE02981.1	TGA	70
CRE24709.1	TAA	148
CRE22230.1	TAA	106
CRE16918.1	TAA	121
CRE16865.1	TAA	16
CRE30752.1	TGA	146
CRE06934.1	TAA	183
CRE06933.1	TGA	279
CRE27435.1	TGA	115
CRE17520.1	TGA	32
CRE17100.1	TAA	122
CRE22558.1	TAA	305
