TraesTSP1A01G049500	TAG	0
TraesTSP1A01G061500	TAG	0
TraesTSP1A01G074600	TAG	0
TraesTSP1A01G075300	TAG	0
TraesTSP1A01G079700	TGA	0
TraesTSP1A01G080300	TGA	0
TraesTSP1A01G083700	TAG	0
TraesTSP1A01G084600	TAG	0
TraesTSP1A01G108200	TAG	0
TraesTSP1A01G121700	TGA	0
TraesTSP1A01G126300	TAG	0
TraesTSP1A01G130100	TGA	0
TraesTSP1A01G160700	TGA	0
TraesTSP1A01G188400	TGA	0
TraesTSP1A01G210100	TAG	0
TraesTSP1A01G213300	TGA	0
TraesTSP1A01G218200	TGA	0
TraesTSP1A01G218700	TAG	0
TraesTSP1A01G229800	TAG	0
TraesTSP1A01G232700	TGA	0
TraesTSP1A01G246100	TAG	0
TraesTSP1A01G259600	TAA	0
TraesTSP1A01G315200	TAA	0
TraesTSP1A01G366900	TAG	0
TraesTSP1A01G369800	TAG	0
TraesTSP1A01G376700	TGA	0
TraesTSP1A01G382100	TGA	0
TraesTSP1A01G434600	TGA	0
TraesTSP1A01G441200	TAG	0
TraesTSP1A01G446600	TGA	0
TraesTSP1B01G019000	TGA	0
TraesTSP1B01G024900	TGA	0
TraesTSP1B01G043200	TAG	0
TraesTSP1B01G048000	TGA	0
TraesTSP1B01G057200	TAA	0
TraesTSP1B01G078300	TAG	0
TraesTSP1B01G088700	TAG	0
TraesTSP1B01G100600	TGA	0
TraesTSP1B01G101900	TGA	0
TraesTSP1B01G124200	TGA	0
TraesTSP1B01G143500	TAG	0
TraesTSP1B01G172200	TAG	0
TraesTSP1B01G193900	TAA	0
TraesTSP1B01G221800	TAG	0
TraesTSP1B01G223800	TGA	0
TraesTSP1B01G236700	TAA	0
TraesTSP1B01G247600	TAG	0
TraesTSP1B01G266400	TAG	0
TraesTSP1B01G299800	TGA	0
TraesTSP1B01G302000	TAG	0
TraesTSP1B01G307000	TGA	0
TraesTSP1B01G311800	TAG	0
TraesTSP1B01G323500	TGA	0
TraesTSP1B01G374400	TGA	0
TraesTSP1B01G384400	TGA	0
TraesTSP1B01G408600	TGA	0
TraesTSP1B01G409800	TGA	0
TraesTSP1B01G415800	TGA	0
TraesTSP1B01G428100	TGA	0
TraesTSP1B01G432000	TAG	0
TraesTSP1B01G486600	TGA	0
TraesTSP1D01G010900	TGA	0
TraesTSP1D01G021200	TGA	0
TraesTSP1D01G026500	TAA	0
TraesTSP1D01G028800	TAA	0
TraesTSP1D01G072900	TGA	0
TraesTSP1D01G093200	TGA	0
TraesTSP1D01G191100	TGA	0
TraesTSP1D01G214200	TGA	0
TraesTSP1D01G222200	TAG	0
TraesTSP1D01G247700	TAG	0
TraesTSP1D01G287600	TAG	0
TraesTSP1D01G434500	TAA	0
TraesTSP1D01G462100	TAG	0
TraesTSP2A01G016600	TAG	0
TraesTSP2A01G016700	TAA	0
TraesTSP2A01G028700	TAG	0
TraesTSP2A01G030500	TAG	0
TraesTSP2A01G032100	TGA	0
TraesTSP2A01G032200	TGA	0
TraesTSP2A01G035200	TAG	0
TraesTSP2A01G037600	TGA	0
TraesTSP2A01G041400	TAG	0
TraesTSP2A01G043900	TAA	0
TraesTSP2A01G061600	TGA	0
TraesTSP2A01G073100	TGA	0
TraesTSP2A01G079600	TAG	0
TraesTSP2A01G086200	TGA	0
TraesTSP2A01G116200	TGA	0
TraesTSP2A01G118400	TAA	0
TraesTSP2A01G147700	TAG	0
TraesTSP2A01G153400	TGA	0
TraesTSP2A01G160800	TAG	0
TraesTSP2A01G163200	TGA	0
TraesTSP2A01G176600	TAG	0
TraesTSP2A01G180400	TGA	0
TraesTSP2A01G181100	TAG	0
TraesTSP2A01G181300	TGA	0
TraesTSP2A01G212500	TGA	0
TraesTSP2A01G212700	TAG	0
TraesTSP2A01G232300	TAG	0
TraesTSP2A01G240800	TAG	0
TraesTSP2A01G246900	TAA	0
TraesTSP2A01G307100	TGA	0
TraesTSP2A01G325600	TAG	0
TraesTSP2A01G345600	TAG	0
TraesTSP2A01G355600	TAA	0
TraesTSP2A01G357800	TGA	0
TraesTSP2A01G358200	TAA	0
TraesTSP2A01G387100	TGA	0
TraesTSP2A01G422400	TAG	0
TraesTSP2A01G443700	TAA	0
TraesTSP2A01G488600	TGA	0
TraesTSP2A01G499500	TGA	0
TraesTSP2A01G513500	TAA	0
TraesTSP2A01G514400	TGA	0
TraesTSP2A01G514600	TAG	0
TraesTSP2A01G532500	TAG	0
TraesTSP2A01G538500	TGA	0
TraesTSP2A01G543400	TGA	0
TraesTSP2A01G564700	TAA	0
TraesTSP2A01G566200	TGA	0
TraesTSP2A01G580000	TGA	0
TraesTSP2A01G583500	TGA	0
TraesTSP2A01G635200	TGA	0
TraesTSP2B01G008100	TAA	0
TraesTSP2B01G018300	TAG	0
TraesTSP2B01G028100	TAG	0
TraesTSP2B01G031200	TGA	0
TraesTSP2B01G038700	TAG	0
TraesTSP2B01G045000	TGA	0
TraesTSP2B01G046100	TGA	0
TraesTSP2B01G048200	TGA	0
TraesTSP2B01G099300	TAA	0
TraesTSP2B01G121300	TAG	0
TraesTSP2B01G127800	TGA	0
TraesTSP2B01G167600	TAA	0
TraesTSP2B01G187200	TGA	0
TraesTSP2B01G211900	TAG	0
TraesTSP2B01G219100	TGA	0
TraesTSP2B01G225000	TAA	0
TraesTSP2B01G234400	TAG	0
TraesTSP2B01G234600	TAG	0
TraesTSP2B01G250100	TGA	0
TraesTSP2B01G264100	TGA	0
TraesTSP2B01G283100	TAA	0
TraesTSP2B01G297800	TAG	0
TraesTSP2B01G300800	TAA	0
TraesTSP2B01G349100	TAG	0
TraesTSP2B01G382900	TAA	0
TraesTSP2B01G388900	TGA	0
TraesTSP2B01G389800	TAA	0
TraesTSP2B01G418800	TGA	0
TraesTSP2B01G481300	TGA	0
TraesTSP2B01G483300	TAA	0
TraesTSP2B01G515700	TAA	0
TraesTSP2B01G554500	TGA	0
TraesTSP2B01G564200	TGA	0
TraesTSP2B01G565200	TGA	0
TraesTSP2B01G566200	TAG	0
TraesTSP2B01G594500	TAG	0
TraesTSP2B01G611300	TAA	0
TraesTSP2B01G613800	TGA	0
TraesTSP2B01G620700	TAG	0
TraesTSP2B01G661200	TGA	0
TraesTSP2B01G666700	TGA	0
TraesTSP2B01G672400	TGA	0
TraesTSP2B01G673600	TGA	0
TraesTSP2B01G680600	TGA	0
TraesTSP2D01G017700	TGA	0
TraesTSP2D01G023900	TAA	0
TraesTSP2D01G067700	TGA	0
TraesTSP2D01G077400	TGA	0
TraesTSP2D01G104300	TGA	0
TraesTSP2D01G135700	TAG	0
TraesTSP2D01G155000	TGA	0
TraesTSP2D01G197200	TAG	0
TraesTSP2D01G217400	TAG	0
TraesTSP2D01G217800	TAG	0
TraesTSP2D01G262600	TAA	0
TraesTSP2D01G294800	TGA	0
TraesTSP2D01G329200	TAG	0
TraesTSP2D01G360800	TAG	0
TraesTSP2D01G367500	TGA	0
TraesTSP2D01G408300	TAA	0
TraesTSP2D01G419400	TGA	0
TraesTSP2D01G458500	TGA	0
TraesTSP2D01G481400	TGA	0
TraesTSP2D01G516300	TAA	0
TraesTSP2D01G554800	TAG	0
TraesTSP2D01G610800	TAG	0
TraesTSP2D01G621700	TAG	0
TraesTSP2D01G631000	TAG	0
TraesTSP3A01G004900	TAA	0
TraesTSP3A01G011900	TGA	0
TraesTSP3A01G040100	TAG	0
TraesTSP3A01G043000	TGA	0
TraesTSP3A01G067200	TAG	0
TraesTSP3A01G107900	TGA	0
TraesTSP3A01G142600	TGA	0
TraesTSP3A01G185100	TAG	0
TraesTSP3A01G187200	TGA	0
TraesTSP3A01G218100	TGA	0
TraesTSP3A01G270500	TGA	0
TraesTSP3A01G279700	TAG	0
TraesTSP3A01G280300	TAA	0
TraesTSP3A01G287400	TAA	0
TraesTSP3A01G298700	TGA	0
TraesTSP3A01G318100	TGA	0
TraesTSP3A01G436500	TGA	0
TraesTSP3A01G475800	TAG	0
TraesTSP3A01G491600	TGA	0
TraesTSP3A01G508200	TAG	0
TraesTSP3A01G510400	TGA	0
TraesTSP3A01G510600	TAG	0
TraesTSP3A01G533500	TAG	0
TraesTSP3A01G560800	TGA	0
TraesTSP3B01G005600	TAG	0
TraesTSP3B01G031000	TGA	0
TraesTSP3B01G039200	TAA	0
TraesTSP3B01G042100	TAG	0
TraesTSP3B01G065000	TAG	0
TraesTSP3B01G072600	TGA	0
TraesTSP3B01G082700	TAG	0
TraesTSP3B01G118000	TGA	0
TraesTSP3B01G192300	TAG	0
TraesTSP3B01G230400	TGA	0
TraesTSP3B01G240900	TAG	0
TraesTSP3B01G248000	TAA	0
TraesTSP3B01G262900	TGA	0
TraesTSP3B01G265400	TGA	0
TraesTSP3B01G271500	TGA	0
TraesTSP3B01G274000	TGA	0
TraesTSP3B01G301900	TGA	0
TraesTSP3B01G306000	TAA	0
TraesTSP3B01G307700	TGA	0
TraesTSP3B01G310500	TGA	0
TraesTSP3B01G316200	TAG	0
TraesTSP3B01G320200	TGA	0
TraesTSP3B01G338100	TGA	0
TraesTSP3B01G349100	TGA	0
TraesTSP3B01G354500	TAG	0
TraesTSP3B01G375600	TGA	0
TraesTSP3B01G389800	TGA	0
TraesTSP3B01G401800	TGA	0
TraesTSP3B01G409800	TGA	0
TraesTSP3B01G440500	TAG	0
TraesTSP3B01G442400	TGA	0
TraesTSP3B01G462700	TAA	0
TraesTSP3B01G474600	TGA	0
TraesTSP3B01G507300	TGA	0
TraesTSP3B01G525700	TAG	0
TraesTSP3B01G541800	TGA	0
TraesTSP3B01G544100	TAG	0
TraesTSP3B01G546300	TGA	0
TraesTSP3B01G547800	TAA	0
TraesTSP3B01G565900	TAG	0
TraesTSP3B01G567600	TGA	0
TraesTSP3B01G594400	TAG	0
TraesTSP3B01G604300	TGA	0
TraesTSP3B01G626600	TAG	0
TraesTSP3B01G637000	TAA	0
TraesTSP3B01G639000	TAG	0
TraesTSP3B01G648700	TAG	0
TraesTSP3B01G650000	TAA	0
TraesTSP3B01G662300	TGA	0
TraesTSP3D01G007100	TGA	0
TraesTSP3D01G022900	TAA	0
TraesTSP3D01G025300	TGA	0
TraesTSP3D01G030100	TAA	0
TraesTSP3D01G091200	TAG	0
TraesTSP3D01G112400	TGA	0
TraesTSP3D01G134600	TAG	0
TraesTSP3D01G152600	TAA	0
TraesTSP3D01G233600	TGA	0
TraesTSP3D01G253000	TGA	0
TraesTSP3D01G333300	TGA	0
TraesTSP3D01G353200	TAG	0
TraesTSP3D01G367100	TGA	0
TraesTSP3D01G371800	TGA	0
TraesTSP3D01G394500	TGA	0
TraesTSP3D01G397600	TGA	0
TraesTSP3D01G404600	TGA	0
TraesTSP3D01G423000	TAG	0
TraesTSP3D01G493900	TAA	0
TraesTSP3D01G498100	TAA	0
TraesTSP3D01G504600	TAA	0
TraesTSP3D01G507500	TGA	0
TraesTSP3D01G574400	TAG	0
TraesTSP3D01G588000	TAG	0
TraesTSP4A01G017200	TGA	0
TraesTSP4A01G027700	TGA	0
TraesTSP4A01G032300	TGA	0
TraesTSP4A01G092900	TAA	0
TraesTSP4A01G094500	TGA	0
TraesTSP4A01G173100	TAG	0
TraesTSP4A01G208300	TGA	0
TraesTSP4A01G263100	TGA	0
TraesTSP4A01G287100	TAA	0
TraesTSP4A01G289000	TAG	0
TraesTSP4A01G291000	TAA	0
TraesTSP4A01G295300	TGA	0
TraesTSP4A01G300200	TAA	0
TraesTSP4A01G311300	TGA	0
TraesTSP4A01G312500	TAG	0
TraesTSP4A01G331200	TAG	0
TraesTSP4A01G379900	TGA	0
TraesTSP4A01G396400	TGA	0
TraesTSP4A01G407100	TGA	0
TraesTSP4A01G408600	TGA	0
TraesTSP4A01G428900	TAG	0
TraesTSP4A01G459600	TGA	0
TraesTSP4A01G467800	TGA	0
TraesTSP4A01G469900	TAG	0
TraesTSP4A01G511300	TAA	0
TraesTSP4A01G520700	TAG	0
TraesTSP4B01G015700	TGA	0
TraesTSP4B01G023500	TAA	0
TraesTSP4B01G025900	TAG	0
TraesTSP4B01G063400	TGA	0
TraesTSP4B01G078100	TAA	0
TraesTSP4B01G078200	TAG	0
TraesTSP4B01G090800	TAG	0
TraesTSP4B01G115000	TGA	0
TraesTSP4B01G140700	TGA	0
TraesTSP4B01G174300	TAG	0
TraesTSP4B01G200000	TAA	0
TraesTSP4B01G205400	TAA	0
TraesTSP4B01G206800	TGA	0
TraesTSP4B01G270600	TAA	0
TraesTSP4B01G273300	TGA	0
TraesTSP4B01G276600	TGA	0
TraesTSP4B01G288400	TGA	0
TraesTSP4B01G288600	TAG	0
TraesTSP4B01G302700	TAA	0
TraesTSP4B01G308300	TGA	0
TraesTSP4B01G333800	TAA	0
TraesTSP4B01G355200	TAA	0
TraesTSP4B01G373600	TGA	0
TraesTSP4B01G411200	TGA	0
TraesTSP4D01G012400	TGA	0
TraesTSP4D01G013500	TGA	0
TraesTSP4D01G022700	TGA	0
TraesTSP4D01G116800	TAG	0
TraesTSP4D01G173800	TAG	0
TraesTSP4D01G217800	TGA	0
TraesTSP4D01G254600	TAG	0
TraesTSP4D01G304500	TGA	0
TraesTSP4D01G353500	TAG	0
TraesTSP4D01G406900	TAG	0
TraesTSP5A01G008200	TGA	0
TraesTSP5A01G020400	TGA	0
TraesTSP5A01G024300	TAG	0
TraesTSP5A01G033000	TAG	0
TraesTSP5A01G120500	TGA	0
TraesTSP5A01G134200	TGA	0
TraesTSP5A01G135200	TAA	0
TraesTSP5A01G154600	TAA	0
TraesTSP5A01G172700	TGA	0
TraesTSP5A01G175500	TAG	0
TraesTSP5A01G185000	TAA	0
TraesTSP5A01G231700	TAG	0
TraesTSP5A01G264200	TGA	0
TraesTSP5A01G267300	TAG	0
TraesTSP5A01G319500	TGA	0
TraesTSP5A01G320700	TGA	0
TraesTSP5A01G322000	TGA	0
TraesTSP5A01G347900	TGA	0
TraesTSP5A01G351700	TAG	0
TraesTSP5A01G361200	TGA	0
TraesTSP5A01G376400	TGA	0
TraesTSP5A01G386500	TGA	0
TraesTSP5A01G398800	TGA	0
TraesTSP5A01G444700	TGA	0
TraesTSP5A01G488600	TGA	0
TraesTSP5A01G492800	TGA	0
TraesTSP5A01G493500	TAA	0
TraesTSP5A01G493900	TAG	0
TraesTSP5A01G497500	TAA	0
TraesTSP5A01G507200	TAG	0
TraesTSP5A01G513600	TGA	0
TraesTSP5A01G514400	TAG	0
TraesTSP5A01G517500	TAG	0
TraesTSP5A01G518200	TAA	0
TraesTSP5A01G533300	TGA	0
TraesTSP5A01G565400	TAA	0
TraesTSP5A01G569800	TGA	0
TraesTSP5A01G585400	TAG	0
TraesTSP5A01G589800	TAG	0
TraesTSP5B01G016900	TAA	0
TraesTSP5B01G050500	TGA	0
TraesTSP5B01G058900	TGA	0
TraesTSP5B01G072200	TGA	0
TraesTSP5B01G085200	TGA	0
TraesTSP5B01G109400	TGA	0
TraesTSP5B01G109600	TAA	0
TraesTSP5B01G118000	TAA	0
TraesTSP5B01G124200	TAA	0
TraesTSP5B01G124900	TAA	0
TraesTSP5B01G139100	TAG	0
TraesTSP5B01G166300	TAA	0
TraesTSP5B01G187900	TAA	0
TraesTSP5B01G192600	TAG	0
TraesTSP5B01G304100	TGA	0
TraesTSP5B01G335700	TAA	0
TraesTSP5B01G337300	TAA	0
TraesTSP5B01G337800	TAA	0
TraesTSP5B01G338200	TGA	0
TraesTSP5B01G346900	TAG	0
TraesTSP5B01G358900	TAG	0
TraesTSP5B01G359400	TAG	0
TraesTSP5B01G359500	TGA	0
TraesTSP5B01G360000	TAA	0
TraesTSP5B01G382300	TGA	0
TraesTSP5B01G405100	TGA	0
TraesTSP5B01G407600	TGA	0
TraesTSP5B01G408600	TGA	0
TraesTSP5B01G413200	TAA	0
TraesTSP5B01G431900	TGA	0
TraesTSP5B01G445600	TAG	0
TraesTSP5B01G453000	TAG	0
TraesTSP5B01G456300	TGA	0
TraesTSP5B01G458500	TGA	0
TraesTSP5B01G486300	TAG	0
TraesTSP5B01G490500	TAA	0
TraesTSP5B01G491000	TAA	0
TraesTSP5B01G496200	TGA	0
TraesTSP5B01G500200	TGA	0
TraesTSP5B01G511000	TGA	0
TraesTSP5B01G514400	TGA	0
TraesTSP5B01G524500	TAG	0
TraesTSP5B01G566100	TAG	0
TraesTSP5B01G584100	TAA	0
TraesTSP5B01G596100	TGA	0
TraesTSP5B01G606400	TAG	0
TraesTSP5B01G609700	TGA	0
TraesTSP5B01G610600	TGA	0
TraesTSP5D01G027600	TGA	0
TraesTSP5D01G129900	TGA	0
TraesTSP5D01G133400	TGA	0
TraesTSP5D01G139100	TGA	0
TraesTSP5D01G166400	TGA	0
TraesTSP5D01G194200	TAA	0
TraesTSP5D01G209500	TGA	0
TraesTSP5D01G227900	TGA	0
TraesTSP5D01G303400	TAG	0
TraesTSP5D01G370300	TAA	0
TraesTSP5D01G387200	TGA	0
TraesTSP5D01G430700	TGA	0
TraesTSP5D01G453600	TAA	0
TraesTSP5D01G461700	TGA	0
TraesTSP5D01G493200	TGA	0
TraesTSP5D01G494900	TAG	0
TraesTSP5D01G527300	TAG	0
TraesTSP5D01G530900	TAG	0
TraesTSP5D01G565500	TGA	0
TraesTSP5D01G586900	TGA	0
TraesTSP5D01G596900	TAG	0
TraesTSP6A01G001600	TGA	0
TraesTSP6A01G012600	TAA	0
TraesTSP6A01G045500	TAA	0
TraesTSP6A01G045700	TAG	0
TraesTSP6A01G050700	TGA	0
TraesTSP6A01G063000	TAG	0
TraesTSP6A01G082800	TAG	0
TraesTSP6A01G084500	TGA	0
TraesTSP6A01G110100	TAG	0
TraesTSP6A01G147600	TGA	0
TraesTSP6A01G165900	TAA	0
TraesTSP6A01G170200	TAA	0
TraesTSP6A01G224700	TAA	0
TraesTSP6A01G227300	TGA	0
TraesTSP6A01G238400	TAA	0
TraesTSP6A01G270300	TAG	0
TraesTSP6A01G293500	TGA	0
TraesTSP6A01G295100	TGA	0
TraesTSP6A01G300000	TAG	0
TraesTSP6A01G300600	TAG	0
TraesTSP6A01G316500	TGA	0
TraesTSP6A01G347800	TAG	0
TraesTSP6A01G369700	TGA	0
TraesTSP6A01G373700	TGA	0
TraesTSP6A01G375400	TAG	0
TraesTSP6A01G378600	TAG	0
TraesTSP6A01G396300	TAG	0
TraesTSP6A01G408400	TAA	0
TraesTSP6A01G408600	TAA	0
TraesTSP6B01G001500	TGA	0
TraesTSP6B01G004600	TGA	0
TraesTSP6B01G008800	TAG	0
TraesTSP6B01G016300	TAA	0
TraesTSP6B01G025300	TAA	0
TraesTSP6B01G051200	TAG	0
TraesTSP6B01G059700	TGA	0
TraesTSP6B01G062100	TGA	0
TraesTSP6B01G066200	TAG	0
TraesTSP6B01G128300	TGA	0
TraesTSP6B01G138900	TGA	0
TraesTSP6B01G143100	TGA	0
TraesTSP6B01G143700	TAG	0
TraesTSP6B01G144800	TAG	0
TraesTSP6B01G145800	TAA	0
TraesTSP6B01G147900	TGA	0
TraesTSP6B01G171700	TAA	0
TraesTSP6B01G190100	TGA	0
TraesTSP6B01G193500	TGA	0
TraesTSP6B01G195800	TGA	0
TraesTSP6B01G218300	TAA	0
TraesTSP6B01G231200	TAG	0
TraesTSP6B01G235500	TAA	0
TraesTSP6B01G255300	TGA	0
TraesTSP6B01G317300	TAG	0
TraesTSP6B01G344200	TGA	0
TraesTSP6B01G348200	TAA	0
TraesTSP6B01G363500	TGA	0
TraesTSP6B01G366500	TGA	0
TraesTSP6B01G372600	TAG	0
TraesTSP6B01G383600	TGA	0
TraesTSP6B01G384500	TGA	0
TraesTSP6B01G384800	TGA	0
TraesTSP6B01G385600	TGA	0
TraesTSP6B01G392500	TGA	0
TraesTSP6B01G404800	TGA	0
TraesTSP6B01G425600	TAG	0
TraesTSP6B01G427800	TAA	0
TraesTSP6B01G435200	TAG	0
TraesTSP6B01G463200	TGA	0
TraesTSP6B01G468800	TAG	0
TraesTSP6B01G469100	TAA	0
TraesTSP6B01G485200	TAG	0
TraesTSP6B01G485400	TAG	0
TraesTSP6B01G486300	TGA	0
TraesTSP6B01G497100	TAG	0
TraesTSP6B01G504100	TGA	0
TraesTSP6D01G002700	TGA	0
TraesTSP6D01G006100	TAG	0
TraesTSP6D01G070200	TGA	0
TraesTSP6D01G086100	TAG	0
TraesTSP6D01G114900	TGA	0
TraesTSP6D01G121700	TAG	0
TraesTSP6D01G132400	TAG	0
TraesTSP6D01G154800	TAG	0
TraesTSP6D01G189500	TAA	0
TraesTSP6D01G250600	TGA	0
TraesTSP6D01G287000	TAG	0
TraesTSP6D01G296200	TGA	0
TraesTSP6D01G367300	TAG	0
TraesTSP6D01G369900	TGA	0
TraesTSP6D01G410100	TAG	0
TraesTSP6D01G429100	TAA	0
TraesTSP6D01G431800	TAA	0
TraesTSP6D01G435800	TGA	0
TraesTSP7A01G003000	TGA	0
TraesTSP7A01G006300	TGA	0
TraesTSP7A01G035700	TGA	0
TraesTSP7A01G042100	TGA	0
TraesTSP7A01G042600	TGA	0
TraesTSP7A01G050300	TGA	0
TraesTSP7A01G051800	TAG	0
TraesTSP7A01G104900	TGA	0
TraesTSP7A01G111500	TAG	0
TraesTSP7A01G118500	TGA	0
TraesTSP7A01G124000	TAG	0
TraesTSP7A01G147800	TGA	0
TraesTSP7A01G154600	TGA	0
TraesTSP7A01G174200	TGA	0
TraesTSP7A01G182500	TGA	0
TraesTSP7A01G190400	TGA	0
TraesTSP7A01G214300	TAA	0
TraesTSP7A01G225300	TAG	0
TraesTSP7A01G229900	TAA	0
TraesTSP7A01G270200	TGA	0
TraesTSP7A01G304300	TAG	0
TraesTSP7A01G345300	TGA	0
TraesTSP7A01G346300	TAA	0
TraesTSP7A01G424800	TGA	0
TraesTSP7A01G430400	TGA	0
TraesTSP7A01G445500	TGA	0
TraesTSP7A01G473000	TAG	0
TraesTSP7A01G542400	TAG	0
TraesTSP7A01G555400	TAG	0
TraesTSP7A01G563900	TAA	0
TraesTSP7A01G564200	TAG	0
TraesTSP7A01G566500	TAG	0
TraesTSP7A01G569800	TGA	0
TraesTSP7A01G571300	TAG	0
TraesTSP7A01G590300	TAG	0
TraesTSP7A01G592300	TAG	0
TraesTSP7A01G605200	TGA	0
TraesTSP7A01G615400	TAG	0
TraesTSP7B01G000500	TGA	0
TraesTSP7B01G005100	TAG	0
TraesTSP7B01G011400	TGA	0
TraesTSP7B01G035700	TAG	0
TraesTSP7B01G037700	TGA	0
TraesTSP7B01G039000	TAG	0
TraesTSP7B01G045400	TAA	0
TraesTSP7B01G057100	TGA	0
TraesTSP7B01G085800	TAG	0
TraesTSP7B01G195500	TGA	0
TraesTSP7B01G201200	TGA	0
TraesTSP7B01G244200	TGA	0
TraesTSP7B01G244700	TGA	0
TraesTSP7B01G251500	TGA	0
TraesTSP7B01G278200	TAG	0
TraesTSP7B01G303900	TGA	0
TraesTSP7B01G322000	TGA	0
TraesTSP7B01G334700	TGA	0
TraesTSP7B01G341100	TGA	0
TraesTSP7B01G341800	TGA	0
TraesTSP7B01G351600	TGA	0
TraesTSP7B01G367300	TAA	0
TraesTSP7B01G371500	TAG	0
TraesTSP7B01G377300	TAG	0
TraesTSP7B01G378700	TGA	0
TraesTSP7B01G396200	TGA	0
TraesTSP7B01G407200	TAG	0
TraesTSP7B01G407500	TGA	0
TraesTSP7B01G408500	TAG	0
TraesTSP7B01G410300	TGA	0
TraesTSP7B01G413600	TAG	0
TraesTSP7B01G417300	TGA	0
TraesTSP7B01G420300	TAA	0
TraesTSP7B01G421000	TAG	0
TraesTSP7B01G437300	TAA	0
TraesTSP7B01G443400	TAG	0
TraesTSP7B01G449700	TGA	0
TraesTSP7B01G470500	TAG	0
TraesTSP7B01G470800	TGA	0
TraesTSP7B01G482600	TGA	0
TraesTSP7B01G484600	TAA	0
TraesTSP7B01G500800	TGA	0
TraesTSP7B01G504700	TAA	0
TraesTSP7B01G506300	TAG	0
TraesTSP7D01G017900	TAA	0
TraesTSP7D01G018800	TGA	0
TraesTSP7D01G112200	TGA	0
TraesTSP7D01G119000	TGA	0
TraesTSP7D01G188400	TGA	0
TraesTSP7D01G221300	TGA	0
TraesTSP7D01G261200	TAG	0
TraesTSP7D01G349300	TAA	0
TraesTSP7D01G349700	TAA	0
TraesTSP7D01G429600	TGA	0
TraesTSP7D01G436800	TAG	0
TraesTSP7D01G485200	TGA	0
TraesTSP7D01G541200	TAG	0
TraesTSP7D01G555500	TAG	0
TraesTSP7D01G573000	TAA	0
TraesTSP7D01G582500	TGA	0
TraesTSP7D01G596700	TAA	0
TraesTSP2A01G203900.1	TAG	2
TraesTSP4A01G291100.1	TGA	1
TraesTSP6B01G251200.1	TGA	2
TraesTSP1A01G048700.1	TGA	1
TraesTSP3B01G062200.1	TGA	2
TraesTSP4A01G491300.1	TAG	1
TraesTSP3D01G358100.1	TAA	1
TraesTSP6D01G190600.1	TGA	2
TraesTSP6B01G363800.1	TGA	1
TraesTSP2A01G472300.1	TGA	1
TraesTSP2B01G302500.1	TAG	2
TraesTSP1B01G491800.1	TGA	1
TraesTSP5A01G267400.1	TGA	2
TraesTSP2D01G602600.1	TGA	1
TraesTSP5D01G128200.1	TGA	2
TraesTSP6A01G052500.1	TAA	2
TraesTSP5A01G074400.1	TGA	1
TraesTSP7B01G137100.1	TGA	2
TraesTSP6A01G043100.1	TAG	2
TraesTSP1A01G036500.1	TGA	1
TraesTSP5B01G594300.1	TGA	2
TraesTSP5A01G583200.1	TGA	1
TraesTSP7B01G418300.1	TAA	2
TraesTSP7D01G178800.1	TAG	1
TraesTSP5B01G593700.1	TAA	1
TraesTSP7B01G090200.1	TAA	2
TraesTSP7D01G218500.1	TAG	1
TraesTSP2A01G257000.1	TGA	2
TraesTSP1D01G109500.1	TGA	1
TraesTSP7A01G437800.1	TAG	2
TraesTSP4A01G477100.1	TAA	2
TraesTSP7B01G501400.1	TAG	1
TraesTSP6D01G299000.1	TAA	2
TraesTSP6D01G301100.1	TAA	2
TraesTSP1A01G049300.1	TGA	2
TraesTSP4A01G464600.1	TAG	2
TraesTSP5A01G079600.1	TAG	1
TraesTSP2B01G627200.1	TGA	1
TraesTSP5B01G594200.1	TGA	2
TraesTSP4A01G526600.1	TAA	2
TraesTSP2B01G534900.1	TGA	2
TraesTSP4A01G121100.1	TGA	1
TraesTSP1D01G052900.1	TGA	2
TraesTSP5B01G419700.1	TAA	1
TraesTSP5B01G320900.1	TAA	2
TraesTSP2A01G264200.1	TGA	1
TraesTSP3B01G528200.1	TGA	1
TraesTSP5B01G380500.1	TAG	2
TraesTSP7D01G392200.1	TAA	2
TraesTSP1A01G371600.1	TGA	2
TraesTSP6D01G192600.1	TAA	2
TraesTSP3D01G013400.1	TGA	1
TraesTSP5B01G384000.1	TAG	1
TraesTSP1B01G022000.1	TGA	1
TraesTSP1A01G419200.1	TAG	2
TraesTSP5D01G204700.1	TAA	2
TraesTSP4A01G523700.1	TGA	1
TraesTSP3A01G194600.1	TAG	1
TraesTSP7B01G023100.1	TAG	2
TraesTSP3B01G140500.1	TGA	2
TraesTSP5B01G365200.1	TGA	1
TraesTSP7D01G156300.1	TGA	1
TraesTSP4B01G157800.1	TGA	1
TraesTSP1B01G433300.1	TGA	1
TraesTSP3B01G253400.1	TAA	2
TraesTSP7B01G072100.1	TAG	1
TraesTSP7A01G034000.1	TGA	2
TraesTSP1D01G377800.1	TAA	2
TraesTSP7A01G114900.1	TGA	2
TraesTSP2A01G558500.1	TGA	2
TraesTSP5B01G594500.1	TGA	2
TraesTSP7A01G060000.1	TAG	1
TraesTSP3D01G511600.1	TGA	2
TraesTSP5B01G043000.1	TAG	1
TraesTSP3D01G083100.1	TGA	1
TraesTSP3D01G524600.1	TAG	2
TraesTSP1D01G411300.1	TGA	2
TraesTSP5A01G115000.1	TAA	2
TraesTSP6B01G242400.1	TGA	2
TraesTSP6D01G000100.1	TGA	1
TraesTSP6B01G018800.1	TGA	1
TraesTSP1A01G430900.1	TGA	2
TraesTSP7A01G380300.1	TGA	1
TraesTSP5A01G038400.1	TAG	2
TraesTSP4B01G266100.1	TAG	2
TraesTSP3D01G313900.1	TAG	2
TraesTSP3A01G054300.1	TAG	2
TraesTSP1B01G489900.1	TGA	1
TraesTSP3B01G225000.1	TAG	1
TraesTSP6A01G067100.1	TGA	2
TraesTSP6D01G045700.1	TGA	1
TraesTSP2D01G615800.1	TAA	1
TraesTSP4B01G207000.1	TAG	2
TraesTSP2A01G134400.1	TGA	2
TraesTSP4A01G427900.1	TAA	2
TraesTSP2B01G629300.1	TGA	2
TraesTSP4A01G503800.1	TAA	2
TraesTSP2A01G516900.1	TGA	2
TraesTSP2B01G267500.1	TAA	1
TraesTSP6A01G168300.1	TAG	2
TraesTSP3B01G561000.1	TGA	1
TraesTSP1B01G382000.1	TGA	2
TraesTSP5B01G594400.1	TGA	2
TraesTSP6B01G029100.1	TGA	1
TraesTSP7D01G021600.1	TGA	2
TraesTSP2D01G007600.1	TAA	1
TraesTSP2B01G620800.1	TGA	2
TraesTSP6B01G472900.1	TGA	2
TraesTSP7B01G131600.1	TAA	2
TraesTSP1A01G351100.1	TAG	2
TraesTSP5B01G419900.1	TAA	1
TraesTSP3B01G599600.1	TGA	2
TraesTSP5A01G147500.1	TAA	1
TraesTSP1A01G344500.1	TAG	1
TraesTSP4B01G274300.1	TAG	2
TraesTSP6A01G285400.1	TAA	2
TraesTSP1D01G137200.1	TAA	2
TraesTSP5B01G374500.1	TGA	2
TraesTSP1A01G464300.1	TGA	1
TraesTSP7A01G330400.1	TGA	2
TraesTSP7B01G072300.1	TGA	1
TraesTSP4A01G422100.1	TGA	2
TraesTSP5A01G243100.1	TAG	2
TraesTSP2D01G034900.1	TGA	1
TraesTSP5A01G232400.1	TAG	1
TraesTSP1A01G418200.1	TAG	1
TraesTSP7A01G593700.1	TAG	1
TraesTSP1A01G015100.1	TGA	2
TraesTSP7A01G554600.1	TGA	2
TraesTSP2D01G165200.1	TAG	1
TraesTSP2A01G427500.1	TAG	2
TraesTSP2B01G100800.1	TGA	2
TraesTSP5A01G332200.1	TGA	1
TraesTSP3A01G452700.1	TAG	2
TraesTSP1B01G288100.1	TGA	2
TraesTSP3A01G386700.1	TGA	1
TraesTSP3A01G052600.1	TGA	2
TraesTSP6B01G042100.1	TAG	2
TraesTSP1A01G370700.1	TGA	2
TraesTSP3D01G314800.1	TGA	1
TraesTSP7A01G405500.1	TGA	2
TraesTSP7D01G443200.1	TAG	1
TraesTSP6A01G314800.1	TAG	2
TraesTSP4B01G359900.1	TAG	1
TraesTSP6A01G091100.1	TGA	2
TraesTSP4A01G381200.1	TAG	1
TraesTSP6D01G080000.1	TAG	2
TraesTSP3B01G290400.1	TGA	2
TraesTSP2D01G413900.1	TAA	2
TraesTSP3B01G368500.1	TAG	2
TraesTSP5D01G424600.1	TAA	1
TraesTSP7B01G533400.1	TGA	2
TraesTSP2D01G540000.1	TAG	2
TraesTSP7B01G385000.1	TAA	2
TraesTSP7A01G574300.1	TGA	2
TraesTSP2B01G169200.1	TAG	2
TraesTSP2A01G472100.1	TGA	1
TraesTSP5A01G376600.1	TGA	1
TraesTSP5D01G376500.1	TGA	2
TraesTSP5B01G595800.1	TAA	1
TraesTSP3D01G497100.1	TAG	1
TraesTSP3A01G506100.1	TAA	1
TraesTSP3D01G531400.1	TGA	2
TraesTSP2A01G051500.1	TGA	2
TraesTSP3D01G083800.1	TGA	1
TraesTSP5A01G442900.1	TAG	2
TraesTSP4A01G474600.1	TGA	2
TraesTSP1B01G465300.1	TAA	2
TraesTSP3B01G516000.1	TGA	2
TraesTSP6A01G040100.1	TGA	2
TraesTSP6A01G001000.1	TAA	2
TraesTSP5B01G620100.1	TGA	2
TraesTSP7D01G556800.1	TGA	2
TraesTSP7A01G492800.1	TGA	1
TraesTSP1D01G325600.1	TAG	1
TraesTSP7B01G193300.1	TGA	2
TraesTSP6D01G147100.1	TGA	2
TraesTSP7A01G467700.1	TAA	2
TraesTSP4B01G089700.1	TGA	2
TraesTSP5A01G128100.1	TGA	1
TraesTSP2D01G276500.1	TAA	2
TraesTSP3B01G124300.1	TAG	2
TraesTSP3B01G140400.1	TAG	1
TraesTSP2A01G472200.1	TGA	1
TraesTSP3D01G351300.1	TGA	2
TraesTSP1B01G490100.1	TGA	1
TraesTSP4B01G328500.1	TAG	2
TraesTSP4D01G260100.1	TAA	2
TraesTSP7B01G123800.1	TAG	2
TraesTSP4B01G251200.1	TGA	2
TraesTSP5B01G272000.1	TAA	1
