TraesCLE_scaffold_093730_01G000200.1	TAA	1
TraesCLE_scaffold_042983_01G000100.1	TGA	2
TraesCLE_scaffold_036116_01G000100.1	TGA	2
TraesCLE_scaffold_212616_01G000200.1	TGA	1
TraesCLE_scaffold_008268_01G000100.1	TGA	1
TraesCLE_scaffold_041495_01G000200.1	TGA	2
TraesCLE_scaffold_009412_01G000200.1	TGA	2
TraesCLE_scaffold_008048_01G000100.1	TAG	2
TraesCLE_scaffold_083424_01G000100.1	TAA	2
TraesCLE_scaffold_1142599_01G000100.1	TAA	1
TraesCLE_scaffold_031701_01G000100.1	TGA	2
TraesCLE_scaffold_014153_01G000100.1	TGA	1
TraesCLE_scaffold_059947_01G000100.1	TGA	1
TraesCLE_scaffold_062201_01G000200.1	TGA	2
TraesCLE_scaffold_013797_01G000200.1	TGA	1
TraesCLE_scaffold_107406_01G000100.1	TGA	2
TraesCLE_scaffold_010289_01G000800.1	TGA	1
TraesCLE_scaffold_083802_01G000200.1	TGA	1
TraesCLE_scaffold_046822_01G000100.1	TAA	1
TraesCLE_scaffold_013994_01G000100.1	TGA	1
TraesCLE_scaffold_072187_01G000100.1	TAA	1
TraesCLE_scaffold_062645_01G000300.1	TGA	1
TraesCLE_scaffold_192902_01G000100.1	TGA	2
TraesCLE_scaffold_218324_01G000100.1	TAA	2
TraesCLE_scaffold_111319_01G000100.1	TAA	1
TraesCLE_scaffold_069397_01G000200.1	TAG	1
TraesCLE_scaffold_073951_01G000200.1	TAA	2
TraesCLE_scaffold_016785_01G000100.1	TAG	1
TraesCLE_scaffold_111747_01G000200.1	TGA	1
TraesCLE_scaffold_129062_01G000100.1	TGA	2
TraesCLE_scaffold_139246_01G000100.1	TAA	2
TraesCLE_scaffold_058128_01G000100.1	TGA	1
TraesCLE_scaffold_082380_01G000200.1	TAG	1
TraesCLE_scaffold_043978_01G000200.1	TAA	2
TraesCLE_scaffold_137541_01G000200.1	TGA	1
TraesCLE_scaffold_028496_01G000400.1	TGA	1
TraesCLE_scaffold_022423_01G000200.1	TGA	1
TraesCLE_scaffold_018063_01G000100.1	TAG	2
TraesCLE_scaffold_141389_01G000100.1	TAG	2
TraesCLE_scaffold_009611_01G000300.1	TAA	2
TraesCLE_scaffold_028217_01G000200.1	TGA	2
TraesCLE_scaffold_011488_01G000100.1	TAG	1
TraesCLE_scaffold_019620_01G000100.1	TAA	2
TraesCLE_scaffold_200981_01G000100.1	TAA	2
TraesCLE_scaffold_044667_01G000100.1	TGA	1
TraesCLE_scaffold_082829_01G000100.1	TGA	1
TraesCLE_scaffold_031470_01G000100.1	TGA	1
TraesCLE_scaffold_058090_01G000100.1	TGA	2
TraesCLE_scaffold_008027_01G000200.1	TAA	1
TraesCLE_scaffold_040696_01G000100.1	TGA	1
TraesCLE_scaffold_040521_01G000500.1	TGA	1
TraesCLE_scaffold_036878_01G000300.1	TAG	2
TraesCLE_scaffold_034122_01G000500.1	TGA	1
TraesCLE_scaffold_215537_01G000200.1	TAA	1
TraesCLE_scaffold_016119_01G000200.1	TGA	1
TraesCLE_scaffold_244290_01G000100.1	TGA	1
TraesCLE_scaffold_066246_01G000100.1	TAA	1
TraesCLE_scaffold_005264_01G000100.1	TGA	1
TraesCLE_scaffold_074200_01G000100.1	TGA	1
TraesCLE_scaffold_009860_01G000700.1	TGA	1
TraesCLE_scaffold_118674_01G000100.1	TGA	2
TraesCLE_scaffold_041698_01G000200.1	TAG	1
TraesCLE_scaffold_059003_01G000200.1	TGA	1
TraesCLE_scaffold_004785_01G000200.1	TAG	2
TraesCLE_scaffold_776490_01G000100.1	TGA	2
TraesCLE_scaffold_008806_01G000500.1	TGA	1
TraesCLE_scaffold_063848_01G000300.1	TGA	1
TraesCLE_scaffold_147756_01G000100.1	TGA	1
TraesCLE_scaffold_014793_01G000100.1	TAA	1
TraesCLE_scaffold_008317_01G000900.1	TAA	2
TraesCLE_scaffold_010870_01G000800.1	TAG	1
TraesCLE_scaffold_060982_01G000200.1	TGA	1
TraesCLE_scaffold_209088_01G000100.1	TGA	2
TraesCLE_scaffold_012643_01G000100.1	TAG	1
TraesCLE_scaffold_032622_01G000200.1	TAG	2
TraesCLE_scaffold_182788_01G000100.1	TGA	2
TraesCLE_scaffold_036674_01G000100.1	TAG	2
TraesCLE_scaffold_050790_01G000600.1	TAG	2
TraesCLE_scaffold_024343_01G000100.1	TAA	2
TraesCLE_scaffold_020239_01G000200.1	TGA	2
TraesCLE_scaffold_058876_01G000200.1	TAG	2
TraesCLE_scaffold_061324_01G000300.1	TAA	2
TraesCLE_scaffold_036399_01G000100.1	TAG	1
TraesCLE_scaffold_014793_01G000200.1	TAA	1
TraesCLE_scaffold_116841_01G000100.1	TAG	2
TraesCLE_scaffold_167695_01G000100.1	TGA	2
TraesCLE_scaffold_073885_01G000400.1	TAG	1
TraesCLE_scaffold_102415_01G000100.1	TAG	2
TraesCLE_scaffold_002664_01G000300.1	TGA	1
TraesCLE_scaffold_010555_01G000700.1	TGA	2
TraesCLE_scaffold_003791_01G000600.1	TGA	1
TraesCLE_scaffold_057955_01G000100.1	TGA	2
TraesCLE_scaffold_024550_01G000100.1	TAG	2
TraesCLE_scaffold_024090_01G000100.1	TAG	1
TraesCLE_scaffold_154860_01G000200.1	TAA	1
TraesCLE_scaffold_003112_01G000300.1	TGA	2
TraesCLE_scaffold_054200_01G000500.1	TAG	2
TraesCLE_scaffold_055119_01G000100.1	TGA	2
TraesCLE_scaffold_111520_01G000400.1	TAA	2
TraesCLE_scaffold_016905_01G000900.1	TGA	2
TraesCLE_scaffold_020315_01G000100.1	TAG	2
TraesCLE_scaffold_006864_01G000100.1	TGA	1
TraesCLE_scaffold_004486_01G000100.1	TGA	1
TraesCLE_scaffold_002116_01G000100.1	TGA	2
TraesCLE_scaffold_068643_01G000100.1	TAA	2
TraesCLE_scaffold_126353_01G000100.1	TAG	2
TraesCLE_scaffold_152982_01G000100.1	TGA	1
TraesCLE_scaffold_143090_01G000100.1	TAG	1
TraesCLE_scaffold_240789_01G000200.1	TAG	2
