AMAM000004-RA	TGA	0
AMAM000016-RA	TGA	0
AMAM000023-RA	TAA	0
AMAM000039-RA	TAA	0
AMAM000041-RA	TAG	0
AMAM000043-RA	TGA	0
AMAM000057-RA	TAA	0
AMAM000076-RA	TAA	0
AMAM000080-RA	TAA	0
AMAM000098-RA	TGA	0
AMAM000137-RA	TAA	0
AMAM000147-RA	TGA	0
AMAM000170-RA	TAG	0
AMAM000177-RA	TAA	0
AMAM000183-RA	TAG	0
AMAM000189-RA	TGA	0
AMAM000193-RA	TAA	0
AMAM000200-RA	TAA	0
AMAM000204-RA	TAG	0
AMAM000218-RA	TAA	0
AMAM000278-RA	TAA	0
AMAM000323-RA	TAA	0
AMAM000324-RA	TAA	0
AMAM000335-RA	TAA	0
AMAM000346-RA	TGA	0
AMAM000411-RA	TAA	0
AMAM000416-RA	TAA	0
AMAM000419-RA	TGA	0
AMAM000423-RA	TAA	0
AMAM000452-RA	TGA	0
AMAM000456-RA	TGA	0
AMAM000496-RA	TAA	0
AMAM000510-RA	TGA	0
AMAM000529-RA	TGA	0
AMAM000541-RA	TGA	0
AMAM000552-RA	TAA	0
AMAM000565-RA	TAA	0
AMAM000583-RA	TAA	0
AMAM000622-RA	TAA	0
AMAM000642-RA	TAG	0
AMAM000669-RA	TAA	0
AMAM000705-RA	TAA	0
AMAM000715-RA	TAA	0
AMAM000716-RA	TAA	0
AMAM000740-RA	TAG	0
AMAM000794-RA	TAG	0
AMAM000816-RA	TGA	0
AMAM000828-RA	TAA	0
AMAM000842-RA	TAA	0
AMAM000855-RA	TAA	0
AMAM000886-RA	TGA	0
AMAM000897-RA	TAA	0
AMAM000900-RA	TAA	0
AMAM000930-RA	TGA	0
AMAM000934-RA	TAG	0
AMAM000978-RA	TGA	0
AMAM000979-RA	TAA	0
AMAM001005-RA	TGA	0
AMAM001016-RA	TGA	0
AMAM001025-RA	TAA	0
AMAM001055-RA	TAG	0
AMAM001068-RA	TGA	0
AMAM001082-RA	TGA	0
AMAM001090-RA	TAG	0
AMAM001093-RA	TAA	0
AMAM001137-RA	TGA	0
AMAM001173-RA	TAA	0
AMAM001186-RA	TAA	0
AMAM001189-RA	TGA	0
AMAM001204-RA	TAG	0
AMAM001223-RA	TGA	0
AMAM001298-RA	TGA	0
AMAM001310-RA	TAA	0
AMAM001334-RA	TAA	0
AMAM001352-RA	TGA	0
AMAM001366-RA	TGA	0
AMAM001423-RA	TAG	0
AMAM001470-RA	TAA	0
AMAM001490-RA	TAG	0
AMAM001494-RA	TAG	0
AMAM001532-RA	TAG	0
AMAM001539-RA	TGA	0
AMAM001551-RA	TGA	0
AMAM001563-RA	TAA	0
AMAM001566-RA	TGA	0
AMAM001596-RA	TAG	0
AMAM001628-RA	TGA	0
AMAM001630-RA	TAA	0
AMAM001679-RA	TGA	0
AMAM001698-RA	TAG	0
AMAM001710-RA	TAA	0
AMAM001717-RA	TAA	0
AMAM001722-RA	TGA	0
AMAM001744-RA	TGA	0
AMAM001751-RA	TAA	0
AMAM001771-RA	TAG	0
AMAM001778-RA	TAG	0
AMAM001808-RA	TAG	0
AMAM001809-RA	TAG	0
AMAM001823-RA	TAA	0
AMAM001842-RA	TAA	0
AMAM001848-RA	TAA	0
AMAM001853-RA	TGA	0
AMAM001882-RA	TAA	0
AMAM001884-RA	TAA	0
AMAM001885-RA	TAA	0
AMAM001890-RA	TAA	0
AMAM001898-RA	TGA	0
AMAM001936-RA	TGA	0
AMAM001948-RA	TAA	0
AMAM001953-RA	TGA	0
AMAM002021-RA	TAA	0
AMAM002034-RA	TGA	0
AMAM002038-RA	TAA	0
AMAM002064-RA	TAA	0
AMAM002065-RA	TAA	0
AMAM002071-RA	TAG	0
AMAM002073-RA	TGA	0
AMAM002093-RA	TAA	0
AMAM002094-RA	TGA	0
AMAM002133-RA	TGA	0
AMAM002135-RA	TGA	0
AMAM002160-RA	TGA	0
AMAM002196-RA	TAG	0
AMAM002198-RA	TAA	0
AMAM002217-RA	TAA	0
AMAM002220-RA	TAG	0
AMAM002224-RA	TGA	0
AMAM002230-RA	TAG	0
AMAM002264-RA	TAG	0
AMAM002276-RA	TGA	0
AMAM002280-RA	TAA	0
AMAM002281-RA	TAG	0
AMAM002304-RA	TGA	0
AMAM002311-RA	TAG	0
AMAM002326-RA	TGA	0
AMAM002352-RA	TAG	0
AMAM002398-RA	TAA	0
AMAM002399-RA	TAG	0
AMAM002401-RA	TGA	0
AMAM002424-RA	TAG	0
AMAM002436-RA	TAG	0
AMAM002457-RA	TGA	0
AMAM002500-RA	TGA	0
AMAM002505-RA	TAG	0
AMAM002525-RA	TAG	0
AMAM002536-RA	TAG	0
AMAM002555-RA	TAA	0
AMAM002592-RA	TAG	0
AMAM002606-RA	TAA	0
AMAM002615-RA	TAA	0
AMAM002619-RA	TAA	0
AMAM002623-RA	TGA	0
AMAM002626-RA	TAA	0
AMAM002657-RA	TAA	0
AMAM002668-RA	TAA	0
AMAM002680-RA	TGA	0
AMAM002687-RA	TAA	0
AMAM002700-RA	TAA	0
AMAM002705-RA	TGA	0
AMAM002710-RA	TAA	0
AMAM002739-RA	TGA	0
AMAM002744-RA	TAA	0
AMAM002753-RA	TGA	0
AMAM002767-RA	TGA	0
AMAM002776-RA	TAA	0
AMAM002801-RA	TGA	0
AMAM002808-RA	TGA	0
AMAM002813-RA	TAA	0
AMAM002815-RA	TAG	0
AMAM002818-RA	TAG	0
AMAM002856-RA	TAG	0
AMAM002860-RA	TAG	0
AMAM002869-RA	TGA	0
AMAM002880-RA	TAA	0
AMAM002892-RA	TGA	0
AMAM002897-RA	TGA	0
AMAM002906-RA	TAA	0
AMAM002931-RA	TGA	0
AMAM002954-RA	TAG	0
AMAM002960-RA	TAG	0
AMAM002968-RA	TGA	0
AMAM002969-RA	TAA	0
AMAM002972-RA	TGA	0
AMAM002989-RA	TAA	0
AMAM003089-RA	TAA	0
AMAM003102-RA	TGA	0
AMAM003129-RA	TAG	0
AMAM003154-RA	TGA	0
AMAM003170-RA	TAA	0
AMAM003182-RA	TGA	0
AMAM003229-RA	TGA	0
AMAM003249-RA	TGA	0
AMAM003255-RA	TAA	0
AMAM003271-RA	TAA	0
AMAM003276-RA	TAA	0
AMAM003277-RA	TAG	0
AMAM003278-RA	TAA	0
AMAM003313-RA	TGA	0
AMAM003362-RA	TAA	0
AMAM003373-RA	TAG	0
AMAM003410-RA	TAA	0
AMAM003434-RA	TAG	0
AMAM003458-RA	TAG	0
AMAM003478-RA	TGA	0
AMAM003485-RA	TGA	0
AMAM003488-RA	TAA	0
AMAM003540-RA	TAA	0
AMAM003585-RA	TAA	0
AMAM003614-RA	TAA	0
AMAM003631-RA	TGA	0
AMAM003640-RA	TGA	0
AMAM003647-RA	TAA	0
AMAM003663-RA	TGA	0
AMAM003667-RA	TAG	0
AMAM003678-RA	TAA	0
AMAM003735-RA	TAA	0
AMAM003759-RA	TAA	0
AMAM003763-RA	TGA	0
AMAM003768-RA	TGA	0
AMAM003777-RA	TAG	0
AMAM003784-RA	TAA	0
AMAM003847-RA	TAA	0
AMAM003884-RA	TAA	0
AMAM003907-RA	TAG	0
AMAM003912-RA	TAA	0
AMAM003917-RA	TAA	0
AMAM003925-RA	TAG	0
AMAM003937-RA	TGA	0
AMAM003939-RA	TAA	0
AMAM003967-RA	TAA	0
AMAM003985-RA	TAG	0
AMAM004019-RA	TAA	0
AMAM004031-RA	TAA	0
AMAM004038-RA	TGA	0
AMAM004051-RA	TGA	0
AMAM004181-RA	TAG	0
AMAM004200-RA	TAA	0
AMAM004203-RA	TAA	0
AMAM004207-RA	TAA	0
AMAM004220-RA	TAG	0
AMAM004238-RA	TAA	0
AMAM004245-RA	TAG	0
AMAM004258-RA	TAA	0
AMAM004299-RA	TGA	0
AMAM004309-RA	TAA	0
AMAM004326-RA	TAG	0
AMAM004330-RA	TAA	0
AMAM004331-RA	TAG	0
AMAM004337-RA	TAA	0
AMAM004341-RA	TAA	0
AMAM004343-RA	TAA	0
AMAM004352-RA	TGA	0
AMAM004374-RA	TAA	0
AMAM004465-RA	TGA	0
AMAM004477-RA	TGA	0
AMAM004489-RA	TAG	0
AMAM004499-RA	TAG	0
AMAM004504-RA	TAA	0
AMAM004533-RA	TAG	0
AMAM004539-RA	TGA	0
AMAM004566-RA	TAA	0
AMAM004568-RA	TGA	0
AMAM004593-RA	TAG	0
AMAM004595-RA	TAG	0
AMAM004607-RA	TAG	0
AMAM004612-RA	TAA	0
AMAM004613-RA	TGA	0
AMAM004624-RA	TGA	0
AMAM004637-RA	TAA	0
AMAM004641-RA	TAA	0
AMAM004642-RA	TAG	0
AMAM004669-RA	TAA	0
AMAM004672-RA	TAA	0
AMAM004676-RA	TAG	0
AMAM004702-RA	TAA	0
AMAM004729-RA	TAA	0
AMAM004737-RA	TGA	0
AMAM004765-RA	TGA	0
AMAM004783-RA	TAG	0
AMAM004790-RA	TAA	0
AMAM004826-RA	TAA	0
AMAM004845-RA	TAG	0
AMAM004891-RA	TAA	0
AMAM004892-RA	TAA	0
AMAM004909-RA	TAG	0
AMAM004916-RA	TGA	0
AMAM004926-RA	TAA	0
AMAM004941-RA	TAA	0
AMAM005007-RA	TAA	0
AMAM005072-RA	TAA	0
AMAM005108-RA	TAA	0
AMAM005124-RA	TGA	0
AMAM005138-RA	TAA	0
AMAM005139-RA	TAA	0
AMAM005162-RA	TAG	0
AMAM005181-RA	TGA	0
AMAM005190-RA	TAA	0
AMAM005222-RA	TAA	0
AMAM005236-RA	TGA	0
AMAM005249-RA	TAG	0
AMAM005272-RA	TAG	0
AMAM005282-RA	TAA	0
AMAM005295-RA	TGA	0
AMAM005318-RA	TGA	0
AMAM005330-RA	TGA	0
AMAM005356-RA	TAG	0
AMAM005359-RA	TAA	0
AMAM005361-RA	TAA	0
AMAM005378-RA	TAA	0
AMAM005389-RA	TAG	0
AMAM005406-RA	TAA	0
AMAM005414-RA	TAG	0
AMAM005445-RA	TAA	0
AMAM005457-RA	TAA	0
AMAM005466-RA	TAG	0
AMAM005490-RA	TGA	0
AMAM005506-RA	TAG	0
AMAM005534-RA	TAG	0
AMAM005560-RA	TAA	0
AMAM005577-RA	TAA	0
AMAM005590-RA	TAA	0
AMAM005609-RA	TAA	0
AMAM005612-RA	TAA	0
AMAM005619-RA	TAG	0
AMAM005669-RA	TAG	0
AMAM005677-RA	TAG	0
AMAM005683-RA	TAA	0
AMAM005695-RA	TAG	0
AMAM005710-RA	TGA	0
AMAM005741-RA	TAA	0
AMAM005776-RA	TAA	0
AMAM005793-RA	TAA	0
AMAM005799-RA	TAG	0
AMAM005805-RA	TAG	0
AMAM005819-RA	TAA	0
AMAM005837-RA	TAA	0
AMAM005855-RA	TAG	0
AMAM005893-RA	TAA	0
AMAM005914-RA	TAA	0
AMAM005924-RA	TAA	0
AMAM005930-RA	TAG	0
AMAM005952-RA	TAA	0
AMAM005953-RA	TGA	0
AMAM005972-RA	TAA	0
AMAM005998-RA	TAA	0
AMAM006008-RA	TAG	0
AMAM006041-RA	TAG	0
AMAM006057-RA	TAA	0
AMAM006078-RA	TGA	0
AMAM006094-RA	TGA	0
AMAM006106-RA	TAG	0
AMAM006112-RA	TAA	0
AMAM006112-RB	TAA	0
AMAM006164-RA	TAG	0
AMAM006166-RA	TAA	0
AMAM006187-RA	TAG	0
AMAM006214-RA	TAA	0
AMAM006231-RA	TAA	0
AMAM006253-RA	TGA	0
AMAM006270-RA	TAG	0
AMAM006295-RA	TGA	0
AMAM006301-RA	TGA	0
AMAM006325-RA	TGA	0
AMAM006344-RA	TAA	0
AMAM006370-RA	TGA	0
AMAM006372-RB	TAA	0
AMAM006388-RA	TAG	0
AMAM006441-RA	TAA	0
AMAM006468-RA	TGA	0
AMAM006501-RA	TAG	0
AMAM006525-RA	TGA	0
AMAM006615-RA	TAG	0
AMAM006623-RA	TAA	0
AMAM006664-RA	TGA	0
AMAM006669-RA	TGA	0
AMAM006670-RA	TGA	0
AMAM006704-RA	TAA	0
AMAM006719-RA	TAG	0
AMAM006737-RA	TAA	0
AMAM006775-RA	TAG	0
AMAM006816-RA	TGA	0
AMAM006836-RA	TAA	0
AMAM006859-RA	TGA	0
AMAM006864-RA	TAA	0
AMAM006882-RA	TGA	0
AMAM006903-RA	TAA	0
AMAM006910-RA	TGA	0
AMAM006924-RA	TAG	0
AMAM006926-RA	TAG	0
AMAM006978-RA	TAG	0
AMAM006981-RA	TGA	0
AMAM006984-RA	TGA	0
AMAM006994-RA	TAA	0
AMAM007011-RA	TAA	0
AMAM007039-RA	TGA	0
AMAM007041-RA	TAA	0
AMAM007096-RA	TAA	0
AMAM007103-RA	TGA	0
AMAM007114-RA	TAA	0
AMAM007115-RA	TAA	0
AMAM007127-RA	TAA	0
AMAM007172-RA	TAG	0
AMAM007175-RA	TGA	0
AMAM007178-RA	TGA	0
AMAM007214-RA	TAG	0
AMAM007217-RA	TAG	0
AMAM007223-RA	TAG	0
AMAM007225-RA	TAG	0
AMAM007231-RA	TAA	0
AMAM007241-RA	TAG	0
AMAM007246-RA	TAA	0
AMAM007266-RA	TAA	0
AMAM007288-RA	TGA	0
AMAM007301-RA	TAA	0
AMAM007303-RA	TAA	0
AMAM007340-RA	TAG	0
AMAM007342-RA	TGA	0
AMAM007343-RA	TAA	0
AMAM007347-RA	TAA	0
AMAM007369-RA	TGA	0
AMAM007394-RA	TGA	0
AMAM007395-RA	TAG	0
AMAM007409-RA	TAA	0
AMAM007429-RA	TGA	0
AMAM007441-RA	TGA	0
AMAM007483-RA	TAA	0
AMAM007515-RA	TAG	0
AMAM007528-RA	TAA	0
AMAM007531-RA	TGA	0
AMAM007532-RA	TAA	0
AMAM007545-RA	TGA	0
AMAM007557-RA	TAA	0
AMAM007569-RA	TAA	0
AMAM007582-RA	TGA	0
AMAM007594-RA	TAG	0
AMAM007601-RA	TGA	0
AMAM007626-RA	TGA	0
AMAM007647-RA	TAA	0
AMAM007663-RA	TAG	0
AMAM007667-RA	TAG	0
AMAM007670-RA	TAA	0
AMAM007712-RA	TGA	0
AMAM007714-RA	TGA	0
AMAM007717-RA	TAA	0
AMAM007718-RA	TGA	0
AMAM007724-RA	TAG	0
AMAM007744-RA	TAG	0
AMAM007748-RA	TAA	0
AMAM007757-RA	TGA	0
AMAM007781-RA	TAG	0
AMAM007792-RA	TAA	0
AMAM007808-RA	TAA	0
AMAM007823-RA	TAG	0
AMAM007829-RA	TAA	0
AMAM007837-RA	TAA	0
AMAM007904-RA	TGA	0
AMAM007908-RA	TGA	0
AMAM007909-RA	TAA	0
AMAM007950-RA	TAA	0
AMAM007977-RA	TAG	0
AMAM008021-RA	TAA	0
AMAM008022-RA	TGA	0
AMAM008049-RA	TAA	0
AMAM008064-RA	TAA	0
AMAM008085-RA	TAA	0
AMAM008094-RA	TGA	0
AMAM008096-RA	TGA	0
AMAM008112-RA	TGA	0
AMAM008128-RA	TAA	0
AMAM008129-RA	TAA	0
AMAM008141-RA	TGA	0
AMAM008149-RA	TAA	0
AMAM008156-RA	TAG	0
AMAM008182-RA	TGA	0
AMAM008220-RA	TGA	0
AMAM008272-RA	TAA	0
AMAM008330-RA	TAA	0
AMAM008338-RA	TAA	0
AMAM008345-RA	TAG	0
AMAM008346-RA	TAG	0
AMAM008351-RA	TGA	0
AMAM008395-RA	TAG	0
AMAM008397-RA	TAG	0
AMAM008455-RA	TAA	0
AMAM008467-RA	TGA	0
AMAM008501-RA	TAA	0
AMAM008542-RA	TAA	0
AMAM008543-RA	TGA	0
AMAM008583-RA	TAG	0
AMAM008586-RA	TGA	0
AMAM008603-RA	TAA	0
AMAM008650-RA	TAG	0
AMAM008693-RA	TAA	0
AMAM008703-RA	TAG	0
AMAM008718-RA	TAA	0
AMAM008725-RA	TGA	0
AMAM008756-RA	TAA	0
AMAM008769-RA	TGA	0
AMAM008771-RA	TGA	0
AMAM008773-RA	TAA	0
AMAM008781-RA	TAG	0
AMAM008788-RA	TGA	0
AMAM008803-RA	TGA	0
AMAM008805-RA	TGA	0
AMAM008826-RA	TAA	0
AMAM008827-RA	TGA	0
AMAM008865-RA	TAG	0
AMAM008896-RA	TAA	0
AMAM008915-RA	TAG	0
AMAM008921-RA	TAG	0
AMAM008937-RA	TAA	0
AMAM008944-RA	TAA	0
AMAM008956-RA	TAA	0
AMAM008969-RA	TGA	0
AMAM009005-RA	TAA	0
AMAM009006-RA	TAG	0
AMAM009070-RA	TAA	0
AMAM009097-RA	TGA	0
AMAM009112-RA	TAA	0
AMAM009159-RA	TAG	0
AMAM009164-RA	TAA	0
AMAM009213-RA	TGA	0
AMAM009224-RA	TAA	0
AMAM009265-RA	TAG	0
AMAM009301-RA	TAA	0
AMAM009321-RA	TAG	0
AMAM009324-RA	TAA	0
AMAM009346-RA	TAG	0
AMAM009372-RA	TAG	0
AMAM009380-RA	TAG	0
AMAM009393-RA	TAA	0
AMAM009418-RA	TAA	0
AMAM009445-RA	TAA	0
AMAM009451-RA	TAG	0
AMAM009480-RA	TAG	0
AMAM009485-RA	TAA	0
AMAM009501-RA	TAG	0
AMAM009506-RA	TGA	0
AMAM009507-RA	TGA	0
AMAM009518-RA	TAG	0
AMAM009520-RA	TAA	0
AMAM009545-RA	TAA	0
AMAM009580-RA	TAA	0
AMAM009608-RA	TAA	0
AMAM009626-RA	TAA	0
AMAM009642-RA	TAG	0
AMAM009651-RA	TGA	0
AMAM009700-RA	TAA	0
AMAM009703-RA	TAA	0
AMAM009707-RA	TAA	0
AMAM009711-RA	TAG	0
AMAM009718-RA	TAA	0
AMAM009739-RA	TAA	0
AMAM009751-RA	TAG	0
AMAM009761-RA	TAG	0
AMAM009767-RA	TAA	0
AMAM009786-RA	TAA	0
AMAM009787-RA	TAA	0
AMAM009805-RA	TAA	0
AMAM009844-RA	TAA	0
AMAM009853-RA	TAA	0
AMAM009860-RA	TGA	0
AMAM009865-RA	TGA	0
AMAM009890-RA	TGA	0
AMAM009903-RA	TGA	0
AMAM009907-RA	TAA	0
AMAM009908-RA	TAG	0
AMAM009941-RA	TAA	0
AMAM009954-RA	TGA	0
AMAM009958-RA	TAG	0
AMAM009960-RA	TAA	0
AMAM009961-RA	TGA	0
AMAM009982-RA	TAA	0
AMAM009989-RA	TAA	0
AMAM009997-RA	TAA	0
AMAM010042-RA	TAG	0
AMAM010070-RA	TGA	0
AMAM010086-RA	TAG	0
AMAM010144-RA	TAA	0
AMAM010153-RA	TAA	0
AMAM010156-RA	TGA	0
AMAM010175-RA	TAA	0
AMAM010192-RA	TAA	0
AMAM010207-RA	TAG	0
AMAM010209-RA	TAG	0
AMAM010236-RA	TAA	0
AMAM010247-RA	TGA	0
AMAM010269-RA	TAG	0
AMAM010296-RA	TAA	0
AMAM010331-RA	TAG	0
AMAM010349-RA	TAG	0
AMAM010350-RA	TAG	0
AMAM010369-RA	TGA	0
AMAM010372-RA	TAG	0
AMAM010382-RA	TGA	0
AMAM010394-RA	TAG	0
AMAM010407-RA	TAA	0
AMAM010426-RA	TGA	0
AMAM010430-RA	TAG	0
AMAM010448-RA	TAA	0
AMAM010451-RA	TAA	0
AMAM010456-RA	TGA	0
AMAM010462-RA	TAA	0
AMAM010463-RA	TAG	0
AMAM010475-RA	TAG	0
AMAM010509-RA	TGA	0
AMAM010519-RA	TAA	0
AMAM010525-RA	TAG	0
AMAM010544-RA	TAA	0
AMAM010552-RA	TAA	0
AMAM010555-RA	TAA	0
AMAM010573-RA	TAG	0
AMAM010578-RA	TAA	0
AMAM010651-RA	TAA	0
AMAM010660-RA	TAG	0
AMAM010755-RA	TAG	0
AMAM010764-RA	TAG	0
AMAM010781-RA	TAA	0
AMAM010788-RA	TGA	0
AMAM010794-RA	TAA	0
AMAM010850-RA	TAA	0
AMAM010855-RA	TAG	0
AMAM010857-RA	TGA	0
AMAM010862-RA	TAG	0
AMAM010871-RA	TAA	0
AMAM010880-RA	TAA	0
AMAM010901-RA	TGA	0
AMAM010904-RA	TAG	0
AMAM010907-RA	TGA	0
AMAM010911-RA	TAG	0
AMAM010949-RA	TAA	0
AMAM010953-RA	TGA	0
AMAM010960-RA	TAA	0
AMAM010980-RA	TAA	0
AMAM010983-RA	TAA	0
AMAM011020-RA	TAA	0
AMAM011065-RA	TGA	0
AMAM011074-RA	TAA	0
AMAM011079-RA	TAG	0
AMAM011100-RA	TAG	0
AMAM011102-RA	TAA	0
AMAM011110-RA	TAA	0
AMAM011136-RA	TAA	0
AMAM011143-RA	TAA	0
AMAM011151-RA	TGA	0
AMAM011158-RA	TAG	0
AMAM011167-RA	TAG	0
AMAM011228-RA	TGA	0
AMAM011245-RA	TGA	0
AMAM011279-RA	TAG	0
AMAM011280-RA	TGA	0
AMAM011286-RA	TAG	0
AMAM011293-RA	TAG	0
AMAM011312-RA	TAG	0
AMAM011338-RA	TAG	0
AMAM011339-RA	TAA	0
AMAM011344-RA	TAG	0
AMAM011350-RA	TAA	0
AMAM011364-RA	TGA	0
AMAM011396-RA	TGA	0
AMAM011424-RA	TAG	0
AMAM011470-RA	TAA	0
AMAM011514-RA	TAA	0
AMAM011533-RA	TAA	0
AMAM011557-RA	TAA	0
AMAM011572-RA	TGA	0
AMAM011588-RA	TAG	0
AMAM011596-RA	TAA	0
AMAM011616-RA	TGA	0
AMAM011656-RA	TAA	0
AMAM011666-RA	TGA	0
AMAM011695-RA	TAG	0
AMAM011713-RA	TAG	0
AMAM011716-RA	TAA	0
AMAM011718-RA	TGA	0
AMAM011730-RA	TAA	0
AMAM011797-RA	TAA	0
AMAM011803-RA	TAA	0
AMAM011812-RA	TAA	0
AMAM011820-RA	TAG	0
AMAM011851-RA	TAA	0
AMAM011864-RA	TAA	0
AMAM011879-RA	TAG	0
AMAM011926-RA	TAA	0
AMAM011929-RA	TGA	0
AMAM011933-RA	TAG	0
AMAM011941-RA	TGA	0
AMAM011988-RA	TGA	0
AMAM012004-RA	TAG	0
AMAM012010-RA	TGA	0
AMAM012048-RA	TAA	0
AMAM012077-RA	TAG	0
AMAM012081-RA	TAG	0
AMAM012132-RA	TAA	0
AMAM012140-RA	TAG	0
AMAM012144-RA	TAA	0
AMAM012146-RA	TGA	0
AMAM012157-RA	TAA	0
AMAM012163-RA	TAA	0
AMAM012175-RA	TGA	0
AMAM012190-RA	TAG	0
AMAM012202-RA	TAG	0
AMAM012205-RA	TAG	0
AMAM012286-RA	TAG	0
AMAM012288-RA	TAG	0
AMAM012294-RA	TAG	0
AMAM012295-RA	TAA	0
AMAM012300-RA	TAA	0
AMAM012338-RA	TAA	0
AMAM012360-RA	TGA	0
AMAM012381-RA	TGA	0
AMAM012399-RA	TAA	0
AMAM012411-RA	TAA	0
AMAM012447-RA	TAA	0
AMAM012475-RA	TAA	0
AMAM012517-RA	TGA	0
AMAM012573-RA	TAA	0
AMAM012577-RA	TGA	0
AMAM012589-RA	TAG	0
AMAM012616-RA	TGA	0
AMAM012629-RA	TAA	0
AMAM012651-RA	TGA	0
AMAM012653-RA	TAA	0
AMAM012685-RA	TAA	0
AMAM012697-RA	TAG	0
AMAM012706-RA	TAG	0
AMAM012707-RA	TAA	0
AMAM012733-RA	TAG	0
AMAM012760-RA	TAA	0
AMAM012774-RA	TAA	0
AMAM012798-RA	TGA	0
AMAM012801-RA	TGA	0
AMAM012812-RA	TAA	0
AMAM012819-RA	TAA	0
AMAM012824-RA	TGA	0
AMAM012827-RA	TAG	0
AMAM012875-RA	TAA	0
AMAM012876-RA	TAA	0
AMAM012902-RA	TAA	0
AMAM012905-RA	TAA	0
AMAM012907-RA	TGA	0
AMAM012927-RA	TGA	0
AMAM012970-RA	TAA	0
AMAM012974-RA	TAA	0
AMAM012999-RA	TGA	0
AMAM013024-RA	TGA	0
AMAM013028-RA	TAA	0
AMAM013055-RA	TGA	0
AMAM013075-RA	TAA	0
AMAM013077-RA	TGA	0
AMAM013081-RA	TAG	0
AMAM013134-RA	TAG	0
AMAM013159-RA	TAG	0
AMAM013177-RA	TGA	0
AMAM013178-RA	TAG	0
AMAM013194-RA	TAA	0
AMAM013219-RA	TGA	0
AMAM013227-RA	TGA	0
AMAM013242-RA	TAA	0
AMAM013298-RA	TAG	0
AMAM013303-RA	TAA	0
AMAM013310-RA	TAG	0
AMAM013327-RA	TGA	0
AMAM013355-RA	TGA	0
AMAM013399-RA	TGA	0
AMAM013466-RA	TAA	0
AMAM013507-RA	TAA	0
AMAM013520-RA	TAG	0
AMAM013559-RA	TAG	0
AMAM013561-RA	TAA	0
AMAM013586-RA	TGA	0
AMAM013598-RA	TGA	0
AMAM013608-RA	TAG	0
AMAM013702-RA	TAA	0
AMAM013717-RA	TAG	0
AMAM013761-RA	TAA	0
AMAM013781-RA	TAA	0
AMAM013833-RA	TAG	0
AMAM013874-RA	TAA	0
AMAM013888-RA	TAA	0
AMAM013895-RA	TAA	0
AMAM013903-RA	TAG	0
AMAM013916-RA	TAA	0
AMAM013972-RA	TAG	0
AMAM013982-RA	TAG	0
AMAM013986-RA	TAA	0
AMAM014035-RA	TGA	0
AMAM014059-RA	TAA	0
AMAM014069-RA	TAG	0
AMAM014070-RA	TAG	0
AMAM014085-RA	TGA	0
AMAM014111-RA	TAG	0
AMAM014165-RA	TAA	0
AMAM014183-RA	TAA	0
AMAM014194-RA	TAA	0
AMAM014226-RA	TAA	0
AMAM014240-RA	TGA	0
AMAM014242-RA	TAG	0
AMAM014271-RA	TAA	0
AMAM014289-RA	TGA	0
AMAM014304-RA	TAA	0
AMAM014310-RA	TAG	0
AMAM014316-RA	TAG	0
AMAM014320-RA	TGA	0
AMAM014321-RA	TAG	0
AMAM014329-RA	TAA	0
AMAM014337-RA	TAA	0
AMAM014346-RA	TGA	0
AMAM014392-RA	TGA	0
AMAM014415-RA	TGA	0
AMAM014458-RA	TAA	0
AMAM014479-RA	TAA	0
AMAM014509-RA	TAA	0
AMAM014520-RA	TAG	0
AMAM014531-RA	TGA	0
AMAM014556-RA	TGA	0
AMAM014572-RA	TAA	0
AMAM014575-RA	TAA	0
AMAM014599-RA	TGA	0
AMAM014600-RA	TGA	0
AMAM014652-RA	TAG	0
AMAM014654-RA	TAA	0
AMAM014693-RA	TAA	0
AMAM014710-RA	TGA	0
AMAM014732-RA	TAA	0
AMAM014735-RA	TAA	0
AMAM014747-RA	TGA	0
AMAM014787-RA	TAG	0
AMAM014826-RA	TAA	0
AMAM014830-RA	TAA	0
AMAM014906-RA	TGA	0
AMAM014909-RA	TAG	0
AMAM014922-RA	TGA	0
AMAM014932-RA	TGA	0
AMAM014971-RA	TGA	0
AMAM015032-RA	TAA	0
AMAM015056-RA	TAA	0
AMAM015062-RA	TAA	0
AMAM015064-RA	TAA	0
AMAM015097-RA	TAG	0
AMAM015104-RA	TAG	0
AMAM015117-RA	TAA	0
AMAM015122-RA	TGA	0
AMAM015151-RA	TAA	0
AMAM015175-RA	TAG	0
AMAM015186-RA	TGA	0
AMAM015190-RA	TGA	0
AMAM015198-RA	TAG	0
AMAM015223-RA	TGA	0
AMAM015233-RA	TAG	0
AMAM015236-RA	TAG	0
AMAM015280-RA	TAA	0
AMAM015320-RA	TAG	0
AMAM015352-RA	TGA	0
AMAM015379-RA	TAA	0
AMAM015381-RA	TAA	0
AMAM015422-RA	TGA	0
AMAM015426-RA	TAA	0
AMAM015433-RA	TAG	0
AMAM015440-RA	TAG	0
AMAM015459-RA	TAA	0
AMAM015480-RA	TAG	0
AMAM015511-RA	TAG	0
AMAM015530-RA	TAG	0
AMAM015541-RA	TAG	0
AMAM015563-RA	TGA	0
AMAM015564-RA	TAG	0
AMAM015599-RA	TAA	0
AMAM015646-RA	TAA	0
AMAM015669-RA	TAA	0
AMAM015690-RA	TAA	0
AMAM015742-RA	TAA	0
AMAM015754-RA	TAA	0
AMAM015757-RA	TAA	0
AMAM015761-RA	TAA	0
AMAM015783-RA	TAA	0
AMAM015784-RA	TGA	0
AMAM015891-RA	TAA	0
AMAM015896-RA	TAA	0
AMAM015915-RA	TGA	0
AMAM015917-RA	TAA	0
AMAM015931-RA	TAG	0
AMAM015942-RA	TAA	0
AMAM015949-RA	TAG	0
AMAM015986-RA	TAA	0
AMAM015999-RA	TAA	0
AMAM016015-RA	TAA	0
AMAM016051-RA	TAA	0
AMAM016059-RA	TGA	0
AMAM016085-RA	TGA	0
AMAM016092-RA	TAG	0
AMAM016102-RA	TAA	0
AMAM016105-RA	TAG	0
AMAM016136-RA	TAA	0
AMAM016159-RA	TAA	0
AMAM016162-RA	TGA	0
AMAM016166-RA	TGA	0
AMAM016167-RA	TGA	0
AMAM016185-RA	TAG	0
AMAM016191-RA	TAA	0
AMAM016194-RA	TAA	0
AMAM016237-RA	TAA	0
AMAM016267-RA	TGA	0
AMAM016319-RA	TAG	0
AMAM016329-RA	TAG	0
AMAM016351-RA	TAG	0
AMAM016361-RA	TAA	0
AMAM016402-RA	TGA	0
AMAM016416-RA	TGA	0
AMAM016418-RA	TAA	0
AMAM016426-RA	TAG	0
AMAM016441-RA	TAG	0
AMAM016450-RA	TAA	0
AMAM016481-RA	TAA	0
AMAM016487-RA	TAA	0
AMAM016492-RA	TAG	0
AMAM016506-RA	TAA	0
AMAM016515-RA	TAA	0
AMAM016517-RA	TAA	0
AMAM016518-RA	TAA	0
AMAM016528-RA	TAA	0
AMAM016531-RA	TAA	0
AMAM016559-RA	TAA	0
AMAM016637-RA	TGA	0
AMAM016662-RA	TAA	0
AMAM016670-RA	TGA	0
AMAM016703-RA	TGA	0
AMAM016712-RA	TGA	0
AMAM016725-RA	TAA	0
AMAM016727-RA	TAA	0
AMAM016755-RA	TAG	0
AMAM016764-RA	TAA	0
AMAM016777-RA	TAA	0
AMAM016842-RA	TAG	0
AMAM016860-RA	TGA	0
AMAM016874-RA	TGA	0
AMAM016879-RA	TAA	0
AMAM016891-RA	TAG	0
AMAM016922-RA	TAA	0
AMAM016936-RA	TAA	0
AMAM016955-RA	TGA	0
AMAM016960-RA	TAA	0
AMAM016973-RA	TGA	0
AMAM016977-RA	TAG	0
AMAM016979-RA	TGA	0
AMAM016992-RA	TGA	0
AMAM016994-RA	TAA	0
AMAM017001-RA	TAA	0
AMAM017007-RA	TAG	0
AMAM017033-RA	TGA	0
AMAM017058-RA	TAA	0
AMAM017064-RA	TAA	0
AMAM017095-RA	TGA	0
AMAM017101-RA	TAA	0
AMAM017111-RA	TAA	0
AMAM017128-RA	TAG	0
AMAM017138-RA	TGA	0
AMAM017189-RA	TAA	0
AMAM017190-RA	TAA	0
AMAM017208-RA	TAG	0
AMAM017211-RA	TGA	0
AMAM017222-RA	TGA	0
AMAM017224-RA	TAA	0
AMAM017303-RA	TAG	0
AMAM017331-RA	TAA	0
AMAM017333-RA	TAA	0
AMAM017336-RA	TGA	0
AMAM017382-RA	TAA	0
AMAM017390-RA	TGA	0
AMAM017392-RA	TAG	0
AMAM017415-RA	TAG	0
AMAM017425-RA	TAG	0
AMAM017450-RA	TAG	0
AMAM017478-RA	TAG	0
AMAM017512-RA	TAG	0
AMAM017567-RA	TGA	0
AMAM017568-RA	TAA	0
AMAM017588-RA	TAA	0
AMAM017626-RA	TGA	0
AMAM017659-RA	TGA	0
AMAM017675-RA	TAG	0
AMAM017692-RA	TAA	0
AMAM017716-RA	TAA	0
AMAM017720-RA	TAG	0
AMAM017739-RA	TAG	0
AMAM017752-RA	TAG	0
AMAM017755-RA	TAA	0
AMAM017767-RA	TAA	0
AMAM017776-RA	TGA	0
AMAM017778-RA	TAA	0
AMAM017784-RA	TAA	0
AMAM017786-RA	TAG	0
AMAM017789-RA	TAA	0
AMAM017839-RA	TAA	0
AMAM017847-RA	TAA	0
AMAM017857-RA	TGA	0
AMAM017877-RA	TAG	0
AMAM017890-RA	TAG	0
AMAM017891-RA	TAA	0
AMAM017911-RA	TAA	0
AMAM017987-RA	TAG	0
AMAM017998-RA	TGA	0
AMAM018011-RA	TAA	0
AMAM018013-RA	TGA	0
AMAM018018-RA	TAA	0
AMAM018020-RA	TGA	0
AMAM018052-RA	TAA	0
AMAM018066-RA	TAA	0
AMAM018074-RA	TAA	0
AMAM018082-RA	TAG	0
AMAM018092-RA	TAA	0
AMAM018101-RA	TAA	0
AMAM018135-RA	TAA	0
AMAM018184-RA	TGA	0
AMAM018190-RA	TGA	0
AMAM018228-RA	TAA	0
AMAM018232-RA	TGA	0
AMAM018266-RA	TAG	0
AMAM018269-RA	TAG	0
AMAM018280-RA	TAG	0
AMAM018289-RA	TAG	0
AMAM018294-RA	TAA	0
AMAM018319-RA	TAA	0
AMAM018345-RA	TAA	0
AMAM018371-RA	TGA	0
AMAM018383-RA	TGA	0
AMAM018439-RA	TAA	0
AMAM018441-RA	TAG	0
AMAM018448-RA	TAA	0
AMAM018450-RA	TAG	0
AMAM018471-RA	TGA	0
AMAM018474-RA	TAG	0
AMAM018518-RA	TAG	0
AMAM018535-RA	TAA	0
AMAM018564-RA	TAG	0
AMAM018632-RA	TAA	0
AMAM018645-RA	TAA	0
AMAM018647-RA	TAA	0
AMAM018650-RA	TAG	0
AMAM018729-RA	TGA	0
AMAM018759-RA	TAG	0
AMAM018771-RA	TAA	0
AMAM018778-RA	TGA	0
AMAM018796-RA	TGA	0
AMAM018860-RA	TAA	0
AMAM018930-RA	TAA	0
AMAM018945-RA	TAG	0
AMAM018965-RA	TAG	0
AMAM019010-RA	TAA	0
AMAM019016-RA	TAG	0
AMAM019041-RA	TAA	0
AMAM019047-RA	TAA	0
AMAM019048-RA	TAA	0
AMAM019053-RA	TGA	0
AMAM019068-RA	TGA	0
AMAM019094-RA	TAG	0
AMAM019105-RA	TAA	0
AMAM019130-RA	TAA	0
AMAM019131-RA	TGA	0
AMAM019141-RA	TAA	0
AMAM019145-RA	TGA	0
AMAM019158-RA	TGA	0
AMAM019166-RA	TGA	0
AMAM019182-RA	TAG	0
AMAM019190-RA	TAA	0
AMAM019208-RA	TAA	0
AMAM019250-RA	TAA	0
AMAM019269-RA	TAA	0
AMAM019277-RA	TGA	0
AMAM019279-RA	TAA	0
AMAM019290-RA	TAA	0
AMAM019317-RA	TAA	0
AMAM019325-RA	TAG	0
AMAM019329-RA	TAG	0
AMAM019334-RA	TAA	0
AMAM019343-RA	TAA	0
AMAM019361-RA	TAA	0
AMAM019375-RA	TAA	0
AMAM019392-RA	TAA	0
AMAM019404-RA	TAA	0
AMAM019434-RA	TAA	0
AMAM019503-RA	TGA	0
AMAM019512-RA	TGA	0
AMAM019520-RA	TAG	0
AMAM019536-RA	TAG	0
AMAM019578-RA	TAA	0
AMAM019598-RA	TAG	0
AMAM019610-RA	TGA	0
AMAM019615-RA	TAA	0
AMAM019644-RA	TAG	0
AMAM019648-RA	TGA	0
AMAM019655-RA	TAG	0
AMAM019672-RA	TGA	0
AMAM019702-RA	TGA	0
AMAM019725-RA	TAG	0
AMAM019751-RA	TAA	0
AMAM019796-RA	TGA	0
AMAM019848-RA	TGA	0
AMAM019859-RA	TAA	0
AMAM019881-RA	TAA	0
AMAM019889-RA	TAA	0
AMAM019916-RA	TAA	0
AMAM019953-RA	TGA	0
AMAM019982-RA	TGA	0
AMAM019984-RA	TAA	0
AMAM019988-RA	TAG	0
AMAM020027-RA	TGA	0
AMAM020031-RA	TAA	0
AMAM020043-RA	TAA	0
AMAM020044-RA	TAA	0
AMAM020052-RA	TAA	0
AMAM020055-RA	TAG	0
AMAM020062-RA	TAA	0
AMAM020071-RA	TAG	0
AMAM020078-RA	TAG	0
AMAM020102-RA	TGA	0
AMAM020128-RA	TAG	0
AMAM020131-RA	TGA	0
AMAM020153-RA	TAG	0
AMAM020176-RA	TAG	0
AMAM020192-RA	TGA	0
AMAM020215-RA	TAA	0
AMAM020218-RA	TAA	0
AMAM020258-RA	TGA	0
AMAM020277-RA	TGA	0
AMAM020290-RA	TAG	0
AMAM020307-RA	TAA	0
AMAM020308-RA	TGA	0
AMAM020356-RA	TAG	0
AMAM020377-RA	TAG	0
AMAM020389-RA	TGA	0
AMAM020399-RA	TAA	0
AMAM020459-RA	TAA	0
AMAM020483-RA	TAG	0
AMAM020497-RA	TAG	0
AMAM020517-RA	TAA	0
AMAM020522-RA	TAG	0
AMAM020524-RA	TAA	0
AMAM020565-RA	TAA	0
AMAM020581-RA	TAG	0
AMAM020590-RA	TGA	0
AMAM020609-RA	TAA	0
AMAM020633-RA	TGA	0
AMAM020639-RA	TGA	0
AMAM020647-RA	TAA	0
AMAM020697-RA	TGA	0
AMAM020731-RA	TGA	0
AMAM020740-RA	TAA	0
AMAM020788-RA	TAG	0
AMAM020793-RA	TAG	0
AMAM020814-RA	TAA	0
AMAM020836-RA	TAG	0
AMAM020844-RA	TAA	0
AMAM020861-RA	TAA	0
AMAM020891-RA	TAA	0
AMAM020907-RA	TAG	0
AMAM020918-RA	TAA	0
AMAM020980-RA	TAA	0
AMAM020996-RA	TAA	0
AMAM021007-RA	TGA	0
AMAM021070-RA	TAA	0
AMAM021074-RA	TAG	0
AMAM021123-RA	TAG	0
AMAM021131-RA	TGA	0
AMAM021170-RA	TAA	0
AMAM021175-RA	TGA	0
AMAM021181-RA	TGA	0
AMAM021210-RA	TGA	0
AMAM021211-RA	TAA	0
AMAM021231-RA	TGA	0
AMAM021232-RA	TAA	0
AMAM021235-RA	TAG	0
AMAM021236-RA	TAA	0
AMAM021238-RA	TAG	0
AMAM021280-RA	TGA	0
AMAM021305-RA	TGA	0
AMAM021332-RA	TGA	0
AMAM021362-RA	TAA	0
AMAM021367-RA	TAA	0
AMAM021377-RA	TAA	0
AMAM021385-RA	TAG	0
AMAM021396-RA	TAA	0
AMAM021402-RA	TAG	0
AMAM021405-RA	TAA	0
AMAM021415-RA	TAA	0
AMAM021468-RA	TGA	0
AMAM021489-RA	TGA	0
AMAM021495-RA	TGA	0
AMAM021513-RA	TAA	0
AMAM021517-RA	TAG	0
AMAM021518-RA	TGA	0
AMAM021528-RA	TAA	0
AMAM021532-RA	TAA	0
AMAM021559-RA	TGA	0
AMAM021561-RA	TAA	0
AMAM021565-RA	TGA	0
AMAM021570-RA	TAA	0
AMAM021586-RA	TAA	0
AMAM021590-RA	TAG	0
AMAM021596-RA	TGA	0
AMAM021603-RA	TGA	0
AMAM021605-RA	TAG	0
AMAM021629-RA	TGA	0
AMAM021633-RA	TGA	0
AMAM021658-RA	TAA	0
AMAM021672-RA	TAG	0
AMAM021679-RA	TAG	0
AMAM021708-RA	TGA	0
AMAM021732-RA	TAA	0
AMAM021765-RA	TAA	0
AMAM021784-RA	TGA	0
AMAM021797-RA	TAG	0
AMAM021809-RA	TAG	0
AMAM021813-RA	TGA	0
AMAM021875-RA	TGA	0
AMAM021883-RA	TGA	0
AMAM021939-RA	TGA	0
AMAM021942-RA	TGA	0
AMAM021992-RA	TAA	0
AMAM021999-RA	TAA	0
AMAM022040-RA	TAA	0
AMAM022045-RA	TAG	0
AMAM022057-RA	TAA	0
AMAM022123-RA	TGA	0
AMAM022144-RA	TAA	0
AMAM022217-RA	TAG	0
AMAM022236-RA	TGA	0
AMAM022251-RA	TAG	0
AMAM022334-RA	TAG	0
AMAM022346-RA	TAA	0
AMAM022352-RA	TGA	0
AMAM022368-RA	TGA	0
AMAM022392-RA	TAG	0
AMAM022393-RA	TAA	0
AMAM022400-RA	TAG	0
AMAM022437-RA	TGA	0
AMAM022453-RA	TAG	0
AMAM022492-RA	TAA	0
AMAM022493-RA	TAA	0
AMAM022503-RA	TAA	0
AMAM022516-RA	TGA	0
AMAM022535-RA	TAG	0
AMAM022552-RA	TAA	0
AMAM022557-RA	TAA	0
AMAM022595-RA	TAG	0
AMAM022607-RA	TGA	0
AMAM022620-RA	TAG	0
AMAM022640-RA	TAA	0
AMAM022657-RA	TAA	0
AMAM022681-RA	TAA	0
AMAM022682-RA	TGA	0
AMAM022685-RA	TAA	0
AMAM022703-RA	TAG	0
AMAM022730-RA	TAG	0
AMAM022736-RA	TAA	0
AMAM022760-RA	TAA	0
AMAM022765-RA	TAA	0
AMAM022770-RA	TAA	0
AMAM022781-RA	TGA	0
AMAM022785-RA	TGA	0
AMAM022830-RA	TAG	0
AMAM022834-RA	TGA	0
AMAM022853-RA	TAG	0
AMAM022854-RA	TAG	0
AMAM022872-RA	TAA	0
AMAM022893-RA	TAA	0
AMAM022904-RA	TGA	0
AMAM022944-RA	TGA	0
AMAM022955-RA	TAA	0
AMAM023074-RA	TAA	0
AMAM023098-RA	TAA	0
AMAM023101-RA	TAG	0
AMAM023109-RA	TGA	0
AMAM023125-RA	TAA	0
AMAM023151-RA	TAG	0
AMAM023159-RA	TAG	0
AMAM023163-RA	TAA	0
AMAM023165-RA	TAA	0
AMAM023166-RA	TAG	0
AMAM023182-RA	TAA	0
AMAM023192-RA	TAG	0
AMAM023225-RA	TAA	0
AMAM023271-RA	TAG	0
AMAM023288-RA	TAA	0
AMAM023290-RA	TGA	0
AMAM023294-RA	TAG	0
AMAM023328-RA	TAG	0
AMAM023345-RA	TAG	0
AMAM023350-RA	TAG	0
AMAM023353-RA	TGA	0
AMAM023371-RA	TAA	0
AMAM023388-RA	TAA	0
AMAM023413-RA	TAA	0
AMAM023427-RA	TAG	0
AMAM023430-RA	TGA	0
AMAM023439-RA	TAA	0
AMAM023441-RA	TGA	0
AMAM023448-RA	TAA	0
AMAM023475-RA	TAA	0
AMAM023497-RA	TGA	0
AMAM023498-RA	TAG	0
AMAM023506-RA	TAG	0
AMAM023512-RA	TAG	0
AMAM023519-RA	TAA	0
AMAM023540-RA	TGA	0
AMAM023550-RA	TAG	0
AMAM023556-RA	TGA	0
AMAM023610-RA	TAA	0
AMAM023612-RA	TAG	0
AMAM023631-RA	TAG	0
AMAM023634-RA	TGA	0
AMAM023640-RA	TAG	0
AMAM023695-RA	TAA	0
AMAM023764-RA	TAA	0
AMAM023771-RA	TGA	0
AMAM023796-RA	TGA	0
AMAM023811-RA	TAA	0
AMAM023813-RA	TAG	0
AMAM023824-RA	TAA	0
AMAM023847-RA	TAA	0
AMAM023876-RA	TAA	0
AMAM023879-RA	TGA	0
AMAM023887-RA	TAA	0
AMAM023919-RA	TGA	0
AMAM023974-RA	TAA	0
AMAM023975-RA	TGA	0
AMAM023980-RA	TAG	0
AMAM024032-RA	TGA	0
AMAM024053-RA	TAA	0
AMAM024062-RA	TAG	0
AMAM024071-RA	TAA	0
AMAM024072-RA	TAG	0
AMAM024074-RA	TAA	0
AMAM024109-RA	TAG	0
AMAM024111-RA	TAG	0
AMAM024114-RA	TAA	0
AMAM024139-RA	TAG	0
AMAM024238-RA	TAA	0
AMAM024242-RA	TGA	0
AMAM024247-RA	TGA	0
AMAM024257-RA	TAA	0
AMAM024271-RA	TGA	0
AMAM024280-RA	TGA	0
AMAM024552-RA	TAA	0
AMAM024560-RA	TGA	0
AMAM024563-RA	TGA	0
AMAM000624-RA	TAA	1071
AMAM019176-RA	TGA	152
AMAM012847-RA	TAG	194
AMAM022827-RA	TGA	284
AMAM018373-RA	TGA	20
AMAM011386-RA	TGA	170
AMAM012112-RA	TAG	2
AMAM010695-RA	TAG	17
AMAM010695-RB	TAG	17
AMAM014031-RA	TGA	10
AMAM011634-RA	TAG	1
AMAM014484-RA	TGA	185
AMAM018821-RA	TGA	34
AMAM010741-RA	TGA	137
AMAM010634-RA	TGA	36
AMAM009172-RA	TAG	304
AMAM004171-RA	TAG	64
AMAM016961-RA	TAA	632
AMAM011124-RA	TAA	81
AMAM004439-RA	TAA	8
AMAM003625-RA	TGA	36
AMAM024546-RA	TAA	1
AMAM021277-RA	TGA	284
AMAM002193-RA	TGA	24
AMAM024504-RA	TAA	3
AMAM024503-RA	TAA	3
AMAM017301-RA	TGA	158
AMAM014023-RA	TGA	1265
AMAM022520-RA	TAG	159
AMAM021569-RA	TGA	190
AMAM008526-RA	TGA	33
AMAM024499-RA	TAA	1
AMAM005062-RA	TAG	45
AMAM024160-RA	TGA	84
AMAM008660-RA	TAA	274
