ACHR000003-RA	TAG	0
ACHR000006-RA	TAG	0
ACHR000030-RA	TAG	0
ACHR000084-RA	TAG	0
ACHR000106-RA	TAG	0
ACHR000113-RA	TAG	0
ACHR000119-RA	TAA	0
ACHR000122-RA	TGA	0
ACHR000158-RA	TAA	0
ACHR000172-RA	TGA	0
ACHR000186-RA	TAA	0
ACHR000193-RA	TGA	0
ACHR000208-RA	TGA	0
ACHR000211-RA	TAG	0
ACHR000215-RA	TAG	0
ACHR000243-RA	TGA	0
ACHR000264-RA	TGA	0
ACHR000272-RA	TGA	0
ACHR000276-RA	TAA	0
ACHR000283-RA	TAA	0
ACHR000289-RA	TAA	0
ACHR000297-RA	TGA	0
ACHR000308-RA	TGA	0
ACHR000329-RA	TGA	0
ACHR000413-RA	TAA	0
ACHR000430-RA	TAA	0
ACHR000442-RA	TAA	0
ACHR000443-RA	TAG	0
ACHR000445-RA	TAA	0
ACHR000459-RA	TGA	0
ACHR000518-RA	TGA	0
ACHR000528-RA	TAA	0
ACHR000528-RB	TAA	0
ACHR000550-RA	TAA	0
ACHR000568-RA	TAA	0
ACHR000571-RA	TAA	0
ACHR000584-RA	TAG	0
ACHR000598-RA	TAG	0
ACHR000600-RA	TGA	0
ACHR000601-RA	TAA	0
ACHR000610-RA	TAG	0
ACHR000640-RA	TAG	0
ACHR000647-RA	TAA	0
ACHR000680-RA	TAA	0
ACHR000682-RA	TAG	0
ACHR000687-RA	TAA	0
ACHR000688-RA	TGA	0
ACHR000692-RA	TAG	0
ACHR000695-RA	TAG	0
ACHR000709-RA	TAA	0
ACHR000724-RB	TAA	0
ACHR000730-RA	TAA	0
ACHR000770-RA	TGA	0
ACHR000784-RA	TAG	0
ACHR000793-RA	TAA	0
ACHR000826-RA	TAA	0
ACHR000829-RA	TAA	0
ACHR000838-RA	TAG	0
ACHR000846-RA	TAA	0
ACHR000876-RA	TAG	0
ACHR000885-RA	TGA	0
ACHR000899-RA	TGA	0
ACHR000901-RA	TAA	0
ACHR000904-RA	TAG	0
ACHR000952-RA	TGA	0
ACHR000960-RA	TGA	0
ACHR000976-RA	TAG	0
ACHR000994-RA	TAA	0
ACHR001004-RA	TAG	0
ACHR001009-RA	TAA	0
ACHR001060-RA	TGA	0
ACHR001063-RA	TAG	0
ACHR001069-RA	TAA	0
ACHR001099-RA	TAA	0
ACHR001103-RA	TAG	0
ACHR001105-RA	TAA	0
ACHR001114-RA	TAA	0
ACHR001115-RA	TAA	0
ACHR001144-RA	TGA	0
ACHR001148-RA	TAA	0
ACHR001151-RA	TAA	0
ACHR001166-RA	TAG	0
ACHR001168-RA	TGA	0
ACHR001172-RA	TAG	0
ACHR001183-RA	TGA	0
ACHR001199-RA	TAG	0
ACHR001203-RA	TGA	0
ACHR001227-RA	TGA	0
ACHR001248-RA	TAA	0
ACHR001262-RA	TAA	0
ACHR001294-RA	TAA	0
ACHR001322-RA	TAA	0
ACHR001343-RA	TAA	0
ACHR001350-RA	TAA	0
ACHR001366-RA	TAG	0
ACHR001368-RA	TAA	0
ACHR001385-RA	TAA	0
ACHR001386-RA	TGA	0
ACHR001400-RA	TAG	0
ACHR001404-RA	TAA	0
ACHR001409-RA	TGA	0
ACHR001443-RA	TAA	0
ACHR001484-RA	TGA	0
ACHR001503-RA	TAA	0
ACHR001540-RA	TAG	0
ACHR001562-RA	TGA	0
ACHR001569-RA	TAA	0
ACHR001582-RA	TAG	0
ACHR001607-RA	TAA	0
ACHR001631-RA	TAG	0
ACHR001652-RA	TAG	0
ACHR001664-RA	TAA	0
ACHR001669-RA	TAG	0
ACHR001674-RA	TAA	0
ACHR001680-RA	TAA	0
ACHR001697-RA	TGA	0
ACHR001730-RA	TGA	0
ACHR001739-RA	TAA	0
ACHR001762-RA	TGA	0
ACHR001777-RA	TAA	0
ACHR001785-RA	TAA	0
ACHR001786-RA	TAA	0
ACHR001788-RA	TAA	0
ACHR001789-RA	TAA	0
ACHR001799-RA	TAA	0
ACHR001813-RA	TAA	0
ACHR001825-RA	TAA	0
ACHR001844-RA	TAG	0
ACHR001852-RA	TGA	0
ACHR001871-RA	TAA	0
ACHR001875-RA	TAG	0
ACHR001880-RA	TAA	0
ACHR001927-RA	TGA	0
ACHR001930-RA	TAG	0
ACHR001931-RA	TAA	0
ACHR001938-RA	TAA	0
ACHR001949-RA	TAA	0
ACHR001955-RA	TAG	0
ACHR001997-RA	TAA	0
ACHR002008-RA	TGA	0
ACHR002039-RA	TGA	0
ACHR002044-RA	TAA	0
ACHR002046-RA	TAA	0
ACHR002053-RA	TAG	0
ACHR002070-RA	TAA	0
ACHR002071-RA	TGA	0
ACHR002100-RA	TAA	0
ACHR002111-RA	TAA	0
ACHR002113-RA	TAA	0
ACHR002137-RA	TAA	0
ACHR002144-RA	TAA	0
ACHR002147-RA	TAG	0
ACHR002157-RA	TAA	0
ACHR002169-RA	TAA	0
ACHR002196-RA	TGA	0
ACHR002222-RA	TGA	0
ACHR002232-RA	TAG	0
ACHR002238-RA	TAA	0
ACHR002239-RA	TGA	0
ACHR002252-RA	TAA	0
ACHR002256-RA	TAA	0
ACHR002259-RA	TGA	0
ACHR002280-RA	TAA	0
ACHR002315-RA	TGA	0
ACHR002323-RA	TAA	0
ACHR002333-RA	TAA	0
ACHR002342-RA	TGA	0
ACHR002363-RA	TAG	0
ACHR002382-RA	TAG	0
ACHR002383-RA	TAG	0
ACHR002386-RA	TAA	0
ACHR002391-RA	TAA	0
ACHR002394-RA	TGA	0
ACHR002429-RA	TAA	0
ACHR002441-RA	TAA	0
ACHR002469-RA	TAA	0
ACHR002477-RA	TAA	0
ACHR002480-RA	TAA	0
ACHR002491-RA	TAA	0
ACHR002493-RA	TGA	0
ACHR002506-RA	TAA	0
ACHR002508-RA	TAG	0
ACHR002509-RA	TAG	0
ACHR002547-RA	TGA	0
ACHR002551-RA	TAG	0
ACHR002554-RA	TAG	0
ACHR002561-RA	TGA	0
ACHR002574-RA	TAA	0
ACHR002578-RA	TGA	0
ACHR002579-RA	TGA	0
ACHR002590-RA	TAA	0
ACHR002592-RA	TAA	0
ACHR002615-RA	TAA	0
ACHR002644-RA	TAA	0
ACHR002649-RA	TAG	0
ACHR002650-RA	TAA	0
ACHR002659-RA	TAA	0
ACHR002663-RA	TAA	0
ACHR002672-RA	TAG	0
ACHR002690-RA	TAA	0
ACHR002695-RA	TGA	0
ACHR002706-RA	TGA	0
ACHR002726-RA	TAG	0
ACHR002730-RA	TGA	0
ACHR002733-RA	TAA	0
ACHR002746-RA	TAG	0
ACHR002757-RA	TAG	0
ACHR002761-RA	TAG	0
ACHR002766-RA	TAA	0
ACHR002829-RA	TGA	0
ACHR002841-RA	TAG	0
ACHR002843-RA	TAA	0
ACHR002848-RA	TAA	0
ACHR002852-RA	TAA	0
ACHR002898-RA	TGA	0
ACHR002903-RA	TGA	0
ACHR002905-RA	TAG	0
ACHR002921-RA	TAG	0
ACHR002934-RA	TAA	0
ACHR002974-RA	TAA	0
ACHR002978-RA	TAA	0
ACHR002983-RA	TAG	0
ACHR003007-RA	TGA	0
ACHR003011-RA	TGA	0
ACHR003015-RA	TAG	0
ACHR003020-RA	TGA	0
ACHR003034-RA	TAG	0
ACHR003037-RA	TGA	0
ACHR003099-RA	TAG	0
ACHR003101-RA	TAA	0
ACHR003107-RA	TAA	0
ACHR003113-RA	TAA	0
ACHR003117-RA	TGA	0
ACHR003133-RA	TGA	0
ACHR003166-RA	TAA	0
ACHR003172-RA	TAA	0
ACHR003175-RA	TGA	0
ACHR003211-RA	TAA	0
ACHR003216-RA	TAA	0
ACHR003219-RA	TGA	0
ACHR003221-RA	TGA	0
ACHR003245-RA	TAA	0
ACHR003263-RA	TAA	0
ACHR003267-RA	TAA	0
ACHR003276-RA	TAA	0
ACHR003297-RA	TGA	0
ACHR003307-RA	TAG	0
ACHR003317-RA	TAG	0
ACHR003338-RA	TAA	0
ACHR003344-RA	TAA	0
ACHR003347-RA	TAA	0
ACHR003349-RA	TAG	0
ACHR003350-RA	TAA	0
ACHR003365-RA	TGA	0
ACHR003408-RA	TAG	0
ACHR003424-RA	TGA	0
ACHR003434-RA	TAG	0
ACHR003440-RA	TGA	0
ACHR003449-RA	TAA	0
ACHR003477-RA	TAA	0
ACHR003487-RA	TAA	0
ACHR003506-RA	TAG	0
ACHR003509-RA	TAG	0
ACHR003515-RA	TAA	0
ACHR003530-RA	TAA	0
ACHR003545-RA	TAG	0
ACHR003576-RA	TAA	0
ACHR003578-RA	TAG	0
ACHR003584-RA	TGA	0
ACHR003591-RA	TGA	0
ACHR003661-RA	TAG	0
ACHR003690-RA	TGA	0
ACHR003691-RA	TAA	0
ACHR003711-RA	TGA	0
ACHR003727-RA	TGA	0
ACHR003733-RA	TAA	0
ACHR003737-RA	TAA	0
ACHR003752-RA	TGA	0
ACHR003762-RA	TAA	0
ACHR003785-RA	TAG	0
ACHR003825-RA	TAA	0
ACHR003826-RA	TGA	0
ACHR003836-RA	TAA	0
ACHR003856-RA	TAA	0
ACHR003859-RA	TAA	0
ACHR003891-RA	TAA	0
ACHR003903-RA	TGA	0
ACHR003906-RA	TAG	0
ACHR003918-RA	TAG	0
ACHR003933-RA	TAA	0
ACHR003937-RA	TAA	0
ACHR003941-RA	TGA	0
ACHR003948-RA	TAG	0
ACHR003968-RA	TAA	0
ACHR003973-RA	TAG	0
ACHR003985-RA	TGA	0
ACHR004021-RA	TGA	0
ACHR004048-RA	TAG	0
ACHR004062-RA	TAG	0
ACHR004078-RA	TGA	0
ACHR004120-RA	TAA	0
ACHR004122-RA	TAA	0
ACHR004161-RA	TAG	0
ACHR004166-RA	TAA	0
ACHR004186-RA	TGA	0
ACHR004187-RA	TAA	0
ACHR004194-RA	TAA	0
ACHR004202-RA	TAG	0
ACHR004209-RA	TAG	0
ACHR004214-RA	TAA	0
ACHR004216-RA	TGA	0
ACHR004238-RA	TAG	0
ACHR004243-RA	TGA	0
ACHR004252-RA	TAA	0
ACHR004279-RA	TAG	0
ACHR004285-RA	TGA	0
ACHR004288-RA	TAG	0
ACHR004311-RA	TAA	0
ACHR004329-RA	TAA	0
ACHR004333-RA	TAG	0
ACHR004342-RA	TAA	0
ACHR004382-RA	TAA	0
ACHR004411-RA	TAA	0
ACHR004445-RA	TGA	0
ACHR004448-RA	TAA	0
ACHR004449-RA	TAG	0
ACHR004461-RA	TAG	0
ACHR004492-RA	TAA	0
ACHR004497-RA	TAG	0
ACHR004508-RA	TAA	0
ACHR004518-RA	TAA	0
ACHR004531-RB	TGA	0
ACHR004576-RA	TAA	0
ACHR004607-RA	TAA	0
ACHR004610-RA	TAA	0
ACHR004615-RA	TGA	0
ACHR004616-RA	TGA	0
ACHR004648-RA	TAA	0
ACHR004657-RA	TAA	0
ACHR004658-RA	TAA	0
ACHR004660-RA	TGA	0
ACHR004665-RA	TAG	0
ACHR004676-RA	TGA	0
ACHR004680-RA	TGA	0
ACHR004689-RA	TAA	0
ACHR004706-RA	TAA	0
ACHR004707-RA	TAA	0
ACHR004719-RA	TAG	0
ACHR004754-RA	TGA	0
ACHR004766-RA	TAG	0
ACHR004768-RA	TGA	0
ACHR004787-RA	TAA	0
ACHR004804-RA	TAA	0
ACHR004805-RA	TAG	0
ACHR004824-RA	TGA	0
ACHR004832-RA	TAA	0
ACHR004847-RA	TGA	0
ACHR004848-RA	TAG	0
ACHR004855-RA	TAA	0
ACHR004861-RA	TAA	0
ACHR004880-RA	TAA	0
ACHR004887-RA	TAG	0
ACHR004910-RA	TAG	0
ACHR004915-RA	TGA	0
ACHR004926-RA	TAG	0
ACHR004927-RA	TAA	0
ACHR004932-RA	TAA	0
ACHR004937-RA	TGA	0
ACHR004963-RA	TAA	0
ACHR004986-RA	TAA	0
ACHR004995-RA	TAG	0
ACHR004998-RA	TAG	0
ACHR005002-RA	TGA	0
ACHR005005-RA	TAA	0
ACHR005023-RA	TAA	0
ACHR005044-RA	TGA	0
ACHR005057-RA	TAA	0
ACHR005076-RA	TAA	0
ACHR005090-RA	TAG	0
ACHR005093-RA	TAG	0
ACHR005120-RA	TAG	0
ACHR005122-RA	TAG	0
ACHR005158-RA	TAG	0
ACHR005162-RA	TAA	0
ACHR005163-RA	TAA	0
ACHR005188-RA	TAA	0
ACHR005220-RA	TAG	0
ACHR005265-RA	TAA	0
ACHR005311-RA	TAG	0
ACHR005313-RA	TGA	0
ACHR005314-RA	TGA	0
ACHR005333-RA	TAG	0
ACHR005349-RA	TAG	0
ACHR005355-RA	TAA	0
ACHR005356-RA	TGA	0
ACHR005357-RA	TGA	0
ACHR005361-RA	TGA	0
ACHR005378-RA	TAG	0
ACHR005394-RA	TAG	0
ACHR005421-RA	TAA	0
ACHR005444-RA	TGA	0
ACHR005447-RA	TAA	0
ACHR005469-RA	TAG	0
ACHR005475-RA	TAA	0
ACHR005506-RA	TGA	0
ACHR005516-RA	TAA	0
ACHR005537-RA	TAA	0
ACHR005548-RA	TAA	0
ACHR005581-RA	TGA	0
ACHR005589-RA	TGA	0
ACHR005602-RA	TAA	0
ACHR005604-RA	TGA	0
ACHR005619-RA	TAA	0
ACHR005633-RA	TAA	0
ACHR005634-RA	TAA	0
ACHR005637-RA	TAG	0
ACHR005655-RA	TGA	0
ACHR005666-RA	TAG	0
ACHR005682-RA	TGA	0
ACHR005701-RA	TGA	0
ACHR005702-RA	TAA	0
ACHR005708-RA	TGA	0
ACHR005713-RA	TAG	0
ACHR005728-RA	TGA	0
ACHR005736-RA	TGA	0
ACHR005739-RA	TGA	0
ACHR005750-RA	TAG	0
ACHR005766-RA	TGA	0
ACHR005770-RA	TAG	0
ACHR005780-RA	TAA	0
ACHR005806-RA	TAA	0
ACHR005817-RA	TAA	0
ACHR005824-RA	TAA	0
ACHR005830-RA	TAG	0
ACHR005832-RA	TGA	0
ACHR005839-RA	TGA	0
ACHR005842-RA	TAG	0
ACHR005850-RA	TGA	0
ACHR005880-RA	TAG	0
ACHR005916-RA	TAA	0
ACHR005948-RA	TAG	0
ACHR005950-RA	TGA	0
ACHR006000-RA	TGA	0
ACHR006010-RA	TAA	0
ACHR006053-RA	TAA	0
ACHR006056-RA	TAA	0
ACHR006058-RA	TGA	0
ACHR006078-RA	TAA	0
ACHR006083-RA	TAG	0
ACHR006102-RA	TGA	0
ACHR006108-RA	TAA	0
ACHR006124-RA	TAG	0
ACHR006131-RA	TAG	0
ACHR006148-RA	TAA	0
ACHR006149-RA	TGA	0
ACHR006153-RA	TAA	0
ACHR006154-RA	TAG	0
ACHR006168-RA	TAA	0
ACHR006172-RA	TAA	0
ACHR006177-RA	TAA	0
ACHR006191-RA	TAG	0
ACHR006221-RA	TGA	0
ACHR006224-RA	TAA	0
ACHR006271-RA	TAG	0
ACHR006319-RA	TGA	0
ACHR006325-RA	TAA	0
ACHR006355-RA	TAA	0
ACHR006373-RA	TGA	0
ACHR006378-RA	TAG	0
ACHR006388-RA	TAG	0
ACHR006390-RA	TAA	0
ACHR006392-RA	TAA	0
ACHR006409-RA	TAG	0
ACHR006430-RA	TAG	0
ACHR006474-RA	TAA	0
ACHR006511-RA	TAA	0
ACHR006521-RA	TGA	0
ACHR006556-RA	TAA	0
ACHR006560-RA	TGA	0
ACHR006567-RA	TAA	0
ACHR006573-RA	TGA	0
ACHR006589-RA	TAG	0
ACHR006607-RA	TAA	0
ACHR006614-RA	TAG	0
ACHR006621-RA	TGA	0
ACHR006626-RA	TAA	0
ACHR006633-RA	TAA	0
ACHR006639-RA	TAA	0
ACHR006649-RA	TAA	0
ACHR006653-RA	TAA	0
ACHR006719-RA	TAA	0
ACHR006726-RA	TAA	0
ACHR006739-RA	TGA	0
ACHR006743-RA	TAA	0
ACHR006748-RA	TAG	0
ACHR006757-RA	TAA	0
ACHR006762-RA	TAA	0
ACHR006774-RA	TAG	0
ACHR006797-RA	TAG	0
ACHR006803-RA	TAA	0
ACHR006826-RA	TAA	0
ACHR006838-RA	TAA	0
ACHR006839-RA	TAG	0
ACHR006850-RA	TAA	0
ACHR006855-RA	TAA	0
ACHR006874-RA	TAA	0
ACHR006875-RA	TAG	0
ACHR006879-RA	TAA	0
ACHR006891-RA	TAA	0
ACHR006917-RA	TAA	0
ACHR006929-RA	TGA	0
ACHR006981-RA	TAA	0
ACHR006984-RA	TGA	0
ACHR007004-RA	TAA	0
ACHR007011-RA	TAG	0
ACHR007036-RA	TAG	0
ACHR007042-RA	TAA	0
ACHR007058-RA	TAG	0
ACHR007080-RA	TAG	0
ACHR007095-RA	TGA	0
ACHR007109-RA	TAG	0
ACHR007115-RA	TGA	0
ACHR007132-RA	TAA	0
ACHR007136-RA	TAA	0
ACHR007177-RA	TAA	0
ACHR007182-RA	TAG	0
ACHR007192-RA	TGA	0
ACHR007222-RA	TAA	0
ACHR007236-RA	TAA	0
ACHR007238-RA	TAG	0
ACHR007262-RA	TAG	0
ACHR007297-RA	TAA	0
ACHR007308-RA	TGA	0
ACHR007331-RA	TAG	0
ACHR007349-RA	TAA	0
ACHR007372-RA	TAA	0
ACHR007399-RA	TGA	0
ACHR007401-RA	TAA	0
ACHR007426-RA	TAG	0
ACHR007443-RA	TAA	0
ACHR007448-RA	TAA	0
ACHR007466-RA	TAA	0
ACHR007469-RA	TGA	0
ACHR007495-RA	TAA	0
ACHR007498-RA	TAG	0
ACHR007524-RA	TAG	0
ACHR007541-RA	TGA	0
ACHR007548-RA	TAA	0
ACHR007557-RA	TAA	0
ACHR007571-RA	TGA	0
ACHR007581-RA	TAA	0
ACHR007582-RA	TAA	0
ACHR007588-RA	TAG	0
ACHR007590-RA	TGA	0
ACHR007597-RA	TGA	0
ACHR007600-RA	TAA	0
ACHR007611-RA	TGA	0
ACHR007619-RA	TGA	0
ACHR007621-RA	TAG	0
ACHR007622-RA	TAG	0
ACHR007634-RA	TAA	0
ACHR007640-RA	TAA	0
ACHR007652-RA	TAA	0
ACHR007658-RA	TAA	0
ACHR007672-RA	TAA	0
ACHR007676-RA	TAA	0
ACHR007689-RA	TGA	0
ACHR007698-RA	TAA	0
ACHR007707-RA	TAA	0
ACHR007722-RA	TGA	0
ACHR007735-RA	TAA	0
ACHR007739-RA	TAG	0
ACHR007744-RA	TAG	0
ACHR007747-RA	TGA	0
ACHR007756-RA	TGA	0
ACHR007775-RA	TAA	0
ACHR007786-RA	TGA	0
ACHR007813-RA	TAA	0
ACHR007852-RA	TAA	0
ACHR007873-RA	TAA	0
ACHR007970-RA	TAG	0
ACHR007977-RA	TGA	0
ACHR007978-RA	TAG	0
ACHR007990-RA	TAG	0
ACHR007992-RA	TAA	0
ACHR007997-RA	TGA	0
ACHR008013-RA	TAA	0
ACHR008032-RA	TAA	0
ACHR008035-RA	TGA	0
ACHR008052-RA	TGA	0
ACHR008069-RA	TAG	0
ACHR008076-RA	TAG	0
ACHR008077-RA	TAA	0
ACHR008093-RA	TAG	0
ACHR008124-RA	TAA	0
ACHR008139-RA	TAA	0
ACHR008147-RA	TAG	0
ACHR008148-RA	TAA	0
ACHR008150-RA	TAA	0
ACHR008160-RA	TAG	0
ACHR008177-RA	TAA	0
ACHR008191-RA	TAG	0
ACHR008198-RA	TAG	0
ACHR008219-RA	TAA	0
ACHR008224-RA	TGA	0
ACHR008237-RA	TAG	0
ACHR008249-RA	TGA	0
ACHR008250-RA	TAA	0
ACHR008284-RA	TGA	0
ACHR008315-RA	TAA	0
ACHR008320-RA	TAG	0
ACHR008336-RA	TGA	0
ACHR008362-RA	TGA	0
ACHR008363-RA	TGA	0
ACHR008377-RA	TGA	0
ACHR008378-RA	TAA	0
ACHR008386-RA	TAA	0
ACHR008394-RA	TAA	0
ACHR008407-RA	TAA	0
ACHR008416-RA	TAA	0
ACHR008427-RA	TAA	0
ACHR008447-RA	TAG	0
ACHR008460-RA	TGA	0
ACHR008467-RA	TAG	0
ACHR008505-RA	TAA	0
ACHR008558-RA	TAA	0
ACHR008577-RA	TGA	0
ACHR008580-RA	TAG	0
ACHR008590-RA	TAA	0
ACHR008630-RA	TGA	0
ACHR008639-RA	TAG	0
ACHR008650-RA	TAA	0
ACHR008656-RA	TAG	0
ACHR008657-RA	TAG	0
ACHR008672-RA	TAA	0
ACHR008675-RA	TAA	0
ACHR008684-RA	TGA	0
ACHR008693-RA	TAG	0
ACHR008696-RA	TAG	0
ACHR008707-RA	TAG	0
ACHR008736-RA	TAA	0
ACHR008780-RA	TAA	0
ACHR008784-RA	TAA	0
ACHR008811-RA	TAG	0
ACHR008826-RA	TAA	0
ACHR008837-RA	TGA	0
ACHR008853-RA	TAA	0
ACHR008860-RA	TAA	0
ACHR008863-RA	TGA	0
ACHR008865-RA	TAA	0
ACHR008870-RA	TAG	0
ACHR008879-RA	TGA	0
ACHR008886-RA	TAA	0
ACHR008896-RA	TAG	0
ACHR008899-RA	TGA	0
ACHR008911-RA	TAG	0
ACHR008928-RA	TAG	0
ACHR008933-RA	TAG	0
ACHR008934-RA	TAA	0
ACHR008949-RA	TAG	0
ACHR008951-RA	TAA	0
ACHR008972-RA	TGA	0
ACHR008990-RA	TAA	0
ACHR009000-RA	TGA	0
ACHR009001-RA	TAG	0
ACHR009008-RA	TAG	0
ACHR009009-RA	TGA	0
ACHR009014-RA	TGA	0
ACHR009036-RA	TAA	0
ACHR009057-RA	TAA	0
ACHR009077-RA	TAA	0
ACHR009081-RA	TAG	0
ACHR009136-RA	TAA	0
ACHR009139-RA	TAG	0
ACHR009141-RA	TAA	0
ACHR009187-RA	TGA	0
ACHR009193-RA	TGA	0
ACHR009212-RA	TGA	0
ACHR009226-RA	TAA	0
ACHR009227-RA	TAG	0
ACHR009234-RA	TAA	0
ACHR009248-RA	TAG	0
ACHR009257-RA	TAA	0
ACHR009262-RA	TAG	0
ACHR009270-RA	TGA	0
ACHR009281-RA	TGA	0
ACHR009287-RA	TAA	0
ACHR009291-RA	TAA	0
ACHR009292-RA	TAA	0
ACHR009333-RA	TAG	0
ACHR009343-RA	TGA	0
ACHR009358-RA	TAG	0
ACHR009374-RA	TGA	0
ACHR009388-RA	TAG	0
ACHR009392-RA	TAA	0
ACHR009403-RA	TGA	0
ACHR009420-RA	TGA	0
ACHR009454-RA	TAG	0
ACHR009461-RA	TAA	0
ACHR009463-RA	TGA	0
ACHR009465-RA	TGA	0
ACHR009466-RA	TAA	0
ACHR009478-RA	TAG	0
ACHR009484-RA	TAA	0
ACHR009486-RA	TGA	0
ACHR009515-RA	TGA	0
ACHR009517-RA	TAA	0
ACHR009556-RA	TAG	0
ACHR009564-RA	TAA	0
ACHR009584-RA	TAG	0
ACHR009594-RA	TGA	0
ACHR009608-RA	TGA	0
ACHR009649-RA	TGA	0
ACHR009675-RA	TGA	0
ACHR009682-RA	TGA	0
ACHR009711-RA	TAG	0
ACHR009712-RA	TAA	0
ACHR009717-RA	TGA	0
ACHR009724-RA	TAA	0
ACHR009734-RA	TGA	0
ACHR009747-RA	TAA	0
ACHR009751-RA	TGA	0
ACHR009773-RA	TAA	0
ACHR009774-RA	TGA	0
ACHR009784-RA	TGA	0
ACHR009804-RA	TAA	0
ACHR009806-RA	TAA	0
ACHR009826-RA	TGA	0
ACHR009847-RA	TAG	0
ACHR009848-RA	TGA	0
ACHR009850-RA	TGA	0
ACHR009854-RA	TAA	0
ACHR009869-RA	TGA	0
ACHR009873-RA	TGA	0
ACHR009885-RA	TGA	0
ACHR009895-RA	TGA	0
ACHR009905-RA	TAA	0
ACHR009924-RA	TAG	0
ACHR009929-RA	TAG	0
ACHR009955-RA	TAG	0
ACHR009956-RA	TAA	0
ACHR009975-RA	TGA	0
ACHR010004-RA	TAA	0
ACHR010005-RA	TAA	0
ACHR010007-RA	TAA	0
ACHR010022-RA	TAG	0
ACHR010038-RA	TAG	0
ACHR010042-RA	TAA	0
ACHR010043-RA	TAA	0
ACHR010050-RA	TAA	0
ACHR010051-RA	TAA	0
ACHR010052-RA	TGA	0
ACHR010066-RA	TAA	0
ACHR010067-RA	TGA	0
ACHR010086-RA	TGA	0
ACHR010087-RA	TAA	0
ACHR010088-RA	TGA	0
ACHR010108-RA	TGA	0
ACHR010121-RA	TAA	0
ACHR010123-RA	TGA	0
ACHR010132-RA	TGA	0
ACHR010136-RA	TAG	0
ACHR010140-RA	TAG	0
ACHR010172-RA	TGA	0
ACHR010187-RA	TAG	0
ACHR010193-RA	TAG	0
ACHR010258-RA	TAA	0
ACHR014019-RB	TGA	0
ACHR014054-RA	TAG	0
ACHR014056-RA	TGA	0
ACHR014059-RA	TAG	0
ACHR014074-RA	TAA	0
ACHR014088-RA	TAG	0
ACHR014092-RA	TAA	0
ACHR014101-RA	TGA	0
ACHR014106-RA	TAG	0
ACHR014109-RA	TGA	0
ACHR014111-RA	TGA	0
ACHR014111-RB	TGA	0
ACHR014120-RA	TGA	0
ACHR014143-RC	TGA	0
ACHR014165-RA	TAA	0
ACHR014179-RB	TGA	0
ACHR014216-RA	TAA	0
ACHR014293-RA	TGA	0
ACHR014313-RA	TAG	0
ACHR014325-RA	TAA	0
ACHR014340-RI	TGA	0
ACHR014360-RA	TAA	0
ACHR014373-RA	TAA	0
ACHR014395-RA	TAG	0
ACHR014401-RA	TAA	0
ACHR014416-RA	TAG	0
ACHR014458-RA	TGA	0
ACHR014459-RA	TAG	0
ACHR014468-RA	TGA	0
ACHR014901-RA	TAA	0
ACHR014904-RA	TAG	0
ACHR014905-RA	TAA	0
ACHR014910-RA	TAG	0
ACHR014950-RA	TAA	0
ACHR014956-RA	TAA	0
ACHR014976-RA	TAA	0
ACHR014977-RA	TAG	0
ACHR014978-RA	TAG	0
ACHR014979-RA	TAA	0
ACHR014981-RA	TAG	0
ACHR014985-RA	TAA	0
ACHR015003-RA	TGA	0
ACHR015012-RA	TAA	0
ACHR015017-RA	TAA	0
ACHR015020-RA	TAA	0
ACHR015023-RA	TAA	0
ACHR015031-RA	TGA	0
ACHR015035-RA	TGA	0
ACHR015040-RA	TAG	0
ACHR015041-RA	TAA	0
ACHR015043-RA	TAG	0
ACHR015044-RA	TAA	0
ACHR015046-RA	TAA	0
ACHR015052-RA	TAA	0
ACHR015059-RA	TAA	0
ACHR015077-RA	TGA	0
ACHR015081-RA	TGA	0
ACHR015091-RA	TGA	0
ACHR015097-RA	TAG	0
ACHR015104-RA	TAA	0
ACHR015107-RA	TGA	0
ACHR015140-RA	TAG	0
ACHR001579-RA	TAA	101
ACHR015055-RA	TGA	13
ACHR004642-RA	TAA	148
ACHR002900-RA	TAA	1049
ACHR000226-RA	TAG	1061
ACHR014283-RA	TAA	555
ACHR003425-RA	TAA	204
ACHR001377-RA	TAA	117
ACHR014157-RA	TAA	1285
ACHR014156-RA	TAG	610
ACHR014153-RA	TGA	688
ACHR014152-RB	TGA	350
ACHR014152-RA	TAA	547
ACHR014151-RB	TGA	231
ACHR014151-RA	TGA	231
ACHR014159-RA	TAG	766
ACHR014158-RA	TAG	573
ACHR005288-RA	TAG	95
ACHR004051-RA	TAG	62
ACHR006810-RA	TAG	103
ACHR000429-RA	TAA	903
ACHR005132-RA	TAA	80
ACHR003997-RA	TAA	370
ACHR003996-RA	TAA	102
ACHR003999-RA	TAA	101
ACHR005887-RA	TGA	32
ACHR002352-RA	TAG	74
ACHR002350-RA	TGA	921
ACHR007193-RA	TAA	94
ACHR002106-RA	TAA	186
ACHR003674-RA	TAA	24
ACHR007661-RA	TAG	53
ACHR004453-RA	TAA	101
ACHR004454-RA	TAA	7
ACHR001290-RA	TAA	200
ACHR001291-RA	TGA	211
ACHR005454-RA	TAG	98
ACHR005455-RA	TAG	108
ACHR005450-RA	TAA	731
ACHR001120-RA	TAG	168
ACHR014469-RA	TAA	51
ACHR014467-RA	TAG	114
ACHR014465-RA	TAA	426
ACHR014464-RA	TAG	150
ACHR014461-RA	TAG	116
ACHR014460-RA	TGA	30
ACHR000651-RA	TAA	89
ACHR000653-RA	TGA	582
ACHR007534-RA	TGA	843
ACHR000242-RA	TAA	37
ACHR000240-RA	TGA	374
ACHR000241-RA	TAA	96
ACHR007503-RA	TAA	23
ACHR004984-RA	TGA	2076
ACHR004987-RA	TAA	32
ACHR004233-RA	TAG	406
ACHR004982-RA	TAA	298
ACHR000869-RA	TGA	444
ACHR000862-RA	TGA	86
ACHR000860-RA	TAA	96
ACHR000865-RA	TAA	398
ACHR003444-RA	TAG	54
ACHR003446-RA	TAG	4
ACHR009429-RA	TAA	93
ACHR010166-RA	TAA	162
ACHR006387-RA	TAA	303
ACHR006386-RA	TGA	103
ACHR004154-RA	TGA	21
ACHR002710-RA	TAA	263
ACHR002716-RA	TGA	81
ACHR000405-RA	TAA	119
ACHR000400-RA	TGA	72
ACHR000401-RA	TAG	73
ACHR000385-RA	TGA	1017
ACHR000389-RA	TAA	2553
ACHR000388-RA	TAA	833
ACHR007711-RA	TAA	52
ACHR007712-RA	TGA	185
ACHR002380-RA	TAA	88
ACHR014052-RA	TGA	2616
ACHR014053-RA	TGA	74
ACHR014051-RA	TAA	218
ACHR014058-RA	TAG	388
ACHR003128-RA	TGA	138
ACHR003123-RA	TAG	100
ACHR003124-RA	TAA	101
ACHR003657-RA	TAA	634
ACHR002529-RA	TAA	763
ACHR002523-RA	TAG	141
ACHR007988-RA	TGA	952
ACHR008046-RA	TGA	23
ACHR000677-RA	TGA	1565
ACHR000266-RA	TGA	25
ACHR006517-RA	TAA	97
ACHR004367-RA	TAA	12
ACHR000841-RA	TGA	100
ACHR010145-RA	TAG	51
ACHR014269-RA	TGA	601
ACHR014269-RB	TGA	703
ACHR014268-RA	TGA	1439
ACHR014261-RA	TAG	395
ACHR014263-RA	TGA	303
ACHR014262-RA	TAG	1310
ACHR014265-RA	TAA	92
ACHR014264-RA	TAA	225
ACHR014267-RA	TAG	776
ACHR005172-RA	TAA	12
ACHR005170-RA	TAA	186
ACHR006755-RA	TAA	11
ACHR006818-RA	TAA	99
ACHR007150-RA	TAA	39
ACHR007480-RA	TAG	71
ACHR007482-RA	TAA	15
ACHR004821-RA	TAA	42
ACHR007737-RA	TAA	103
ACHR014338-RA	TAG	433
ACHR007936-RA	TAA	101
ACHR006280-RA	TAA	249
ACHR006285-RA	TAG	25
ACHR009085-RA	TAG	77
ACHR014332-RB	TAA	99
ACHR014332-RA	TAG	294
ACHR014075-RA	TGA	297
ACHR014077-RA	TGA	371
ACHR014071-RA	TAA	248
ACHR014072-RA	TAG	674
ACHR005418-RA	TAA	159
ACHR014079-RA	TGA	625
ACHR003109-RA	TAA	101
ACHR003104-RA	TAG	84
ACHR003100-RA	TAA	323
ACHR003103-RA	TGA	58
ACHR007854-RA	TAA	220
ACHR014389-RA	TGA	23
ACHR014386-RA	TAG	301
ACHR014386-RB	TAG	148
ACHR014386-RC	TAG	148
ACHR014387-RA	TAA	359
ACHR014384-RB	TAG	870
ACHR014384-RA	TAG	864
ACHR014385-RA	TAA	19
ACHR014385-RB	TGA	469
ACHR014382-RA	TAG	15
ACHR014383-RA	TAG	612
ACHR014380-RA	TAA	1553
ACHR014381-RA	TGA	323
ACHR006047-RA	TAA	28
ACHR008413-RA	TAA	63
ACHR000614-RA	TAA	113
ACHR014453-RA	TGA	644
ACHR001887-RA	TAG	92
ACHR001883-RA	TGA	75
ACHR004618-RA	TGA	89
ACHR004349-RA	TAA	28
ACHR000823-RA	TAA	106
ACHR000828-RA	TGA	95
ACHR006515-RA	TAA	438
ACHR002759-RA	TAA	417
ACHR002750-RA	TAG	450
ACHR006871-RA	TGA	10
ACHR014243-RA	TAA	134
ACHR014242-RB	TAG	760
ACHR014242-RA	TAG	760
ACHR014241-RB	TGA	267
ACHR014247-RA	TAG	537
ACHR014247-RB	TAG	537
ACHR014244-RA	TAA	469
ACHR014249-RA	TGA	629
ACHR014248-RA	TGA	14
ACHR009520-RA	TAA	53
ACHR014433-RA	TAA	102
ACHR007247-RA	TAA	94
ACHR006258-RA	TAA	9
ACHR004809-RA	TAA	1345
ACHR008117-RA	TAA	37
ACHR007657-RA	TGA	97
ACHR003345-RA	TAA	61
ACHR003348-RA	TAG	99
ACHR009064-RA	TGA	209
ACHR014016-RA	TAG	448
ACHR014017-RA	TAG	143
ACHR014014-RA	TGA	206
ACHR014013-RB	TGA	570
ACHR014013-RA	TGA	975
ACHR014011-RA	TGA	970
ACHR009468-RA	TAA	250
ACHR003697-RA	TAA	85
ACHR003692-RA	TAA	208
ACHR005696-RA	TAG	93
ACHR005697-RA	TAA	212
ACHR014022-RA	TGA	279
ACHR005037-RA	TAG	185
ACHR006438-RA	TAA	109
ACHR007519-RA	TGA	33
ACHR014378-RA	TGA	499
ACHR014378-RC	TGA	457
ACHR014378-RB	TGA	486
ACHR001867-RA	TAA	104
ACHR004638-RA	TAG	102
ACHR004636-RA	TAG	70
ACHR004326-RA	TAA	276
ACHR004323-RA	TAA	86
ACHR014439-RA	TAG	146
ACHR006679-RA	TAG	171
ACHR006678-RA	TAG	136
ACHR006671-RA	TAG	100
ACHR014434-RA	TAA	592
ACHR014435-RA	TGA	290
ACHR007859-RA	TAA	17
ACHR003571-RA	TAG	342
ACHR014436-RA	TGA	1181
ACHR002777-RA	TGA	7
ACHR002778-RA	TAA	340
ACHR002779-RA	TAG	211
ACHR006142-RA	TAA	100
ACHR014432-RA	TGA	364
ACHR006141-RA	TAA	99
ACHR001040-RA	TAG	106
ACHR001044-RA	TAG	17
ACHR014225-RA	TAA	241
ACHR014227-RA	TGA	142
ACHR005202-RA	TAA	8
ACHR014221-RA	TGA	20
ACHR014221-RB	TGA	151
ACHR014223-RA	TAG	156
ACHR014222-RA	TAG	29
ACHR014229-RA	TGA	1184
ACHR014229-RB	TAG	453
ACHR014229-RC	TAG	560
ACHR006537-RA	TAA	101
ACHR008492-RA	TGA	191
ACHR008497-RA	TAA	93
ACHR008494-RA	TAA	146
ACHR008785-RA	TAA	156
ACHR001458-RA	TAA	20
ACHR004644-RA	TAG	141
ACHR015074-RA	TAG	25
ACHR015074-RB	TAG	25
ACHR004793-RA	TAA	72
ACHR000324-RA	TGA	96
ACHR004863-RA	TAA	567
ACHR014203-RA	TAA	223
ACHR004868-RA	TAA	105
ACHR001028-RA	TAA	86
ACHR003368-RA	TAA	140
ACHR014031-RA	TAA	83
ACHR014032-RB	TAA	323
ACHR014032-RA	TGA	449
ACHR014033-RA	TGA	644
ACHR014033-RB	TAG	1083
ACHR014034-RA	TAA	1693
ACHR014036-RA	TAG	351
ACHR014037-RA	TAG	148
ACHR014037-RB	TGA	2240
ACHR014039-RA	TGA	264
ACHR007998-RA	TAA	94
ACHR006936-RA	TGA	62
ACHR002546-RA	TAA	365
ACHR002541-RA	TAA	164
ACHR004514-RA	TAA	243
ACHR004300-RA	TAA	139
ACHR006659-RA	TAG	88
ACHR014357-RA	TAG	734
ACHR007309-RA	TAG	518
ACHR003551-RA	TGA	61
ACHR003557-RA	TAA	102
ACHR006571-RA	TAG	83
ACHR014410-RA	TAG	91
ACHR014209-RA	TAG	97
ACHR014208-RA	TAG	380
ACHR014201-RA	TAG	467
ACHR014200-RA	TGA	318
ACHR009569-RA	TAA	23
ACHR000778-RA	TAG	76
ACHR000774-RA	TAA	98
ACHR000305-RA	TAA	51
ACHR001787-RA	TGA	102
ACHR001239-RA	TGA	461
ACHR006911-RA	TAG	33
ACHR005077-RA	TAA	37
ACHR005078-RA	TGA	24
ACHR007202-RA	TAA	1902
ACHR014418-RB	TGA	85
ACHR014418-RA	TGA	733
ACHR014419-RA	TAG	35
ACHR014412-RA	TAG	84
ACHR014413-RA	TAG	219
ACHR001797-RA	TAA	60
ACHR008802-RA	TAA	327
ACHR001001-RA	TAA	65
ACHR003954-RA	TAA	97
ACHR003953-RA	TAG	362
ACHR003951-RA	TGA	90
ACHR008982-RA	TAA	1476
ACHR008185-RA	TAA	101
ACHR000758-RA	TAA	77
ACHR015132-RA	TAG	20
ACHR008234-RA	TAA	102
ACHR009679-RA	TAA	1102
ACHR006228-RA	TGA	100
ACHR008107-RA	TAA	86
ACHR003806-RA	TAA	177
ACHR003800-RA	TAA	298
ACHR003802-RA	TGA	18
ACHR003327-RA	TAG	100
ACHR006758-RA	TAG	113
ACHR004434-RA	TAG	118
ACHR003188-RA	TAA	100
ACHR001420-RA	TAA	111
ACHR005586-RA	TAA	279
ACHR005583-RA	TAG	57
ACHR000561-RA	TAG	56
ACHR006974-RA	TAG	172
ACHR002275-RA	TAA	893
ACHR002277-RA	TAA	193
ACHR001618-RA	TGA	96
ACHR001611-RA	TGA	3292
ACHR001617-RA	TAA	540
ACHR014438-RA	TAG	110
ACHR008633-RA	TAG	98
ACHR002877-RA	TAG	94
ACHR001505-RA	TGA	63
ACHR007961-RA	TGA	28
ACHR003513-RA	TAA	43
ACHR002647-RA	TAA	39
ACHR005262-RA	TAA	88
ACHR005260-RA	TAG	110
ACHR007451-RA	TAA	912
ACHR008773-RA	TAA	277
ACHR007167-RA	TAA	263
ACHR015110-RA	TGA	10
ACHR015114-RA	TAA	1
ACHR015115-RA	TAA	12
ACHR006918-RA	TGA	103
ACHR008255-RA	TAA	81
ACHR008257-RA	TGA	98
ACHR007386-RA	TAG	78
ACHR000347-RA	TAG	476
ACHR000343-RA	TAA	46
ACHR007385-RA	TAG	383
ACHR005259-RA	TAG	4
ACHR009360-RA	TAG	63
ACHR008824-RA	TAA	201
ACHR004427-RA	TAA	265
ACHR004089-RA	TAA	732
ACHR007283-RA	TGA	90
ACHR006775-RA	TAA	50
ACHR006771-RA	TAA	18
ACHR006166-RA	TAA	50
ACHR006160-RA	TGA	118
ACHR006488-RA	TAA	31
ACHR006483-RA	TGA	94
ACHR008518-RA	TGA	5
ACHR000509-RA	TAG	187
ACHR002250-RA	TAG	3
ACHR014188-RA	TAA	148
ACHR014189-RA	TAG	162
ACHR014184-RA	TGA	228
ACHR014187-RA	TGA	167
ACHR014180-RA	TGA	81
ACHR014182-RA	TAG	20
ACHR014183-RA	TGA	232
ACHR009421-RA	TAA	207
ACHR001635-RA	TAG	14
ACHR001637-RA	TGA	79
ACHR014983-RA	TAA	182
ACHR001757-RA	TGA	96
ACHR005807-RA	TAG	799
ACHR002812-RA	TGA	3
ACHR004948-RA	TAG	27
ACHR004940-RA	TGA	68
ACHR004942-RA	TAG	162
ACHR003287-RA	TGA	170
ACHR003280-RA	TAA	2622
ACHR007523-RA	TGA	111
ACHR007946-RA	TAA	98
ACHR003065-RA	TAA	310
ACHR002623-RA	TAA	78
ACHR014414-RA	TGA	1981
ACHR009125-RA	TGA	45
ACHR000717-RA	TAA	1032
ACHR008276-RA	TAG	64
ACHR008272-RA	TAA	960
ACHR004240-RA	TAA	8
ACHR006831-RA	TAA	12
ACHR001795-RA	TAA	178
ACHR004715-RA	TAG	142
ACHR006718-RA	TAA	88
ACHR006713-RA	TAA	56
ACHR006060-RA	TAA	199
ACHR003490-RA	TAA	43
ACHR006064-RA	TAG	68
ACHR007001-RA	TAG	432
ACHR007005-RA	TAA	85
ACHR000520-RA	TAA	231
ACHR007416-RA	TAG	140
ACHR007413-RA	TAG	2025
ACHR009303-RA	TAG	14
ACHR003876-RA	TAG	109
ACHR014470-RA	TGA	167
ACHR001733-RA	TGA	159
ACHR008565-RA	TGA	581
ACHR004383-RA	TAA	126
ACHR002839-RA	TAG	281
ACHR002834-RA	TAA	88
ACHR000063-RA	TAG	37
ACHR003004-RA	TGA	91
ACHR014287-RA	TGA	71
ACHR014287-RB	TGA	71
ACHR014286-RA	TAA	330
ACHR014285-RA	TAG	93
ACHR005959-RA	TGA	609
ACHR014282-RA	TAG	390
ACHR014281-RB	TAG	465
ACHR014281-RA	TAG	557
ACHR002602-RA	TAG	698
ACHR005371-RA	TAG	91
ACHR001934-RA	TAA	80
ACHR009241-RA	TAA	4
ACHR006313-RA	TAA	87
ACHR006317-RA	TAG	50
ACHR006315-RA	TGA	6
ACHR002418-RA	TAA	71
ACHR008136-RA	TGA	807
ACHR006230-RA	TAG	69
ACHR004779-RA	TGA	59
ACHR001920-RA	TAA	240
ACHR001922-RA	TGA	488
ACHR004854-RA	TAA	38
ACHR000299-RA	TAA	319
ACHR006196-RA	TAA	51
ACHR002035-RA	TAA	33
ACHR007026-RA	TGA	318
ACHR003746-RA	TGA	90
ACHR003744-RA	TAA	86
ACHR003740-RA	TGA	631
ACHR008528-RA	TAA	139
ACHR003749-RA	TAG	244
ACHR002291-RA	TGA	571
ACHR009320-RA	TAG	482
ACHR010095-RA	TGA	34
ACHR008526-RA	TGA	78
ACHR008862-RA	TGA	102
ACHR005567-RA	TAG	98
ACHR007579-RA	TAA	101
ACHR003812-RA	TAG	84
ACHR001678-RA	TAA	78
ACHR007574-RA	TAG	758
ACHR001671-RA	TGA	405
ACHR001672-RA	TAA	106
ACHR001677-RA	TAA	792
ACHR008332-RA	TAA	483
ACHR009494-RA	TAG	500
ACHR000046-RA	TAA	96
ACHR008540-RA	TAG	168
ACHR014344-RA	TGA	1157
ACHR014345-RA	TAG	140
ACHR007908-RA	TAG	84
ACHR003027-RA	TGA	80
ACHR003021-RA	TAG	99
ACHR001088-RA	TAA	1096
ACHR005972-RA	TAG	94
ACHR005978-RA	TAG	153
ACHR002194-RA	TAG	125
ACHR007173-RA	TAA	103
ACHR002373-RA	TAA	58
ACHR007219-RA	TAA	4
ACHR004020-RA	TAA	103
ACHR006625-RA	TAA	8
ACHR007818-RA	TGA	536
ACHR000908-RA	TAA	56
ACHR007598-RA	TAA	54
ACHR001515-RA	TAG	408
ACHR014123-RA	TGA	484
ACHR014121-RA	TAG	251
ACHR014126-RA	TAG	215
ACHR014124-RA	TGA	193
ACHR014128-RB	TAG	604
ACHR014128-RA	TAG	669
ACHR014129-RA	TAG	508
ACHR003761-RA	TAA	1268
ACHR003767-RA	TGA	81
ACHR002415-RA	TGA	175
ACHR002417-RA	TAA	61
ACHR001691-RA	TGA	149
ACHR001698-RA	TAA	175
ACHR014443-RA	TGA	14
ACHR000027-RA	TAA	210
ACHR000023-RA	TGA	127
ACHR007691-RA	TAG	245
ACHR003222-RA	TAA	14
ACHR004256-RA	TGA	100
ACHR003597-RA	TAA	26
ACHR003593-RA	TAG	93
ACHR014400-RA	TGA	86
ACHR014403-RA	TAG	590
ACHR014057-RA	TAG	368
ACHR014402-RA	TAA	335
ACHR014059-RB	TAG	60
ACHR002314-RA	TAA	82
ACHR003650-RA	TAA	99
ACHR014358-RA	TGA	260
ACHR014350-RA	TAG	1289
ACHR014353-RA	TGA	136
ACHR014352-RA	TAG	441
ACHR014355-RA	TAA	301
ACHR014354-RA	TAA	302
ACHR001811-RA	TAA	111
ACHR002955-RA	TAA	187
ACHR009397-RA	TAG	42
ACHR000929-RA	TGA	48
ACHR000921-RA	TAA	15
ACHR010023-RA	TGA	235
ACHR006951-RA	TAA	4
ACHR002788-RA	TGA	1873
ACHR002784-RA	TAA	247
ACHR002786-RA	TAA	678
ACHR014104-RA	TGA	325
ACHR014105-RB	TAG	207
ACHR014105-RA	TGA	504
ACHR014100-RA	TAA	97
ACHR014102-RA	TAA	185
ACHR014103-RA	TAG	131
ACHR005528-RA	TAG	1581
ACHR003782-RA	TGA	286
ACHR003780-RA	TAA	101
ACHR003789-RA	TAA	176
ACHR005783-RA	TAA	67
ACHR008375-RA	TGA	352
ACHR000143-RA	TGA	300
ACHR008172-RA	TAA	29
ACHR002896-RA	TAA	1487
ACHR000001-RA	TAA	74
ACHR000008-RA	TAA	281
ACHR009512-RA	TGA	55
ACHR004272-RA	TAA	303
ACHR009715-RA	TGA	170
ACHR002151-RA	TAA	228
ACHR002338-RA	TAA	1226
ACHR008449-RA	TAG	68
ACHR000799-RA	TAG	118
ACHR008838-RA	TGA	262
ACHR009324-RA	TAG	100
ACHR009760-RA	TGA	6
ACHR001152-RA	TGA	152
ACHR014371-RA	TAG	844
ACHR014377-RA	TAG	139
ACHR014376-RA	TAA	179
ACHR005318-RA	TGA	219
ACHR005316-RA	TAA	150
ACHR005315-RA	TAG	75
ACHR003329-RA	TAA	103
ACHR006306-RA	TAA	79
ACHR009946-RA	TAA	102
ACHR003828-RA	TAG	98
ACHR000949-RA	TAA	242
ACHR000946-RA	TGA	98
ACHR000943-RA	TAG	134
ACHR007082-RA	TAA	268
ACHR010048-RA	TGA	98
ACHR003417-RA	TGA	48
ACHR014168-RA	TAA	647
ACHR014169-RA	TAG	187
ACHR014166-RA	TAA	73
ACHR014164-RA	TAA	1551
ACHR014162-RA	TGA	55
ACHR014163-RA	TAG	1044
ACHR014160-RA	TGA	448
ACHR014161-RA	TAA	1184
ACHR005818-RA	TAA	705
ACHR007544-RA	TAA	94
ACHR002454-RA	TAA	57
ACHR006559-RA	TAG	321
ACHR009487-RA	TGA	91
ACHR005106-RA	TAA	54
ACHR003376-RA	TGA	314
ACHR008353-RA	TAA	98
ACHR001482-RA	TAA	110
ACHR003080-RA	TGA	31
ACHR009006-RA	TAA	93
ACHR009002-RA	TAA	109
ACHR010259-RA	TAA	23
ACHR006750-RA	TAG	239
ACHR007746-RA	TAG	15
ACHR007745-RA	TGA	305
ACHR003629-RA	TAA	831
ACHR005585-RA	TAG	138
ACHR007563-RA	TAA	655
ACHR002680-RA	TGA	664
ACHR002684-RA	TAG	76
ACHR005486-RA	TAA	447
ACHR009748-RA	TGA	12
ACHR001173-RA	TAG	299
ACHR014319-RA	TGA	902
ACHR014318-RA	TAA	115
ACHR005900-RA	TAA	101
ACHR004042-RA	TAG	476
ACHR015042-RA	TAA	54
ACHR002911-RA	TAA	658
ACHR002915-RA	TAA	282
ACHR000213-RA	TAG	21
ACHR000219-RA	TGA	1340
ACHR000968-RA	TGA	206
ACHR004002-RA	TGA	2005
ACHR004003-RA	TAA	133
ACHR004008-RA	TAG	99
ACHR003437-RA	TAG	69
ACHR001361-RA	TGA	96
ACHR014140-RA	TAG	1128
ACHR014140-RB	TAG	942
ACHR014141-RB	TGA	3291
ACHR014141-RA	TAG	903
ACHR014143-RA	TAG	65
ACHR014143-RB	TAG	250
ACHR014144-RA	TAA	924
ACHR014145-RA	TAG	171
ACHR014146-RA	TGA	97
ACHR014147-RA	TAA	213
ACHR014148-RA	TGA	318
ACHR014149-RA	TAG	115
ACHR006375-RA	TAA	80
ACHR008732-RA	TAA	56
ACHR009178-RA	TGA	20
ACHR005293-RA	TGA	39
ACHR006801-RA	TAA	100
ACHR002478-RA	TGA	2356
ACHR003987-RA	TAG	36
ACHR001970-RA	TAA	154
ACHR001974-RA	TAA	1429
ACHR004180-RA	TAA	22
ACHR004189-RA	TAA	105
ACHR004236-RA	TGA	703
ACHR004235-RA	TAG	117
ACHR007980-RA	TAG	213
ACHR003607-RA	TAA	29
ACHR003134-RA	TAG	106
ACHR014086-RA	TAG	2318
ACHR014086-RB	TAG	2480
ACHR014081-RA	TAA	49
ACHR014080-RA	TGA	276
ACHR014082-RA	TGA	138
ACHR014089-RA	TGA	5
ACHR007204-RA	TAA	96
ACHR001112-RA	TAA	152
ACHR014336-RA	TAG	505
ACHR014335-RA	TAG	1022
ACHR014331-RA	TGA	2047
ACHR005605-RA	TAA	66
ACHR005607-RA	TAG	92
ACHR005601-RA	TAA	456
ACHR005603-RA	TAG	180
ACHR000644-RA	TGA	256
ACHR014424-RA	TAG	784
ACHR007436-RA	TAA	102
ACHR003457-RA	TAA	12
ACHR003451-RA	TAA	29
ACHR008648-RA	TAG	102
ACHR000433-RA	TGA	65
ACHR000434-RA	TGA	414
ACHR000436-RA	TAA	91
ACHR006827-RA	TGA	315
ACHR002494-RA	TGA	85
ACHR002499-RA	TGA	440
ACHR008671-RA	TAG	245
ACHR007162-RA	TAA	77
ACHR000398-RA	TAA	84
ACHR000394-RA	TAG	101
ACHR014122-RA	TGA	584
ACHR003667-RA	TAA	526
ACHR003666-RA	TAA	15
ACHR014463-RA	TAG	61
ACHR002392-RA	TAA	291
ACHR014462-RC	TGA	163
ACHR014462-RB	TGA	226
ACHR014462-RA	TGA	354
ACHR007443-RB	TAA	4
ACHR008459-RA	TAA	1147
ACHR002537-RA	TAG	132
ACHR001138-RA	TGA	65
ACHR005629-RA	TAG	149
ACHR005628-RA	TGA	262
ACHR005622-RA	TAA	100
ACHR006339-RA	TGA	119
ACHR006211-RA	TAA	1139
ACHR001411-RA	TAA	119
ACHR007521-RA	TAA	55
ACHR000252-RA	TAG	55
ACHR004372-RA	TAA	208
ACHR000871-RA	TAA	232
ACHR005216-RA	TAG	90
ACHR000410-RA	TAA	1310
ACHR004410-RA	TGA	282
ACHR006742-RA	TAA	3729
ACHR014278-RA	TGA	60
ACHR014273-RB	TGA	236
ACHR014273-RA	TAG	463
ACHR014270-RB	TGA	482
ACHR014270-RA	TGA	748
ACHR014271-RA	TGA	286
ACHR014276-RA	TGA	543
ACHR014277-RA	TGA	144
ACHR014274-RB	TAA	118
ACHR014274-RA	TAA	125
ACHR014275-RA	TGA	565
ACHR014455-RA	TAG	137
ACHR004145-RA	TAG	2637
ACHR001429-RA	TAA	94
ACHR001939-RA	TGA	982
ACHR007144-RA	TGA	53
ACHR003041-RA	TGA	94
ACHR003510-RA	TAG	145
ACHR004606-RA	TAG	259
ACHR004356-RA	TAG	99
ACHR014041-RA	TGA	124
ACHR014040-RA	TGA	331
ACHR014042-RA	TAG	1237
ACHR014046-RA	TGA	77
ACHR005420-RA	TAA	327
ACHR005422-RA	TAG	375
ACHR003648-RA	TAA	21
ACHR003640-RA	TAG	96
ACHR002515-RA	TAG	49
ACHR005397-RA	TAG	2256
ACHR014445-RA	TAA	1723
ACHR009295-RA	TGA	29
ACHR008056-RA	TAG	23
ACHR014447-RA	TAG	222
ACHR000607-RA	TAA	28
ACHR015022-RA	TAA	14
ACHR014446-RA	TGA	48
ACHR000276-RB	TAA	24
ACHR000271-RA	TAA	99
ACHR001537-RA	TAA	101
ACHR001898-RA	TAG	318
ACHR001897-RA	TAA	93
ACHR004603-RA	TAA	653
ACHR004358-RA	TAG	186
ACHR004604-RA	TGA	370
ACHR004352-RA	TAG	93
ACHR000850-RA	TAA	249
ACHR000856-RA	TAG	40
ACHR006605-RA	TAA	7
ACHR010159-RA	TAA	194
ACHR006500-RA	TGA	70
ACHR002728-RA	TAG	56
ACHR002720-RA	TAA	100
ACHR006868-RA	TAA	52
ACHR000476-RA	TGA	82
ACHR014258-RA	TAG	112
ACHR014254-RA	TAG	411
ACHR014256-RA	TGA	623
ACHR014257-RA	TGA	525
ACHR014250-RA	TGA	2103
ACHR014250-RB	TGA	381
ACHR014251-RA	TAG	71
ACHR014252-RA	TAA	142
ACHR014253-RA	TAA	1730
ACHR003923-RA	TAA	71
ACHR005186-RA	TGA	180
ACHR001408-RA	TAG	120
ACHR001401-RA	TAA	96
ACHR004830-RA	TGA	5
ACHR004836-RA	TAG	421
ACHR005731-RA	TAA	728
ACHR005733-RA	TAA	107
ACHR005737-RA	TAA	780
ACHR006295-RA	TGA	146
ACHR006293-RA	TAA	87
ACHR009076-RA	TAA	69
ACHR014069-RA	TAG	209
ACHR001245-RA	TAA	4
ACHR001246-RA	TGA	29
ACHR014062-RA	TGA	135
ACHR014061-RB	TAG	290
ACHR014061-RA	TAG	1234
ACHR014066-RB	TAG	2783
ACHR014066-RA	TAG	2783
ACHR014065-RA	TGA	1089
ACHR014064-RA	TGA	411
ACHR003111-RA	TGA	130
ACHR002573-RA	TAG	154
ACHR004413-RA	TAA	84
ACHR014397-RA	TAG	617
ACHR014392-RA	TGA	266
ACHR014392-RB	TGA	222
ACHR006860-RA	TAA	338
ACHR000629-RA	TAA	103
ACHR008037-RA	TAG	28
ACHR014422-RA	TAG	270
ACHR001872-RA	TAA	23
ACHR007425-RA	TGA	294
ACHR000835-RA	TAA	1160
ACHR000833-RA	TAG	230
ACHR007420-RA	TAG	5
ACHR010059-RA	TAA	100
ACHR014429-RA	TAA	88
ACHR007823-RA	TAA	234
ACHR000450-RA	TGA	1141
ACHR009689-RA	TAG	97
ACHR009687-RA	TAA	84
ACHR014237-RA	TGA	646
ACHR014234-RA	TAG	1395
ACHR014235-RA	TGA	177
ACHR014232-RA	TAG	384
ACHR014233-RA	TGA	223
ACHR008628-RA	TGA	9
ACHR014238-RA	TAG	909
ACHR014239-RA	TGA	120
ACHR003905-RA	TAG	324
ACHR005984-RA	TGA	14
ACHR008958-RA	TAA	125
ACHR007112-RA	TAA	18
ACHR004814-RA	TAA	178
ACHR015038-RA	TGA	73
ACHR014118-RA	TGA	430
ACHR003357-RA	TGA	90
ACHR002087-RA	TAA	300
ACHR014009-RA	TAA	916
ACHR014008-RA	TAA	532
ACHR014005-RA	TAA	204
ACHR014004-RA	TGA	37
ACHR014007-RA	TAG	276
ACHR014006-RA	TAG	305
ACHR014003-RA	TAA	407
ACHR003179-RA	TAG	85
ACHR003178-RA	TAA	167
ACHR005684-RA	TAG	102
ACHR004163-RA	TGA	87
ACHR007601-RA	TAG	215
ACHR004162-RA	TAA	114
ACHR009368-RA	TAA	7
ACHR006746-RA	TAA	117
ACHR009821-RA	TAA	377
ACHR004647-RA	TGA	1063
ACHR004313-RA	TGA	102
ACHR004316-RA	TAA	102
ACHR004317-RA	TAG	97
ACHR014362-RA	TAA	197
ACHR007668-RA	TGA	1685
ACHR000817-RA	TAG	45
ACHR003540-RA	TAA	664
ACHR003543-RA	TGA	283
ACHR008942-RA	TAA	5
ACHR014218-RA	TGA	647
ACHR014219-RA	TAA	293
ACHR014210-RD	TAG	240
ACHR014210-RE	TAG	117
ACHR014210-RF	TAG	129
ACHR014210-RA	TAA	7
ACHR014210-RB	TAG	151
ACHR014210-RC	TAG	211
ACHR014212-RA	TAG	287
ACHR014213-RA	TGA	1130
ACHR014214-RA	TAA	39
ACHR014215-RA	TGA	95
ACHR003962-RA	TGA	104
ACHR009559-RA	TAA	84
ACHR014379-RA	TAG	27
ACHR008976-RA	TAG	1
ACHR004123-RA	TGA	91
ACHR014374-RA	TGA	854
ACHR008202-RA	TAA	241
ACHR006546-RA	TGA	139
ACHR000314-RA	TAG	9
ACHR000310-RA	TAA	104
ACHR000318-RA	TAG	21
ACHR004875-RA	TAA	14
ACHR006555-RA	TAA	106
ACHR007781-RA	TAA	98
ACHR006009-RA	TGA	199
ACHR008912-RA	TAG	78
ACHR003700-RA	TAA	387
ACHR001201-RA	TAG	62
ACHR014027-RA	TAA	93
ACHR014026-RB	TAG	510
ACHR014026-RA	TAG	510
ACHR014025-RA	TAG	593
ACHR014024-RA	TGA	266
ACHR014028-RA	TGA	280
ACHR003154-RA	TAA	329
ACHR003152-RA	TAA	99
ACHR000552-RA	TAA	1147
ACHR002203-RA	TAA	93
ACHR004065-RA	TAG	475
ACHR001838-RA	TAA	432
ACHR001780-RA	TGA	162
ACHR006463-RA	TAG	137
ACHR004663-RA	TAA	186
ACHR002849-RA	TGA	52
ACHR002847-RA	TGA	73
ACHR007312-RA	TAG	56
ACHR008737-RA	TGA	39
ACHR014186-RA	TAA	66
ACHR008730-RA	TAA	18
ACHR001011-RA	TAG	193
ACHR005256-RA	TGA	130
ACHR005257-RA	TAG	157
ACHR005251-RA	TAG	98
ACHR008995-RA	TAG	66
ACHR008194-RA	TGA	111
ACHR001947-RA	TAG	84
ACHR008225-RA	TAG	98
ACHR014063-RA	TAG	1462
ACHR000374-RA	TGA	109
ACHR000370-RA	TGA	82
ACHR008081-RA	TAG	92
ACHR008915-RA	TAA	340
ACHR000996-RA	TAA	662
ACHR006561-RA	TGA	100
ACHR003312-RA	TAG	336
ACHR004859-RA	TAA	124
ACHR004858-RA	TAA	36
ACHR004852-RA	TGA	68
ACHR006563-RA	TAG	372
ACHR002048-RA	TAA	182
ACHR000572-RA	TAA	264
ACHR002261-RA	TAG	389
ACHR002268-RA	TGA	248
ACHR002269-RA	TAA	23
ACHR005064-RA	TAA	60
ACHR005061-RA	TAA	495
ACHR003885-RA	TAA	35
ACHR014409-RA	TGA	10
ACHR014408-RA	TGA	598
ACHR014405-RA	TAA	9
ACHR014407-RA	TGA	283
ACHR001763-RA	TAA	182
ACHR001512-RA	TAG	182
ACHR002863-RA	TGA	289
ACHR002679-RA	TAA	65
ACHR002677-RA	TAA	99
ACHR005270-RA	TAG	81
ACHR005274-RA	TAG	66
ACHR004470-RA	TAG	62
ACHR005277-RA	TGA	114
ACHR014240-RA	TAG	141
ACHR009595-RA	TGA	94
ACHR014245-RA	TAA	579
ACHR009862-RA	TAA	96
ACHR008839-RA	TAG	50
ACHR006256-RA	TAA	1365
ACHR000745-RA	TAG	71
ACHR008034-RA	TAA	41
ACHR000353-RA	TAA	99
ACHR000355-RA	TAA	915
ACHR009941-RA	TGA	38
ACHR006216-RA	TAA	24
ACHR003194-RA	TGA	919
ACHR009807-RA	TAA	382
ACHR009805-RA	TAA	680
ACHR005596-RA	TAG	653
ACHR000510-RA	TAG	787
ACHR006960-RA	TAG	80
ACHR007365-RA	TAG	623
ACHR002241-RA	TAA	110
ACHR009373-RA	TGA	139
ACHR009372-RA	TAA	334
ACHR001434-RA	TAG	81
ACHR014420-RA	TAG	574
ACHR005042-RA	TAG	505
ACHR002804-RA	TGA	156
ACHR002800-RA	TAA	269
ACHR007609-RA	TAG	103
ACHR003290-RA	TAG	99
ACHR003294-RA	TAA	967
ACHR003295-RA	TGA	1524
ACHR003078-RA	TAG	5
ACHR005925-RA	TAG	1598
ACHR000721-RA	TAG	84
ACHR008269-RA	TAA	40
ACHR008266-RA	TAA	115
ACHR014308-RA	TGA	130
ACHR014309-RA	TGA	138
ACHR008350-RA	TGA	57
ACHR004894-RA	TGA	423
ACHR004549-RA	TAG	207
ACHR004621-RA	TAA	98
ACHR006944-RA	TAA	50
ACHR004623-RA	TAA	86
ACHR006497-RA	TAA	36
ACHR008854-RA	TGA	139
ACHR002003-RA	TAA	93
ACHR000534-RA	TAA	367
ACHR006133-RA	TAA	823
ACHR014190-RA	TAG	246
ACHR014197-RA	TAG	633
ACHR014196-RA	TAA	4
ACHR014195-RA	TAG	295
ACHR014194-RA	TGA	349
ACHR014198-RA	TGA	322
ACHR003849-RA	TAG	36
ACHR001626-RA	TAG	84
ACHR005717-RA	TAA	1492
ACHR014449-RA	TAA	1177
ACHR014449-RB	TAG	644
ACHR001724-RA	TAA	51
ACHR004397-RA	TAA	78
ACHR002820-RA	TAA	62
ACHR004978-RA	TAA	168
ACHR000890-RA	TAA	100
ACHR003272-RA	TAA	341
ACHR007952-RA	TAA	50
ACHR008726-RA	TAA	99
ACHR008722-RA	TAG	107
ACHR002634-RA	TGA	278
ACHR014290-RA	TAA	269
ACHR014291-RA	TGA	837
ACHR014292-RA	TAG	358
ACHR014294-RA	TAG	256
ACHR014295-RA	TAA	205
ACHR014296-RA	TAA	340
ACHR014297-RA	TAA	1034
ACHR006262-RA	TAA	1825
ACHR006268-RA	TAG	101
ACHR005363-RA	TAG	249
ACHR003569-RA	TGA	93
ACHR000707-RA	TAA	212
ACHR000706-RA	TAA	23
ACHR000705-RA	TAA	96
ACHR004472-RA	TAA	189
ACHR006085-RA	TAA	16
ACHR014019-RA	TGA	151
ACHR014012-RA	TGA	1841
ACHR014440-RA	TGA	130
ACHR008090-RA	TAG	55
ACHR004702-RA	TAG	16
ACHR006705-RA	TAG	22
ACHR006702-RA	TAA	48
ACHR004561-RA	TGA	107
ACHR003693-RA	TGA	130
ACHR000200-RA	TAG	765
ACHR000206-RA	TAA	49
ACHR007258-RA	TAA	122
ACHR002027-RA	TGA	659
ACHR002029-RA	TAA	110
ACHR007037-RA	TAG	356
ACHR003739-RA	TAG	131
ACHR001392-RA	TAA	100
ACHR001399-RA	TGA	130
ACHR005550-RA	TAA	39
ACHR005552-RA	TGA	96
ACHR005559-RA	TGA	97
ACHR009470-RA	TAG	171
ACHR009336-RA	TGA	83
ACHR001644-RA	TGA	47
ACHR005778-RA	TAA	49
ACHR014442-RA	TGA	134
ACHR001705-RA	TAA	1358
ACHR000117-RA	TAA	101
ACHR000076-RA	TAA	99
ACHR000078-RA	TAA	100
ACHR008453-RA	TGA	668
ACHR003251-RA	TAG	14
ACHR010253-RA	TAA	102
ACHR010255-RA	TGA	29
ACHR003033-RA	TAG	205
ACHR001092-RA	TGA	66
ACHR001095-RA	TAG	243
ACHR014231-RA	TAG	1285
ACHR002618-RA	TGA	61
ACHR002614-RA	TAA	93
ACHR005346-RA	TAA	8
ACHR007984-RA	TGA	194
ACHR005035-RA	TAG	66
ACHR009536-RA	TAA	174
ACHR009534-RA	TAA	561
ACHR004769-RA	TAA	850
ACHR004767-RA	TGA	44
ACHR004760-RA	TAA	83
ACHR005802-RA	TAA	525
ACHR008954-RA	TAA	84
ACHR008952-RA	TAG	17
ACHR003754-RA	TAA	23
ACHR003759-RA	TAG	72
ACHR009988-RA	TGA	4
ACHR001464-RA	TAA	321
ACHR006989-RA	TGA	94
ACHR002402-RA	TGA	454
ACHR002403-RA	TGA	105
ACHR003807-RA	TAA	80
ACHR002405-RA	TAA	39
ACHR008532-RA	TGA	96
ACHR005753-RA	TAG	41
ACHR005751-RA	TAA	96
ACHR001985-RA	TAA	21
ACHR000056-RA	TAA	2392
ACHR003235-RA	TAA	99
ACHR007915-RA	TAG	86
ACHR001023-RA	TAA	792
ACHR002185-RA	TAG	62
ACHR002183-RA	TAA	107
ACHR002181-RA	TAA	193
ACHR005324-RA	TAA	1956
ACHR005320-RA	TAA	1232
ACHR014315-RA	TGA	181
ACHR014314-RA	TAG	172
ACHR014317-RA	TGA	173
ACHR014316-RA	TAG	1186
ACHR014316-RB	TAG	402
ACHR014311-RA	TAG	65
ACHR014310-RA	TGA	46
ACHR014312-RA	TAA	77
ACHR009340-RA	TAA	130
ACHR009342-RA	TAA	20
ACHR014342-RA	TGA	53
ACHR014340-RB	TAG	83
ACHR014340-RC	TGA	100
ACHR014340-RA	TGA	241
ACHR014340-RG	TGA	117
ACHR014340-RD	TGA	29
ACHR014340-RH	TGA	24
ACHR014346-RA	TAG	110
ACHR014347-RA	TGA	71
ACHR006021-RA	TAA	50
ACHR004039-RA	TAA	141
ACHR010039-RA	TAA	39
ACHR000935-RA	TAG	287
ACHR000937-RA	TAA	92
ACHR000933-RA	TAG	99
ACHR000938-RA	TAA	9
ACHR006948-RA	TAG	95
ACHR014298-RA	TAG	1093
ACHR002792-RA	TAG	147
ACHR002791-RA	TAA	11
ACHR002797-RA	TAA	369
ACHR014130-RA	TAA	311
ACHR014132-RA	TAA	192
ACHR014135-RA	TAG	99
ACHR014137-RA	TAG	1547
ACHR014139-RA	TAG	596
ACHR014138-RA	TAA	175
ACHR005517-RA	TAA	153
ACHR005513-RA	TAA	10
ACHR001689-RA	TAA	352
ACHR000484-RA	TAA	55
ACHR000486-RA	TAG	90
ACHR000154-RA	TAG	79
ACHR002883-RA	TAG	102
ACHR000035-RA	TAA	238
ACHR003214-RA	TGA	212
ACHR014398-RA	TAG	69
ACHR006270-RA	TAA	13
ACHR002167-RA	TAA	303
ACHR007670-RA	TAG	12
ACHR002302-RA	TAA	63
ACHR006098-RA	TGA	103
ACHR004446-RA	TAG	94
ACHR001145-RA	TAG	105
ACHR014369-RA	TAG	149
ACHR005301-RA	TGA	107
ACHR014456-RA	TAG	303
ACHR001658-RA	TAA	90
ACHR004010-RA	TAA	86
ACHR014457-RA	TAG	110
ACHR002948-RA	TGA	408
ACHR006411-RA	TAA	86
ACHR006412-RA	TAG	19
ACHR009646-RA	TAA	64
ACHR004225-RA	TAA	54
ACHR004226-RA	TAA	736
ACHR004991-RA	TAA	465
ACHR003137-RA	TAG	103
ACHR007099-RA	TAA	165
ACHR014454-RA	TGA	1285
ACHR010058-RA	TAA	504
ACHR007892-RA	TAA	117
ACHR009566-RA	TAA	789
ACHR014119-RA	TGA	119
ACHR014113-RA	TAA	234
ACHR014112-RA	TGA	271
ACHR014110-RA	TAA	633
ACHR014110-RC	TAA	274
ACHR014110-RB	TAA	462
ACHR014116-RA	TAG	296
ACHR014115-RA	TAG	223
ACHR014114-RA	TGA	57
ACHR005534-RA	TAA	176
ACHR005531-RA	TAA	67
ACHR005530-RA	TGA	18
ACHR003791-RA	TAA	1064
ACHR003796-RA	TAG	250
ACHR005799-RA	TAA	104
ACHR008626-RA	TAA	36
ACHR008366-RA	TAA	132
ACHR000017-RA	TAA	27
ACHR000014-RA	TAA	101
ACHR000019-RA	TAG	53
ACHR001961-RA	TAA	50
ACHR001494-RA	TAA	13
ACHR007575-RA	TGA	756
ACHR006401-RA	TGA	682
ACHR003097-RA	TGA	202
ACHR003094-RA	TAG	94
ACHR002142-RA	TAA	281
ACHR014226-RA	TAA	383
ACHR003632-RA	TGA	88
ACHR003636-RA	TAA	85
ACHR002325-RA	TAA	92
ACHR002556-RA	TAG	1349
ACHR008143-RA	TAA	90
ACHR014451-RA	TAG	703
ACHR005499-RA	TAG	110
ACHR008016-RA	TAG	73
ACHR005491-RA	TGA	532
ACHR005494-RA	TGA	215
ACHR009778-RA	TAA	178
ACHR001165-RA	TAA	1022
ACHR001163-RA	TGA	39
ACHR014306-RA	TGA	294
ACHR014307-RA	TAA	179
ACHR014304-RA	TAG	150
ACHR014305-RA	TGA	2202
ACHR014300-RA	TAG	564
ACHR004079-RA	TAA	87
ACHR004076-RA	TAG	163
ACHR002925-RA	TAA	773
ACHR002920-RA	TAG	195
ACHR002923-RA	TAG	201
ACHR004692-RA	TGA	86
ACHR000970-RA	TAG	834
ACHR004130-RA	TAA	66
ACHR003406-RA	TAA	80
ACHR001318-RA	TAA	84
ACHR001311-RA	TAG	95
ACHR014178-RA	TGA	1136
ACHR014175-RA	TGA	182
ACHR014174-RA	TGA	528
ACHR014177-RB	TGA	447
ACHR014177-RA	TAG	831
ACHR014171-RA	TGA	875
ACHR014170-RA	TAA	4824
ACHR014173-RA	TAA	3
ACHR014172-RA	TGA	107
ACHR008690-RA	TAA	91
ACHR002461-RA	TAA	430
ACHR005115-RA	TAG	1503
ACHR000198-RA	TAA	81
ACHR014097-RA	TAG	643
ACHR014093-RA	TGA	266
ACHR014091-RA	TAG	468
ACHR004190-RA	TAG	1005
ACHR004191-RA	TAG	36
ACHR006595-RA	TGA	57
ACHR010249-RA	TAA	102
ACHR010246-RA	TGA	52
ACHR010245-RA	TAG	38
ACHR007755-RA	TGA	691
ACHR007757-RA	TAA	58
ACHR014328-RA	TAG	1599
ACHR003618-RA	TAA	807
ACHR002693-RA	TAG	330
ACHR001101-RA	TAA	87
ACHR014320-RA	TAA	310
ACHR014320-RB	TAA	284
ACHR014321-RA	TAG	181
ACHR014323-RA	TGA	111
ACHR014892-RA	TAA	12
ACHR014893-RA	TAA	171
ACHR014326-RA	TGA	308
ACHR014327-RA	TAA	9
ACHR014096-RA	TGA	220
ACHR005470-RA	TAA	130
ACHR014098-RA	TGA	1788
ACHR014099-RA	TAA	906
ACHR009757-RA	TGA	251
ACHR009756-RA	TAG	302
ACHR001107-RA	TGA	6
ACHR014322-RA	TGA	1443
ACHR014324-RA	TGA	138
