ACUA000024-RA	TGA	0
ACUA000096-RA	TAA	0
ACUA000176-RA	TAA	0
ACUA000250-RA	TAA	0
ACUA000260-RA	TAA	0
ACUA000290-RA	TAA	0
ACUA000316-RA	TAA	0
ACUA000332-RA	TAA	0
ACUA000382-RA	TGA	0
ACUA000415-RA	TAA	0
ACUA000441-RA	TAG	0
ACUA000507-RA	TAA	0
ACUA000519-RA	TAA	0
ACUA000540-RA	TAA	0
ACUA000557-RA	TAG	0
ACUA000628-RA	TGA	0
ACUA000702-RA	TAG	0
ACUA000766-RA	TAA	0
ACUA000776-RA	TAA	0
ACUA000795-RA	TGA	0
ACUA000799-RA	TAA	0
ACUA000812-RA	TAA	0
ACUA000816-RA	TGA	0
ACUA000846-RA	TAA	0
ACUA000892-RA	TGA	0
ACUA000923-RA	TAG	0
ACUA000926-RA	TAG	0
ACUA000941-RA	TAA	0
ACUA000957-RA	TAG	0
ACUA000972-RA	TAG	0
ACUA000995-RA	TGA	0
ACUA000997-RA	TGA	0
ACUA001009-RA	TGA	0
ACUA001018-RA	TGA	0
ACUA001082-RA	TAA	0
ACUA001093-RA	TAA	0
ACUA001106-RA	TAG	0
ACUA001256-RA	TGA	0
ACUA001278-RA	TAG	0
ACUA001310-RA	TAA	0
ACUA001327-RA	TAG	0
ACUA001345-RA	TAA	0
ACUA001350-RA	TAA	0
ACUA001364-RA	TAA	0
ACUA001422-RA	TAG	0
ACUA001462-RA	TAA	0
ACUA001549-RA	TAA	0
ACUA001553-RA	TAA	0
ACUA001602-RA	TAA	0
ACUA001608-RA	TGA	0
ACUA001689-RA	TAA	0
ACUA001716-RA	TAA	0
ACUA001735-RA	TGA	0
ACUA001760-RA	TAA	0
ACUA001808-RA	TGA	0
ACUA001828-RA	TAA	0
ACUA001829-RA	TAA	0
ACUA001880-RA	TAG	0
ACUA001894-RA	TAA	0
ACUA001933-RA	TAA	0
ACUA001995-RA	TGA	0
ACUA002001-RA	TAG	0
ACUA002030-RA	TAG	0
ACUA002047-RA	TAG	0
ACUA002086-RA	TAG	0
ACUA002127-RA	TGA	0
ACUA002196-RA	TGA	0
ACUA002197-RA	TAA	0
ACUA002208-RA	TAA	0
ACUA002224-RA	TAA	0
ACUA002247-RA	TGA	0
ACUA002285-RA	TAG	0
ACUA002293-RA	TGA	0
ACUA002340-RA	TAA	0
ACUA002412-RA	TAA	0
ACUA002413-RA	TGA	0
ACUA002461-RA	TAG	0
ACUA002519-RA	TGA	0
ACUA002542-RA	TAA	0
ACUA002547-RA	TAA	0
ACUA002548-RA	TGA	0
ACUA002555-RA	TGA	0
ACUA002561-RA	TAG	0
ACUA002562-RA	TAG	0
ACUA002589-RA	TGA	0
ACUA002646-RA	TAA	0
ACUA002670-RA	TAA	0
ACUA002682-RA	TAA	0
ACUA002691-RA	TAG	0
ACUA002738-RA	TGA	0
ACUA002873-RA	TAA	0
ACUA002897-RA	TAA	0
ACUA002914-RA	TAA	0
ACUA002974-RA	TAA	0
ACUA002986-RA	TAA	0
ACUA003097-RA	TGA	0
ACUA003110-RA	TGA	0
ACUA003112-RA	TAA	0
ACUA003124-RA	TAG	0
ACUA003145-RA	TAA	0
ACUA003203-RA	TAG	0
ACUA003212-RA	TAG	0
ACUA003227-RA	TAA	0
ACUA003244-RA	TGA	0
ACUA003246-RA	TGA	0
ACUA003263-RA	TAA	0
ACUA003301-RA	TAG	0
ACUA003353-RA	TAG	0
ACUA003414-RA	TGA	0
ACUA003425-RA	TAA	0
ACUA003480-RA	TAA	0
ACUA003497-RA	TGA	0
ACUA003503-RA	TAG	0
ACUA003550-RA	TGA	0
ACUA003551-RA	TAA	0
ACUA003554-RA	TAA	0
ACUA003635-RA	TAA	0
ACUA003644-RA	TAA	0
ACUA003678-RA	TGA	0
ACUA003694-RA	TAA	0
ACUA003697-RA	TGA	0
ACUA003718-RA	TAA	0
ACUA003778-RA	TGA	0
ACUA003791-RA	TAA	0
ACUA003793-RA	TGA	0
ACUA003810-RA	TAA	0
ACUA003826-RA	TAA	0
ACUA003860-RA	TAG	0
ACUA003870-RA	TAG	0
ACUA003874-RA	TGA	0
ACUA003919-RA	TAA	0
ACUA003964-RA	TAA	0
ACUA004010-RA	TGA	0
ACUA004011-RA	TGA	0
ACUA004028-RA	TGA	0
ACUA004030-RA	TAA	0
ACUA004150-RA	TAA	0
ACUA004154-RA	TGA	0
ACUA004237-RA	TGA	0
ACUA004249-RA	TAA	0
ACUA004294-RA	TGA	0
ACUA004329-RA	TAG	0
ACUA004332-RA	TAG	0
ACUA004339-RA	TGA	0
ACUA004350-RA	TAA	0
ACUA004370-RA	TGA	0
ACUA004380-RA	TAG	0
ACUA004390-RA	TAG	0
ACUA004435-RA	TAG	0
ACUA004453-RA	TAG	0
ACUA004470-RA	TAG	0
ACUA004472-RA	TAG	0
ACUA004498-RA	TAA	0
ACUA004535-RA	TAA	0
ACUA004560-RA	TAA	0
ACUA004585-RA	TGA	0
ACUA004658-RA	TAA	0
ACUA004678-RA	TAG	0
ACUA004681-RA	TAA	0
ACUA004689-RA	TAA	0
ACUA004693-RA	TAA	0
ACUA004703-RA	TAA	0
ACUA004724-RA	TAG	0
ACUA004731-RA	TGA	0
ACUA004735-RA	TAA	0
ACUA004794-RA	TAA	0
ACUA004816-RA	TAA	0
ACUA004850-RA	TAA	0
ACUA004851-RA	TAA	0
ACUA004905-RA	TAG	0
ACUA004941-RA	TAA	0
ACUA005008-RA	TAA	0
ACUA005023-RA	TAG	0
ACUA005030-RA	TAA	0
ACUA005062-RA	TGA	0
ACUA005074-RA	TAG	0
ACUA005117-RA	TAA	0
ACUA005138-RA	TAG	0
ACUA005139-RA	TAA	0
ACUA005148-RA	TGA	0
ACUA005166-RA	TAA	0
ACUA005204-RA	TGA	0
ACUA005229-RA	TAA	0
ACUA005277-RA	TGA	0
ACUA005350-RA	TAG	0
ACUA005370-RA	TAA	0
ACUA005450-RA	TAA	0
ACUA005451-RA	TGA	0
ACUA005482-RA	TGA	0
ACUA005513-RA	TAG	0
ACUA005563-RA	TGA	0
ACUA005572-RA	TGA	0
ACUA005585-RA	TAA	0
ACUA005598-RA	TAA	0
ACUA005610-RA	TAA	0
ACUA005670-RA	TAG	0
ACUA005675-RA	TAA	0
ACUA005717-RA	TAG	0
ACUA005725-RA	TGA	0
ACUA005738-RA	TGA	0
ACUA005833-RA	TGA	0
ACUA005843-RA	TGA	0
ACUA005902-RA	TAG	0
ACUA005948-RA	TGA	0
ACUA005998-RA	TGA	0
ACUA006033-RA	TAA	0
ACUA006184-RA	TAA	0
ACUA006240-RA	TAA	0
ACUA006257-RA	TAA	0
ACUA006288-RA	TAA	0
ACUA006307-RA	TAA	0
ACUA006344-RA	TAG	0
ACUA006384-RA	TGA	0
ACUA006437-RA	TAA	0
ACUA006484-RA	TAA	0
ACUA006537-RA	TAG	0
ACUA006570-RA	TAA	0
ACUA006589-RA	TGA	0
ACUA006615-RA	TAA	0
ACUA006626-RA	TGA	0
ACUA006637-RA	TAG	0
ACUA006645-RA	TGA	0
ACUA006663-RA	TGA	0
ACUA006722-RA	TAA	0
ACUA006735-RA	TAG	0
ACUA006799-RA	TGA	0
ACUA006848-RA	TGA	0
ACUA006857-RA	TAG	0
ACUA006916-RA	TAA	0
ACUA006947-RA	TGA	0
ACUA006959-RA	TAG	0
ACUA006974-RA	TAA	0
ACUA006983-RA	TAG	0
ACUA007018-RA	TAG	0
ACUA007028-RA	TAG	0
ACUA007032-RA	TAA	0
ACUA007047-RA	TAA	0
ACUA007071-RA	TAG	0
ACUA007081-RA	TAA	0
ACUA007083-RA	TGA	0
ACUA007136-RA	TGA	0
ACUA007138-RA	TAA	0
ACUA007143-RA	TGA	0
ACUA007159-RA	TAG	0
ACUA007185-RA	TGA	0
ACUA007206-RA	TAA	0
ACUA007273-RA	TAG	0
ACUA007311-RA	TAA	0
ACUA007339-RA	TGA	0
ACUA007354-RA	TGA	0
ACUA007374-RA	TGA	0
ACUA007388-RA	TAG	0
ACUA007410-RA	TAG	0
ACUA007449-RA	TAA	0
ACUA007457-RA	TAA	0
ACUA007483-RA	TAA	0
ACUA007492-RA	TGA	0
ACUA007494-RA	TAA	0
ACUA007521-RA	TAG	0
ACUA007586-RA	TAA	0
ACUA007610-RA	TAA	0
ACUA007619-RA	TAA	0
ACUA007638-RA	TAG	0
ACUA007668-RA	TAA	0
ACUA007678-RA	TAG	0
ACUA007696-RA	TAG	0
ACUA007716-RA	TAG	0
ACUA007769-RA	TAA	0
ACUA007803-RA	TAG	0
ACUA007823-RA	TAG	0
ACUA007868-RA	TGA	0
ACUA007916-RA	TGA	0
ACUA007993-RA	TAG	0
ACUA008029-RA	TGA	0
ACUA008059-RA	TAG	0
ACUA008065-RA	TAA	0
ACUA008081-RA	TAA	0
ACUA008109-RA	TGA	0
ACUA008166-RA	TAG	0
ACUA008237-RA	TAA	0
ACUA008262-RA	TAA	0
ACUA008321-RA	TGA	0
ACUA008334-RA	TAA	0
ACUA008356-RA	TGA	0
ACUA008369-RA	TGA	0
ACUA008420-RA	TAG	0
ACUA008423-RA	TAG	0
ACUA008439-RA	TAA	0
ACUA008583-RA	TGA	0
ACUA008608-RA	TAA	0
ACUA008631-RA	TAA	0
ACUA008693-RA	TAA	0
ACUA008709-RA	TAA	0
ACUA008738-RA	TGA	0
ACUA008770-RA	TAG	0
ACUA008778-RA	TGA	0
ACUA008809-RA	TAA	0
ACUA008831-RA	TAG	0
ACUA008833-RA	TGA	0
ACUA008836-RA	TAG	0
ACUA008839-RA	TGA	0
ACUA008888-RA	TAG	0
ACUA008908-RA	TGA	0
ACUA008919-RA	TGA	0
ACUA008921-RA	TAA	0
ACUA008930-RA	TAG	0
ACUA008935-RA	TAA	0
ACUA009088-RA	TAA	0
ACUA009095-RA	TGA	0
ACUA009113-RA	TAA	0
ACUA009118-RA	TGA	0
ACUA009136-RA	TAG	0
ACUA009182-RA	TAG	0
ACUA009201-RA	TAA	0
ACUA009209-RA	TAG	0
ACUA009234-RA	TAG	0
ACUA009263-RA	TGA	0
ACUA009308-RA	TAA	0
ACUA009354-RA	TAG	0
ACUA009358-RA	TAA	0
ACUA009398-RA	TAA	0
ACUA009414-RA	TGA	0
ACUA009446-RA	TAG	0
ACUA009450-RA	TGA	0
ACUA009510-RA	TGA	0
ACUA009530-RA	TGA	0
ACUA009549-RA	TAG	0
ACUA009583-RA	TAG	0
ACUA009668-RA	TGA	0
ACUA009697-RA	TAA	0
ACUA009748-RA	TGA	0
ACUA009856-RA	TAA	0
ACUA009861-RA	TGA	0
ACUA009875-RA	TAA	0
ACUA009903-RA	TGA	0
ACUA010031-RA	TGA	0
ACUA010053-RA	TAA	0
ACUA010075-RA	TAA	0
ACUA010085-RA	TAA	0
ACUA010118-RA	TAG	0
ACUA010156-RA	TAA	0
ACUA010180-RA	TAA	0
ACUA010226-RA	TAA	0
ACUA010277-RA	TAG	0
ACUA010288-RA	TAA	0
ACUA010311-RA	TAA	0
ACUA010320-RA	TAA	0
ACUA010367-RA	TGA	0
ACUA010386-RA	TGA	0
ACUA010423-RA	TGA	0
ACUA010424-RA	TGA	0
ACUA010528-RA	TAA	0
ACUA010594-RA	TAA	0
ACUA010597-RA	TAA	0
ACUA010611-RA	TAG	0
ACUA010616-RA	TAA	0
ACUA010657-RA	TAA	0
ACUA010658-RA	TAG	0
ACUA010672-RA	TAA	0
ACUA010711-RA	TGA	0
ACUA010727-RA	TAG	0
ACUA010755-RA	TAG	0
ACUA010800-RA	TAG	0
ACUA010885-RA	TAA	0
ACUA010972-RA	TAG	0
ACUA011021-RA	TAG	0
ACUA011147-RA	TAA	0
ACUA011169-RA	TGA	0
ACUA011195-RA	TAA	0
ACUA011243-RA	TAA	0
ACUA011251-RA	TAA	0
ACUA011300-RA	TAG	0
ACUA011352-RA	TGA	0
ACUA011387-RA	TGA	0
ACUA011401-RA	TAA	0
ACUA011409-RA	TAG	0
ACUA011443-RA	TAA	0
ACUA011459-RA	TAA	0
ACUA011479-RA	TGA	0
ACUA011522-RA	TAA	0
ACUA011529-RA	TAA	0
ACUA011547-RA	TAA	0
ACUA011549-RA	TAG	0
ACUA011557-RA	TAG	0
ACUA011560-RA	TAG	0
ACUA011562-RA	TAG	0
ACUA011575-RA	TAG	0
ACUA011600-RA	TAA	0
ACUA011640-RA	TGA	0
ACUA011656-RA	TAA	0
ACUA011669-RA	TAG	0
ACUA011711-RA	TAA	0
ACUA011743-RA	TAG	0
ACUA011779-RA	TAA	0
ACUA011790-RA	TAG	0
ACUA011792-RA	TAA	0
ACUA011825-RA	TAA	0
ACUA011838-RA	TGA	0
ACUA011931-RA	TAA	0
ACUA012043-RA	TAG	0
ACUA012057-RA	TAA	0
ACUA012167-RA	TAA	0
ACUA012194-RA	TGA	0
ACUA012260-RA	TAG	0
ACUA012273-RA	TAA	0
ACUA012356-RA	TAG	0
ACUA012362-RA	TAG	0
ACUA012405-RA	TGA	0
ACUA012474-RA	TGA	0
ACUA012480-RA	TGA	0
ACUA012515-RA	TAA	0
ACUA012518-RA	TAG	0
ACUA012626-RA	TAA	0
ACUA012692-RA	TGA	0
ACUA012714-RA	TAA	0
ACUA012720-RA	TAA	0
ACUA012748-RA	TGA	0
ACUA012772-RA	TGA	0
ACUA012796-RA	TGA	0
ACUA012822-RA	TGA	0
ACUA012830-RA	TAA	0
ACUA012865-RA	TGA	0
ACUA012870-RA	TAG	0
ACUA012889-RA	TAG	0
ACUA012900-RA	TGA	0
ACUA012909-RA	TGA	0
ACUA012942-RA	TAG	0
ACUA012984-RA	TAA	0
ACUA012992-RA	TAG	0
ACUA013054-RA	TAA	0
ACUA013066-RA	TAA	0
ACUA013071-RA	TGA	0
ACUA013097-RA	TAA	0
ACUA013129-RA	TGA	0
ACUA013142-RA	TAA	0
ACUA013167-RA	TAG	0
ACUA013226-RA	TAG	0
ACUA013257-RA	TAG	0
ACUA013281-RA	TAA	0
ACUA013304-RA	TAG	0
ACUA013362-RA	TAA	0
ACUA013432-RA	TAG	0
ACUA013475-RA	TAA	0
ACUA013533-RA	TAA	0
ACUA013550-RA	TGA	0
ACUA013557-RA	TGA	0
ACUA013567-RA	TGA	0
ACUA013603-RA	TAA	0
ACUA013634-RA	TAG	0
ACUA013653-RA	TAA	0
ACUA013669-RA	TGA	0
ACUA013675-RA	TAG	0
ACUA013690-RA	TGA	0
ACUA013695-RA	TAA	0
ACUA013732-RA	TGA	0
ACUA013735-RA	TAG	0
ACUA013746-RA	TAA	0
ACUA013820-RA	TAA	0
ACUA013900-RA	TAG	0
ACUA013956-RA	TAG	0
ACUA014005-RA	TAA	0
ACUA014012-RA	TAA	0
ACUA014018-RA	TGA	0
ACUA014038-RA	TAG	0
ACUA014109-RA	TGA	0
ACUA014127-RA	TAA	0
ACUA014129-RA	TGA	0
ACUA014178-RA	TAA	0
ACUA014205-RA	TAA	0
ACUA014245-RA	TAA	0
ACUA014262-RA	TGA	0
ACUA014264-RA	TAG	0
ACUA014269-RA	TAA	0
ACUA014316-RA	TAA	0
ACUA014348-RA	TAG	0
ACUA014377-RA	TAA	0
ACUA014424-RA	TAG	0
ACUA014434-RA	TGA	0
ACUA014530-RA	TAA	0
ACUA014539-RA	TGA	0
ACUA014561-RA	TGA	0
ACUA014569-RA	TAG	0
ACUA014619-RA	TAA	0
ACUA014635-RA	TGA	0
ACUA014705-RA	TAA	0
ACUA014725-RA	TAA	0
ACUA014775-RA	TAA	0
ACUA014797-RA	TGA	0
ACUA014807-RA	TGA	0
ACUA014810-RA	TAA	0
ACUA014840-RA	TAA	0
ACUA014897-RA	TAA	0
ACUA014934-RA	TAA	0
ACUA014947-RA	TAA	0
ACUA014965-RA	TAA	0
ACUA014984-RA	TAG	0
ACUA014998-RA	TGA	0
ACUA015058-RA	TAA	0
ACUA015098-RA	TAG	0
ACUA015105-RA	TAA	0
ACUA015134-RA	TGA	0
ACUA015152-RA	TAA	0
ACUA015201-RA	TAA	0
ACUA015222-RA	TAA	0
ACUA015302-RA	TAA	0
ACUA015329-RA	TGA	0
ACUA015363-RA	TAG	0
ACUA015383-RA	TAA	0
ACUA015394-RA	TGA	0
ACUA015397-RA	TAA	0
ACUA015414-RA	TGA	0
ACUA015447-RA	TAA	0
ACUA015465-RA	TAA	0
ACUA015502-RA	TAA	0
ACUA015507-RA	TAG	0
ACUA015546-RA	TAA	0
ACUA015567-RA	TGA	0
ACUA015588-RA	TAA	0
ACUA015609-RA	TGA	0
ACUA015615-RA	TGA	0
ACUA015627-RA	TAG	0
ACUA015629-RA	TGA	0
ACUA015682-RA	TAA	0
ACUA015684-RA	TAG	0
ACUA015737-RA	TGA	0
ACUA015739-RA	TAG	0
ACUA015821-RA	TAA	0
ACUA015887-RA	TAA	0
ACUA015890-RA	TGA	0
ACUA015905-RA	TGA	0
ACUA015921-RA	TGA	0
ACUA015978-RA	TAG	0
ACUA015980-RA	TGA	0
ACUA016037-RA	TGA	0
ACUA016087-RA	TGA	0
ACUA016090-RA	TGA	0
ACUA016097-RA	TGA	0
ACUA016109-RA	TAA	0
ACUA016134-RA	TAA	0
ACUA016144-RA	TAA	0
ACUA016158-RA	TGA	0
ACUA016194-RA	TAG	0
ACUA016221-RA	TAA	0
ACUA016234-RA	TGA	0
ACUA016254-RA	TAA	0
ACUA016352-RA	TAA	0
ACUA016394-RA	TGA	0
ACUA016513-RA	TAA	0
ACUA016518-RA	TAG	0
ACUA016680-RA	TAA	0
ACUA016707-RA	TAG	0
ACUA016710-RA	TGA	0
ACUA016711-RB	TAA	0
ACUA016807-RA	TGA	0
ACUA016821-RA	TAG	0
ACUA016894-RA	TAG	0
ACUA016898-RA	TAA	0
ACUA016918-RA	TAA	0
ACUA016932-RA	TGA	0
ACUA016937-RA	TAA	0
ACUA016938-RA	TGA	0
ACUA016963-RA	TAA	0
ACUA016969-RA	TAG	0
ACUA016998-RA	TAA	0
ACUA017022-RA	TGA	0
ACUA017030-RA	TAG	0
ACUA017052-RA	TAG	0
ACUA017094-RA	TAG	0
ACUA017113-RA	TAG	0
ACUA017220-RA	TAA	0
ACUA017285-RA	TAG	0
ACUA017318-RA	TAG	0
ACUA017322-RA	TGA	0
ACUA017349-RA	TAA	0
ACUA017351-RA	TAA	0
ACUA017440-RA	TAA	0
ACUA017462-RA	TAA	0
ACUA017521-RA	TGA	0
ACUA017526-RA	TAA	0
ACUA017689-RA	TGA	0
ACUA017726-RA	TAG	0
ACUA017741-RA	TAA	0
ACUA017798-RA	TAA	0
ACUA017840-RA	TAA	0
ACUA017849-RA	TGA	0
ACUA017869-RA	TAG	0
ACUA017874-RA	TAA	0
ACUA017888-RA	TGA	0
ACUA017891-RA	TGA	0
ACUA017902-RA	TGA	0
ACUA017940-RA	TAG	0
ACUA017944-RA	TGA	0
ACUA017952-RA	TAA	0
ACUA018028-RA	TGA	0
ACUA018033-RA	TGA	0
ACUA018053-RA	TGA	0
ACUA018103-RA	TGA	0
ACUA018129-RA	TAG	0
ACUA018145-RA	TAG	0
ACUA018165-RA	TAA	0
ACUA018171-RA	TAA	0
ACUA018190-RA	TAA	0
ACUA018211-RA	TGA	0
ACUA018227-RA	TGA	0
ACUA018243-RA	TGA	0
ACUA018259-RA	TGA	0
ACUA018260-RA	TAG	0
ACUA018278-RA	TGA	0
ACUA018321-RA	TGA	0
ACUA018376-RA	TGA	0
ACUA018391-RA	TGA	0
ACUA018401-RA	TAG	0
ACUA018417-RA	TAG	0
ACUA018505-RA	TAA	0
ACUA018510-RA	TAA	0
ACUA018516-RA	TAG	0
ACUA018543-RA	TAG	0
ACUA018588-RA	TGA	0
ACUA018645-RA	TAA	0
ACUA018681-RA	TGA	0
ACUA018700-RA	TAG	0
ACUA018702-RA	TAG	0
ACUA018731-RA	TAA	0
ACUA018783-RA	TGA	0
ACUA018821-RA	TAA	0
ACUA018826-RA	TAG	0
ACUA018873-RA	TAA	0
ACUA018912-RA	TGA	0
ACUA018943-RA	TAA	0
ACUA018970-RA	TGA	0
ACUA018973-RA	TAA	0
ACUA018988-RA	TAA	0
ACUA018993-RA	TAA	0
ACUA019003-RA	TAA	0
ACUA019007-RA	TGA	0
ACUA019030-RA	TAA	0
ACUA019037-RA	TAG	0
ACUA019047-RA	TGA	0
ACUA019068-RA	TAA	0
ACUA019081-RA	TAA	0
ACUA019178-RA	TAG	0
ACUA019185-RA	TAA	0
ACUA019263-RA	TAA	0
ACUA019275-RA	TAG	0
ACUA019300-RA	TAA	0
ACUA019329-RA	TAG	0
ACUA019340-RA	TAA	0
ACUA019353-RA	TAG	0
ACUA019368-RA	TGA	0
ACUA019466-RA	TAG	0
ACUA019473-RA	TGA	0
ACUA019479-RA	TAA	0
ACUA019509-RA	TAG	0
ACUA019526-RA	TAA	0
ACUA019532-RA	TAG	0
ACUA019541-RA	TAA	0
ACUA019547-RA	TAA	0
ACUA019574-RA	TGA	0
ACUA019607-RA	TAA	0
ACUA019615-RA	TGA	0
ACUA019624-RA	TAA	0
ACUA019660-RA	TAA	0
ACUA019669-RA	TAA	0
ACUA019704-RA	TAG	0
ACUA019720-RA	TAA	0
ACUA019774-RA	TAA	0
ACUA019865-RA	TGA	0
ACUA019967-RA	TAA	0
ACUA019980-RA	TGA	0
ACUA020023-RA	TGA	0
ACUA020039-RA	TAA	0
ACUA020044-RA	TGA	0
ACUA020069-RA	TAA	0
ACUA020088-RA	TAG	0
ACUA020090-RA	TGA	0
ACUA020119-RA	TAA	0
ACUA020144-RA	TAA	0
ACUA020200-RA	TAG	0
ACUA020250-RA	TAA	0
ACUA020325-RA	TGA	0
ACUA020339-RA	TGA	0
ACUA020431-RA	TAG	0
ACUA020433-RA	TAA	0
ACUA020501-RA	TGA	0
ACUA020535-RA	TGA	0
ACUA020538-RA	TGA	0
ACUA020642-RA	TGA	0
ACUA020653-RA	TGA	0
ACUA020660-RA	TAA	0
ACUA020717-RA	TAA	0
ACUA020773-RA	TAA	0
ACUA020774-RA	TAG	0
ACUA020784-RA	TAG	0
ACUA020811-RA	TGA	0
ACUA020820-RA	TAG	0
ACUA020829-RA	TAG	0
ACUA020840-RA	TAG	0
ACUA020915-RA	TGA	0
ACUA020970-RA	TGA	0
ACUA020984-RA	TGA	0
ACUA020997-RA	TGA	0
ACUA021004-RA	TAA	0
ACUA021022-RA	TAA	0
ACUA021031-RA	TAG	0
ACUA021032-RA	TAA	0
ACUA021044-RA	TGA	0
ACUA021058-RA	TAA	0
ACUA021073-RA	TGA	0
ACUA021085-RA	TAA	0
ACUA021125-RA	TGA	0
ACUA021128-RA	TAA	0
ACUA021187-RA	TAA	0
ACUA021225-RA	TGA	0
ACUA021241-RA	TAA	0
ACUA021252-RA	TAA	0
ACUA021257-RA	TAA	0
ACUA021279-RA	TAA	0
ACUA021365-RA	TAA	0
ACUA021378-RA	TAA	0
ACUA021381-RA	TAA	0
ACUA021397-RA	TAA	0
ACUA021434-RA	TAG	0
ACUA021454-RA	TAA	0
ACUA021480-RA	TGA	0
ACUA021497-RA	TAA	0
ACUA021511-RA	TAG	0
ACUA021543-RA	TGA	0
ACUA021548-RA	TAG	0
ACUA021613-RA	TGA	0
ACUA021659-RA	TAG	0
ACUA021685-RA	TGA	0
ACUA021703-RA	TAA	0
ACUA021709-RA	TAA	0
ACUA021724-RA	TGA	0
ACUA021732-RA	TAA	0
ACUA021801-RA	TGA	0
ACUA021802-RA	TGA	0
ACUA021821-RA	TAG	0
ACUA021932-RA	TGA	0
ACUA021984-RA	TAA	0
ACUA021988-RA	TGA	0
ACUA021992-RA	TGA	0
ACUA022067-RA	TGA	0
ACUA022171-RA	TAA	0
ACUA022204-RA	TAA	0
ACUA022227-RA	TGA	0
ACUA022308-RA	TAA	0
ACUA022322-RA	TAA	0
ACUA022327-RA	TAA	0
ACUA022349-RA	TAA	0
ACUA022354-RA	TGA	0
ACUA022371-RA	TAG	0
ACUA022400-RA	TAA	0
ACUA022404-RA	TGA	0
ACUA022422-RA	TAA	0
ACUA022429-RA	TGA	0
ACUA022455-RA	TAG	0
ACUA022463-RA	TGA	0
ACUA022465-RA	TAA	0
ACUA022525-RA	TGA	0
ACUA022553-RA	TGA	0
ACUA022555-RA	TAG	0
ACUA022590-RA	TAG	0
ACUA022617-RA	TGA	0
ACUA022661-RA	TAG	0
ACUA022676-RA	TAA	0
ACUA022775-RA	TGA	0
ACUA022808-RA	TAA	0
ACUA022849-RA	TAA	0
ACUA022905-RA	TAG	0
ACUA022925-RA	TGA	0
ACUA022985-RA	TAA	0
ACUA023003-RA	TGA	0
ACUA023017-RA	TGA	0
ACUA023021-RA	TGA	0
ACUA023024-RA	TAA	0
ACUA023048-RA	TGA	0
ACUA023063-RA	TAG	0
ACUA023121-RA	TAA	0
ACUA023142-RA	TAA	0
ACUA023152-RA	TAA	0
ACUA023174-RA	TAG	0
ACUA023200-RA	TAA	0
ACUA023202-RA	TAA	0
ACUA023213-RA	TGA	0
ACUA023228-RA	TGA	0
ACUA023365-RA	TAG	0
ACUA023416-RA	TGA	0
ACUA023418-RA	TAA	0
ACUA023423-RA	TGA	0
ACUA023445-RA	TAG	0
ACUA023446-RA	TAA	0
ACUA023472-RA	TAA	0
ACUA023485-RA	TAA	0
ACUA023500-RA	TGA	0
ACUA023519-RA	TAA	0
ACUA023524-RA	TAA	0
ACUA023527-RA	TAG	0
ACUA023528-RA	TAA	0
ACUA023534-RA	TAA	0
ACUA023546-RA	TGA	0
ACUA023587-RA	TGA	0
ACUA023613-RA	TAA	0
ACUA023670-RA	TAA	0
ACUA023677-RA	TAA	0
ACUA023719-RA	TAA	0
ACUA023739-RA	TAG	0
ACUA023760-RA	TAA	0
ACUA023774-RA	TGA	0
ACUA023798-RA	TGA	0
ACUA023831-RA	TGA	0
ACUA023911-RA	TAA	0
ACUA023999-RA	TGA	0
ACUA024022-RA	TGA	0
ACUA024030-RA	TAA	0
ACUA024034-RA	TAA	0
ACUA024037-RA	TGA	0
ACUA024082-RA	TAA	0
ACUA024095-RA	TAG	0
ACUA024130-RA	TGA	0
ACUA024143-RA	TGA	0
ACUA024159-RA	TAG	0
ACUA024176-RA	TAA	0
ACUA024185-RA	TGA	0
ACUA024197-RA	TAG	0
ACUA024219-RA	TAG	0
ACUA024287-RA	TAG	0
ACUA024288-RA	TGA	0
ACUA024292-RA	TGA	0
ACUA024294-RA	TAA	0
ACUA024321-RA	TAA	0
ACUA024338-RA	TAG	0
ACUA024346-RA	TGA	0
ACUA024375-RA	TGA	0
ACUA024387-RA	TGA	0
ACUA024389-RA	TAA	0
ACUA024413-RA	TGA	0
ACUA024425-RA	TAG	0
ACUA024437-RA	TGA	0
ACUA024478-RA	TAA	0
ACUA024489-RA	TGA	0
ACUA024492-RA	TAA	0
ACUA024494-RA	TGA	0
ACUA024501-RA	TAA	0
ACUA024519-RA	TAA	0
ACUA024529-RA	TGA	0
ACUA024551-RA	TGA	0
ACUA024557-RA	TGA	0
ACUA024584-RA	TGA	0
ACUA024595-RA	TGA	0
ACUA024612-RA	TGA	0
ACUA024717-RA	TAA	0
ACUA024723-RA	TAA	0
ACUA024741-RA	TAA	0
ACUA024757-RA	TGA	0
ACUA024807-RA	TAG	0
ACUA024960-RA	TAA	0
ACUA024981-RA	TAG	0
ACUA024996-RA	TAA	0
ACUA025005-RA	TAA	0
ACUA025006-RA	TGA	0
ACUA025029-RA	TAA	0
ACUA025037-RA	TGA	0
ACUA025042-RA	TAA	0
ACUA025049-RA	TAA	0
ACUA025063-RA	TAA	0
ACUA025065-RA	TAG	0
ACUA025067-RA	TGA	0
ACUA025127-RA	TAA	0
ACUA025129-RA	TAA	0
ACUA025131-RA	TAA	0
ACUA025135-RA	TAA	0
ACUA025148-RA	TGA	0
ACUA025232-RA	TAA	0
ACUA025274-RA	TGA	0
ACUA025332-RA	TAA	0
ACUA025345-RA	TAA	0
ACUA025367-RA	TAA	0
ACUA025406-RA	TAA	0
ACUA025426-RA	TAA	0
ACUA025451-RA	TAA	0
ACUA025458-RA	TGA	0
ACUA025471-RA	TAG	0
ACUA025544-RA	TAG	0
ACUA025547-RA	TAG	0
ACUA025621-RA	TGA	0
ACUA025623-RA	TAA	0
ACUA025629-RA	TAG	0
ACUA025639-RA	TGA	0
ACUA025655-RA	TAA	0
ACUA025669-RA	TGA	0
ACUA025738-RA	TAG	0
ACUA025854-RA	TAG	0
ACUA025857-RA	TAA	0
ACUA025859-RA	TGA	0
ACUA025894-RA	TGA	0
ACUA025934-RA	TAG	0
ACUA025935-RA	TAA	0
ACUA026037-RA	TGA	0
ACUA026052-RA	TAA	0
ACUA026101-RA	TAG	0
ACUA026131-RA	TAA	0
ACUA026158-RA	TAG	0
ACUA026161-RA	TGA	0
ACUA026189-RA	TAA	0
ACUA026207-RA	TAA	0
ACUA026240-RA	TGA	0
ACUA026256-RA	TAA	0
ACUA026264-RA	TAA	0
ACUA026278-RA	TGA	0
ACUA026358-RA	TAA	0
ACUA026365-RA	TAG	0
ACUA026375-RA	TAG	0
ACUA026581-RA	TAA	0
ACUA026587-RA	TAG	0
ACUA026683-RA	TAA	0
ACUA026737-RA	TAA	0
ACUA026740-RA	TAG	0
ACUA026775-RA	TGA	0
ACUA026833-RA	TAA	0
ACUA026843-RA	TAA	0
ACUA026861-RA	TAA	0
ACUA026873-RA	TAA	0
ACUA026905-RA	TGA	0
ACUA026931-RA	TGA	0
ACUA026941-RA	TGA	0
ACUA026949-RA	TAA	0
ACUA026962-RA	TAA	0
ACUA026968-RA	TAA	0
ACUA026975-RA	TGA	0
ACUA026979-RA	TAA	0
ACUA027003-RA	TAA	0
ACUA027073-RA	TAG	0
ACUA027092-RA	TAA	0
ACUA027191-RA	TGA	0
ACUA027213-RA	TGA	0
ACUA027220-RA	TAA	0
ACUA027264-RA	TGA	0
ACUA027292-RA	TGA	0
ACUA027347-RA	TAA	0
ACUA027366-RA	TAG	0
ACUA027375-RA	TAA	0
ACUA027396-RA	TAG	0
ACUA027407-RA	TAA	0
ACUA027420-RA	TAG	0
ACUA027453-RA	TAA	0
ACUA027554-RA	TGA	0
ACUA027571-RA	TAA	0
ACUA027574-RA	TAA	0
ACUA027615-RA	TAG	0
ACUA027622-RA	TAA	0
ACUA027730-RA	TGA	0
ACUA027761-RA	TGA	0
ACUA027859-RA	TAG	0
ACUA027900-RA	TAA	0
ACUA027920-RA	TAG	0
ACUA027922-RA	TAG	0
ACUA027938-RA	TAA	0
ACUA027970-RA	TAA	0
ACUA028013-RA	TAG	0
ACUA028023-RA	TGA	0
ACUA028133-RA	TAA	0
ACUA028142-RA	TAA	0
ACUA028182-RA	TAA	0
ACUA028191-RA	TAA	0
ACUA028240-RA	TGA	0
ACUA028249-RA	TAG	0
ACUA028270-RA	TGA	0
ACUA028305-RA	TGA	0
ACUA028327-RA	TAA	0
ACUA028384-RA	TGA	0
ACUA028387-RA	TAA	0
ACUA028397-RA	TAA	0
ACUA028419-RA	TGA	0
ACUA029027-RA	TAG	0
ACUA029031-RA	TAA	0
ACUA029037-RA	TGA	0
ACUA029041-RA	TGA	0
ACUA029096-RA	TGA	0
ACUA029097-RA	TGA	0
ACUA029101-RA	TAA	0
ACUA029120-RA	TGA	0
ACUA029122-RA	TAA	0
ACUA029133-RA	TAA	0
ACUA029158-RA	TAA	0
ACUA029164-RB	TAA	0
ACUA029166-RA	TAA	0
ACUA029167-RA	TGA	0
ACUA029181-RA	TGA	0
ACUA029185-RA	TAG	0
ACUA029197-RA	TGA	0
ACUA029206-RA	TAA	0
ACUA009692-RA	TAA	156
ACUA014337-RA	TAG	156
ACUA016840-RA	TGA	129
ACUA017716-RA	TAG	70
ACUA021342-RA	TGA	111
ACUA025450-RA	TGA	310
ACUA029108-RA	TAA	201
ACUA029109-RA	TAA	314
ACUA029105-RA	TAG	816
ACUA029106-RA	TAA	46
ACUA029107-RA	TAA	210
ACUA029100-RA	TAA	183
ACUA029102-RA	TAA	77
ACUA012928-RA	TGA	70
ACUA012928-RB	TGA	8
ACUA005435-RA	TGA	47
ACUA029199-RA	TGA	112
ACUA029196-RA	TAA	432
ACUA021699-RB	TAA	290
ACUA021699-RA	TAA	89
ACUA001783-RA	TGA	24
ACUA019750-RA	TAG	45
ACUA000279-RA	TAA	265
ACUA029162-RA	TAA	770
ACUA029162-RB	TAA	770
ACUA029169-RA	TAA	184
ACUA015991-RA	TAA	1010
ACUA022557-RA	TAA	117
ACUA005194-RA	TAA	180
ACUA026106-RA	TAG	48
ACUA014905-RA	TAA	782
ACUA005222-RA	TAA	115
ACUA015614-RA	TGA	45
ACUA024233-RB	TAA	470
ACUA024233-RA	TAA	470
ACUA029146-RA	TAA	26
ACUA013127-RA	TAA	361
ACUA029203-RA	TAA	437
ACUA027308-RA	TAA	161
ACUA001122-RB	TAA	11
ACUA003626-RA	TAA	4
ACUA029134-RA	TGA	66
ACUA025631-RA	TAA	92
ACUA029184-RA	TAA	229
ACUA029186-RA	TAG	377
ACUA029187-RA	TGA	130
ACUA029180-RA	TAA	3
ACUA029182-RA	TAA	80
ACUA029183-RA	TAG	273
ACUA029188-RA	TAA	165
ACUA004396-RA	TAG	16
ACUA003704-RA	TGA	86
ACUA023910-RA	TGA	216
ACUA013164-RA	TGA	189
ACUA023660-RA	TAA	104
ACUA002153-RA	TGA	292
ACUA029040-RA	TAA	7
ACUA029042-RA	TAA	21
ACUA004875-RA	TAG	1262
ACUA018206-RA	TAG	28
ACUA022392-RA	TAG	362
ACUA019259-RB	TAA	227
ACUA019259-RA	TAG	16
ACUA016728-RA	TAA	610
ACUA029032-RA	TAA	1
ACUA027095-RA	TAA	960
ACUA025946-RA	TAA	928
ACUA016914-RA	TAG	90
ACUA020036-RA	TGA	239
ACUA022050-RA	TAG	32
ACUA026296-RA	TAA	176
ACUA029028-RA	TAG	638
ACUA029023-RA	TAG	326
ACUA029022-RA	TAA	115
ACUA016764-RA	TGA	55
ACUA017384-RA	TGA	598
ACUA023992-RA	TAA	200
ACUA007934-RA	TAA	392
ACUA013354-RA	TAA	168
ACUA010995-RA	TAG	365
ACUA029205-RA	TAA	126
ACUA029204-RA	TGA	130
ACUA029201-RA	TAA	471
ACUA029200-RA	TAG	356
ACUA029209-RA	TAA	4
ACUA014483-RB	TAA	151
ACUA006909-RA	TAA	603
ACUA010598-RA	TAG	11
ACUA018782-RA	TAA	38
ACUA012525-RA	TAA	872
ACUA010784-RA	TGA	182
ACUA003604-RA	TAA	144
ACUA029085-RA	TGA	496
ACUA002003-RA	TAA	92
ACUA027466-RA	TAA	156
ACUA000094-RA	TAA	2217
ACUA000094-RC	TAA	4816
ACUA000094-RB	TGA	1039
ACUA029176-RA	TAA	41
ACUA005709-RA	TAG	90
ACUA016872-RA	TAA	169
ACUA019666-RA	TAA	42
ACUA014182-RA	TAA	760
ACUA002874-RA	TAG	69
ACUA029131-RA	TAG	196
ACUA029130-RA	TAA	838
ACUA029135-RA	TAG	235
ACUA026582-RA	TAA	848
ACUA026582-RC	TAA	848
ACUA026582-RB	TAA	848
ACUA011397-RA	TAG	318
ACUA022937-RA	TAG	91
ACUA013703-RA	TAG	318
ACUA015150-RA	TAA	47
ACUA029141-RA	TGA	31
ACUA011850-RA	TAA	460
ACUA029113-RA	TAA	31
ACUA029112-RA	TAG	320
ACUA029111-RA	TGA	149
ACUA029110-RA	TAA	68
ACUA029116-RA	TAA	74
ACUA029114-RA	TAG	238
ACUA029118-RA	TAA	52
ACUA016169-RA	TAA	2020
ACUA009026-RA	TAA	93
ACUA016421-RA	TAA	176
ACUA007971-RA	TAG	491
ACUA007971-RB	TAG	491
ACUA008046-RA	TAG	886
ACUA005468-RA	TAA	23
ACUA029172-RA	TAG	254
ACUA029179-RA	TAG	266
ACUA029178-RA	TGA	127
ACUA010116-RA	TAA	26
ACUA005552-RA	TAA	501
ACUA007952-RA	TAA	224
ACUA026923-RA	TGA	43
ACUA000697-RA	TAG	108
ACUA012875-RA	TAA	135
ACUA016711-RA	TGA	1346
ACUA005611-RA	TGA	162
ACUA029156-RA	TAA	86
ACUA029154-RA	TAA	153
ACUA029153-RA	TGA	80
ACUA029151-RA	TAA	134
ACUA029150-RA	TAA	19
ACUA015087-RA	TAA	54
ACUA021334-RA	TAA	32
ACUA023106-RA	TGA	266
ACUA014647-RA	TGA	332
ACUA029193-RA	TGA	36
ACUA029191-RA	TAG	9
ACUA029195-RA	TAA	1486
ACUA029194-RA	TAG	73
ACUA029026-RA	TAA	7
ACUA029020-RA	TAA	6
ACUA009930-RA	TGA	218
ACUA010997-RA	TAA	165
ACUA011083-RA	TAA	98
ACUA009992-RA	TGA	105
ACUA025719-RA	TAA	95
ACUA014601-RA	TGA	227
ACUA028400-RA	TAA	18
ACUA010269-RA	TAA	166
ACUA028348-RA	TGA	1647
ACUA013093-RA	TAG	159
ACUA009324-RA	TAA	63
ACUA006897-RA	TAA	81
ACUA006239-RA	TAG	42
ACUA024098-RA	TAA	400
ACUA025263-RA	TAA	13
ACUA013444-RA	TAA	246
ACUA016572-RA	TGA	363
ACUA021794-RA	TAG	370
ACUA006584-RA	TAA	75
ACUA010779-RA	TAA	37
ACUA029098-RA	TAG	340
ACUA029099-RA	TAA	137
ACUA029093-RA	TGA	180
ACUA009282-RA	TAA	178
ACUA006644-RA	TAA	108
ACUA012509-RA	TAA	586
ACUA012509-RC	TGA	825
ACUA012509-RB	TAG	120
ACUA002825-RA	TAG	417
ACUA002855-RA	TAG	251
ACUA008559-RA	TAA	118
ACUA024598-RA	TGA	93
ACUA009516-RA	TAA	80
ACUA015432-RA	TGA	27
ACUA027599-RA	TAA	6
ACUA012041-RA	TAA	160
ACUA022730-RA	TGA	559
ACUA015592-RA	TAA	219
ACUA014506-RA	TAA	82
ACUA004048-RA	TAA	73
ACUA004048-RB	TAA	73
ACUA029129-RA	TAG	97
ACUA029123-RA	TAA	116
ACUA029127-RA	TAA	38
ACUA029132-RA	TAG	93
ACUA029136-RA	TAA	212
ACUA010677-RA	TAG	1
ACUA003049-RA	TAA	344
ACUA003049-RB	TAA	344
