ERM93388	TGA	0
ERM93390	TAG	0
ERM93392	TAG	0
ERM93399	TGA	0
ERM93400	TAA	0
ERM93410	TGA	0
ERM93416	TGA	0
ERM93428	TGA	0
ERM93696	TAG	0
ERM93709	TGA	0
ERM93764	TAG	0
ERM93774	TGA	0
ERM93792	TAG	0
ERM93803	TAA	0
ERM93863	TGA	0
ERM93930	TGA	0
ERM93954	TAG	0
ERM93961	TAG	0
ERM94001	TAA	0
ERM94047	TAA	0
ERM94387	TAA	0
ERM94616	TGA	0
ERM94759	TAG	0
ERM94860	TAG	0
ERM95365	TGA	0
ERM95373	TAA	0
ERM95557	TAG	0
ERM95610	TGA	0
ERM95640	TAA	0
ERM95777	TGA	0
ERM95908	TGA	0
ERM95913	TGA	0
ERM95977	TGA	0
ERM95978	TAA	0
ERM96102	TGA	0
ERM96423	TAA	0
ERM96607	TAG	0
ERM96660	TAA	0
ERM96691	TAA	0
ERM96721	TAG	0
ERM96775	TAA	0
ERM96787	TAA	0
ERM96794	TAA	0
ERM96804	TAG	0
ERM96818	TAA	0
ERM96854	TAG	0
ERM96862	TAG	0
ERM96867	TAG	0
ERM96905	TAA	0
ERM97014	TAG	0
ERM97129	TGA	0
ERM97173	TGA	0
ERM97243	TAG	0
ERM97297	TAG	0
ERM97361	TGA	0
ERM97368	TGA	0
ERM97420	TAA	0
ERM97434	TGA	0
ERM97435	TAG	0
ERM97438	TGA	0
ERM97462	TGA	0
ERM97516	TGA	0
ERM97529	TAG	0
ERM97532	TGA	0
ERM97567	TAA	0
ERM97571	TAA	0
ERM97597	TAA	0
ERM97598	TAA	0
ERM97697	TAG	0
ERM97760	TAA	0
ERM97768	TAA	0
ERM97778	TGA	0
ERM97862	TAA	0
ERM97876	TAA	0
ERM97881	TAG	0
ERM97903	TGA	0
ERM97909	TAA	0
ERM97918	TGA	0
ERM97951	TAG	0
ERM97997	TAA	0
ERM97998	TAA	0
ERM98064	TAG	0
ERM98075	TGA	0
ERM98088	TGA	0
ERM98101	TGA	0
ERM98270	TGA	0
ERM98283	TAG	0
ERM98293	TAA	0
ERM98298	TGA	0
ERM98304	TAA	0
ERM98486	TAG	0
ERM98544	TAA	0
ERM98546	TAG	0
ERM98748	TGA	0
ERM98770	TGA	0
ERM98774	TAA	0
ERM98775	TAA	0
ERM98776	TAA	0
ERM98777	TGA	0
ERM98836	TAG	0
ERM98854	TAG	0
ERM98900	TAG	0
ERM98935	TGA	0
ERM98975	TGA	0
ERM98978	TAG	0
ERM98985	TAG	0
ERM99137	TAA	0
ERM99335	TAG	0
ERM99340	TGA	0
ERM99392	TGA	0
ERM99438	TGA	0
ERM99482	TGA	0
ERM99645	TGA	0
ERM99875	TGA	0
ERN00011	TGA	0
ERN00046	TGA	0
ERN00271	TGA	0
ERN00274	TGA	0
ERN00426	TAG	0
ERN00440	TGA	0
ERN00472	TGA	0
ERN00573	TAG	0
ERN00586	TAG	0
ERN01005	TGA	0
ERN01142	TGA	0
ERN01189	TAG	0
ERN01716	TAG	0
ERN01718	TAG	0
ERN01732	TAA	0
ERN01778	TGA	0
ERN01780	TAA	0
ERN01794	TGA	0
ERN01883	TAG	0
ERN01885	TAA	0
ERN01922	TGA	0
ERN02060	TAA	0
ERN02093	TAG	0
ERN02269	TAG	0
ERN02416	TAG	0
ERN02452	TAG	0
ERN02619	TGA	0
ERN02621	TGA	0
ERN02644	TGA	0
ERN02675	TGA	0
ERN02717	TAA	0
ERN02770	TGA	0
ERN02795	TGA	0
ERN02820	TAG	0
ERN02868	TAA	0
ERN02992	TGA	0
ERN03026	TAA	0
ERN03063	TGA	0
ERN03068	TAA	0
ERN03174	TGA	0
ERN03289	TAA	0
ERN03358	TAG	0
ERN03544	TAA	0
ERN03565	TGA	0
ERN03598	TAG	0
ERN03687	TGA	0
ERN03698	TAA	0
ERN03934	TAG	0
ERN04078	TGA	0
ERN04371	TGA	0
ERN04377	TAG	0
ERN04675	TAG	0
ERN04726	TGA	0
ERN04748	TGA	0
ERN04836	TAA	0
ERN04862	TGA	0
ERN04891	TGA	0
ERN05002	TAG	0
ERN05004	TAA	0
ERN05431	TAG	0
ERN05434	TGA	0
ERN05691	TGA	0
ERN05820	TGA	0
ERN05869	TAA	0
ERN05915	TAG	0
ERN05974	TGA	0
ERN05993	TAG	0
ERN06052	TAA	0
ERN06260	TAA	0
ERN06268	TGA	0
ERN06308	TGA	0
ERN06474	TGA	0
ERN06725	TGA	0
ERN06820	TAA	0
ERN06821	TAG	0
ERN06846	TAG	0
ERN06897	TGA	0
ERN07019	TGA	0
ERN07232	TGA	0
ERN07397	TAA	0
ERN07572	TAA	0
ERN07631	TGA	0
ERN07632	TAA	0
ERN07633	TGA	0
ERN07638	TAG	0
ERN07764	TAG	0
ERN07942	TGA	0
ERN08034	TGA	0
ERN08109	TAG	0
ERN08158	TAG	0
ERN08239	TGA	0
ERN08241	TAA	0
ERN08327	TAG	0
ERN08499	TAA	0
ERN08501	TAA	0
ERN08538	TGA	0
ERN08841	TGA	0
ERN08858	TAG	0
ERN08863	TAG	0
ERN08864	TAG	0
ERN08871	TAA	0
ERN08935	TAG	0
ERN08955	TAA	0
ERN08956	TAA	0
ERN08957	TAG	0
ERN08967	TAG	0
ERN09041	TAG	0
ERN09067	TAA	0
ERN09071	TAG	0
ERN09088	TAA	0
ERN09089	TAG	0
ERN09125	TAG	0
ERN09310	TGA	0
ERN09322	TAG	0
ERN09324	TGA	0
ERN09329	TAG	0
ERN09330	TAA	0
ERN09331	TGA	0
ERN09365	TAA	0
ERN09823	TGA	0
ERN09858	TAA	0
ERN09997	TAA	0
ERN10014	TGA	0
ERN10107	TAG	0
ERN10188	TAG	0
ERN10263	TGA	0
ERN10264	TGA	0
ERN10277	TGA	0
ERN10305	TAA	0
ERN10319	TAA	0
ERN10342	TAG	0
ERN10400	TGA	0
ERN10416	TAG	0
ERN10435	TAG	0
ERN10448	TAG	0
ERN10503	TAA	0
ERN10548	TGA	0
ERN10713	TAG	0
ERN10769	TGA	0
ERN10863	TAG	0
ERN10967	TGA	0
ERN11395	TGA	0
ERN11577	TGA	0
ERN11633	TAG	0
ERN11639	TAG	0
ERN11808	TGA	0
ERN11815	TGA	0
ERN11893	TGA	0
ERN11901	TGA	0
ERN11928	TAG	0
ERN11929	TAA	0
ERN11971	TAA	0
ERN12033	TAG	0
ERN12040	TGA	0
ERN12098	TAA	0
ERN12100	TAA	0
ERN12138	TAA	0
ERN12140	TAG	0
ERN12151	TGA	0
ERN12229	TAG	0
ERN12238	TAA	0
ERN12256	TAG	0
ERN12287	TAG	0
ERN12303	TAG	0
ERN12437	TGA	0
ERN12702	TAA	0
ERN12714	TGA	0
ERN12715	TAG	0
ERN12795	TGA	0
ERN12835	TAG	0
ERN12851	TAA	0
ERN12852	TAG	0
ERN12878	TAG	0
ERN12940	TAA	0
ERN13356	TAG	0
ERN13469	TGA	0
ERN13477	TGA	0
ERN13501	TGA	0
ERN13567	TAG	0
ERN13935	TGA	0
ERN14107	TAA	0
ERN14196	TGA	0
ERN14203	TAG	0
ERN14294	TAG	0
ERN14541	TAG	0
ERN14628	TAG	0
ERN14692	TGA	0
ERN14720	TAG	0
ERN15019	TAA	0
ERN15026	TGA	0
ERN15233	TGA	0
ERN15237	TAG	0
ERN15238	TAG	0
ERN15406	TAG	0
ERN15818	TAA	0
ERN15879	TAG	0
ERN15945	TAG	0
ERN16219	TGA	0
ERN16246	TAG	0
ERN16318	TGA	0
ERN16356	TAA	0
ERN16511	TGA	0
ERN16577	TGA	0
ERN16588	TAG	0
ERN16597	TGA	0
ERN17029	TAA	0
ERN17253	TGA	0
ERN17310	TAG	0
ERN17381	TAA	0
ERN17456	TGA	0
ERN17539	TGA	0
ERN17579	TAA	0
ERN17757	TAG	0
ERN17814	TAG	0
ERN17893	TAG	0
ERN17986	TAG	0
ERN17987	TAG	0
ERN18045	TGA	0
ERN18113	TGA	0
ERN18141	TAG	0
ERN18156	TAA	0
ERN18165	TAA	0
ERN18200	TGA	0
ERN18203	TGA	0
ERN18205	TAG	0
ERN18362	TAG	0
ERN18391	TAA	0
ERN18397	TAA	0
ERN18421	TAG	0
ERN18422	TGA	0
ERN18473	TGA	0
ERN18520	TAG	0
ERN18712	TGA	0
ERN19180	TAA	0
ERN19191	TAA	0
ERN19273	TGA	0
ERN19397	TAA	0
ERN19602	TGA	0
ERN19734	TAA	0
ERN20077	TAA	0
ERN20085	TAA	0
ERN20553	TGA	0
ERN20557	TGA	0
