Aco030167.1.mrna1	TAG	410
Aco030751.1.mrna1	TGA	1155
Aco031327.1.mrna1	TGA	163
Aco031787.1.mrna1	TAG	265
Aco030736.1.mrna1	TAG	67
Aco031171.1.mrna1	TGA	57
Aco021964.1.mrna1	TAG	1
Aco014462.1.mrna1	TAA	4508
Aco031385.1.mrna1	TGA	409
Aco029393.1.mrna1	TGA	157
Aco028761.1.mrna1	TGA	535
Aco029657.1.mrna1	TGA	133
Aco025936.1.mrna1	TAG	269
Aco024873.1.mrna1	TAG	26
Aco002787.1.mrna1	TAG	62
Aco019998.1.mrna1	TGA	248
Aco030149.1.mrna1	TAA	534
Aco023854.1.mrna1	TGA	37
Aco029275.1.mrna1	TAA	556
Aco029011.1.mrna1	TAA	230
Aco030726.1.mrna1	TGA	256
Aco031678.1.mrna1	TAG	29
Aco021921.1.mrna1	TGA	185
Aco030940.1.mrna1	TAA	330
Aco021620.1.mrna1	TAA	725
Aco029713.1.mrna1	TGA	349
Aco029929.1.mrna1	TAA	659
Aco010104.1.mrna1	TAG	4141
Aco030856.1.mrna1	TAG	323
Aco025015.1.mrna1	TAA	155
Aco025639.1.mrna1	TAG	514
Aco029593.1.mrna1	TAG	8
Aco029807.1.mrna1	TGA	304
Aco030117.1.mrna1	TAG	79
Aco009550.1.mrna1	TAG	1106
Aco028838.1.mrna1	TGA	417
Aco030227.1.mrna1	TAG	62
Aco029585.1.mrna1	TGA	308
Aco028753.1.mrna1	TAG	62
Aco029464.1.mrna1	TGA	356
Aco028328.1.mrna1	TAA	258
Aco005148.1.mrna1	TGA	652
Aco028751.1.mrna1	TAG	470
Aco030336.1.mrna1	TAA	253
Aco029391.1.mrna1	TGA	534
Aco031351.1.mrna1	TGA	434
Aco030383.1.mrna1	TAA	289
Aco025715.1.mrna1	TAA	292
Aco030300.1.mrna1	TGA	277
Aco022795.1.mrna1	TAA	565
Aco031473.1.mrna1	TGA	782
Aco005877.1.mrna1	TGA	905
Aco029206.1.mrna1	TAA	121
Aco030880.1.mrna1	TAG	267
Aco024925.1.mrna1	TGA	557
Aco031037.1.mrna1	TGA	332
Aco014896.1.mrna1	TGA	1810
Aco029150.1.mrna1	TGA	263
Aco030571.1.mrna1	TAG	332
Aco008767.1.mrna1	TGA	1843
Aco026370.1.mrna1	TGA	152
Aco000807.1.mrna1	TGA	1279
Aco028821.1.mrna1	TGA	724
Aco031377.1.mrna1	TGA	20
Aco029945.1.mrna1	TGA	54
Aco025596.1.mrna1	TAG	76
Aco027543.1.mrna1	TGA	478
Aco024578.1.mrna1	TAG	1142
Aco024123.1.mrna1	TGA	272
Aco030251.1.mrna1	TAA	181
Aco020488.1.mrna1	TAG	542
Aco030761.1.mrna1	TAA	606
Aco031261.1.mrna1	TAG	318
Aco027580.1.mrna1	TAG	195
Aco031137.1.mrna1	TAG	38
Aco024876.1.mrna1	TAG	436
Aco027522.1.mrna1	TAG	124
Aco020231.1.mrna1	TAA	111
Aco028024.1.mrna1	TGA	1229
Aco008701.1.mrna1	TGA	391
Aco003593.1.mrna1	TAG	530
Aco012002.1.mrna1	TAA	101
Aco029431.1.mrna1	TAA	711
Aco029385.1.mrna1	TGA	881
Aco029987.1.mrna1	TGA	644
Aco027629.1.mrna1	TAG	675
Aco026287.1.mrna1	TGA	196
Aco030715.1.mrna1	TAA	22
Aco019168.1.mrna1	TGA	14
Aco030894.1.mrna1	TAA	494
Aco008399.1.mrna1	TAA	1742
Aco028077.1.mrna1	TAG	617
Aco026906.1.mrna1	TAG	390
Aco030197.1.mrna1	TAG	87
Aco030199.1.mrna1	TGA	685
Aco022275.1.mrna1	TGA	167
Aco027385.1.mrna1	TAG	106
Aco010196.1.mrna1	TAA	3470
Aco028633.1.mrna1	TGA	388
Aco030334.1.mrna1	TGA	576
Aco026294.1.mrna1	TAG	88
Aco019183.1.mrna1	TAG	43
Aco026690.1.mrna1	TGA	115
Aco029867.1.mrna1	TGA	622
Aco028850.1.mrna1	TGA	485
Aco012241.1.mrna1	TAG	1802
Aco002924.1.mrna1	TGA	1177
Aco030500.1.mrna1	TGA	32
Aco030987.1.mrna1	TAA	1426
Aco025663.1.mrna1	TAG	51
Aco008523.1.mrna1	TGA	1673
Aco024521.1.mrna1	TGA	976
Aco030267.1.mrna1	TAA	338
Aco028344.1.mrna1	TAG	289
Aco004472.1.mrna1	TAG	1157
Aco019153.1.mrna1	TGA	731
Aco028505.1.mrna1	TAG	133
Aco030755.1.mrna1	TAA	195
Aco029418.1.mrna1	TAG	103
Aco026467.1.mrna1	TAA	520
Aco015293.1.mrna1	TAG	2990
Aco028045.1.mrna1	TAG	224
Aco026686.1.mrna1	TAG	169
Aco008424.1.mrna1	TGA	412
Aco022200.1.mrna1	TGA	1253
Aco031630.1.mrna1	TAG	216
Aco017970.1.mrna1	TAA	341
Aco022797.1.mrna1	TAA	791
Aco023281.1.mrna1	TAG	507
Aco031461.1.mrna1	TGA	381
Aco029142.1.mrna1	TGA	356
Aco029163.1.mrna1	TAG	509
Aco018117.1.mrna1	TAG	907
Aco029102.1.mrna1	TGA	322
Aco012342.1.mrna1	TGA	245
Aco029768.1.mrna1	TAA	96
Aco020492.1.mrna1	TGA	406
Aco005125.1.mrna1	TAA	847
Aco028917.1.mrna1	TGA	126
Aco019135.1.mrna1	TAG	106
Aco029809.1.mrna1	TAA	2335
Aco007161.1.mrna1	TAG	1991
Aco014287.1.mrna1	TGA	968
Aco030012.1.mrna1	TGA	230
Aco028100.1.mrna1	TGA	97
Aco026892.1.mrna1	TAG	1
Aco031884.1.mrna1	TGA	505
Aco028676.1.mrna1	TAG	106
Aco029463.1.mrna1	TGA	299
Aco020193.1.mrna1	TGA	139
Aco021034.1.mrna1	TAA	1682
Aco028114.1.mrna1	TAG	552
Aco028513.1.mrna1	TGA	1028
Aco027867.1.mrna1	TAG	60
Aco014675.1.mrna1	TAG	244
Aco011245.1.mrna1	TGA	352
Aco027863.1.mrna1	TAA	227
Aco027187.1.mrna1	TAG	230
Aco028423.1.mrna1	TGA	140
Aco029963.1.mrna1	TGA	541
Aco030518.1.mrna1	TAA	283
Aco014840.1.mrna1	TAG	1415
Aco029256.1.mrna1	TGA	407
Aco024871.1.mrna1	TAG	201
Aco030046.1.mrna1	TGA	39
Aco025124.1.mrna1	TGA	150
Aco024332.1.mrna1	TAA	430
Aco025442.1.mrna1	TAG	267
Aco024522.1.mrna1	TGA	704
Aco024247.1.mrna1	TAG	710
Aco028651.1.mrna1	TGA	238
Aco028509.1.mrna1	TAA	1361
Aco004897.1.mrna1	TGA	2612
Aco030514.1.mrna1	TGA	507
Aco027298.1.mrna1	TGA	14
Aco021972.1.mrna1	TGA	56
Aco027471.1.mrna1	TAA	353
Aco014431.1.mrna1	TGA	3811
Aco030207.1.mrna1	TAG	153
Aco031598.1.mrna1	TGA	1024
Aco028237.1.mrna1	TGA	142
Aco030589.1.mrna1	TAA	335
Aco029222.1.mrna1	TAA	118
Aco026428.1.mrna1	TAA	164
Aco004676.1.mrna1	TGA	794
Aco028011.1.mrna1	TAG	108
Aco027883.1.mrna1	TAA	77
Aco003856.1.mrna1	TGA	1120
Aco031240.1.mrna1	TAG	301
Aco019477.1.mrna1	TGA	79
Aco026436.1.mrna1	TGA	1070
Aco030255.1.mrna1	TAG	468
Aco030522.1.mrna1	TAA	361
Aco031152.1.mrna1	TAG	549
Aco027738.1.mrna1	TGA	1043
Aco029992.1.mrna1	TAG	961
Aco027300.1.mrna1	TAG	530
Aco028534.1.mrna1	TAG	124
Aco030808.1.mrna1	TAG	405
Aco031254.1.mrna1	TAA	138
Aco031406.1.mrna1	TAA	251
Aco027203.1.mrna1	TGA	143
Aco029922.1.mrna1	TAG	1
Aco026495.1.mrna1	TAG	203
Aco028408.1.mrna1	TAA	619
Aco029540.1.mrna1	TAA	353
Aco008614.1.mrna1	TAG	296
Aco021881.1.mrna1	TAA	302
Aco016921.1.mrna1	TAG	197
Aco030957.1.mrna1	TAG	304
Aco030226.1.mrna1	TGA	218
Aco031791.1.mrna1	TAA	760
Aco021262.1.mrna1	TAG	511
Aco028079.1.mrna1	TAA	580
Aco026785.1.mrna1	TAA	659
Aco031440.1.mrna1	TAG	62
Aco005174.1.mrna1	TAG	368
Aco029674.1.mrna1	TGA	278
Aco028415.1.mrna1	TGA	270
Aco029012.1.mrna1	TAG	275
Aco031769.1.mrna1	TGA	156
Aco027884.1.mrna1	TAG	239
Aco024233.1.mrna1	TAG	1
Aco030943.1.mrna1	TAG	333
Aco006177.1.mrna1	TGA	1463
Aco023914.1.mrna1	TGA	1189
Aco011230.1.mrna1	TGA	1598
Aco025766.1.mrna1	TAA	311
Aco027567.1.mrna1	TGA	258
Aco030908.1.mrna1	TAA	803
Aco017610.1.mrna1	TAG	953
Aco020463.1.mrna1	TGA	219
Aco028959.1.mrna1	TAA	50
Aco024258.1.mrna1	TAA	151
Aco026369.1.mrna1	TGA	295
Aco027592.1.mrna1	TGA	222
Aco030906.1.mrna1	TGA	397
Aco028339.1.mrna1	TAG	238
Aco030478.1.mrna1	TAA	2
Aco023672.1.mrna1	TAG	506
Aco027847.1.mrna1	TAG	243
Aco022908.1.mrna1	TAA	211
Aco030765.1.mrna1	TGA	390
Aco025662.1.mrna1	TGA	239
Aco029541.1.mrna1	TGA	29
Aco012453.1.mrna1	TGA	358
Aco022317.1.mrna1	TGA	222
Aco020179.1.mrna1	TGA	728
Aco030674.1.mrna1	TAG	167
Aco015283.1.mrna1	TAG	355
Aco010922.1.mrna1	TGA	356
Aco031756.1.mrna1	TGA	304
Aco009439.1.mrna1	TAA	883
Aco023426.1.mrna1	TGA	550
Aco031575.1.mrna1	TGA	691
Aco031009.1.mrna1	TGA	295
Aco019126.1.mrna1	TAG	669
Aco028752.1.mrna1	TAA	55
Aco017018.1.mrna1	TAG	1223
Aco024835.1.mrna1	TAG	397
Aco030557.1.mrna1	TAG	163
Aco028244.1.mrna1	TAG	106
Aco022406.1.mrna1	TGA	185
Aco030028.1.mrna1	TGA	355
Aco004182.1.mrna1	TGA	283
Aco022611.1.mrna1	TAA	75
Aco031583.1.mrna1	TGA	116
Aco010479.1.mrna1	TGA	170
Aco026759.1.mrna1	TAG	620
Aco000948.1.mrna1	TAG	857
Aco030489.1.mrna1	TGA	37
Aco025653.1.mrna1	TAG	267
Aco017068.1.mrna1	TGA	136
Aco026854.1.mrna1	TAG	568
Aco029903.1.mrna1	TAA	209
Aco028349.1.mrna1	TGA	419
Aco028783.1.mrna1	TGA	153
Aco030171.1.mrna1	TGA	431
Aco027280.1.mrna1	TGA	233
Aco004499.1.mrna1	TGA	2479
Aco019200.1.mrna1	TAG	2425
Aco029548.1.mrna1	TAG	162
Aco028607.1.mrna1	TAG	21
Aco031725.1.mrna1	TGA	455
Aco030865.1.mrna1	TAG	211
Aco028178.1.mrna1	TAG	412
Aco019120.1.mrna1	TAA	164
Aco028683.1.mrna1	TAA	182
Aco030566.1.mrna1	TGA	467
Aco031121.1.mrna1	TAA	122
Aco029942.1.mrna1	TGA	538
Aco028667.1.mrna1	TAG	425
Aco026689.1.mrna1	TAA	414
Aco028516.1.mrna1	TAA	2207
Aco021773.1.mrna1	TGA	185
Aco028523.1.mrna1	TGA	123
Aco026732.1.mrna1	TGA	136
Aco012226.1.mrna1	TGA	409
Aco028021.1.mrna1	TGA	443
Aco029500.1.mrna1	TGA	357
Aco011526.1.mrna1	TAG	338
Aco027186.1.mrna1	TAG	367
Aco027662.1.mrna1	TGA	95
Aco029751.1.mrna1	TAA	84
Aco031338.1.mrna1	TAG	117
Aco028919.1.mrna1	TAG	155
Aco015383.1.mrna1	TGA	176
Aco022992.1.mrna1	TAG	532
Aco022610.1.mrna1	TGA	374
Aco030368.1.mrna1	TAA	40
Aco008102.1.mrna1	TAG	3415
Aco031412.1.mrna1	TAG	261
Aco028086.1.mrna1	TGA	403
Aco030165.1.mrna1	TAG	285
Aco031383.1.mrna1	TAA	562
Aco022813.1.mrna1	TAG	1601
Aco029442.1.mrna1	TAG	269
Aco008384.1.mrna1	TAG	99
Aco027148.1.mrna1	TGA	309
Aco003482.1.mrna1	TAG	44
Aco025899.1.mrna1	TAG	231
Aco029387.1.mrna1	TGA	46
Aco023708.1.mrna1	TAG	440
Aco031227.1.mrna1	TAG	43
Aco026386.1.mrna1	TAA	603
Aco025096.1.mrna1	TGA	122
Aco031530.1.mrna1	TGA	62
Aco029484.1.mrna1	TAG	31
Aco028902.1.mrna1	TAG	1091
Aco029013.1.mrna1	TAA	111
Aco030962.1.mrna1	TGA	651
Aco022449.1.mrna1	TAG	283
Aco027075.1.mrna1	TGA	47
Aco026583.1.mrna1	TAA	976
Aco029943.1.mrna1	TGA	46
Aco031514.1.mrna1	TAA	42
Aco026029.1.mrna1	TGA	141
Aco001977.1.mrna1	TGA	88
Aco008543.1.mrna1	TGA	101
Aco029745.1.mrna1	TGA	76
Aco030507.1.mrna1	TAG	473
Aco029401.1.mrna1	TAA	832
Aco031065.1.mrna1	TAG	163
Aco004658.1.mrna1	TAA	1151
Aco022642.1.mrna1	TAG	1051
Aco030756.1.mrna1	TAG	95
Aco030690.1.mrna1	TAG	3473
Aco031487.1.mrna1	TAA	808
Aco005758.1.mrna1	TGA	973
Aco017479.1.mrna1	TGA	2594
Aco019491.1.mrna1	TGA	226
Aco023348.1.mrna1	TAG	554
Aco026397.1.mrna1	TAA	110
Aco030384.1.mrna1	TAA	604
Aco030213.1.mrna1	TGA	162
Aco002898.1.mrna1	TAA	1144
Aco006231.1.mrna1	TAA	46
Aco007030.1.mrna1	TAA	355
Aco030159.1.mrna1	TAG	149
Aco030035.1.mrna1	TGA	1055
Aco030194.1.mrna1	TGA	271
Aco010225.1.mrna1	TAG	844
Aco031517.1.mrna1	TAG	282
Aco025598.1.mrna1	TAA	631
Aco022742.1.mrna1	TAA	230
Aco025492.1.mrna1	TAG	663
Aco027666.1.mrna1	TAA	349
Aco031640.1.mrna1	TAA	550
Aco028070.1.mrna1	TGA	119
Aco030170.1.mrna1	TAA	775
Aco028591.1.mrna1	TGA	275
Aco030111.1.mrna1	TGA	302
Aco019067.1.mrna1	TAG	680
Aco014572.1.mrna1	TAG	163
Aco028206.1.mrna1	TGA	152
Aco030479.1.mrna1	TGA	523
Aco029032.1.mrna1	TGA	227
Aco010654.1.mrna1	TAG	299
Aco030472.1.mrna1	TAG	416
Aco031029.1.mrna1	TAA	40
Aco030200.1.mrna1	TAG	238
Aco024234.1.mrna1	TAG	2
Aco029356.1.mrna1	TAA	317
Aco030072.1.mrna1	TGA	1116
Aco017191.1.mrna1	TAA	1
Aco028855.1.mrna1	TAG	561
Aco000818.1.mrna1	TGA	388
Aco019122.1.mrna1	TAG	172
Aco026988.1.mrna1	TAA	367
Aco030057.1.mrna1	TAG	479
Aco006074.1.mrna1	TAA	439
Aco028640.1.mrna1	TAG	280
Aco027751.1.mrna1	TGA	1820
Aco028827.1.mrna1	TGA	4
Aco029996.1.mrna1	TGA	211
Aco027595.1.mrna1	TGA	495
Aco021142.1.mrna1	TGA	138
Aco030032.1.mrna1	TGA	162
Aco030283.1.mrna1	TAG	441
Aco028658.1.mrna1	TGA	600
Aco028358.1.mrna1	TGA	806
Aco030085.1.mrna1	TAA	386
Aco028341.1.mrna1	TGA	342
Aco019189.1.mrna1	TAA	31
Aco001052.1.mrna1	TGA	13
Aco020247.1.mrna1	TAG	166
Aco021951.1.mrna1	TAG	530
Aco029805.1.mrna1	TAA	84
Aco026435.1.mrna1	TAA	79
Aco003586.1.mrna1	TGA	79
Aco022900.1.mrna1	TAG	106
Aco005884.1.mrna1	TGA	2312
Aco001656.1.mrna1	TGA	368
