ASTEI00012-RA	TGA	0
ASTEI00047-RA	TGA	0
ASTEI00054-RA	TAA	0
ASTEI00063-RA	TAG	0
ASTEI00128-RA	TAA	0
ASTEI00138-RA	TAA	0
ASTEI00177-RA	TAG	0
ASTEI00179-RA	TAA	0
ASTEI00185-RA	TAA	0
ASTEI00192-RA	TAG	0
ASTEI00204-RA	TAA	0
ASTEI00216-RA	TAG	0
ASTEI00224-RA	TAA	0
ASTEI00235-RA	TGA	0
ASTEI00238-RA	TAA	0
ASTEI00245-RA	TGA	0
ASTEI00284-RA	TAA	0
ASTEI00289-RA	TAG	0
ASTEI00304-RA	TAG	0
ASTEI00319-RA	TGA	0
ASTEI00332-RA	TAG	0
ASTEI00337-RA	TAA	0
ASTEI00390-RA	TGA	0
ASTEI00405-RA	TAA	0
ASTEI00406-RA	TGA	0
ASTEI00415-RA	TAA	0
ASTEI00421-RA	TAG	0
ASTEI00425-RA	TAA	0
ASTEI00426-RA	TAA	0
ASTEI00442-RA	TAG	0
ASTEI00454-RA	TAA	0
ASTEI00455-RA	TAG	0
ASTEI00466-RA	TAG	0
ASTEI00482-RA	TGA	0
ASTEI00490-RA	TAG	0
ASTEI00493-RA	TAA	0
ASTEI00499-RA	TGA	0
ASTEI00519-RA	TAG	0
ASTEI00582-RA	TGA	0
ASTEI00593-RA	TAA	0
ASTEI00645-RA	TAA	0
ASTEI00650-RA	TGA	0
ASTEI00720-RA	TAG	0
ASTEI00731-RA	TAA	0
ASTEI00736-RA	TAG	0
ASTEI00820-RA	TAA	0
ASTEI00829-RA	TGA	0
ASTEI00845-RA	TAA	0
ASTEI00848-RA	TGA	0
ASTEI00876-RA	TAG	0
ASTEI00916-RA	TAA	0
ASTEI00918-RA	TAA	0
ASTEI00924-RA	TAA	0
ASTEI00929-RA	TAG	0
ASTEI00956-RA	TAA	0
ASTEI00963-RA	TGA	0
ASTEI00969-RA	TAA	0
ASTEI00986-RA	TAG	0
ASTEI01007-RA	TAG	0
ASTEI01012-RA	TAG	0
ASTEI01021-RA	TAG	0
ASTEI01030-RA	TGA	0
ASTEI01043-RA	TAA	0
ASTEI01059-RA	TAA	0
ASTEI01069-RA	TAA	0
ASTEI01100-RA	TGA	0
ASTEI01120-RA	TAA	0
ASTEI01149-RA	TAG	0
ASTEI01194-RA	TAG	0
ASTEI01197-RA	TGA	0
ASTEI01209-RA	TAG	0
ASTEI01210-RA	TAG	0
ASTEI01236-RA	TAG	0
ASTEI01239-RA	TAA	0
ASTEI01241-RA	TAA	0
ASTEI01251-RA	TAA	0
ASTEI01303-RA	TGA	0
ASTEI01304-RA	TAA	0
ASTEI01329-RA	TAA	0
ASTEI01349-RA	TAA	0
ASTEI01360-RA	TAA	0
ASTEI01397-RA	TAG	0
ASTEI01398-RA	TAA	0
ASTEI01408-RA	TAA	0
ASTEI01425-RA	TGA	0
ASTEI01427-RA	TAA	0
ASTEI01433-RA	TGA	0
ASTEI01452-RA	TAA	0
ASTEI01455-RA	TAA	0
ASTEI01484-RA	TGA	0
ASTEI01487-RA	TGA	0
ASTEI01511-RA	TAA	0
ASTEI01516-RA	TAA	0
ASTEI01518-RA	TGA	0
ASTEI01524-RA	TGA	0
ASTEI01536-RA	TAA	0
ASTEI01554-RA	TAG	0
ASTEI01561-RA	TAA	0
ASTEI01565-RA	TAA	0
ASTEI01583-RA	TAG	0
ASTEI01591-RA	TAA	0
ASTEI01614-RA	TAA	0
ASTEI01615-RA	TAA	0
ASTEI01620-RA	TAG	0
ASTEI01631-RA	TAA	0
ASTEI01639-RA	TAA	0
ASTEI01641-RA	TAG	0
ASTEI01663-RA	TAA	0
ASTEI01705-RA	TAA	0
ASTEI01706-RA	TAA	0
ASTEI01730-RA	TAA	0
ASTEI01790-RA	TGA	0
ASTEI01837-RA	TAA	0
ASTEI01871-RA	TAG	0
ASTEI01948-RA	TAG	0
ASTEI01959-RA	TGA	0
ASTEI01977-RA	TAA	0
ASTEI01981-RA	TAA	0
ASTEI01996-RA	TAA	0
ASTEI02009-RA	TGA	0
ASTEI02016-RA	TGA	0
ASTEI02019-RA	TAG	0
ASTEI02037-RA	TAA	0
ASTEI02047-RA	TGA	0
ASTEI02060-RA	TAA	0
ASTEI02071-RA	TAA	0
ASTEI02106-RA	TAA	0
ASTEI02107-RA	TAG	0
ASTEI02116-RA	TAG	0
ASTEI02127-RA	TAA	0
ASTEI02132-RA	TAG	0
ASTEI02195-RA	TAA	0
ASTEI02196-RA	TGA	0
ASTEI02223-RA	TAG	0
ASTEI02250-RA	TGA	0
ASTEI02287-RA	TAG	0
ASTEI02289-RA	TAA	0
ASTEI02303-RA	TAG	0
ASTEI02306-RA	TAA	0
ASTEI02311-RA	TAA	0
ASTEI02322-RA	TAG	0
ASTEI02346-RA	TAA	0
ASTEI02362-RA	TAA	0
ASTEI02367-RA	TGA	0
ASTEI02401-RA	TAG	0
ASTEI02407-RA	TGA	0
ASTEI02416-RA	TAG	0
ASTEI02424-RA	TGA	0
ASTEI02433-RA	TGA	0
ASTEI02522-RA	TGA	0
ASTEI02523-RA	TAG	0
ASTEI02531-RA	TGA	0
ASTEI02540-RA	TAA	0
ASTEI02549-RA	TAA	0
ASTEI02599-RA	TAG	0
ASTEI02647-RA	TAG	0
ASTEI02652-RA	TAG	0
ASTEI02655-RA	TAA	0
ASTEI02660-RA	TAA	0
ASTEI02666-RA	TGA	0
ASTEI02704-RA	TAG	0
ASTEI02728-RA	TAG	0
ASTEI02732-RA	TAG	0
ASTEI02733-RA	TAG	0
ASTEI02762-RA	TAA	0
ASTEI02774-RA	TAG	0
ASTEI02795-RA	TAG	0
ASTEI02818-RA	TAA	0
ASTEI02838-RA	TAA	0
ASTEI02841-RA	TGA	0
ASTEI02860-RA	TAG	0
ASTEI02887-RA	TAA	0
ASTEI02895-RA	TAA	0
ASTEI02904-RA	TAA	0
ASTEI02912-RA	TAA	0
ASTEI02958-RA	TAA	0
ASTEI02993-RA	TAA	0
ASTEI03024-RA	TAG	0
ASTEI03042-RA	TGA	0
ASTEI03067-RA	TAG	0
ASTEI03090-RA	TAA	0
ASTEI03093-RA	TAA	0
ASTEI03107-RA	TAG	0
ASTEI03110-RA	TAA	0
ASTEI03111-RA	TAG	0
ASTEI03112-RA	TAA	0
ASTEI03117-RA	TAG	0
ASTEI03120-RA	TAA	0
ASTEI03122-RA	TGA	0
ASTEI03165-RA	TAG	0
ASTEI03194-RA	TAG	0
ASTEI03212-RA	TAG	0
ASTEI03222-RA	TGA	0
ASTEI03223-RA	TAA	0
ASTEI03231-RA	TAG	0
ASTEI03243-RA	TGA	0
ASTEI03276-RA	TAA	0
ASTEI03288-RA	TAA	0
ASTEI03300-RA	TAA	0
ASTEI03307-RA	TAA	0
ASTEI03330-RA	TAG	0
ASTEI03362-RA	TAA	0
ASTEI03368-RA	TAG	0
ASTEI03378-RA	TAG	0
ASTEI03388-RA	TAA	0
ASTEI03404-RA	TGA	0
ASTEI03408-RA	TAG	0
ASTEI03421-RA	TAA	0
ASTEI03431-RA	TAA	0
ASTEI03440-RA	TAG	0
ASTEI03463-RA	TAA	0
ASTEI03484-RA	TAG	0
ASTEI03487-RA	TAA	0
ASTEI03503-RA	TAA	0
ASTEI03507-RA	TGA	0
ASTEI03516-RA	TGA	0
ASTEI03541-RA	TAA	0
ASTEI03563-RA	TAG	0
ASTEI03567-RA	TGA	0
ASTEI03586-RA	TAA	0
ASTEI03609-RA	TGA	0
ASTEI03612-RA	TAG	0
ASTEI03629-RA	TAA	0
ASTEI03638-RA	TGA	0
ASTEI03639-RA	TGA	0
ASTEI03660-RA	TAG	0
ASTEI03708-RA	TAA	0
ASTEI03718-RA	TGA	0
ASTEI03731-RA	TAG	0
ASTEI03788-RA	TAA	0
ASTEI03792-RA	TAG	0
ASTEI03802-RA	TGA	0
ASTEI03833-RA	TAG	0
ASTEI03868-RA	TAA	0
ASTEI03879-RA	TAA	0
ASTEI03885-RA	TGA	0
ASTEI03909-RA	TAA	0
ASTEI03919-RA	TGA	0
ASTEI03927-RA	TAG	0
ASTEI03930-RA	TAA	0
ASTEI03962-RA	TAG	0
ASTEI03978-RA	TGA	0
ASTEI04010-RA	TAA	0
ASTEI04011-RA	TAA	0
ASTEI04017-RA	TAG	0
ASTEI04028-RA	TAA	0
ASTEI04031-RA	TAA	0
ASTEI04035-RA	TAG	0
ASTEI04052-RA	TAA	0
ASTEI04055-RA	TAA	0
ASTEI04062-RA	TGA	0
ASTEI04068-RA	TGA	0
ASTEI04081-RA	TAG	0
ASTEI04082-RA	TAA	0
ASTEI04105-RA	TAA	0
ASTEI04119-RA	TAA	0
ASTEI04158-RA	TGA	0
ASTEI04168-RA	TGA	0
ASTEI04177-RA	TAA	0
ASTEI04180-RA	TAA	0
ASTEI04204-RA	TAA	0
ASTEI04213-RA	TAA	0
ASTEI04224-RA	TAA	0
ASTEI04228-RA	TAG	0
ASTEI04240-RA	TAA	0
ASTEI04251-RA	TAA	0
ASTEI04262-RA	TAG	0
ASTEI04266-RA	TAA	0
ASTEI04281-RA	TAG	0
ASTEI04330-RA	TAG	0
ASTEI04359-RA	TAA	0
ASTEI04362-RA	TGA	0
ASTEI04364-RA	TAA	0
ASTEI04378-RA	TAA	0
ASTEI04390-RA	TAA	0
ASTEI04402-RA	TAG	0
ASTEI04403-RA	TAA	0
ASTEI04413-RA	TAA	0
ASTEI04416-RA	TAA	0
ASTEI04418-RA	TAA	0
ASTEI04458-RA	TAG	0
ASTEI04484-RA	TAG	0
ASTEI04518-RA	TGA	0
ASTEI04519-RA	TAA	0
ASTEI04537-RA	TAA	0
ASTEI04549-RA	TAA	0
ASTEI04565-RA	TGA	0
ASTEI04571-RA	TAG	0
ASTEI04589-RA	TGA	0
ASTEI04619-RA	TGA	0
ASTEI04628-RA	TAA	0
ASTEI04631-RA	TGA	0
ASTEI04654-RA	TAA	0
ASTEI04688-RA	TAG	0
ASTEI04732-RA	TAA	0
ASTEI04738-RA	TAG	0
ASTEI04783-RA	TAA	0
ASTEI04823-RA	TAA	0
ASTEI04837-RA	TAA	0
ASTEI04871-RA	TAA	0
ASTEI04875-RA	TAA	0
ASTEI04880-RA	TAA	0
ASTEI04882-RA	TAA	0
ASTEI04897-RA	TAG	0
ASTEI04911-RA	TAG	0
ASTEI04968-RA	TAA	0
ASTEI04986-RA	TAA	0
ASTEI04988-RA	TGA	0
ASTEI04991-RA	TAA	0
ASTEI04993-RA	TAA	0
ASTEI04996-RA	TAA	0
ASTEI05019-RA	TAG	0
ASTEI05024-RA	TAA	0
ASTEI05058-RA	TAA	0
ASTEI05072-RA	TAA	0
ASTEI05101-RA	TAA	0
ASTEI05112-RA	TAA	0
ASTEI05142-RA	TAG	0
ASTEI05155-RA	TGA	0
ASTEI05183-RA	TAG	0
ASTEI05188-RA	TAG	0
ASTEI05234-RA	TAA	0
ASTEI05247-RA	TAA	0
ASTEI05258-RA	TAA	0
ASTEI05280-RA	TAG	0
ASTEI05285-RA	TAA	0
ASTEI05315-RA	TAA	0
ASTEI05336-RA	TAA	0
ASTEI05342-RA	TAG	0
ASTEI05345-RA	TAG	0
ASTEI05355-RA	TAA	0
ASTEI05363-RA	TAA	0
ASTEI05369-RA	TAA	0
ASTEI05381-RA	TGA	0
ASTEI05401-RA	TAG	0
ASTEI05408-RA	TAA	0
ASTEI05428-RA	TAA	0
ASTEI05431-RA	TGA	0
ASTEI05461-RA	TGA	0
ASTEI05481-RA	TAA	0
ASTEI05492-RA	TAA	0
ASTEI05496-RA	TGA	0
ASTEI05498-RA	TAA	0
ASTEI05503-RA	TAA	0
ASTEI05519-RA	TAA	0
ASTEI05521-RA	TAG	0
ASTEI05525-RA	TAA	0
ASTEI055271-RA	TGA	0
ASTEI05542-RA	TAG	0
ASTEI05571-RA	TAA	0
ASTEI05578-RA	TAA	0
ASTEI05582-RA	TAA	0
ASTEI05615-RA	TAA	0
ASTEI05617-RA	TGA	0
ASTEI05618-RA	TAA	0
ASTEI05627-RA	TAG	0
ASTEI05634-RA	TGA	0
ASTEI05641-RA	TAG	0
ASTEI05650-RA	TGA	0
ASTEI05682-RA	TAA	0
ASTEI05710-RA	TAG	0
ASTEI05759-RA	TAA	0
ASTEI05763-RA	TAA	0
ASTEI05777-RA	TGA	0
ASTEI05808-RA	TAA	0
ASTEI05809-RA	TAA	0
ASTEI05817-RA	TGA	0
ASTEI05819-RA	TGA	0
ASTEI05822-RA	TAG	0
ASTEI05866-RA	TAG	0
ASTEI05921-RA	TAA	0
ASTEI05928-RA	TAA	0
ASTEI05934-RA	TAG	0
ASTEI05954-RA	TAA	0
ASTEI05956-RA	TAA	0
ASTEI05957-RA	TAG	0
ASTEI05990-RA	TGA	0
ASTEI05995-RA	TAA	0
ASTEI06048-RA	TAA	0
ASTEI06066-RA	TAG	0
ASTEI06067-RA	TGA	0
ASTEI06075-RA	TGA	0
ASTEI06080-RA	TAA	0
ASTEI06099-RA	TAA	0
ASTEI06127-RA	TAG	0
ASTEI06130-RA	TAG	0
ASTEI06138-RA	TAG	0
ASTEI06147-RA	TAA	0
ASTEI06149-RA	TAG	0
ASTEI06194-RA	TAG	0
ASTEI06198-RA	TAA	0
ASTEI06199-RA	TGA	0
ASTEI06222-RA	TAA	0
ASTEI06225-RA	TAG	0
ASTEI06243-RA	TAA	0
ASTEI06267-RA	TAG	0
ASTEI06270-RA	TAA	0
ASTEI06314-RA	TAG	0
ASTEI06321-RA	TAG	0
ASTEI06342-RA	TAG	0
ASTEI06352-RA	TAG	0
ASTEI06380-RA	TAA	0
ASTEI06385-RA	TAG	0
ASTEI06433-RA	TAA	0
ASTEI06441-RA	TAG	0
ASTEI064545-RA	TAA	0
ASTEI06456-RA	TGA	0
ASTEI06490-RA	TGA	0
ASTEI06494-RA	TGA	0
ASTEI06501-RA	TAA	0
ASTEI06544-RA	TGA	0
ASTEI06556-RA	TAA	0
ASTEI06571-RA	TAA	0
ASTEI06574-RA	TAG	0
ASTEI06584-RA	TGA	0
ASTEI06607-RA	TGA	0
ASTEI06611-RA	TGA	0
ASTEI06621-RA	TAG	0
ASTEI06628-RA	TGA	0
ASTEI06632-RA	TAG	0
ASTEI06645-RA	TAG	0
ASTEI06646-RA	TAA	0
ASTEI06668-RA	TGA	0
ASTEI06669-RA	TAA	0
ASTEI06674-RA	TAA	0
ASTEI06679-RA	TAA	0
ASTEI06680-RA	TGA	0
ASTEI06695-RA	TGA	0
ASTEI06701-RA	TAA	0
ASTEI06702-RA	TAG	0
ASTEI06710-RA	TAA	0
ASTEI06711-RA	TGA	0
ASTEI06723-RA	TGA	0
ASTEI06727-RA	TAA	0
ASTEI06756-RA	TAA	0
ASTEI06765-RA	TGA	0
ASTEI06790-RA	TAG	0
ASTEI06794-RA	TAA	0
ASTEI06801-RA	TAA	0
ASTEI06810-RA	TAA	0
ASTEI06811-RA	TGA	0
ASTEI06812-RA	TAA	0
ASTEI06837-RA	TAA	0
ASTEI06860-RA	TAA	0
ASTEI06861-RA	TAG	0
ASTEI06868-RA	TAA	0
ASTEI06889-RA	TAA	0
ASTEI06901-RA	TAG	0
ASTEI06913-RA	TAA	0
ASTEI06915-RA	TAA	0
ASTEI06918-RA	TGA	0
ASTEI06929-RA	TGA	0
ASTEI06950-RA	TAA	0
ASTEI06974-RA	TAA	0
ASTEI06975-RA	TGA	0
ASTEI06987-RA	TGA	0
ASTEI06990-RA	TAA	0
ASTEI06993-RA	TGA	0
ASTEI06995-RA	TAA	0
ASTEI07019-RA	TAG	0
ASTEI07029-RA	TGA	0
ASTEI07033-RA	TAA	0
ASTEI07040-RA	TAA	0
ASTEI07051-RA	TAG	0
ASTEI07059-RA	TAA	0
ASTEI07087-RA	TAG	0
ASTEI07090-RA	TAG	0
ASTEI07091-RA	TGA	0
ASTEI07128-RA	TGA	0
ASTEI07161-RA	TGA	0
ASTEI07172-RA	TAA	0
ASTEI07178-RA	TGA	0
ASTEI07201-RA	TAA	0
ASTEI07228-RA	TGA	0
ASTEI07247-RA	TAG	0
ASTEI07259-RA	TAA	0
ASTEI07273-RA	TAA	0
ASTEI07286-RA	TGA	0
ASTEI07305-RA	TAA	0
ASTEI07326-RA	TAA	0
ASTEI07333-RA	TGA	0
ASTEI07339-RA	TAG	0
ASTEI07346-RA	TAG	0
ASTEI07375-RA	TAG	0
ASTEI07384-RA	TGA	0
ASTEI07403-RA	TGA	0
ASTEI07424-RA	TAA	0
ASTEI07431-RA	TAA	0
ASTEI07445-RA	TAA	0
ASTEI07450-RA	TAA	0
ASTEI07463-RA	TAA	0
ASTEI07471-RA	TAA	0
ASTEI07484-RA	TAG	0
ASTEI07501-RA	TAA	0
ASTEI07506-RA	TAA	0
ASTEI07510-RA	TAA	0
ASTEI07525-RA	TAA	0
ASTEI07537-RA	TAA	0
ASTEI07541-RA	TAA	0
ASTEI07547-RA	TAG	0
ASTEI07556-RA	TAA	0
ASTEI07561-RA	TAA	0
ASTEI07607-RA	TAG	0
ASTEI07618-RA	TAA	0
ASTEI07636-RA	TGA	0
ASTEI07637-RA	TAA	0
ASTEI07651-RA	TAG	0
ASTEI07662-RA	TAG	0
ASTEI07667-RA	TAG	0
ASTEI07669-RA	TAA	0
ASTEI07677-RA	TAG	0
ASTEI07685-RA	TAA	0
ASTEI07690-RA	TAG	0
ASTEI07703-RA	TGA	0
ASTEI07712-RA	TAG	0
ASTEI07737-RA	TGA	0
ASTEI07739-RA	TGA	0
ASTEI07740-RA	TAG	0
ASTEI07753-RA	TAA	0
ASTEI07764-RA	TGA	0
ASTEI07777-RA	TGA	0
ASTEI07796-RA	TAA	0
ASTEI07805-RA	TAG	0
ASTEI07868-RA	TAA	0
ASTEI07876-RA	TGA	0
ASTEI07881-RA	TGA	0
ASTEI07939-RA	TAG	0
ASTEI07959-RA	TAG	0
ASTEI08002-RA	TAG	0
ASTEI08007-RA	TAG	0
ASTEI08021-RA	TAG	0
ASTEI08024-RA	TAA	0
ASTEI08031-RA	TGA	0
ASTEI08051-RA	TGA	0
ASTEI08092-RA	TAG	0
ASTEI08095-RA	TGA	0
ASTEI08099-RA	TAA	0
ASTEI08107-RA	TAG	0
ASTEI08114-RA	TAG	0
ASTEI08116-RA	TAG	0
ASTEI08119-RA	TAA	0
ASTEI08133-RA	TGA	0
ASTEI08136-RA	TAG	0
ASTEI08140-RA	TAA	0
ASTEI08144-RA	TAA	0
ASTEI08149-RA	TGA	0
ASTEI08166-RA	TAG	0
ASTEI08172-RA	TGA	0
ASTEI08197-RA	TAA	0
ASTEI08198-RA	TGA	0
ASTEI08211-RA	TAA	0
ASTEI08225-RA	TAG	0
ASTEI08255-RA	TAG	0
ASTEI08260-RA	TGA	0
ASTEI08267-RA	TAG	0
ASTEI08270-RA	TGA	0
ASTEI08276-RA	TGA	0
ASTEI08280-RA	TAG	0
ASTEI08295-RA	TAA	0
ASTEI08317-RA	TAG	0
ASTEI08362-RA	TGA	0
ASTEI08370-RA	TAG	0
ASTEI08371-RA	TAA	0
ASTEI08376-RA	TAA	0
ASTEI08380-RA	TGA	0
ASTEI08392-RA	TGA	0
ASTEI08438-RA	TAA	0
ASTEI08447-RA	TGA	0
ASTEI08466-RA	TAA	0
ASTEI08473-RA	TAA	0
ASTEI08477-RA	TAA	0
ASTEI08489-RA	TAA	0
ASTEI08493-RA	TGA	0
ASTEI08497-RA	TAA	0
ASTEI08515-RA	TAA	0
ASTEI08522-RA	TAG	0
ASTEI08543-RA	TAA	0
ASTEI08555-RA	TGA	0
ASTEI08592-RA	TGA	0
ASTEI08594-RA	TGA	0
ASTEI08596-RA	TAG	0
ASTEI08651-RA	TGA	0
ASTEI08661-RA	TGA	0
ASTEI08663-RA	TAA	0
ASTEI08664-RA	TGA	0
ASTEI08674-RA	TGA	0
ASTEI08696-RA	TAA	0
ASTEI08702-RA	TAG	0
ASTEI08714-RA	TGA	0
ASTEI08776-RA	TAG	0
ASTEI08779-RA	TAA	0
ASTEI08811-RA	TGA	0
ASTEI08858-RA	TAA	0
ASTEI08877-RA	TAA	0
ASTEI08892-RA	TAA	0
ASTEI08896-RA	TGA	0
ASTEI08900-RA	TGA	0
ASTEI08904-RA	TAG	0
ASTEI08931-RA	TGA	0
ASTEI08936-RA	TAA	0
ASTEI08944-RA	TGA	0
ASTEI08951-RA	TAA	0
ASTEI08956-RA	TAA	0
ASTEI08957-RA	TAG	0
ASTEI08965-RA	TAA	0
ASTEI08973-RA	TAA	0
ASTEI08986-RA	TAA	0
ASTEI09006-RA	TAA	0
ASTEI09031-RA	TAA	0
ASTEI09033-RA	TAA	0
ASTEI09036-RA	TAA	0
ASTEI09037-RA	TAA	0
ASTEI09055-RA	TAA	0
ASTEI09059-RA	TAA	0
ASTEI09074-RA	TAG	0
ASTEI09076-RA	TAA	0
ASTEI09082-RA	TAA	0
ASTEI09086-RA	TGA	0
ASTEI09093-RA	TAG	0
ASTEI09104-RA	TAA	0
ASTEI09144-RA	TAG	0
ASTEI09159-RA	TAG	0
ASTEI09175-RA	TGA	0
ASTEI09189-RA	TAA	0
ASTEI09193-RA	TAA	0
ASTEI09197-RA	TGA	0
ASTEI09205-RA	TAA	0
ASTEI09233-RA	TAG	0
ASTEI09245-RA	TGA	0
ASTEI09279-RA	TAA	0
ASTEI09283-RA	TAA	0
ASTEI09287-RA	TAA	0
ASTEI09288-RA	TAA	0
ASTEI09289-RA	TGA	0
ASTEI09292-RA	TGA	0
ASTEI09346-RA	TAG	0
ASTEI09359-RA	TAA	0
ASTEI09373-RA	TAG	0
ASTEI09379-RA	TGA	0
ASTEI09381-RA	TGA	0
ASTEI09408-RA	TAA	0
ASTEI09428-RA	TAG	0
ASTEI09434-RA	TAA	0
ASTEI09453-RA	TAG	0
ASTEI09454-RA	TGA	0
ASTEI09487-RA	TAG	0
ASTEI09490-RA	TAA	0
ASTEI09493-RA	TAA	0
ASTEI09498-RA	TGA	0
ASTEI09504-RA	TAA	0
ASTEI09506-RA	TAA	0
ASTEI09511-RA	TAA	0
ASTEI09519-RA	TAA	0
ASTEI09520-RA	TGA	0
ASTEI09537-RA	TGA	0
ASTEI09555-RA	TGA	0
ASTEI09563-RA	TAA	0
ASTEI09581-RA	TGA	0
ASTEI09600-RA	TGA	0
ASTEI09601-RA	TGA	0
ASTEI09605-RA	TGA	0
ASTEI09611-RA	TAA	0
ASTEI09639-RA	TAA	0
ASTEI09642-RA	TAG	0
ASTEI09650-RA	TAA	0
ASTEI09680-RA	TGA	0
ASTEI09696-RA	TAG	0
ASTEI09704-RA	TAG	0
ASTEI09732-RA	TAG	0
ASTEI09743-RA	TGA	0
ASTEI09747-RA	TAA	0
ASTEI09763-RA	TAG	0
ASTEI09791-RA	TAA	0
ASTEI09799-RA	TAG	0
ASTEI09801-RA	TGA	0
ASTEI09824-RA	TAG	0
ASTEI09826-RA	TGA	0
ASTEI09831-RA	TAA	0
ASTEI09836-RA	TAA	0
ASTEI09840-RA	TAA	0
ASTEI09850-RA	TAA	0
ASTEI09858-RA	TAA	0
ASTEI09868-RA	TGA	0
ASTEI09870-RA	TGA	0
ASTEI09874-RA	TAA	0
ASTEI09876-RA	TAA	0
ASTEI09885-RA	TAA	0
ASTEI09897-RA	TAA	0
ASTEI09912-RA	TAG	0
ASTEI09913-RA	TAG	0
ASTEI09954-RA	TAG	0
ASTEI09984-RA	TAG	0
ASTEI09990-RA	TGA	0
ASTEI09999-RA	TAA	0
ASTEI10011-RA	TGA	0
ASTEI10012-RA	TAG	0
ASTEI10022-RA	TAG	0
ASTEI10062-RA	TGA	0
ASTEI10074-RA	TGA	0
ASTEI10084-RA	TAA	0
ASTEI10107-RA	TAA	0
ASTEI10109-RA	TAA	0
ASTEI10117-RA	TGA	0
ASTEI10120-RA	TGA	0
ASTEI10129-RA	TAA	0
ASTEI10130-RA	TAA	0
ASTEI10131-RA	TAG	0
ASTEI10134-RA	TAG	0
ASTEI10157-RA	TGA	0
ASTEI10159-RA	TAG	0
ASTEI10270-RA	TGA	0
ASTEI10275-RA	TGA	0
ASTEI10278-RA	TAG	0
ASTEI10289-RA	TAG	0
ASTEI10292-RA	TAA	0
ASTEI10304-RA	TGA	0
ASTEI10307-RA	TAG	0
ASTEI10322-RA	TGA	0
ASTEI10323-RA	TAA	0
ASTEI10327-RA	TAA	0
ASTEI10350-RA	TGA	0
ASTEI10364-RA	TAG	0
ASTEI10380-RA	TAG	0
ASTEI10414-RA	TAA	0
ASTEI10420-RA	TAA	0
ASTEI10435-RA	TAG	0
ASTEI10449-RA	TGA	0
ASTEI10455-RA	TGA	0
ASTEI10457-RA	TGA	0
ASTEI10467-RA	TGA	0
ASTEI10474-RA	TAA	0
ASTEI10508-RA	TAA	0
ASTEI10516-RA	TAA	0
ASTEI10519-RA	TGA	0
ASTEI10527-RA	TAA	0
ASTEI10530-RA	TAA	0
ASTEI10595-RA	TAG	0
ASTEI10602-RA	TAA	0
ASTEI10609-RA	TAG	0
ASTEI10618-RA	TAG	0
ASTEI10624-RA	TAA	0
ASTEI10625-RA	TAG	0
ASTEI10626-RA	TGA	0
ASTEI10631-RA	TAA	0
ASTEI10644-RA	TAA	0
ASTEI10650-RA	TAA	0
ASTEI10657-RA	TAA	0
ASTEI10662-RA	TGA	0
ASTEI10671-RA	TGA	0
ASTEI10693-RA	TGA	0
ASTEI10703-RA	TAA	0
ASTEI10704-RA	TAA	0
ASTEI10732-RA	TAG	0
ASTEI10737-RA	TGA	0
ASTEI10743-RA	TAA	0
ASTEI10746-RA	TAA	0
ASTEI10749-RA	TAA	0
ASTEI10785-RA	TAA	0
ASTEI10789-RA	TGA	0
ASTEI10795-RA	TAG	0
ASTEI10798-RA	TAG	0
ASTEI10800-RA	TGA	0
ASTEI10821-RA	TAA	0
ASTEI10829-RA	TAA	0
ASTEI10830-RA	TAG	0
ASTEI10848-RA	TAA	0
ASTEI10850-RA	TAG	0
ASTEI10875-RA	TAG	0
ASTEI10884-RA	TAG	0
ASTEI10893-RA	TAG	0
ASTEI10896-RA	TAG	0
ASTEI10898-RA	TAA	0
ASTEI10927-RA	TAA	0
ASTEI10941-RA	TAG	0
ASTEI10948-RA	TGA	0
ASTEI10984-RA	TAG	0
ASTEI10988-RA	TAA	0
ASTEI11000-RA	TAA	0
ASTEI11019-RA	TAA	0
ASTEI11027-RA	TGA	0
ASTEI11041-RA	TAG	0
ASTEI11043-RA	TAG	0
ASTEI11046-RA	TAA	0
ASTEI11056-RA	TAA	0
ASTEI11062-RA	TAG	0
ASTEI11069-RA	TAA	0
ASTEI11082-RA	TAA	0
ASTEI11085-RA	TAG	0
ASTEI11089-RA	TAA	0
ASTEI11104-RA	TAA	0
ASTEI11105-RA	TAA	0
ASTEI11114-RA	TAA	0
ASTEI11115-RA	TAG	0
ASTEI11143-RA	TAG	0
ASTEI11146-RA	TAA	0
ASTEI11156-RA	TAA	0
ASTEI11165-RA	TAA	0
ASTEI11175-RA	TGA	0
ASTEI11176-RA	TAG	0
ASTEI11198-RA	TAA	0
ASTEI11206-RA	TGA	0
ASTEI11210-RA	TGA	0
ASTEI11212-RA	TGA	0
ASTEI11214-RA	TAA	0
ASTEI11218-RA	TGA	0
ASTEI11222-RA	TGA	0
ASTEI11231-RA	TGA	0
ASTEI11242-RA	TAA	0
ASTEI11244-RA	TAG	0
ASTEI11245-RA	TAA	0
ASTEI11255-RA	TGA	0
ASTEI11265-RA	TAG	0
ASTEI11272-RA	TGA	0
ASTEI11279-RA	TAG	0
ASTEI11293-RA	TGA	0
ASTEI11299-RA	TAA	0
ASTEI11301-RA	TAA	0
ASTEI11305-RA	TAA	0
ASTEI11308-RA	TAG	0
ASTEI11312-RA	TAG	0
ASTEI11315-RA	TAG	0
ASTEI11322-RA	TAG	0
ASTEI11325-RA	TAG	0
ASTEI11326-RA	TGA	0
ASTEI11327-RA	TAG	0
ASTEI11334-RA	TGA	0
ASTEI11342-RA	TAA	0
ASTEI11344-RA	TAA	0
ASTEI11354-RA	TAG	0
ASTEI11355-RA	TAG	0
ASTEI11363-RA	TAA	0
ASTEI11367-RA	TAA	0
ASTEI11371-RA	TAA	0
ASTEI11372-RA	TAA	0
ASTEI11377-RA	TAA	0
ASTEI11388-RA	TAA	0
ASTEI11390-RA	TAG	0
ASTEI11392-RA	TGA	0
ASTEI11393-RA	TAG	0
ASTEI11400-RA	TGA	0
ASTEI11403-RA	TAA	0
ASTEI11407-RA	TAG	0
ASTEI11417-RA	TAA	0
ASTEI11419-RA	TAA	0
ASTEI11434-RA	TGA	0
ASTEI11445-RA	TGA	0
ASTEI11448-RA	TGA	0
ASTEI11451-RA	TAA	0
ASTEI11456-RA	TGA	0
ASTEI11458-RA	TGA	0
ASTEI11459-RA	TAA	0
ASTEI11463-RA	TAG	0
ASTEI11466-RA	TAA	0
ASTEI11471-RA	TAA	0
ASTEI11475-RA	TAA	0
ASTEI11477-RA	TGA	0
ASTEI11478-RA	TAG	0
ASTEI11484-RA	TAA	0
ASTEI11492-RA	TAA	0
ASTEI11493-RA	TAG	0
ASTEI11494-RA	TGA	0
ASTEI11506-RA	TGA	0
ASTEI11507-RA	TAA	0
ASTEI11518-RA	TAG	0
ASTEI11523-RA	TAA	0
ASTEI11524-RA	TAA	0
ASTEI11527-RA	TAG	0
ASTEI11530-RA	TAA	0
ASTEI11538-RA	TGA	0
ASTEI11541-RA	TAA	0
ASTEI11558-RA	TAA	0
ASTEI11560-RA	TGA	0
ASTEI11566-RA	TAA	0
ASTEI11573-RA	TAA	0
ASTEI11593-RA	TGA	0
ASTEI11594-RA	TAA	0
ASTEI11597-RA	TAA	0
ASTEI11598-RA	TAA	0
ASTEI11600-RA	TGA	0
ASTEI11602-RA	TGA	0
ASTEI11604-RA	TAA	0
ASTEI11609-RA	TAG	0
ASTEI11611-RA	TAA	0
ASTEI11614-RA	TAG	0
ASTEI11618-RA	TAA	0
ASTEI11620-RA	TGA	0
ASTEI11622-RA	TAA	0
ASTEI11624-RA	TAA	0
ASTEI11627-RA	TAA	0
ASTEI11628-RA	TGA	0
ASTEI11644-RA	TAA	0
ASTEI11646-RA	TAG	0
ASTEI11647-RA	TAA	0
ASTEI11650-RA	TAA	0
ASTEI11652-RA	TGA	0
ASTEI11654-RA	TGA	0
ASTEI11658-RA	TGA	0
ASTEI11663-RA	TAA	0
ASTEI11687-RA	TAG	0
ASTEI11688-RA	TAA	0
ASTEI11689-RA	TAG	0
ASTEI11691-RA	TAG	0
ASTEI11692-RA	TGA	0
ASTEI11696-RA	TAA	0
ASTEI11700-RA	TAG	0
ASTEI11701-RA	TAA	0
ASTEI11703-RA	TAG	0
ASTEI11705-RA	TAA	0
ASTEI11708-RA	TAG	0
ASTEI11716-RA	TGA	0
ASTEI11731-RA	TAG	0
ASTEI11732-RA	TAG	0
ASTEI11735-RA	TAG	0
ASTEI11740-RA	TGA	0
ASTEI11747-RA	TAA	0
ASTEI11750-RA	TAG	0
ASTEI11752-RA	TGA	0
ASTEI11760-RA	TAA	0
ASTEI11765-RA	TAA	0
ASTEI11772-RA	TAA	0
ASTEI11777-RA	TAA	0
ASTEI11788-RA	TGA	0
ASTEI01098-RA	TGA	6
ASTEI09035-RA	TAA	100
ASTEI00947-RA	TAG	56
ASTEI06726-RA	TGA	97
ASTEI05390-RA	TAA	34
ASTEI09064-RA	TAG	112
ASTEI09695-RA	TGA	130
ASTEI09063-RA	TAG	40
ASTEI08573-RA	TAA	380
ASTEI03494-RA	TAA	136
ASTEI08410-RA	TAA	175
ASTEI09899-RA	TGA	175
ASTEI09527-RA	TGA	176
ASTEI05093-RA	TAA	536
ASTEI05271-RA	TAA	252
ASTEI11073-RA	TAA	83
ASTEI063440-RA	TAA	282
ASTEI04603-RA	TAA	82
ASTEI01211-RA	TAA	119
ASTEI00039-RA	TAA	266
ASTEI09186-RA	TAA	244
ASTEI09185-RA	TAA	428
ASTEI03214-RA	TAA	67
ASTEI02293-RA	TAA	80
ASTEI06994-RA	TAA	428
ASTEI09748-RA	TAA	281
ASTEI01171-RA	TAA	301
ASTEI01170-RA	TAG	152
ASTEI01179-RA	TAA	45
ASTEI05543-RA	TAA	75
ASTEI02200-RA	TAA	187
ASTEI02883-RA	TAA	78
ASTEI09979-RA	TAA	30
ASTEI06504-RA	TGA	116
ASTEI08328-RA	TAG	298
ASTEI05720-RA	TAG	56
ASTEI04621-RA	TAA	103
ASTEI11240-RA	TGA	22
ASTEI00706-RA	TAA	113
ASTEI04480-RA	TAG	204
ASTEI02504-RA	TAA	116
ASTEI02503-RA	TAA	91
ASTEI10265-RA	TAA	188
ASTEI10264-RA	TAG	67
ASTEI03270-RA	TGA	222
ASTEI10549-RA	TAG	60
ASTEI00708-RA	TAG	98
ASTEI07593-RA	TAG	217
ASTEI07373-RA	TAA	348
ASTEI05607-RA	TAA	135
ASTEI05236-RA	TAG	41
ASTEI00468-RA	TAG	226
ASTEI04012-RA	TAG	124
ASTEI02310-RA	TAG	70
ASTEI02314-RA	TGA	157
ASTEI09589-RA	TAG	99
ASTEI10491-RA	TAA	325
ASTEI07789-RA	TAG	243
ASTEI08229-RA	TAG	378
ASTEI00927-RA	TAG	254
ASTEI00255-RA	TGA	207
ASTEI09234-RA	TAA	121
ASTEI09236-RA	TAA	151
ASTEI09238-RA	TGA	300
ASTEI03295-RA	TAA	299
ASTEI10247-RA	TAA	210
ASTEI00781-RA	TAA	173
ASTEI04209-RA	TAA	236
ASTEI03256-RA	TGA	86
ASTEI02789-RA	TAA	7
ASTEI02128-RA	TGA	10
ASTEI06955-RA	TGA	124
ASTEI06958-RA	TAA	134
ASTEI09780-RA	TGA	300
ASTEI09782-RA	TAG	312
ASTEI09788-RA	TAG	24
ASTEI05036-RA	TAA	64
ASTEI06045-RA	TAA	192
ASTEI05427-RA	TAA	54
ASTEI00449-RA	TAA	41
ASTEI00446-RA	TAG	45
ASTEI11632-RA	TAA	334
ASTEI02336-RA	TAG	114
ASTEI04679-RA	TGA	58
ASTEI11409-RA	TAA	21
ASTEI05812-RA	TGA	193
ASTEI05814-RA	TAG	98
ASTEI09878-RA	TAA	47
ASTEI06237-RA	TAG	53
ASTEI06549-RA	TAG	17
ASTEI04948-RA	TAA	59
ASTEI00026-RA	TGA	85
ASTEI07942-RA	TAA	54
ASTEI08064-RA	TAG	99
ASTEI01272-RA	TAA	65
ASTEI00278-RA	TAA	153
ASTEI04198-RA	TAA	414
ASTEI04191-RA	TAA	97
ASTEI04194-RA	TGA	904
ASTEI01907-RA	TAA	165
ASTEI00059-RA	TAA	257
ASTEI04229-RA	TAA	126
ASTEI03504-RA	TAG	207
ASTEI01482-RA	TAA	66
ASTEI06938-RA	TAA	12
ASTEI10033-RA	TAA	39
ASTEI11619-RA	TGA	176
ASTEI08745-RA	TAA	211
ASTEI03746-RA	TAA	72
ASTEI01925-RA	TAA	68
ASTEI09873-RA	TAA	267
ASTEI10453-RA	TAA	205
ASTEI06663-RA	TAA	394
ASTEI06664-RA	TGA	63
ASTEI09146-RA	TAA	21
ASTEI04740-RA	TAG	76
ASTEI09597-RA	TAA	73
ASTEI09590-RA	TAA	108
ASTEI00152-RA	TAA	174
ASTEI08188-RA	TGA	251
ASTEI02374-RA	TGA	357
ASTEI06523-RA	TAG	350
ASTEI06526-RA	TAA	178
ASTEI06279-RA	TAA	99
ASTEI07831-RA	TAA	538
ASTEI09609-RA	TAA	37
ASTEI07270-RA	TGA	156
ASTEI07274-RA	TAA	145
ASTEI09322-RA	TAA	84
ASTEI01947-RA	TGA	36
ASTEI10773-RA	TAA	79
ASTEI00093-RA	TGA	68
ASTEI03572-RA	TAG	134
ASTEI06748-RA	TAG	249
ASTEI09007-RA	TAA	163
ASTEI10506-RA	TGA	178
ASTEI10430-RA	TAG	167
ASTEI03152-RA	TAA	78
ASTEI02821-RA	TGA	206
ASTEI10434-RA	TAA	253
ASTEI03923-RA	TAA	58
ASTEI06257-RA	TAG	52
ASTEI06253-RA	TAG	285
ASTEI06252-RA	TAG	125
ASTEI09627-RA	TAG	29
ASTEI01700-RA	TAA	62
ASTEI07951-RA	TAG	85
ASTEI11264-RA	TGA	89
ASTEI08379-RA	TAA	190
ASTEI11111-RA	TGA	132
ASTEI03834-RA	TAA	72
ASTEI02615-RA	TGA	32
ASTEI10351-RA	TAG	77
ASTEI07933-RA	TGA	20
ASTEI11665-RA	TGA	29
ASTEI00372-RA	TAA	228
ASTEI01576-RA	TAA	218
ASTEI01575-RA	TAA	289
ASTEI00110-RA	TAA	44
ASTEI09025-RA	TGA	627
ASTEI10630-RA	TAA	26
ASTEI02848-RA	TAG	102
ASTEI10652-RA	TGA	184
ASTEI02266-RA	TAA	29
ASTEI09100-RA	TAA	13
ASTEI09106-RA	TAA	133
ASTEI09967-RA	TAA	301
ASTEI08359-RA	TAA	152
ASTEI03729-RA	TGA	68
ASTEI02455-RA	TGA	271
ASTEI03853-RA	TAA	69
ASTEI07007-RA	TAA	375
ASTEI06357-RA	TAA	28
ASTEI06358-RA	TAA	186
ASTEI04933-RA	TAA	55
ASTEI00353-RA	TGA	182
ASTEI08163-RA	TGA	67
ASTEI02421-RA	TAA	57
ASTEI01517-RA	TGA	169
ASTEI01519-RA	TAA	159
ASTEI04588-RA	TAG	136
ASTEI04584-RA	TAG	104
ASTEI10837-RA	TAA	26
ASTEI04885-RA	TAA	101
ASTEI04887-RA	TAA	474
ASTEI00139-RA	TAG	67
ASTEI05320-RA	TGA	114
ASTEI07219-RA	TAG	255
ASTEI06641-RA	TGA	199
ASTEI08601-RA	TAA	49
ASTEI08607-RA	TAA	306
ASTEI10778-RA	TAA	73
ASTEI06169-RA	TAG	33
ASTEI10900-RA	TAG	105
ASTEI06166-RA	TAG	191
ASTEI00830-RA	TAA	121
ASTEI11424-RA	TAG	109
ASTEI04134-RA	TAA	153
ASTEI04130-RA	TAA	240
ASTEI09328-RA	TAA	144
ASTEI09329-RA	TAA	143
ASTEI11423-RA	TAA	62
ASTEI03302-RA	TAA	286
ASTEI03304-RA	TAA	174
ASTEI06085-RA	TAG	138
ASTEI06081-RA	TAG	292
ASTEI04951-RA	TAA	230
ASTEI01689-RA	TGA	277
ASTEI01688-RA	TAG	154
ASTEI04835-RA	TAA	15
ASTEI01820-RA	TAG	62
ASTEI10497-RA	TAA	65
ASTEI11729-RA	TGA	111
ASTEI09688-RA	TGA	242
ASTEI05529-RA	TAG	169
ASTEI05524-RA	TAA	175
ASTEI07517-RA	TGA	100
ASTEI07516-RA	TGA	100
ASTEI03409-RA	TAA	55
ASTEI00813-RA	TGA	24
ASTEI10801-RA	TGA	264
ASTEI00676-RA	TAG	83
ASTEI03099-RA	TAA	308
ASTEI04815-RA	TAA	68
ASTEI04814-RA	TAA	143
ASTEI03664-RA	TAG	203
ASTEI01804-RA	TAG	97
ASTEI03402-RA	TAG	134
ASTEI04369-RA	TAA	189
ASTEI04368-RA	TGA	90
ASTEI08941-RA	TAA	23
ASTEI08943-RA	TAA	207
ASTEI07267-RA	TAA	4
ASTEI11298-RA	TAA	71
ASTEI11013-RA	TAG	7
ASTEI10788-RA	TAA	30
ASTEI06125-RA	TAA	156
ASTEI01476-RA	TAA	132
ASTEI08966-RA	TAA	48
ASTEI04171-RA	TAA	83
ASTEI00696-RA	TAA	194
ASTEI02436-RA	TAA	352
ASTEI06332-RA	TAA	172
ASTEI01649-RA	TAG	75
ASTEI03432-RA	TAA	82
ASTEI05161-RA	TAG	69
ASTEI00999-RA	TAA	228
ASTEI04697-RA	TAA	85
ASTEI04698-RA	TAA	147
ASTEI01862-RA	TAA	94
ASTEI00193-RA	TGA	117
ASTEI00735-RA	TAA	248
ASTEI08504-RA	TAA	15
ASTEI04345-RA	TGA	250
ASTEI02775-RA	TGA	83
ASTEI05907-RA	TAA	328
ASTEI07858-RA	TAA	183
ASTEI06104-RA	TAG	149
ASTEI00851-RA	TAA	14
ASTEI00859-RA	TAA	128
ASTEI00508-RA	TAA	17
ASTEI10590-RA	TAA	17
ASTEI10371-RA	TGA	171
ASTEI02014-RA	TAA	152
ASTEI01665-RA	TAG	313
ASTEI01594-RA	TAG	189
ASTEI09285-RA	TGA	386
ASTEI01231-RA	TAA	176
ASTEI06447-RA	TAA	188
ASTEI07871-RA	TAA	378
ASTEI07872-RA	TAA	84
ASTEI06473-RA	TAA	205
ASTEI10577-RA	TAA	270
ASTEI10314-RA	TAA	404
ASTEI10313-RA	TAA	303
ASTEI02382-RA	TGA	160
ASTEI01607-RA	TAA	188
ASTEI03054-RA	TAG	111
ASTEI03055-RA	TAG	99
ASTEI07469-RA	TAA	642
ASTEI09484-RA	TAA	170
ASTEI06800-RA	TAA	243
ASTEI05125-RA	TAA	20
ASTEI05129-RA	TAA	183
ASTEI06736-RA	TAA	106
ASTEI04696-RA	TAA	197
ASTEI03733-RA	TAA	106
ASTEI07253-RA	TAG	109
ASTEI02556-RA	TAG	126
ASTEI00778-RA	TGA	76
ASTEI04389-RA	TAA	66
ASTEI04475-RA	TAA	32
ASTEI08400-RA	TGA	121
ASTEI02735-RA	TGA	100
ASTEI08638-RA	TAA	241
ASTEI09432-RA	TAG	259
ASTEI01147-RA	TGA	214
ASTEI01140-RA	TAA	361
ASTEI09380-RA	TAA	127
ASTEI10087-RA	TGA	70
ASTEI05718-RA	TAG	43
ASTEI02942-RA	TGA	46
ASTEI10335-RA	TAG	394
ASTEI02055-RA	TAA	97
ASTEI07483-RA	TAA	89
ASTEI03614-RA	TAA	19
ASTEI11504-RA	TAG	104
ASTEI06531-RA	TAG	63
ASTEI06286-RA	TAA	85
ASTEI06754-RA	TAA	94
ASTEI04436-RA	TAG	32
ASTEI08445-RA	TAA	101
ASTEI03225-RA	TAA	103
ASTEI01162-RA	TAA	329
ASTEI04026-RA	TAG	69
ASTEI03037-RA	TAG	70
ASTEI04021-RA	TGA	54
ASTEI06517-RA	TAG	111
ASTEI11442-RA	TAG	60
ASTEI06854-RA	TAA	160
ASTEI05699-RA	TGA	61
ASTEI00003-RA	TAA	109
ASTEI08588-RA	TAG	289
ASTEI00060-RA	TAG	217
ASTEI05989-RA	TAA	287
ASTEI07459-RA	TAA	57
ASTEI08547-RA	TAA	87
ASTEI07366-RA	TAA	57
ASTEI05069-RA	TAA	55
ASTEI08247-RA	TGA	205
ASTEI04551-RA	TGA	278
ASTEI04067-RA	TAA	35
ASTEI07113-RA	TAA	130
ASTEI05845-RA	TAG	83
ASTEI00934-RA	TGA	53
ASTEI08033-RA	TGA	25
ASTEI08034-RA	TAA	64
ASTEI09209-RA	TGA	234
ASTEI00793-RA	TGA	86
ASTEI05350-RA	TAA	123
ASTEI06968-RA	TAA	83
ASTEI08939-RA	TAA	61
ASTEI00475-RA	TAG	236
ASTEI05511-RA	TAA	81
ASTEI08263-RA	TAA	217
ASTEI03077-RA	TAA	262
ASTEI02302-RA	TAA	509
ASTEI02309-RA	TAA	233
ASTEI05512-RA	TAA	307
ASTEI05821-RA	TAA	76
ASTEI07792-RA	TGA	73
ASTEI11570-RA	TAG	6
ASTEI09551-RA	TAA	70
ASTEI09658-RA	TAA	64
ASTEI00269-RA	TGA	35
ASTEI08015-RA	TAA	224
ASTEI08867-RA	TAA	190
ASTEI00049-RA	TGA	157
ASTEI03245-RA	TAA	120
ASTEI03532-RA	TAA	147
ASTEI09827-RA	TAA	315
ASTEI07898-RA	TAA	169
ASTEI06940-RA	TAA	103
ASTEI00450-RA	TAG	132
ASTEI10910-RA	TAG	81
ASTEI02998-RA	TAG	120
ASTEI02996-RA	TAG	94
ASTEI04353-RA	TAA	191
ASTEI09675-RA	TAA	23
ASTEI04293-RA	TAA	170
ASTEI03825-RA	TGA	58
ASTEI01267-RA	TAA	80
ASTEI01265-RA	TAA	29
ASTEI02664-RA	TAA	102
ASTEI01916-RA	TAG	89
ASTEI04233-RA	TAG	49
ASTEI05550-RA	TAG	72
ASTEI08775-RA	TAA	209
ASTEI02179-RA	TGA	83
ASTEI06693-RA	TAA	242
ASTEI09728-RA	TGA	60
ASTEI05005-RA	TAA	427
ASTEI06078-RA	TAA	293
ASTEI10021-RA	TGA	43
ASTEI03783-RA	TAA	112
ASTEI10685-RA	TAA	179
ASTEI11376-RA	TAG	213
ASTEI02348-RA	TAG	137
ASTEI04200-RA	TAG	195
ASTEI09615-RA	TAA	55
ASTEI06486-RA	TAA	21
ASTEI01065-RA	TAG	690
ASTEI09268-RA	TGA	165
ASTEI01285-RA	TAG	90
ASTEI10229-RA	TAA	233
ASTEI00881-RA	TAA	101
ASTEI10621-RA	TAG	61
ASTEI04259-RA	TAG	159
ASTEI11142-RA	TAA	133
ASTEI08657-RA	TAA	135
ASTEI08889-RA	TGA	261
ASTEI11382-RA	TGA	69
ASTEI06909-RA	TAG	113
ASTEI04889-RA	TAA	144
ASTEI04735-RA	TAA	350
ASTEI01543-RA	TAA	14
ASTEI00143-RA	TAG	250
ASTEI10780-RA	TAA	69
ASTEI10781-RA	TAG	134
ASTEI03142-RA	TAA	1407
ASTEI02815-RA	TGA	33
ASTEI10403-RA	TAA	352
ASTEI01739-RA	TAA	477
ASTEI06551-RA	TAA	217
ASTEI06555-RA	TGA	72
ASTEI05637-RA	TAA	177
ASTEI11433-RA	TAG	158
ASTEI11436-RA	TAA	72
ASTEI02608-RA	TAA	24
ASTEI06659-RA	TGA	58
ASTEI10361-RA	TAA	270
ASTEI01388-RA	TAA	370
ASTEI01380-RA	TGA	115
ASTEI08150-RA	TAG	55
ASTEI04713-RA	TAG	15
ASTEI09344-RA	TAG	361
ASTEI09914-RA	TGA	195
ASTEI06575-RA	TAG	5
ASTEI10995-RA	TAA	117
ASTEI01713-RA	TAG	133
ASTEI09320-RA	TGA	52
ASTEI01973-RA	TGA	53
ASTEI02441-RA	TAA	415
ASTEI02995-RA	TAA	67
ASTEI02990-RA	TAA	14
ASTEI00624-RA	TGA	98
ASTEI11638-RA	TAG	40
ASTEI10349-RA	TAG	57
ASTEI02669-RA	TGA	124
ASTEI10719-RA	TAG	129
ASTEI11637-RA	TGA	110
ASTEI07903-RA	TGA	128
ASTEI04908-RA	TGA	133
ASTEI08176-RA	TAA	47
ASTEI08171-RA	TGA	207
ASTEI09451-RA	TGA	89
ASTEI01123-RA	TGA	216
ASTEI07734-RA	TAA	42
ASTEI07730-RA	TAG	78
ASTEI01770-RA	TAG	102
ASTEI08347-RA	TAA	21
ASTEI04107-RA	TAG	17
ASTEI04106-RA	TAA	97
ASTEI02467-RA	TAG	257
ASTEI00643-RA	TAA	70
ASTEI03849-RA	TAA	181
ASTEI09919-RA	TAA	52
ASTEI01341-RA	TAA	164
ASTEI05195-RA	TAG	193
ASTEI09829-RA	TAA	158
ASTEI00340-RA	TAA	7
ASTEI03698-RA	TAA	792
ASTEI10605-RA	TAA	16
ASTEI05339-RA	TGA	149
ASTEI08731-RA	TAA	116
ASTEI03471-RA	TAA	502
ASTEI08734-RA	TAA	273
ASTEI09571-RA	TAG	199
ASTEI04467-RA	TAG	71
ASTEI05673-RA	TAA	108
ASTEI06404-RA	TAG	116
ASTEI06153-RA	TAA	113
ASTEI07892-RA	TGA	59
ASTEI07890-RA	TAA	46
ASTEI11410-RA	TGA	27
ASTEI09336-RA	TAA	198
ASTEI10810-RA	TAA	55
ASTEI10579-RA	TAA	97
ASTEI02408-RA	TGA	66
ASTEI06369-RA	TAA	330
ASTEI06895-RA	TAA	192
ASTEI06894-RA	TAA	174
ASTEI08131-RA	TGA	75
ASTEI04806-RA	TGA	295
ASTEI05313-RA	TGA	51
ASTEI05312-RA	TAA	181
ASTEI03417-RA	TAG	162
ASTEI04371-RA	TGA	63
ASTEI11289-RA	TAG	80
ASTEI10470-RA	TAA	15
ASTEI05955-RA	TGA	44
ASTEI06135-RA	TAA	241
ASTEI08300-RA	TGA	280
ASTEI00683-RA	TAA	129
ASTEI11294-RA	TAG	102
ASTEI02681-RA	TAG	107
ASTEI10851-RA	TAA	16
ASTEI04966-RA	TAA	94
ASTEI01309-RA	TAA	364
ASTEI05576-RA	TAA	93
ASTEI04429-RA	TAA	36
ASTEI02217-RA	TAA	112
ASTEI02210-RA	TAA	245
ASTEI07746-RA	TAA	163
ASTEI07745-RA	TGA	254
ASTEI06110-RA	TAA	64
ASTEI03550-RA	TAG	68
ASTEI01461-RA	TAA	244
ASTEI10362-RA	TGA	153
ASTEI03356-RA	TAA	142
ASTEI06325-RA	TAA	112
ASTEI06323-RA	TGA	97
ASTEI07183-RA	TAA	104
ASTEI06858-RA	TAA	14
ASTEI01676-RA	TAG	59
ASTEI04650-RA	TAG	180
ASTEI07458-RA	TAA	77
ASTEI08118-RA	TAA	4
ASTEI03980-RA	TAA	122
ASTEI00721-RA	TGA	96
ASTEI08452-RA	TAA	128
ASTEI03435-RA	TAA	79
ASTEI05914-RA	TAG	125
ASTEI05911-RA	TGA	134
ASTEI07847-RA	TAG	33
ASTEI01441-RA	TGA	114
ASTEI02997-RA	TAG	77
ASTEI10564-RA	TAA	77
ASTEI02978-RA	TAG	73
ASTEI02979-RA	TAG	60
ASTEI03371-RA	TGA	27
ASTEI09679-RA	TAA	220
ASTEI08978-RA	TAG	147
ASTEI09911-RA	TAA	3
ASTEI02023-RA	TGA	2134
ASTEI07612-RA	TAA	296
ASTEI01618-RA	TAA	496
ASTEI01619-RA	TAA	40
ASTEI01617-RA	TAA	18
ASTEI05661-RA	TGA	578
ASTEI06708-RA	TAA	14
ASTEI05332-RA	TAA	48
ASTEI05335-RA	TAA	152
ASTEI05334-RA	TAA	258
ASTEI08081-RA	TGA	86
ASTEI00707-RA	TAA	42
ASTEI04313-RA	TAA	151
ASTEI04466-RA	TAG	160
ASTEI04391-RA	TAA	88
ASTEI02701-RA	TGA	168
ASTEI05935-RA	TGA	142
ASTEI09444-RA	TGA	374
ASTEI08746-RA	TAA	194
ASTEI01137-RA	TAA	103
ASTEI09930-RA	TAG	72
