AMEC000019-RA	TAG	0
AMEC000128-RA	TAA	0
AMEC000165-RA	TAA	0
AMEC000171-RA	TGA	0
AMEC000182-RA	TAA	0
AMEC000206-RB	TAG	0
AMEC000224-RA	TAG	0
AMEC000227-RA	TAA	0
AMEC000237-RA	TAG	0
AMEC000265-RA	TGA	0
AMEC000298-RA	TGA	0
AMEC000299-RA	TAA	0
AMEC000305-RA	TAA	0
AMEC000323-RA	TAG	0
AMEC000366-RA	TGA	0
AMEC000397-RA	TGA	0
AMEC000437-RA	TAA	0
AMEC000451-RA	TGA	0
AMEC000543-RA	TAA	0
AMEC000547-RA	TAA	0
AMEC000549-RA	TAG	0
AMEC000585-RA	TAG	0
AMEC000610-RA	TGA	0
AMEC000615-RA	TAG	0
AMEC000633-RA	TGA	0
AMEC000649-RA	TAA	0
AMEC000668-RA	TAG	0
AMEC000669-RA	TAG	0
AMEC000715-RA	TAA	0
AMEC000721-RA	TGA	0
AMEC000771-RA	TAG	0
AMEC000821-RA	TAG	0
AMEC000827-RA	TGA	0
AMEC000842-RA	TAG	0
AMEC000850-RA	TAA	0
AMEC000862-RA	TGA	0
AMEC000871-RA	TAA	0
AMEC000898-RA	TAA	0
AMEC000916-RA	TAA	0
AMEC000927-RA	TAG	0
AMEC000943-RA	TAA	0
AMEC000944-RA	TAA	0
AMEC000960-RA	TGA	0
AMEC000962-RA	TAA	0
AMEC000994-RA	TGA	0
AMEC001012-RA	TGA	0
AMEC001026-RA	TAG	0
AMEC001069-RA	TAA	0
AMEC001082-RA	TGA	0
AMEC001085-RA	TGA	0
AMEC001095-RA	TAG	0
AMEC001119-RA	TGA	0
AMEC001134-RA	TAG	0
AMEC001144-RA	TAA	0
AMEC001180-RA	TAA	0
AMEC001283-RA	TAA	0
AMEC001295-RA	TAA	0
AMEC001332-RA	TAA	0
AMEC001351-RA	TAA	0
AMEC001357-RA	TAG	0
AMEC001405-RA	TAA	0
AMEC001445-RA	TAA	0
AMEC001465-RA	TAG	0
AMEC001472-RA	TAA	0
AMEC001473-RA	TAA	0
AMEC001584-RA	TAG	0
AMEC001586-RA	TAG	0
AMEC001615-RA	TAA	0
AMEC001621-RA	TGA	0
AMEC001632-RA	TAG	0
AMEC001639-RA	TAG	0
AMEC001683-RA	TAA	0
AMEC001709-RA	TAG	0
AMEC001715-RA	TGA	0
AMEC001720-RA	TAA	0
AMEC001785-RA	TAG	0
AMEC001796-RA	TAG	0
AMEC001810-RA	TAA	0
AMEC001858-RA	TGA	0
AMEC001895-RA	TAA	0
AMEC001904-RA	TAA	0
AMEC001934-RA	TGA	0
AMEC001936-RA	TGA	0
AMEC001946-RA	TAG	0
AMEC001986-RA	TAA	0
AMEC002077-RA	TAA	0
AMEC002096-RA	TAG	0
AMEC002102-RA	TAA	0
AMEC002109-RA	TAG	0
AMEC002130-RA	TGA	0
AMEC002164-RA	TGA	0
AMEC002164-RB	TAA	0
AMEC002164-RC	TAG	0
AMEC002188-RA	TAG	0
AMEC002217-RA	TGA	0
AMEC002222-RA	TGA	0
AMEC002230-RA	TAA	0
AMEC002256-RA	TAG	0
AMEC002266-RA	TAA	0
AMEC002294-RA	TAG	0
AMEC002311-RA	TGA	0
AMEC002316-RA	TGA	0
AMEC002323-RA	TAA	0
AMEC002342-RA	TAA	0
AMEC002344-RA	TGA	0
AMEC002360-RA	TGA	0
AMEC002373-RA	TAA	0
AMEC002381-RA	TAA	0
AMEC002394-RA	TGA	0
AMEC002403-RA	TGA	0
AMEC002414-RA	TAA	0
AMEC002420-RA	TAA	0
AMEC002482-RA	TGA	0
AMEC002495-RA	TAG	0
AMEC002523-RA	TAG	0
AMEC002539-RA	TGA	0
AMEC002594-RA	TAA	0
AMEC002645-RA	TAG	0
AMEC002674-RA	TAA	0
AMEC002680-RA	TAA	0
AMEC002767-RA	TGA	0
AMEC002779-RA	TAA	0
AMEC002799-RA	TAA	0
AMEC002816-RA	TAG	0
AMEC002828-RA	TAA	0
AMEC002876-RA	TAA	0
AMEC002906-RA	TAA	0
AMEC002914-RA	TAA	0
AMEC002929-RA	TGA	0
AMEC002930-RA	TAG	0
AMEC002956-RA	TGA	0
AMEC002959-RA	TGA	0
AMEC003011-RA	TAA	0
AMEC003018-RA	TGA	0
AMEC003022-RA	TAA	0
AMEC003023-RA	TAG	0
AMEC003037-RA	TGA	0
AMEC003042-RA	TGA	0
AMEC003049-RA	TGA	0
AMEC003060-RA	TAG	0
AMEC003072-RA	TAG	0
AMEC003076-RA	TAG	0
AMEC003178-RA	TGA	0
AMEC003182-RA	TAA	0
AMEC003212-RA	TAA	0
AMEC003213-RA	TAG	0
AMEC003250-RA	TAG	0
AMEC003265-RA	TAG	0
AMEC003389-RA	TAA	0
AMEC003391-RA	TAA	0
AMEC003402-RA	TAG	0
AMEC003451-RA	TAG	0
AMEC003458-RA	TGA	0
AMEC003474-RA	TGA	0
AMEC003483-RA	TGA	0
AMEC003495-RA	TAA	0
AMEC003498-RA	TAA	0
AMEC003507-RA	TGA	0
AMEC003532-RA	TGA	0
AMEC003533-RA	TAG	0
AMEC003546-RA	TAA	0
AMEC003552-RA	TAA	0
AMEC003566-RA	TAG	0
AMEC003576-RA	TAA	0
AMEC003603-RA	TGA	0
AMEC003604-RA	TAA	0
AMEC003620-RA	TGA	0
AMEC003635-RA	TAA	0
AMEC003650-RA	TAA	0
AMEC003683-RA	TGA	0
AMEC003684-RA	TAG	0
AMEC003699-RA	TAG	0
AMEC003710-RA	TAA	0
AMEC003731-RA	TAA	0
AMEC003749-RA	TGA	0
AMEC003763-RA	TGA	0
AMEC003770-RA	TAG	0
AMEC003786-RA	TGA	0
AMEC003793-RA	TAA	0
AMEC003813-RA	TAA	0
AMEC003840-RA	TAG	0
AMEC003842-RA	TAA	0
AMEC003862-RA	TAA	0
AMEC003870-RA	TAA	0
AMEC003873-RA	TAG	0
AMEC003895-RA	TAA	0
AMEC003896-RA	TAA	0
AMEC003898-RA	TAA	0
AMEC003917-RA	TAG	0
AMEC003929-RA	TAG	0
AMEC003979-RA	TAG	0
AMEC003991-RA	TAG	0
AMEC004011-RA	TAA	0
AMEC004016-RA	TAG	0
AMEC004041-RA	TAG	0
AMEC004057-RA	TAG	0
AMEC004073-RA	TGA	0
AMEC004100-RA	TAG	0
AMEC004114-RA	TAG	0
AMEC004120-RA	TGA	0
AMEC004157-RA	TAG	0
AMEC004184-RA	TAA	0
AMEC004188-RA	TGA	0
AMEC004218-RA	TAA	0
AMEC004242-RA	TGA	0
AMEC004265-RA	TGA	0
AMEC004334-RA	TAA	0
AMEC004338-RA	TGA	0
AMEC004442-RA	TAA	0
AMEC004472-RA	TAA	0
AMEC004482-RA	TAG	0
AMEC004491-RA	TAA	0
AMEC004516-RA	TAG	0
AMEC004547-RA	TGA	0
AMEC004548-RA	TAA	0
AMEC004564-RA	TAG	0
AMEC004569-RA	TAA	0
AMEC004571-RA	TAA	0
AMEC004581-RA	TGA	0
AMEC004587-RA	TGA	0
AMEC004682-RA	TAG	0
AMEC004686-RA	TAA	0
AMEC004694-RA	TAA	0
AMEC004703-RA	TAA	0
AMEC004704-RA	TGA	0
AMEC004707-RA	TAA	0
AMEC004818-RA	TAG	0
AMEC004831-RA	TGA	0
AMEC004840-RA	TGA	0
AMEC004866-RA	TAA	0
AMEC004874-RA	TAG	0
AMEC004922-RA	TAG	0
AMEC005045-RA	TAA	0
AMEC005063-RA	TGA	0
AMEC005101-RA	TAA	0
AMEC005134-RA	TAA	0
AMEC005165-RA	TAG	0
AMEC005167-RA	TGA	0
AMEC005178-RA	TGA	0
AMEC005196-RA	TAA	0
AMEC005208-RA	TAA	0
AMEC005253-RA	TAG	0
AMEC005257-RA	TAA	0
AMEC005332-RA	TGA	0
AMEC005343-RA	TGA	0
AMEC005359-RA	TAG	0
AMEC005364-RA	TAA	0
AMEC005368-RA	TGA	0
AMEC005410-RA	TGA	0
AMEC005462-RA	TAA	0
AMEC005476-RA	TAG	0
AMEC005513-RA	TAG	0
AMEC005553-RA	TAG	0
AMEC005621-RA	TAA	0
AMEC005625-RA	TAG	0
AMEC005655-RA	TAG	0
AMEC005658-RA	TAA	0
AMEC005659-RA	TAG	0
AMEC005674-RA	TGA	0
AMEC005705-RA	TAA	0
AMEC005718-RA	TAA	0
AMEC005749-RA	TGA	0
AMEC005772-RA	TAG	0
AMEC005783-RA	TAA	0
AMEC005879-RA	TAG	0
AMEC005937-RA	TGA	0
AMEC005954-RA	TAG	0
AMEC005965-RA	TAG	0
AMEC006046-RA	TAA	0
AMEC006064-RA	TAG	0
AMEC006106-RA	TAA	0
AMEC006132-RA	TGA	0
AMEC006137-RA	TAG	0
AMEC006151-RA	TAG	0
AMEC006227-RA	TGA	0
AMEC006229-RA	TGA	0
AMEC006240-RA	TAA	0
AMEC006242-RA	TAA	0
AMEC006247-RA	TAA	0
AMEC006273-RA	TAG	0
AMEC006330-RA	TAG	0
AMEC006366-RA	TAA	0
AMEC006505-RA	TAG	0
AMEC006515-RA	TGA	0
AMEC006576-RA	TGA	0
AMEC006614-RA	TAA	0
AMEC006707-RA	TGA	0
AMEC006731-RA	TAA	0
AMEC006732-RA	TAG	0
AMEC006735-RA	TAA	0
AMEC006775-RA	TAG	0
AMEC006777-RA	TAA	0
AMEC006784-RA	TAA	0
AMEC006804-RA	TAA	0
AMEC006824-RA	TAG	0
AMEC006829-RA	TAG	0
AMEC006832-RA	TAA	0
AMEC006836-RA	TAG	0
AMEC006851-RA	TAG	0
AMEC006859-RA	TGA	0
AMEC006890-RA	TAG	0
AMEC006894-RA	TAA	0
AMEC006908-RA	TAA	0
AMEC006909-RA	TAG	0
AMEC006921-RA	TAG	0
AMEC006961-RA	TAA	0
AMEC006965-RA	TAA	0
AMEC007024-RA	TAA	0
AMEC007034-RA	TAA	0
AMEC007091-RA	TGA	0
AMEC007109-RA	TAG	0
AMEC007122-RA	TAG	0
AMEC007129-RA	TGA	0
AMEC007155-RA	TGA	0
AMEC007159-RA	TAG	0
AMEC007164-RA	TAA	0
AMEC007192-RA	TAA	0
AMEC007196-RA	TAA	0
AMEC007238-RA	TAG	0
AMEC007254-RA	TGA	0
AMEC007268-RA	TGA	0
AMEC007273-RA	TAA	0
AMEC007287-RA	TGA	0
AMEC007302-RA	TAA	0
AMEC007305-RA	TAG	0
AMEC007306-RA	TAA	0
AMEC007313-RA	TGA	0
AMEC007343-RA	TGA	0
AMEC007366-RA	TGA	0
AMEC007383-RA	TGA	0
AMEC007410-RA	TAG	0
AMEC007415-RA	TAG	0
AMEC007493-RA	TGA	0
AMEC007535-RA	TGA	0
AMEC007581-RA	TGA	0
AMEC007593-RA	TAA	0
AMEC007626-RA	TAG	0
AMEC007633-RA	TGA	0
AMEC007685-RA	TGA	0
AMEC007714-RA	TAA	0
AMEC007760-RA	TGA	0
AMEC007767-RA	TAA	0
AMEC007785-RA	TAG	0
AMEC007849-RA	TGA	0
AMEC007855-RA	TGA	0
AMEC007871-RA	TGA	0
AMEC007882-RA	TGA	0
AMEC007927-RA	TAG	0
AMEC007943-RA	TAA	0
AMEC007956-RA	TGA	0
AMEC007968-RA	TGA	0
AMEC007978-RA	TAG	0
AMEC007979-RA	TGA	0
AMEC008052-RA	TGA	0
AMEC008066-RA	TAA	0
AMEC008086-RA	TAA	0
AMEC008129-RA	TGA	0
AMEC008130-RA	TAG	0
AMEC008164-RA	TAA	0
AMEC008176-RA	TGA	0
AMEC008197-RA	TGA	0
AMEC008226-RA	TAA	0
AMEC008244-RA	TAA	0
AMEC008268-RA	TAG	0
AMEC008272-RA	TAA	0
AMEC008336-RA	TGA	0
AMEC008350-RA	TAG	0
AMEC008357-RA	TAG	0
AMEC008360-RA	TAA	0
AMEC008400-RA	TGA	0
AMEC008403-RA	TAA	0
AMEC008436-RA	TAA	0
AMEC008466-RA	TAA	0
AMEC008500-RA	TAG	0
AMEC008532-RA	TAA	0
AMEC008587-RA	TGA	0
AMEC008589-RA	TGA	0
AMEC008593-RA	TGA	0
AMEC008599-RA	TAG	0
AMEC008611-RA	TAG	0
AMEC008617-RA	TGA	0
AMEC008622-RA	TAA	0
AMEC008626-RA	TAA	0
AMEC008633-RA	TAA	0
AMEC008676-RA	TGA	0
AMEC008687-RA	TAG	0
AMEC008696-RA	TAA	0
AMEC008712-RA	TAA	0
AMEC008737-RA	TGA	0
AMEC008748-RA	TAG	0
AMEC008763-RA	TGA	0
AMEC008776-RA	TAA	0
AMEC008823-RA	TAA	0
AMEC008892-RA	TAG	0
AMEC008902-RA	TAG	0
AMEC008915-RA	TAA	0
AMEC008959-RA	TAA	0
AMEC008960-RA	TGA	0
AMEC008982-RA	TGA	0
AMEC008987-RA	TGA	0
AMEC009060-RA	TAA	0
AMEC009097-RA	TGA	0
AMEC009098-RA	TGA	0
AMEC009114-RA	TGA	0
AMEC009126-RA	TGA	0
AMEC009136-RA	TAA	0
AMEC009154-RA	TAG	0
AMEC009192-RA	TAA	0
AMEC009290-RA	TAA	0
AMEC009305-RA	TGA	0
AMEC009312-RA	TAA	0
AMEC009343-RA	TGA	0
AMEC009373-RA	TAG	0
AMEC009396-RA	TAG	0
AMEC009408-RA	TGA	0
AMEC009458-RA	TAA	0
AMEC009479-RA	TAA	0
AMEC009491-RA	TAG	0
AMEC009509-RA	TAG	0
AMEC009516-RA	TAG	0
AMEC009544-RA	TGA	0
AMEC009556-RA	TAG	0
AMEC009562-RA	TAA	0
AMEC009590-RA	TGA	0
AMEC009600-RA	TAA	0
AMEC009603-RA	TAA	0
AMEC009609-RA	TAA	0
AMEC009662-RA	TAA	0
AMEC009699-RA	TGA	0
AMEC009702-RA	TGA	0
AMEC009706-RA	TAA	0
AMEC009741-RA	TGA	0
AMEC009749-RA	TAA	0
AMEC009766-RA	TAG	0
AMEC009778-RA	TGA	0
AMEC009783-RA	TAA	0
AMEC009811-RA	TAA	0
AMEC009818-RA	TAA	0
AMEC009844-RA	TAG	0
AMEC009853-RA	TAG	0
AMEC009856-RA	TGA	0
AMEC009868-RA	TAG	0
AMEC009872-RA	TAA	0
AMEC009883-RA	TAG	0
AMEC009901-RA	TGA	0
AMEC009922-RA	TAG	0
AMEC009945-RA	TAA	0
AMEC009946-RA	TGA	0
AMEC009959-RA	TAA	0
AMEC009964-RA	TAA	0
AMEC009978-RA	TGA	0
AMEC009986-RA	TGA	0
AMEC010017-RA	TGA	0
AMEC010047-RA	TAG	0
AMEC010085-RA	TAA	0
AMEC010198-RA	TGA	0
AMEC010237-RA	TAA	0
AMEC010275-RA	TGA	0
AMEC010290-RA	TAA	0
AMEC010319-RA	TAA	0
AMEC010334-RA	TGA	0
AMEC010406-RA	TGA	0
AMEC010454-RA	TGA	0
AMEC010461-RA	TAA	0
AMEC010466-RA	TAA	0
AMEC010478-RA	TAG	0
AMEC010484-RA	TAA	0
AMEC010510-RA	TAG	0
AMEC010529-RA	TAG	0
AMEC010550-RA	TAA	0
AMEC010558-RA	TGA	0
AMEC010580-RA	TGA	0
AMEC010598-RA	TAA	0
AMEC010623-RA	TGA	0
AMEC010669-RA	TAA	0
AMEC010714-RA	TAA	0
AMEC010723-RA	TGA	0
AMEC010728-RA	TAA	0
AMEC010798-RA	TAG	0
AMEC010839-RA	TAA	0
AMEC010903-RA	TAA	0
AMEC010962-RA	TAA	0
AMEC010971-RA	TAA	0
AMEC010990-RA	TAA	0
AMEC011017-RA	TAA	0
AMEC011036-RA	TGA	0
AMEC011038-RA	TAG	0
AMEC011071-RA	TAA	0
AMEC011080-RA	TAA	0
AMEC011103-RA	TGA	0
AMEC011107-RA	TAG	0
AMEC011109-RA	TAG	0
AMEC011177-RA	TGA	0
AMEC011190-RA	TAA	0
AMEC011202-RA	TGA	0
AMEC011208-RA	TGA	0
AMEC011219-RA	TAA	0
AMEC011286-RA	TAA	0
AMEC011287-RA	TAA	0
AMEC011290-RA	TGA	0
AMEC011316-RA	TAG	0
AMEC011333-RA	TAG	0
AMEC011348-RA	TAA	0
AMEC011354-RA	TAG	0
AMEC011383-RA	TGA	0
AMEC011407-RA	TAG	0
AMEC011458-RA	TAG	0
AMEC011469-RA	TAA	0
AMEC011482-RA	TAA	0
AMEC011491-RA	TAA	0
AMEC011492-RA	TAG	0
AMEC011528-RA	TAA	0
AMEC011549-RA	TAG	0
AMEC011577-RA	TAG	0
AMEC011619-RA	TGA	0
AMEC011630-RA	TAA	0
AMEC011642-RA	TAG	0
AMEC011651-RA	TAA	0
AMEC011672-RA	TAA	0
AMEC011684-RA	TAA	0
AMEC011752-RA	TAG	0
AMEC011767-RA	TGA	0
AMEC011837-RA	TAA	0
AMEC011873-RA	TGA	0
AMEC011876-RA	TGA	0
AMEC011881-RA	TAA	0
AMEC011948-RA	TAA	0
AMEC011993-RA	TAG	0
AMEC012016-RA	TAA	0
AMEC012024-RA	TGA	0
AMEC012034-RA	TAA	0
AMEC012100-RA	TGA	0
AMEC012105-RA	TAG	0
AMEC012109-RA	TAA	0
AMEC012150-RA	TAG	0
AMEC012184-RA	TAA	0
AMEC012245-RA	TAG	0
AMEC012252-RA	TGA	0
AMEC012271-RA	TAG	0
AMEC012281-RA	TGA	0
AMEC012283-RA	TAG	0
AMEC012299-RA	TAA	0
AMEC012392-RA	TGA	0
AMEC012412-RA	TAG	0
AMEC012416-RA	TGA	0
AMEC012426-RA	TGA	0
AMEC012448-RA	TGA	0
AMEC012455-RA	TAA	0
AMEC012469-RA	TAG	0
AMEC012489-RA	TGA	0
AMEC012499-RA	TGA	0
AMEC012510-RA	TAA	0
AMEC012549-RA	TAA	0
AMEC012569-RA	TAA	0
AMEC012639-RA	TGA	0
AMEC012668-RA	TAA	0
AMEC012672-RA	TAA	0
AMEC012688-RA	TAA	0
AMEC012707-RA	TGA	0
AMEC012708-RA	TAA	0
AMEC012729-RA	TAA	0
AMEC012774-RA	TGA	0
AMEC012799-RA	TAA	0
AMEC012834-RA	TAA	0
AMEC012836-RA	TAA	0
AMEC012847-RA	TAA	0
AMEC012874-RA	TAG	0
AMEC012906-RA	TAA	0
AMEC012919-RA	TAA	0
AMEC012973-RA	TAA	0
AMEC012996-RA	TGA	0
AMEC012997-RA	TAG	0
AMEC013016-RA	TAG	0
AMEC013042-RA	TAA	0
AMEC013080-RA	TAA	0
AMEC013083-RA	TAA	0
AMEC013122-RA	TGA	0
AMEC013209-RA	TAG	0
AMEC013222-RA	TAA	0
AMEC013226-RA	TAG	0
AMEC013229-RA	TGA	0
AMEC013238-RA	TAA	0
AMEC013269-RA	TAA	0
AMEC013276-RB	TAA	0
AMEC013321-RA	TAA	0
AMEC013332-RA	TGA	0
AMEC013334-RA	TAG	0
AMEC013338-RA	TGA	0
AMEC013377-RA	TAA	0
AMEC013390-RA	TAG	0
AMEC013399-RA	TGA	0
AMEC013419-RA	TAG	0
AMEC013432-RA	TAG	0
AMEC013453-RA	TGA	0
AMEC013499-RA	TAG	0
AMEC013508-RA	TAA	0
AMEC013532-RA	TAG	0
AMEC013558-RA	TAG	0
AMEC013571-RA	TGA	0
AMEC013574-RA	TGA	0
AMEC013578-RA	TAA	0
AMEC013584-RA	TAG	0
AMEC013591-RA	TAA	0
AMEC013615-RA	TAG	0
AMEC013616-RA	TAA	0
AMEC013633-RA	TAA	0
AMEC013665-RA	TAA	0
AMEC013667-RA	TAA	0
AMEC013679-RA	TAA	0
AMEC013697-RA	TAA	0
AMEC013699-RA	TAG	0
AMEC013700-RA	TAG	0
AMEC013708-RA	TGA	0
AMEC013720-RA	TAA	0
AMEC013721-RA	TAA	0
AMEC013734-RA	TAG	0
AMEC013775-RA	TAA	0
AMEC013782-RA	TGA	0
AMEC013824-RA	TAG	0
AMEC013835-RA	TGA	0
AMEC013837-RA	TAA	0
AMEC013848-RA	TAG	0
AMEC013861-RA	TAA	0
AMEC013884-RA	TAA	0
AMEC013888-RA	TAG	0
AMEC013937-RA	TGA	0
AMEC013947-RA	TAA	0
AMEC014002-RA	TAG	0
AMEC014010-RA	TAA	0
AMEC014024-RA	TAG	0
AMEC014046-RA	TGA	0
AMEC014066-RA	TGA	0
AMEC014070-RA	TGA	0
AMEC014086-RA	TGA	0
AMEC014107-RA	TAG	0
AMEC014125-RA	TGA	0
AMEC014132-RA	TAG	0
AMEC014153-RA	TAA	0
AMEC014162-RA	TAA	0
AMEC014166-RA	TGA	0
AMEC014190-RA	TGA	0
AMEC014193-RA	TAA	0
AMEC014208-RA	TAG	0
AMEC014297-RA	TAG	0
AMEC014307-RA	TGA	0
AMEC014412-RA	TGA	0
AMEC014417-RA	TAG	0
AMEC014465-RA	TAA	0
AMEC014507-RA	TGA	0
AMEC014527-RA	TAA	0
AMEC014545-RA	TGA	0
AMEC014598-RA	TGA	0
AMEC014603-RA	TAG	0
AMEC014640-RA	TGA	0
AMEC014669-RA	TGA	0
AMEC014678-RA	TAA	0
AMEC014679-RA	TAA	0
AMEC014681-RA	TAG	0
AMEC014700-RA	TAA	0
AMEC014704-RA	TAG	0
AMEC014742-RA	TAA	0
AMEC014755-RA	TAA	0
AMEC014756-RA	TGA	0
AMEC014820-RA	TAG	0
AMEC014852-RA	TGA	0
AMEC014863-RA	TAA	0
AMEC014884-RA	TAG	0
AMEC014903-RA	TAA	0
AMEC014918-RA	TAG	0
AMEC014921-RA	TGA	0
AMEC014934-RA	TAA	0
AMEC014955-RA	TAG	0
AMEC014996-RA	TAG	0
AMEC015024-RA	TAA	0
AMEC015041-RA	TAG	0
AMEC015055-RA	TGA	0
AMEC015064-RA	TAA	0
AMEC015088-RA	TGA	0
AMEC015107-RA	TAA	0
AMEC015114-RA	TAA	0
AMEC015125-RA	TAA	0
AMEC015136-RA	TAA	0
AMEC015140-RA	TAA	0
AMEC015192-RA	TGA	0
AMEC015245-RA	TGA	0
AMEC015264-RA	TAG	0
AMEC015278-RA	TAA	0
AMEC015283-RA	TAA	0
AMEC015318-RA	TAG	0
AMEC015363-RA	TAG	0
AMEC015374-RA	TAA	0
AMEC015400-RA	TAG	0
AMEC015442-RA	TAG	0
AMEC015459-RA	TGA	0
AMEC015476-RA	TAG	0
AMEC015491-RA	TGA	0
AMEC015497-RA	TGA	0
AMEC015506-RA	TAA	0
AMEC015524-RA	TAA	0
AMEC015535-RA	TAG	0
AMEC015559-RA	TAA	0
AMEC015575-RA	TGA	0
AMEC015581-RA	TAG	0
AMEC015586-RA	TAA	0
AMEC015594-RA	TGA	0
AMEC015625-RA	TAG	0
AMEC015660-RA	TGA	0
AMEC015664-RA	TAG	0
AMEC015666-RA	TGA	0
AMEC015670-RA	TAA	0
AMEC015680-RA	TGA	0
AMEC015742-RA	TAA	0
AMEC015767-RA	TAA	0
AMEC015776-RA	TAA	0
AMEC015850-RA	TGA	0
AMEC015866-RA	TAA	0
AMEC015899-RA	TAA	0
AMEC015911-RA	TGA	0
AMEC015986-RA	TAA	0
AMEC016015-RA	TAG	0
AMEC016086-RA	TAA	0
AMEC016099-RA	TAA	0
AMEC016199-RA	TGA	0
AMEC016214-RA	TAA	0
AMEC016217-RA	TGA	0
AMEC016220-RA	TAG	0
AMEC016231-RA	TAG	0
AMEC016243-RA	TAG	0
AMEC016245-RA	TAG	0
AMEC016278-RA	TAA	0
AMEC016311-RA	TGA	0
AMEC016316-RA	TAA	0
AMEC016338-RA	TAG	0
AMEC016391-RA	TGA	0
AMEC016397-RA	TGA	0
AMEC016548-RA	TGA	0
AMEC016569-RA	TAA	0
AMEC016573-RA	TAA	0
AMEC016581-RA	TGA	0
AMEC016623-RA	TAG	0
AMEC016629-RA	TAA	0
AMEC016658-RA	TAA	0
AMEC016664-RA	TGA	0
AMEC016674-RA	TAA	0
AMEC016690-RA	TAA	0
AMEC016699-RA	TAA	0
AMEC016710-RA	TAA	0
AMEC016763-RA	TAA	0
AMEC016790-RA	TAA	0
AMEC016804-RA	TAG	0
AMEC016824-RA	TAG	0
AMEC016843-RA	TAA	0
AMEC016859-RA	TGA	0
AMEC016882-RA	TAA	0
AMEC016898-RA	TGA	0
AMEC016907-RA	TAA	0
AMEC016912-RA	TAA	0
AMEC016916-RA	TGA	0
AMEC016919-RA	TAA	0
AMEC016935-RA	TAG	0
AMEC016988-RA	TAG	0
AMEC017021-RA	TGA	0
AMEC017044-RA	TAG	0
AMEC017048-RA	TAA	0
AMEC017082-RA	TAA	0
AMEC017174-RA	TAG	0
AMEC017186-RA	TAA	0
AMEC017233-RA	TAA	0
AMEC017292-RA	TGA	0
AMEC017295-RA	TGA	0
AMEC017303-RA	TGA	0
AMEC017311-RA	TGA	0
AMEC017322-RA	TAG	0
AMEC017348-RA	TGA	0
AMEC017399-RA	TGA	0
AMEC017406-RA	TAG	0
AMEC017413-RA	TAA	0
AMEC017423-RA	TGA	0
AMEC017466-RA	TGA	0
AMEC017498-RA	TAA	0
AMEC017513-RA	TGA	0
AMEC017517-RA	TAA	0
AMEC017546-RA	TAG	0
AMEC017552-RA	TAG	0
AMEC017624-RA	TAA	0
AMEC017639-RA	TAA	0
AMEC017647-RA	TGA	0
AMEC017652-RA	TAA	0
AMEC017720-RA	TGA	0
AMEC017761-RA	TAA	0
AMEC017853-RA	TAA	0
AMEC017861-RA	TGA	0
AMEC017897-RA	TGA	0
AMEC017939-RA	TAA	0
AMEC017944-RA	TGA	0
AMEC017945-RA	TAA	0
AMEC017960-RA	TAG	0
AMEC017964-RA	TGA	0
AMEC018010-RA	TAG	0
AMEC018011-RA	TGA	0
AMEC018024-RA	TAA	0
AMEC018056-RA	TAG	0
AMEC018059-RA	TGA	0
AMEC018069-RA	TAA	0
AMEC018070-RA	TAG	0
AMEC018090-RA	TAG	0
AMEC018148-RA	TGA	0
AMEC018163-RA	TGA	0
AMEC018194-RA	TGA	0
AMEC018217-RA	TAG	0
AMEC018240-RA	TAA	0
AMEC018263-RA	TAA	0
AMEC018272-RA	TAA	0
AMEC018302-RA	TAA	0
AMEC018337-RA	TAG	0
AMEC018382-RA	TGA	0
AMEC018397-RA	TAA	0
AMEC018477-RA	TAG	0
AMEC018503-RA	TAA	0
AMEC018517-RA	TGA	0
AMEC018570-RA	TAG	0
AMEC018582-RA	TGA	0
AMEC018647-RA	TAG	0
AMEC018711-RA	TAA	0
AMEC018714-RA	TAA	0
AMEC018722-RA	TAA	0
AMEC018750-RA	TAG	0
AMEC018751-RA	TAA	0
AMEC018823-RA	TGA	0
AMEC018838-RA	TAA	0
AMEC018854-RA	TGA	0
AMEC018906-RA	TAA	0
AMEC018923-RA	TAG	0
AMEC018947-RA	TGA	0
AMEC018974-RA	TGA	0
AMEC018983-RA	TAA	0
AMEC018993-RA	TAA	0
AMEC019007-RA	TGA	0
AMEC019009-RA	TGA	0
AMEC019031-RA	TAA	0
AMEC019076-RA	TAA	0
AMEC019099-RA	TAG	0
AMEC019122-RA	TAG	0
AMEC019124-RA	TAA	0
AMEC019137-RA	TGA	0
AMEC019152-RA	TGA	0
AMEC019198-RA	TGA	0
AMEC019250-RA	TGA	0
AMEC019259-RA	TGA	0
AMEC019260-RA	TGA	0
AMEC019274-RA	TGA	0
AMEC019285-RA	TAG	0
AMEC019322-RA	TGA	0
AMEC019360-RA	TGA	0
AMEC019377-RA	TAA	0
AMEC019406-RA	TAA	0
AMEC019436-RA	TAA	0
AMEC019451-RA	TAG	0
AMEC019498-RA	TAA	0
AMEC019499-RA	TAA	0
AMEC019533-RA	TGA	0
AMEC019534-RA	TAA	0
AMEC019569-RA	TAG	0
AMEC019576-RA	TAG	0
AMEC019598-RA	TAA	0
AMEC019603-RA	TAA	0
AMEC019606-RA	TAA	0
AMEC019634-RA	TGA	0
AMEC019754-RA	TGA	0
AMEC019763-RA	TAA	0
AMEC019774-RA	TGA	0
AMEC019797-RA	TGA	0
AMEC019825-RA	TAA	0
AMEC019834-RA	TAG	0
AMEC019837-RA	TAG	0
AMEC019851-RA	TGA	0
AMEC019867-RA	TAA	0
AMEC019873-RA	TGA	0
AMEC019878-RA	TGA	0
AMEC019897-RA	TGA	0
AMEC019905-RA	TAA	0
AMEC019909-RA	TGA	0
AMEC019921-RA	TAG	0
AMEC019951-RA	TAG	0
AMEC019962-RA	TGA	0
AMEC020028-RA	TGA	0
AMEC020034-RA	TGA	0
AMEC020093-RA	TAG	0
AMEC020095-RA	TAA	0
AMEC020135-RA	TAG	0
AMEC020144-RA	TAA	0
AMEC020151-RA	TAA	0
AMEC020158-RA	TAA	0
AMEC020173-RA	TAG	0
AMEC020205-RA	TAG	0
AMEC020210-RA	TGA	0
AMEC020274-RA	TAA	0
AMEC020305-RA	TAA	0
AMEC020319-RA	TAA	0
AMEC020320-RA	TAG	0
AMEC020342-RA	TAA	0
AMEC020369-RA	TAA	0
AMEC020468-RA	TAA	0
AMEC020493-RA	TAG	0
AMEC020539-RA	TAA	0
AMEC020541-RA	TAA	0
AMEC020555-RA	TGA	0
AMEC020560-RA	TAA	0
AMEC020568-RA	TGA	0
AMEC020599-RA	TGA	0
AMEC020642-RA	TAA	0
AMEC020672-RA	TAA	0
AMEC020681-RA	TAA	0
AMEC020691-RA	TGA	0
AMEC020704-RA	TGA	0
AMEC020716-RA	TAA	0
AMEC020742-RA	TGA	0
AMEC020745-RA	TAG	0
AMEC020788-RA	TAA	0
AMEC020879-RA	TAG	0
AMEC020938-RA	TGA	0
AMEC020953-RA	TGA	0
AMEC020955-RA	TAA	0
AMEC020963-RA	TAA	0
AMEC020971-RA	TAA	0
AMEC020982-RA	TAA	0
AMEC021035-RA	TAA	0
AMEC021048-RA	TAG	0
AMEC021132-RA	TAA	0
AMEC021152-RA	TAG	0
AMEC021180-RA	TAA	0
AMEC021196-RA	TGA	0
AMEC021197-RA	TAG	0
AMEC021233-RA	TAA	0
AMEC021248-RA	TAA	0
AMEC021268-RA	TGA	0
AMEC021329-RA	TAG	0
AMEC021330-RA	TAA	0
AMEC021356-RA	TGA	0
AMEC021430-RA	TAA	0
AMEC021450-RA	TAA	0
AMEC021481-RA	TGA	0
AMEC021482-RA	TAA	0
AMEC021502-RA	TAG	0
AMEC021560-RA	TAA	0
AMEC021625-RA	TAA	0
AMEC021627-RA	TAG	0
AMEC021639-RA	TAG	0
AMEC021687-RA	TGA	0
AMEC021695-RA	TAG	0
AMEC021755-RA	TGA	0
AMEC021817-RA	TAG	0
AMEC021899-RA	TGA	0
AMEC021904-RA	TAA	0
AMEC021909-RA	TAA	0
AMEC021912-RA	TAA	0
AMEC021924-RA	TGA	0
AMEC021932-RA	TAA	0
AMEC021936-RA	TAA	0
AMEC021953-RA	TGA	0
AMEC022049-RA	TAA	0
AMEC022051-RA	TAA	0
AMEC022090-RA	TAG	0
AMEC022092-RA	TAA	0
AMEC022124-RA	TGA	0
AMEC022126-RA	TAA	0
AMEC022169-RA	TAA	0
AMEC022202-RA	TAA	0
AMEC022223-RA	TAA	0
AMEC022229-RA	TAG	0
AMEC022230-RA	TGA	0
AMEC022236-RA	TGA	0
AMEC022237-RA	TAG	0
AMEC022241-RA	TAG	0
AMEC022278-RA	TAA	0
AMEC022279-RA	TAA	0
AMEC022282-RA	TAA	0
AMEC022336-RA	TAG	0
AMEC022339-RA	TGA	0
AMEC022347-RA	TAA	0
AMEC022348-RA	TAA	0
AMEC022362-RA	TAA	0
AMEC022419-RA	TGA	0
AMEC022442-RA	TAA	0
AMEC022446-RA	TAG	0
AMEC022459-RA	TGA	0
AMEC022463-RA	TAA	0
AMEC022465-RA	TAG	0
AMEC022572-RA	TAG	0
AMEC022577-RA	TAG	0
AMEC023129-RA	TAA	0
AMEC023158-RA	TAA	0
AMEC023158-RB	TAA	0
AMEC023164-RA	TAA	0
AMEC023178-RA	TGA	0
AMEC023194-RA	TAA	0
AMEC023258-RA	TAG	0
AMEC023263-RA	TAA	0
AMEC023265-RA	TAG	0
AMEC023275-RA	TAA	0
AMEC023277-RA	TAA	0
AMEC023294-RA	TAA	0
AMEC023299-RA	TGA	0
AMEC023300-RA	TAG	0
AMEC023323-RA	TAA	0
AMEC023324-RA	TAA	0
AMEC023328-RA	TAA	0
AMEC023338-RA	TAA	0
AMEC023342-RA	TAG	0
AMEC023355-RA	TGA	0
AMEC023372-RA	TAA	0
AMEC023374-RA	TAA	0
AMEC023376-RA	TGA	0
AMEC001637-RA	TGA	81
AMEC005676-RA	TAG	57
AMEC019058-RA	TAA	30
AMEC012167-RA	TGA	154
AMEC012103-RA	TGA	93
AMEC023125-RA	TAA	54
AMEC003489-RA	TAA	420
AMEC000902-RA	TGA	113
AMEC018462-RA	TGA	73
AMEC003151-RA	TAG	19
AMEC000921-RA	TAG	36
AMEC023261-RA	TAG	125
AMEC019283-RA	TGA	119
AMEC019756-RA	TGA	90
AMEC006156-RA	TGA	24
AMEC014159-RA	TGA	318
AMEC002659-RA	TAG	48
AMEC000731-RA	TGA	444
AMEC019265-RA	TAA	96
AMEC019183-RA	TAA	558
AMEC019911-RA	TGA	367
AMEC017035-RA	TGA	6
AMEC008147-RA	TAG	42
AMEC017706-RA	TAA	3
AMEC001974-RA	TGA	81
AMEC005074-RA	TAA	47
AMEC014779-RA	TAG	161
AMEC017152-RA	TGA	385
AMEC023191-RA	TAA	21
AMEC023331-RA	TGA	1
AMEC023337-RA	TAA	287
AMEC007629-RA	TAA	210
AMEC016501-RA	TAA	132
AMEC009079-RA	TAA	54
AMEC006672-RA	TAG	681
AMEC011775-RA	TGA	45
AMEC023352-RA	TGA	29
AMEC018436-RA	TGA	123
AMEC004891-RA	TAA	243
AMEC004507-RA	TAG	117
AMEC011362-RA	TAA	108
AMEC013805-RA	TAG	4
AMEC000206-RA	TGA	1356
AMEC021281-RA	TAA	56
AMEC005641-RA	TGA	87
AMEC012771-RA	TAG	453
AMEC023131-RA	TAG	18
AMEC012042-RA	TAG	17
AMEC017088-RA	TAA	20
AMEC006187-RA	TAG	291
AMEC017559-RA	TAG	9
AMEC001519-RA	TAG	107
AMEC006449-RA	TGA	48
AMEC000462-RA	TGA	5
AMEC023130-RA	TAA	13
AMEC004404-RA	TGA	216
AMEC018140-RA	TAG	75
AMEC001178-RA	TGA	665
AMEC017558-RA	TAA	45
AMEC011002-RA	TAG	103
AMEC023329-RA	TAG	85
AMEC008267-RA	TAA	30
AMEC022136-RA	TGA	100
AMEC021125-RA	TGA	146
