MGP_AJ_T0020635	TAG	229
MGP_AJ_T0011814	TGA	358
MGP_AJ_T0032803	TGA	1263
MGP_AJ_T0032810	TGA	452
MGP_AJ_T0080855	TAG	1837
MGP_AJ_T0021346	TGA	48
MGP_AJ_T0040159	TGA	445
MGP_AJ_T0070866	TAG	145
MGP_AJ_T0034619	TAG	340
MGP_AJ_T0091812	TGA	85
MGP_AJ_T0037428	TAA	2435
MGP_AJ_T0033161	TAG	2204
MGP_AJ_T0049413	TAA	263
MGP_AJ_T0095095	TGA	3623
MGP_AJ_T0077448	TAG	1189
MGP_AJ_T0082648	TAG	1407
MGP_AJ_T0040039	TAG	1318
MGP_AJ_T0031820	TGA	98
MGP_AJ_T0031818	TGA	98
MGP_AJ_T0066211	TGA	135
MGP_AJ_T0041441	TAG	411
MGP_AJ_T0031601	TAA	634
MGP_AJ_T0090449	TAA	114
MGP_AJ_T0018833	TAA	1130
MGP_AJ_T0039108	TGA	558
MGP_AJ_T0054650	TGA	2527
MGP_AJ_T0098027	TAA	1245
MGP_AJ_T0011804	TAA	331
MGP_AJ_T0011815	TAA	87
MGP_AJ_T0072031	TAG	483
MGP_AJ_T0022122	TAG	97
MGP_AJ_T0022119	TAG	321
MGP_AJ_T0046631	TGA	493
MGP_AJ_T0046451	TGA	120
MGP_AJ_T0038158	TGA	1072
MGP_AJ_T0050606	TGA	86
MGP_AJ_T0026863	TAG	1500
MGP_AJ_T0097191	TGA	76
MGP_AJ_T0097192	TGA	53
MGP_AJ_T0088459	TGA	2617
MGP_AJ_T0088458	TGA	2617
MGP_AJ_T0019370	TAG	881
MGP_AJ_T0023485	TAA	1724
MGP_AJ_T0065262	TGA	205
MGP_AJ_T0080840	TAA	334
MGP_AJ_T0080839	TAA	227
MGP_AJ_T0046085	TGA	41
MGP_AJ_T0071514	TGA	314
MGP_AJ_T0071510	TGA	619
MGP_AJ_T0026903	TAA	22
MGP_AJ_T0097292	TAA	911
MGP_AJ_T0097275	TGA	859
MGP_AJ_T0098074	TAA	352
MGP_AJ_T0098075	TAA	354
MGP_AJ_T0031873	TAA	111
MGP_AJ_T0029281	TGA	172
MGP_AJ_T0020989	TAG	127
MGP_AJ_T0020994	TAG	128
MGP_AJ_T0074985	TAA	204
MGP_AJ_T0026113	TGA	20
MGP_AJ_T0037857	TGA	1734
MGP_AJ_T0080133	TGA	683
MGP_AJ_T0072171	TAG	846
MGP_AJ_T0085505	TAA	4
MGP_AJ_T0084888	TAA	718
MGP_AJ_T0052783	TGA	906
MGP_AJ_T0040034	TAG	425
MGP_AJ_T0086839	TAG	111
MGP_AJ_T0011791	TGA	318
MGP_AJ_T0011794	TAA	122
MGP_AJ_T0026005	TGA	49
MGP_AJ_T0080627	TAG	38
MGP_AJ_T0097972	TAA	219
MGP_AJ_T0082473	TAA	71
MGP_AJ_T0038150	TAA	1805
MGP_AJ_T0090211	TAG	348
MGP_AJ_T0011831	TGA	749
MGP_AJ_T0053654	TAG	1756
MGP_AJ_T0042319	TGA	624
MGP_AJ_T0040169	TGA	299
MGP_AJ_T0040168	TGA	301
MGP_AJ_T0036723	TAG	1407
MGP_AJ_T0025625	TAG	760
MGP_AJ_T0042788	TGA	150
MGP_AJ_T0072699	TGA	38
MGP_AJ_T0037453	TGA	252
MGP_AJ_T0038678	TGA	270
MGP_AJ_T0038679	TGA	270
MGP_AJ_T0038676	TGA	271
MGP_AJ_T0060537	TGA	323
MGP_AJ_T0055745	TAA	46
MGP_AJ_T0031851	TGA	392
MGP_AJ_T0055378	TGA	2409
MGP_AJ_T0055379	TGA	2409
MGP_AJ_T0055382	TGA	2409
MGP_AJ_T0055381	TGA	2409
MGP_AJ_T0055380	TGA	2409
MGP_AJ_T0055384	TGA	2394
MGP_AJ_T0055385	TGA	656
MGP_AJ_T0024675	TGA	279
MGP_AJ_T0041494	TAA	830
MGP_AJ_T0033673	TGA	461
MGP_AJ_T0049541	TAG	286
MGP_AJ_T0046342	TGA	87
MGP_AJ_T0046343	TGA	73
MGP_AJ_T0064764	TAA	315
MGP_AJ_T0043687	TAG	1340
MGP_AJ_T0043686	TAG	487
MGP_AJ_T0074025	TGA	261
MGP_AJ_T0088080	TGA	491
MGP_AJ_T0023889	TGA	164
MGP_AJ_T0039038	TAA	3550
MGP_AJ_T0039037	TAA	3545
MGP_AJ_T0093326	TAA	625
MGP_AJ_T0093325	TAA	627
MGP_AJ_T0034633	TGA	790
MGP_AJ_T0037983	TAG	2354
