MGP_NZOHlLtJ_T0027407	TAA	22
MGP_NZOHlLtJ_T0027365	TAG	1499
MGP_NZOHlLtJ_T0041957	TAG	411
MGP_NZOHlLtJ_T0056311	TAA	46
MGP_NZOHlLtJ_T0050100	TAG	286
MGP_NZOHlLtJ_T0026622	TGA	20
MGP_NZOHlLtJ_T0072634	TAG	483
MGP_NZOHlLtJ_T0045410	TAA	1352
MGP_NZOHlLtJ_T0088832	TGA	491
MGP_NZOHlLtJ_T0057560	TGA	2788
MGP_NZOHlLtJ_T0057558	TGA	4609
MGP_NZOHlLtJ_T0057559	TGA	4609
MGP_NZOHlLtJ_T0057557	TGA	4609
MGP_NZOHlLtJ_T0095862	TGA	3621
MGP_NZOHlLtJ_T0097097	TAG	769
MGP_NZOHlLtJ_T0097096	TAG	5665
MGP_NZOHlLtJ_T0026133	TAG	760
MGP_NZOHlLtJ_T0090117	TGA	1314
MGP_NZOHlLtJ_T0085208	TAA	1499
MGP_NZOHlLtJ_T0085763	TGA	497
MGP_NZOHlLtJ_T0021143	TAG	229
MGP_NZOHlLtJ_T0041528	TGA	550
MGP_NZOHlLtJ_T0041529	TGA	547
MGP_NZOHlLtJ_T0030206	TAA	585
MGP_NZOHlLtJ_T0030205	TAA	585
MGP_NZOHlLtJ_T0030844	TGA	1198
MGP_NZOHlLtJ_T0039646	TAA	3
MGP_NZOHlLtJ_T0042010	TAA	826
MGP_NZOHlLtJ_T0097532	TGA	546
MGP_NZOHlLtJ_T0012066	TAA	87
MGP_NZOHlLtJ_T0012072	TGA	294
MGP_NZOHlLtJ_T0055664	TAG	1323
MGP_NZOHlLtJ_T0055665	TAG	1323
MGP_NZOHlLtJ_T0055662	TAG	3329
MGP_NZOHlLtJ_T0055663	TAG	3329
MGP_NZOHlLtJ_T0091209	TAA	114
MGP_NZOHlLtJ_T0037959	TAA	2443
MGP_NZOHlLtJ_T0019634	TAG	138
MGP_NZOHlLtJ_T0032762	TGA	455
MGP_NZOHlLtJ_T0028115	TAG	98
MGP_NZOHlLtJ_T0048260	TAG	838
MGP_NZOHlLtJ_T0045488	TGA	217
MGP_NZOHlLtJ_T0046615	TGA	41
MGP_NZOHlLtJ_T0090966	TAG	348
MGP_NZOHlLtJ_T0061075	TGA	1889
MGP_NZOHlLtJ_T0029079	TAG	442
MGP_NZOHlLtJ_T0036985	TGA	322
MGP_NZOHlLtJ_T0019872	TAG	881
MGP_NZOHlLtJ_T0032126	TAA	634
MGP_NZOHlLtJ_T0072123	TGA	619
MGP_NZOHlLtJ_T0072127	TGA	314
MGP_NZOHlLtJ_T0075636	TAA	204
MGP_NZOHlLtJ_T0086258	TAA	4
MGP_NZOHlLtJ_T0092822	TGA	990
MGP_NZOHlLtJ_T0092812	TGA	1138
MGP_NZOHlLtJ_T0098407	TGA	153
MGP_NZOHlLtJ_T0098406	TGA	153
MGP_NZOHlLtJ_T0040671	TGA	445
MGP_NZOHlLtJ_T0093738	TAA	283
MGP_NZOHlLtJ_T0093745	TAA	279
MGP_NZOHlLtJ_T0093186	TAA	691
MGP_NZOHlLtJ_T0023372	TGA	3891
MGP_NZOHlLtJ_T0012042	TGA	310
MGP_NZOHlLtJ_T0012046	TAA	122
MGP_NZOHlLtJ_T0098762	TAA	284
MGP_NZOHlLtJ_T0098756	TAA	284
MGP_NZOHlLtJ_T0090122	TAG	721
MGP_NZOHlLtJ_T0081500	TAG	229
MGP_NZOHlLtJ_T0024154	TGA	407
MGP_NZOHlLtJ_T0022636	TAG	321
MGP_NZOHlLtJ_T0022639	TAG	97
MGP_NZOHlLtJ_T0047170	TGA	493
MGP_NZOHlLtJ_T0067432	TAA	22
MGP_NZOHlLtJ_T0040690	TAG	2237
MGP_NZOHlLtJ_T0040680	TGA	301
MGP_NZOHlLtJ_T0040681	TGA	299
MGP_NZOHlLtJ_T0046109	TAA	1201
MGP_NZOHlLtJ_T0012065	TGA	358
MGP_NZOHlLtJ_T0012057	TAA	331
MGP_NZOHlLtJ_T0055626	TGA	3439
MGP_NZOHlLtJ_T0055627	TGA	2294
MGP_NZOHlLtJ_T0019339	TAA	1130
MGP_NZOHlLtJ_T0087588	TAG	111
MGP_NZOHlLtJ_T0092580	TGA	85
MGP_NZOHlLtJ_T0069220	TAG	3128
MGP_NZOHlLtJ_T0024013	TAA	1724
MGP_NZOHlLtJ_T0033206	TAG	253
MGP_NZOHlLtJ_T0038673	TGA	1072
MGP_NZOHlLtJ_T0024414	TGA	164
MGP_NZOHlLtJ_T0096278	TAA	2083
MGP_NZOHlLtJ_T0033331	TGA	1263
MGP_NZOHlLtJ_T0033338	TGA	452
MGP_NZOHlLtJ_T0054225	TAG	1756
MGP_NZOHlLtJ_T0061129	TGA	323
MGP_NZOHlLtJ_T0046873	TGA	87
MGP_NZOHlLtJ_T0046874	TGA	73
MGP_NZOHlLtJ_T0029805	TGA	172
MGP_NZOHlLtJ_T0025196	TGA	279
MGP_NZOHlLtJ_T0088836	TGA	1122
MGP_NZOHlLtJ_T0098836	TAA	1245
MGP_NZOHlLtJ_T0039705	TAG	1487
MGP_NZOHlLtJ_T0049499	TAG	700
MGP_NZOHlLtJ_T0083320	TGA	29
MGP_NZOHlLtJ_T0083317	TGA	1317
MGP_NZOHlLtJ_T0083316	TGA	1312
MGP_NZOHlLtJ_T0073307	TGA	38
MGP_NZOHlLtJ_T0028919	TAA	1569
MGP_NZOHlLtJ_T0082998	TAA	613
MGP_NZOHlLtJ_T0029319	TAG	109
MGP_NZOHlLtJ_T0097953	TGA	177
MGP_NZOHlLtJ_T0026513	TGA	49
MGP_NZOHlLtJ_T0021511	TAG	128
MGP_NZOHlLtJ_T0021506	TAG	127
MGP_NZOHlLtJ_T0070847	TGA	2836
MGP_NZOHlLtJ_T0070846	TGA	2787
MGP_NZOHlLtJ_T0048028	TAG	330
MGP_NZOHlLtJ_T0070333	TAG	132
MGP_NZOHlLtJ_T0073904	TGA	193
MGP_NZOHlLtJ_T0039611	TGA	558
MGP_NZOHlLtJ_T0047893	TAA	380
MGP_NZOHlLtJ_T0038665	TAA	1805
MGP_NZOHlLtJ_T0064210	TGA	705
