MGP_PWKPhJ_T0053614	TAA	14
MGP_PWKPhJ_T0029214	TGA	4620
MGP_PWKPhJ_T0029213	TGA	808
MGP_PWKPhJ_T0050001	TGA	589
MGP_PWKPhJ_T0065599	TAG	734
MGP_PWKPhJ_T0035162	TAA	381
MGP_PWKPhJ_T0043488	TAA	201
MGP_PWKPhJ_T0084489	TGA	497
MGP_PWKPhJ_T0024892	TAG	83
MGP_PWKPhJ_T0051151	TAA	33
MGP_PWKPhJ_T0052920	TAA	840
MGP_PWKPhJ_T0062559	TAA	61
MGP_PWKPhJ_T0071102	TGA	314
MGP_PWKPhJ_T0071098	TGA	619
MGP_PWKPhJ_T0049564	TGA	233
MGP_PWKPhJ_T0053979	TAA	3
MGP_PWKPhJ_T0053980	TAA	3
MGP_PWKPhJ_T0095811	TGA	123
MGP_PWKPhJ_T0074201	TAA	29
MGP_PWKPhJ_T0031165	TAA	113
MGP_PWKPhJ_T0031141	TGA	392
MGP_PWKPhJ_T0064225	TAA	312
MGP_PWKPhJ_T0025161	TGA	20
MGP_PWKPhJ_T0073829	TAG	84
MGP_PWKPhJ_T0073825	TAG	347
MGP_PWKPhJ_T0073826	TAG	86
MGP_PWKPhJ_T0073827	TAG	86
MGP_PWKPhJ_T0073831	TAG	76
MGP_PWKPhJ_T0087472	TGA	120
MGP_PWKPhJ_T0062096	TAG	492
MGP_PWKPhJ_T0062097	TAG	459
MGP_PWKPhJ_T0049049	TGA	1888
MGP_PWKPhJ_T0087525	TGA	467
MGP_PWKPhJ_T0087529	TGA	1122
MGP_PWKPhJ_T0035101	TAG	384
MGP_PWKPhJ_T0083772	TAG	888
MGP_PWKPhJ_T0083773	TAG	888
MGP_PWKPhJ_T0066358	TAA	22
MGP_PWKPhJ_T0074901	TGA	347
MGP_PWKPhJ_T0052228	TGA	916
MGP_PWKPhJ_T0034000	TAG	346
MGP_PWKPhJ_T0041346	TGA	332
MGP_PWKPhJ_T0096740	TGA	859
MGP_PWKPhJ_T0081027	TGA	12
MGP_PWKPhJ_T0030390	TGA	167
MGP_PWKPhJ_T0095937	TGA	90
MGP_PWKPhJ_T0069824	TGA	2844
MGP_PWKPhJ_T0069821	TGA	2795
MGP_PWKPhJ_T0036794	TAA	2422
MGP_PWKPhJ_T0036796	TGA	36
MGP_PWKPhJ_T0070226	TGA	1551
MGP_PWKPhJ_T0070227	TGA	1243
MGP_PWKPhJ_T0021161	TAG	321
MGP_PWKPhJ_T0021165	TAG	97
MGP_PWKPhJ_T0092752	TAA	613
MGP_PWKPhJ_T0092751	TAA	550
MGP_PWKPhJ_T0053100	TAG	1756
MGP_PWKPhJ_T0044311	TAA	1351
MGP_PWKPhJ_T0039510	TGA	445
MGP_PWKPhJ_T0032114	TGA	452
MGP_PWKPhJ_T0032106	TGA	1263
MGP_PWKPhJ_T0043134	TAA	846
MGP_PWKPhJ_T0020555	TGA	39121
MGP_PWKPhJ_T0034684	TAG	393
MGP_PWKPhJ_T0063040	TGA	692
MGP_PWKPhJ_T0086904	TGA	475
MGP_PWKPhJ_T0029108	TGA	47
MGP_PWKPhJ_T0049543	TGA	401
MGP_PWKPhJ_T0069592	TAA	740
MGP_PWKPhJ_T0050099	TAG	439
MGP_PWKPhJ_T0042351	TGA	1712
MGP_PWKPhJ_T0077042	TAA	347
MGP_PWKPhJ_T0030584	TAA	496
MGP_PWKPhJ_T0052180	TGA	1631
MGP_PWKPhJ_T0027949	TAG	109
MGP_PWKPhJ_T0046716	TAA	380
MGP_PWKPhJ_T0069292	TAG	132
MGP_PWKPhJ_T0039392	TAG	1301
MGP_PWKPhJ_T0039387	TAG	425
MGP_PWKPhJ_T0040899	TAA	889
MGP_PWKPhJ_T0040896	TAA	917
MGP_PWKPhJ_T0040895	TAA	917
MGP_PWKPhJ_T0027703	TAG	442
MGP_PWKPhJ_T0044982	TAA	1201
MGP_PWKPhJ_T0041851	TGA	240
MGP_PWKPhJ_T0094612	TGA	3619
MGP_PWKPhJ_T0084979	TAA	4
MGP_PWKPhJ_T0090834	TGA	84
MGP_PWKPhJ_T0026367	TGA	893
MGP_PWKPhJ_T0078875	TAG	532
MGP_PWKPhJ_T0038285	TAG	413
MGP_PWKPhJ_T0019876	TAA	84
MGP_PWKPhJ_T0019877	TAA	71
MGP_PWKPhJ_T0030877	TAA	634
MGP_PWKPhJ_T0084499	TAG	2012
MGP_PWKPhJ_T0084500	TAG	3628
MGP_PWKPhJ_T0031106	TGA	98
MGP_PWKPhJ_T0031108	TGA	98
MGP_PWKPhJ_T0095314	TGA	595
MGP_PWKPhJ_T0079804	TAA	36
MGP_PWKPhJ_T0037356	TAG	2333
MGP_PWKPhJ_T0019232	TGA	519
MGP_PWKPhJ_T0021887	TGA	3889
MGP_PWKPhJ_T0085087	TGA	322
MGP_PWKPhJ_T0069461	TAG	404
MGP_PWKPhJ_T0060042	TAG	3350
MGP_PWKPhJ_T0060012	TGA	323
MGP_PWKPhJ_T0071804	TAA	424
MGP_PWKPhJ_T0063199	TAG	696
MGP_PWKPhJ_T0046385	TGA	169
MGP_PWKPhJ_T0037039	TAA	114
MGP_PWKPhJ_T0041679	TGA	511
MGP_PWKPhJ_T0032019	TGA	186
MGP_PWKPhJ_T0019679	TAG	229
MGP_PWKPhJ_T0082149	TAG	1415
MGP_PWKPhJ_T0066678	TAA	1480
MGP_PWKPhJ_T0022537	TAA	1724
MGP_PWKPhJ_T0041430	TAG	3268
MGP_PWKPhJ_T0080406	TAG	1837
MGP_PWKPhJ_T0064381	TGA	286
MGP_PWKPhJ_T0020978	TGA	1491
MGP_PWKPhJ_T0091646	TAG	944
MGP_PWKPhJ_T0059959	TGA	1886
MGP_PWKPhJ_T0064997	TGA	237
MGP_PWKPhJ_T0064996	TGA	237
MGP_PWKPhJ_T0037534	TGA	1072
MGP_PWKPhJ_T0011387	TGA	294
MGP_PWKPhJ_T0011380	TGA	358
MGP_PWKPhJ_T0011381	TAA	87
MGP_PWKPhJ_T0011396	TGA	1235
MGP_PWKPhJ_T0070179	TAG	115
MGP_PWKPhJ_T0070180	TAG	113
MGP_PWKPhJ_T0070182	TGA	3
MGP_PWKPhJ_T0063453	TGA	478
MGP_PWKPhJ_T0022931	TGA	164
MGP_PWKPhJ_T0035802	TAA	74
MGP_PWKPhJ_T0057241	TAA	323
MGP_PWKPhJ_T0091346	TGA	85
MGP_PWKPhJ_T0049520	TGA	1194
MGP_PWKPhJ_T0049522	TGA	1194
MGP_PWKPhJ_T0069628	TAA	433
MGP_PWKPhJ_T0062878	TAA	331
MGP_PWKPhJ_T0023451	TAA	411
MGP_PWKPhJ_T0011377	TAG	104
MGP_PWKPhJ_T0011367	TAA	122
MGP_PWKPhJ_T0050673	TAA	28
MGP_PWKPhJ_T0052893	TGA	229
MGP_PWKPhJ_T0072282	TGA	38
MGP_PWKPhJ_T0050269	TAG	203
MGP_PWKPhJ_T0091605	TAG	22
MGP_PWKPhJ_T0088366	TGA	1609
MGP_PWKPhJ_T0071656	TGA	114
MGP_PWKPhJ_T0038473	TGA	558
MGP_PWKPhJ_T0023960	TAA	2709
MGP_PWKPhJ_T0024410	TAG	634
MGP_PWKPhJ_T0056270	TAG	204
MGP_PWKPhJ_T0063293	TGA	131
MGP_PWKPhJ_T0063290	TGA	753
MGP_PWKPhJ_T0092561	TAA	547
MGP_PWKPhJ_T0065694	TGA	135
MGP_PWKPhJ_T0020036	TAG	127
MGP_PWKPhJ_T0020039	TAG	128
MGP_PWKPhJ_T0020013	TGA	1104
MGP_PWKPhJ_T0020014	TGA	506
MGP_PWKPhJ_T0074565	TAA	204
MGP_PWKPhJ_T0061642	TGA	194
MGP_PWKPhJ_T0050025	TGA	86
MGP_PWKPhJ_T0067238	TGA	404
MGP_PWKPhJ_T0018408	TAG	881
MGP_PWKPhJ_T0035521	TGA	2113
MGP_PWKPhJ_T0044846	TGA	1542
MGP_PWKPhJ_T0043022	TGA	496
MGP_PWKPhJ_T0045720	TGA	87
MGP_PWKPhJ_T0087586	TGA	801
MGP_PWKPhJ_T0021068	TGA	171
MGP_PWKPhJ_T0041721	TGA	624
MGP_PWKPhJ_T0024289	TGA	498
MGP_PWKPhJ_T0096283	TAG	37
MGP_PWKPhJ_T0097512	TAA	1245
MGP_PWKPhJ_T0023716	TGA	279
MGP_PWKPhJ_T0077133	TGA	257
MGP_PWKPhJ_T0077132	TGA	268
MGP_PWKPhJ_T0077136	TGA	94
MGP_PWKPhJ_T0077134	TGA	609
MGP_PWKPhJ_T0024670	TAG	757
MGP_PWKPhJ_T0033004	TGA	462
MGP_PWKPhJ_T0011364	TGA	336
MGP_PWKPhJ_T0040823	TAG	411
MGP_PWKPhJ_T0029059	TAG	691
MGP_PWKPhJ_T0065552	TGA	329
MGP_PWKPhJ_T0034093	TAA	2886
MGP_PWKPhJ_T0095012	TAA	2090
MGP_PWKPhJ_T0074360	TGA	550
MGP_PWKPhJ_T0069713	TAA	418
MGP_PWKPhJ_T0069718	TGA	454
MGP_PWKPhJ_T0031802	TGA	278
MGP_PWKPhJ_T0025052	TGA	49
MGP_PWKPhJ_T0092516	TAA	279
MGP_PWKPhJ_T0092509	TAA	283
MGP_PWKPhJ_T0086290	TAG	111
MGP_PWKPhJ_T0075807	TAA	183
MGP_PWKPhJ_T0033109	TAG	492
MGP_PWKPhJ_T0064947	TGA	193
MGP_PWKPhJ_T0045721	TGA	73
MGP_PWKPhJ_T0065143	TAG	1028
MGP_PWKPhJ_T0073637	TAA	468
