PPA02762.1	TAA	56
PPA40042.1	TGA	175
PPA40044.1	TGA	237
PPA40050.1	TAG	133
PPA46925.1	TGA	136
PPA46926.1	TAA	140
PPA09444.1	TAA	247
PPA23529.1	TAA	302
PPA15179.1	TGA	30
PPA15726.1	TAA	88
PPA15730.1	TAA	157
PPA17087.1	TAG	51
PPA17556.1	TAA	295
PPA40623.1	TGA	44
PPA11957.1	TGA	19
PPA11959.1	TAG	119
PPA06527.1	TAG	118
PPA06531.1	TAA	162
PPA32109.1	TAG	65
PPA37792.1	TAA	55
PPA06953.1	TGA	87
PPA30535.1	TAA	12
PPA09660.1	TAA	34
PPA06193.1	TAA	427
PPA27737.1	TAA	350
PPA02978.1	TGA	236
PPA23980.1	TAA	417
PPA15252.1	TGA	128
PPA47340.1	TAA	11
PPA47344.1	TAG	128
PPA17435.1	TAA	56
PPA37268.1	TGA	118
PPA11365.1	TAA	252
PPA46590.1	TAA	200
PPA46584.1	TGA	82
PPA46586.1	TAA	58
PPA47290.1	TAG	116
PPA47292.1	TAG	282
PPA47291.1	TAG	82
PPA47287.2	TAA	305
PPA47287.1	TAA	305
PPA46809.1	TAA	115
PPA46801.1	TAG	308
PPA31476.1	TGA	157
PPA34138.1	TAA	85
PPA37716.1	TGA	180
PPA09836.1	TAA	134
PPA09837.1	TAA	177
PPA29183.1	TAA	152
PPA20702.1	TAG	156
PPA46115.1	TAG	252
PPA38666.1	TGA	91
PPA03146.1	TGA	57
PPA22700.1	TAG	31
PPA47056.1	TAA	178
PPA12752.1	TGA	133
PPA19835.1	TAA	53
PPA46508.1	TAG	52
PPA46507.1	TAA	37
PPA33922.1	TAG	81
PPA34792.1	TAA	59
PPA32871.1	TAA	59
PPA04875.1	TAA	336
PPA37612.1	TGA	294
PPA43881.1	TAG	404
PPA06576.1	TAA	171
PPA37902.1	TAA	69
PPA21849.1	TAG	80
PPA46959.1	TGA	170
PPA46957.1	TAG	324
PPA01802.1	TAG	50
PPA16762.1	TAA	177
PPA22802.1	TGA	120
PPA22796.1	TGA	67
PPA12560.1	TGA	193
PPA47366.1	TAA	127
PPA47042.1	TGA	99
PPA47043.1	TAA	98
PPA47040.1	TAG	143
PPA19837.1	TAA	257
PPA19469.1	TAA	158
PPA00188.1	TGA	154
PPA07634.1	TAA	45
PPA30613.1	TAA	156
PPA36565.1	TGA	114
PPA00772.1	TAA	124
PPA08796.1	TGA	39
PPA09268.1	TGA	103
PPA46723.1	TGA	71
PPA16739.1	TAA	37
PPA18099.1	TAA	170
PPA10827.1	TAA	88
PPA35618.1	TAG	60
PPA41013.1	TAA	99
PPA01568.1	TAA	114
PPA07239.1	TAA	112
PPA28111.1	TGA	138
PPA09758.1	TAA	158
PPA19967.1	TGA	186
PPA10318a.1	TAA	57
PPA40193.1	TAA	143
PPA40194.1	TAA	9
PPA40197.1	TAG	80
PPA26330.1	TGA	146
PPA11181.1	TAA	174
PPA43283.1	TAA	74
PPA34099.1	TAA	186
PPA24950.1	TAG	146
PPA27352.1	TAG	56
PPA09733.1	TGA	225
PPA18495.1	TAA	6
PPA15381.1	TAA	74
PPA16923.1	TAA	79
PPA09040.1	TGA	168
PPA09043.1	TGA	42
PPA04901.1	TAA	133
PPA11711.1	TGA	136
PPA36757.1	TGA	126
PPA34836.1	TAA	75
PPA43204.1	TGA	54
PPA07554.1	TGA	9
PPA05193.1	TGA	263
PPA25223.1	TAA	188
PPA25224.1	TAG	391
PPA47336.1	TGA	86
PPA46740.1	TAA	26
PPA44704.1	TAG	89
PPA08856.1	TAG	50
PPA19554.1	TAG	25
PPA36985.1	TAA	57
PPA36986.1	TGA	147
PPA36984.1	TAA	337
PPA46843.1	TAG	18
PPA46849.1	TAA	126
PPA35535.1	TAA	196
PPA39833.1	TGA	94
PPA34642.1	TAA	58
PPA38627.1	TAA	91
PPA38626.1	TGA	160
PPA38622.1	TAG	256
PPA04701.1	TGA	84
PPA08180.1	TAG	53
PPA08185.1	TAA	203
PPA28856.1	TAG	56
PPA28704.1	TGA	46
PPA28696.1	TGA	97
PPA00330.1	TAA	257
PPA21842.1	TAA	257
PPA46645.1	TAG	86
PPA46648.1	TAG	98
PPA46650.1	TAA	174
PPA46649.1	TGA	134
PPA41833.1	TAA	52
PPA16111.1	TAG	3
PPA10849.1	TAA	92
PPA18625.1	TAA	72
PPA18623.1	TGA	87
PPA38444.1	TAG	120
PPA38442.1	TGA	97
PPA21049.1	TAA	482
PPA08006.1	TGA	23
PPA37507.1	TGA	54
PPA42630.1	TAG	57
PPA01751.1	TAG	79
PPA23018.2	TAA	51
PPA23018.1	TAA	75
PPA23022.1	TAA	92
PPA10377.1	TAA	198
PPA40080.1	TGA	71
PPA40076.1	TAA	171
PPA40073.1	TGA	11
PPA40071.1	TAA	243
PPA47175.1	TAA	8
PPA35164.1	TAA	143
PPA20060.1	TAA	111
PPA31235.1	TAG	108
PPA37078.1	TGA	427
PPA37071.1	TAG	114
PPA05287.1	TAG	14
PPA03318.1	TGA	121
PPA01098.1	TAG	126
PPA07001.1	TAA	225
PPA09715.1	TGA	45
PPA30609.1	TAG	64
PPA17813.1	TAA	204
PPA06220.1	TAA	21
PPA23995.1	TAA	360
PPA12989.1	TAG	107
PPA12541.1	TGA	20
PPA33293.1	TAA	94
PPA19904.1	TGA	153
PPA46556.1	TAG	118
PPA46552.1	TGA	50
PPA46551.1	TGA	22
PPA46560.1	TAA	46
PPA46559.1	TGA	68
PPA37239.1	TAG	140
PPA39812.1	TGA	66
PPA47281.1	TGA	196
PPA33566.1	TAG	49
PPA33561.1	TAA	155
PPA14043.1	TAA	114
PPA45892.1	TAG	24
PPA20381.1	TAA	188
PPA41801.1	TGA	156
PPA41801.2	TGA	81
PPA41802.1	TGA	167
PPA09879.1	TGA	106
PPA45114.2	TAA	481
PPA45114.1	TAA	343
PPA39978.1	TAG	144
PPA47104.1	TGA	103
PPA47105.1	TAG	36
PPA47107.1	TGA	155
PPA47108.1	TGA	87
PPA47109.1	TAA	150
PPA35681.1	TAA	63
PPA35684.1	TGA	157
PPA35685.1	TAA	114
PPA35690.1	TGA	111
PPA10329.1	TAA	324
PPA36643.1	TGA	180
PPA07521.1	TAG	276
PPA13702.1	TAA	2
PPA30489.1	TAA	95
PPA30489.2	TAA	178
PPA12837.1	TGA	164
PPA25487.1	TGA	15
PPA03390.1	TAA	118
PPA21739.1	TAA	48
PPA21736.1	TAA	100
PPA21884.1	TGA	67
PPA28000.1	TGA	271
PPA16770.1	TAG	51
PPA16775.1	TAG	34
PPA15234.1	TAA	152
PPA26006.1	TGA	583
PPA13937.1	TAA	142
PPA13943.1	TAG	55
PPA09012.1	TAA	73
PPA09013.1	TAA	54
PPA09013.2	TAA	54
PPA00232.1	TGA	409
PPA28159.1	TAG	153
PPA28161.1	TAA	86
PPA08810.1	TAG	103
PPA39908.1	TAG	243
PPA15070.1	TAG	267
PPA23669.1	TGA	249
PPA04177.1	TAA	109
PPA40369.1	TAA	178
PPA34183.1	TAG	86
PPA11824.1	TGA	124
PPA16386.1	TAG	225
PPA37706.1	TAG	136
PPA37707.1	TAA	400
PPA37709.1	TAA	153
PPA38670.1	TAA	51
PPA20562.1	TAA	262
PPA01556.1	TAG	209
PPA01560.1	TGA	77
PPA07209.1	TGA	34
PPA05140.1	TAA	81
PPA05139.1	TGA	276
PPA09786.1	TAG	51
PPA31550.1	TGA	131
PPA07858.1	TAG	102
PPA47122.1	TAA	116
PPA03853.1	TGA	35
PPA26198.1	TAA	125
PPA09675.1	TAA	160
PPA46499.1	TAA	312
PPA28309.1	TGA	63
PPA28308.1	TAA	65
PPA28313.1	TAA	58
PPA39268.1	TGA	8
PPA04900.1	TAA	153
PPA00969.1	TGA	411
PPA01480.1	TGA	358
PPA25242.1	TAA	155
PPA40259.1	TGA	156
PPA34087.1	TGA	76
PPA34082.1	TAA	89
PPA08668.1	TAA	132
PPA21278.1	TAG	304
PPA43338.1	TAG	224
PPA28603.1	TAA	55
PPA16153.1	TAA	108
PPA17858.1	TGA	226
PPA46994.1	TGA	34
PPA18479.1	TAA	91
PPA09101.1	TGA	364
PPA16869.1	TAG	254
PPA39975.1	TGA	150
PPA39037.1	TAG	159
PPA39034.1	TGA	22
PPA43173.1	TAA	153
PPA36617.1	TAA	122
PPA36617.2	TAA	109
PPA00926.1	TAG	223
PPA31338.1	TAA	205
PPA45693.1	TGA	94
PPA25166.1	TAG	294
PPA43662.1	TAA	124
PPA38050.1	TAA	288
PPA38044.1	TAA	313
PPA38044.2	TAA	62
PPA33317.1	TAA	67
PPA45439.1	TAG	396
PPA09301.1	TGA	89
PPA46778.1	TAA	220
PPA25174.1	TAG	105
PPA16021.1	TAG	108
PPA47309.1	TAA	42
PPA47307.1	TAG	287
PPA47312.1	TAA	61
PPA18709.1	TGA	225
PPA18714.1	TGA	131
PPA20243.1	TAA	49
PPA37466.1	TAA	193
PPA37465.1	TAG	74
PPA47361.1	TAA	157
PPA12112.1	TAG	201
PPA35566.1	TAA	250
PPA36937.1	TGA	174
PPA46840.1	TAA	152
PPA46836.1	TAA	104
PPA46831.1	TAA	111
PPA06905.1	TGA	248
PPA06902.1	TAA	265
PPA38763.1	TAA	247
PPA02867.1	TGA	83
PPA28674.1	TAA	271
PPA28675.1	TAA	236
PPA02613.1	TAA	112
PPA40164.1	TAG	72
PPA40163.1	TAG	87
PPA40168.1	TAA	25
PPA40165.1	TAA	157
PPA40170.1	TGA	217
PPA23944.1	TAG	22
PPA23945.1	TAA	4
PPA31881.1	TAA	14
PPA14227.1	TAG	125
PPA34616.1	TGA	53
PPA33486.1	TGA	52
PPA28637.1	TGA	263
PPA05382.1	TAA	192
PPA01341.1	TAA	126
PPA43418.1	TGA	4
PPA38475.1	TGA	90
PPA38471.1	TGA	13
PPA21102.1	TAA	129
PPA29765.1	TGA	107
PPA26510.1	TAA	203
PPA03974.1	TAA	57
PPA25414.1	TAG	84
PPA21691.1	TGA	73
PPA17821.1	TAA	186
PPA34242.1	TAG	41
PPA08068.1	TAA	335
PPA08069.1	TAG	86
PPA46958.1	TGA	160
PPA23801.1	TAA	55
PPA06466.1	TAA	142
PPA08436.1	TAG	195
PPA03270.1	TGA	93
PPA06279.1	TAG	198
PPA43293.1	TAA	42
PPA28346.1	TAG	137
PPA28347.1	TGA	150
PPA14777.1	TAA	155
PPA29061.1	TAA	158
PPA02493.1	TAG	132
PPA12492.1	TAA	198
PPA17186.1	TGA	277
PPA17187.1	TAA	48
PPA17195.1	TAA	61
PPA02259.1	TAA	51
PPA16255.1	TAA	165
PPA39785.1	TGA	92
PPA39790.1	TGA	104
PPA46917.1	TGA	82
PPA11423.1	TAA	324
PPA11419.1	TAA	139
PPA11451.1	TGA	50
PPA47241.1	TGA	94
PPA34695.1	TGA	26
PPA08207.1	TAA	160
PPA08213.1	TAA	65
PPA08214.1	TGA	75
PPA47041.1	TAA	18
PPA30250.1	TAG	140
PPA00683.1	TAA	204
PPA13989.1	TAG	285
PPA13994.1	TAA	125
PPA23399.1	TAA	127
PPA21991.1	TAA	243
PPA46676.1	TAA	50
PPA46677.1	TGA	93
PPA46672.1	TAG	190
PPA11725.1	TGA	394
PPA39933.1	TAA	83
PPA09891.1	TAA	323
PPA22096.1	TAG	200
PPA23595.1	TGA	111
PPA18546.1	TAG	218
PPA35720.1	TAA	91
PPA35714.1	TGA	98
PPA35712.1	TAA	131
PPA22402.1	TAG	86
PPA12151.1	TAA	205
PPA08725.1	TAA	112
PPA01881.1	TGA	86
PPA17730.1	TGA	277
PPA36651.1	TAG	130
PPA36658.1	TGA	204
PPA11456.1	TGA	108
PPA08040.1	TAA	164
PPA08042.1	TGA	70
PPA42050.1	TGA	91
PPA30458.1	TAG	175
PPA36889.1	TAA	85
PPA02780.1	TAA	101
PPA25517.1	TGA	65
PPA20965.1	TAA	175
PPA45570.1	TGA	108
PPA18361.1	TGA	203
PPA28014.1	TAG	261
PPA17108.1	TAG	156
PPA33425.1	TGA	153
PPA32136.1	TAA	38
PPA37777.1	TGA	445
PPA37780.1	TAA	60
PPA06742.1	TGA	61
PPA21455.1	TGA	29
PPA31379.1	TAA	43
PPA28209.1	TAA	256
PPA28211.1	TAA	41
PPA42255.1	TAG	169
PPA23092.1	TAA	94
PPA03845.1	TGA	256
PPA02169.1	TGA	142
PPA35521.1	TAA	153
PPA44291.1	TGA	41
PPA19867.1	TGA	1
PPA19875.1	TAA	71
PPA39855.1	TAA	101
PPA46566.1	TAG	112
PPA46562.1	TGA	56
PPA46564.1	TAG	326
PPA46569.1	TGA	293
PPA46570.1	TGA	132
PPA16591.1	TGA	121
PPA10276.1	TAA	50
PPA31587.1	TAA	118
PPA30324.1	TAA	84
PPA35896.1	TAG	198
PPA11773.1	TAA	184
PPA29332.1	TGA	244
PPA38634.1	TGA	187
PPA38638.1	TAA	55
PPA38636.1	TGA	319
PPA38640.1	TAG	66
PPA01586.1	TAA	402
PPA01588.1	TAG	56
PPA29163.1	TGA	89
PPA05087.1	TGA	145
PPA05086.1	TGA	87
PPA27289.1	TAG	154
PPA03897.1	TGA	21
PPA02358.1	TGA	99
PPA35633.1	TAG	120
PPA35631.1	TAG	23
PPA35636.1	TAA	87
PPA35635.1	TAG	87
PPA19688.1	TAA	154
PPA08629.1	TGA	9
PPA42884.1	TAG	65
PPA42882.1	TAA	143
PPA13644.1	TAA	312
PPA30080.1	TAA	162
PPA26345.1	TAG	120
PPA37881.1	TAA	205
PPA03507.1	TAA	146
PPA03507.2	TAA	186
PPA03356.1	TAG	71
PPA21043.1	TAG	30
PPA46932.1	TGA	209
PPA46937.1	TAA	180
PPA46936.1	TGA	76
PPA28554.1	TAA	54
PPA12734.1	TAA	198
PPA17870.1	TGA	246
PPA22818.1	TGA	117
PPA22824.1	TAA	81
PPA22825.1	TAA	170
PPA15934.1	TAA	44
PPA47380.1	TAG	223
PPA47381.1	TAG	90
PPA47023.1	TAG	201
PPA22534.1	TAG	340
PPA47019.1	TAA	111
PPA47020.1	TAA	207
PPA22533.1	TAA	37
PPA25985.1	TGA	279
PPA40561.1	TAA	60
PPA19489.1	TGA	260
PPA10645.1	TGA	150
PPA35471.1	TAA	291
PPA35475.1	TAA	95
PPA04094.1	TAG	3
PPA09250.1	TGA	211
PPA27852.1	TAA	83
PPA46748.1	TAG	59
PPA02888.1	TAA	123
PPA37474.1	TAA	34
PPA08917.1	TAA	377
PPA36097.1	TGA	78
PPA37230.1	TAA	10
PPA40380.1	TAA	186
PPA36970.1	TAA	82
PPA06420.1	TGA	55
PPA06422.1	TAA	175
PPA06419.1	TAA	177
PPA06424.1	TGA	42
PPA33938.1	TGA	243
PPA39002.1	TAA	10
PPA39007.1	TAG	126
PPA38607.1	TAA	130
PPA01892.1	TAA	75
PPA02445.1	TAA	47
PPA25550.1	TAA	119
PPA25549.1	TAA	82
PPA25554.1	TGA	115
PPA25305.1	TAA	45
PPA00271.1	TAG	154
PPA10300.1	TGA	326
PPA11283.1	TAA	10
PPA20867.1	TAA	25
PPA35050.1	TAA	38
PPA35045.1	TAA	55
PPA46702.1	TAG	74
PPA23639.1	TAA	130
PPA16506.1	TAG	73
PPA13563.1	TAA	192
PPA36974.2	TAA	150
PPA36974.1	TAA	152
PPA05799.1	TAA	88
PPA36976.1	TAA	137
PPA36975.1	TAG	170
PPA35390.1	TAA	125
PPA35387.1	TAA	541
PPA35386.1	TAA	203
PPA38760.1	TAA	101
PPA43388.1	TAA	104
PPA21620.1	TGA	29
PPA28633.1	TAA	128
PPA27411.1	TGA	54
PPA37495.1	TGA	155
PPA42569.1	TGA	20
PPA26834.1	TAA	79
PPA37499.1	TGA	217
PPA15358.1	TAA	23
PPA26048.1	TGA	197
PPA26051.1	TGA	333
PPA25401.1	TAA	228
PPA25396.1	TAA	96
PPA25397.1	TGA	160
PPA25404.1	TAA	124
PPA34272.1	TGA	208
PPA39943.1	TAG	53
PPA39945.1	TAG	237
PPA47158.1	TAA	227
PPA05168.1	TAA	326
PPA05167.1	TAA	200
PPA13748.1	TGA	130
PPA13746.1	TAA	99
PPA11096.1	TGA	26
PPA06459.1	TAA	132
PPA38079.1	TAG	193
PPA03265.1	TAG	192
PPA43290.1	TAA	35
PPA43282.1	TAG	45
PPA09726.1	TAA	128
PPA09735.1	TGA	145
PPA20519.1	TAA	277
PPA12524.1	TAG	62
PPA43957.1	TGA	125
PPA17241.1	TAA	72
PPA02267.1	TAA	291
PPA16300.1	TAG	191
PPA21357.1	TAG	77
PPA46616.1	TGA	232
PPA46615.1	TGA	143
PPA46620.1	TAA	139
PPA46864.1	TAA	241
PPA46863.1	TAA	78
PPA34019.2	TAG	149
PPA34019.1	TAG	145
PPA00096.1	TAA	49
PPA47229.1	TAA	46
PPA47227.1	TGA	123
PPA38238.1	TAA	48
PPA08198.1	TAA	86
PPA08196.1	TGA	364
PPA08201.1	TAA	250
PPA26958.1	TAA	26
PPA07385.1	TAG	133
PPA28719.1	TAA	72
PPA17251.1	TAA	55
PPA21960.1	TAG	57
PPA21959.1	TAA	73
PPA46625.1	TAA	80
PPA46624.1	TAA	46
PPA27343.1	TAA	232
PPA27342.1	TAA	90
PPA27338.1	TAG	168
PPA47124.1	TAA	219
PPA47127.1	TAA	289
PPA40252.1	TGA	156
PPA34119.1	TAA	117
PPA34116b.1	TAA	125
PPA34118.1	TAG	40
PPA22044.1	TGA	252
PPA33856.1	TAA	161
PPA43497.1	TAA	300
PPA28896.1	TAG	57
PPA07541.1	TAG	95
PPA42767.1	TGA	289
PPA29780.1	TAA	116
PPA02752.1	TAG	118
PPA40055.1	TAG	135
PPA24490.1	TAA	69
PPA15168.1	TAG	118
PPA23770.1	TAA	55
PPA23768.1	TGA	3
PPA13828.1	TAG	180
PPA20122.1	TGA	190
PPA11971.1	TGA	91
PPA00216.1	TAA	93
PPA35529.1	TGA	156
PPA07770.1	TAG	248
PPA37748.1	TAA	43
PPA00351.1	TAA	153
PPA39425.1	TAG	383
PPA39426.1	TAA	136
PPA39423.1	TGA	69
PPA08112.1	TAG	201
PPA09647.1	TAG	70
PPA04141.1	TGA	72
PPA13015.1	TAG	179
PPA15262.1	TAG	110
PPA33279.1	TAG	272
PPA27335.1	TGA	313
PPA19924.1	TGA	141
PPA19919.1	TAA	124
PPA47350.1	TGA	212
PPA21437.1	TAG	138
PPA39850.1	TAG	143
PPA40199.1	TGA	152
PPA46540.1	TAA	86
PPA46534.1	TAG	141
PPA47301.1	TAG	114
PPA47300.1	TAA	93
PPA18907.1	TGA	375
PPA39182.1	TAG	44
PPA22370.1	TAA	196
PPA05667.1	TAA	277
PPA05672.1	TAA	55
PPA11760.1	TGA	88
PPA23353.1	TAG	39
PPA23354.1	TAA	380
PPA37960.1	TAG	92
PPA37955.1	TGA	147
PPA27261.1	TAA	60
PPA27257.1	TAA	162
PPA12783.1	TAA	215
PPA47052.1	TAG	107
PPA35669.1	TGA	90
PPA10647.1	TAA	456
PPA46518.1	TAA	369
PPA46520.1	TGA	288
PPA38151.1	TGA	120
PPA39326.1	TAA	51
PPA07465.1	TGA	215
PPA04885.1	TAA	287
PPA00537.1	TAG	341
PPA00540.1	TAA	367
PPA29056.1	TGA	330
PPA40269.1	TAA	202
PPA06566.1	TAA	258
PPA21345.1	TAA	173
PPA26423.1	TGA	146
PPA46943.1	TGA	57
PPA46942.1	TGA	178
PPA46945.1	TAA	249
PPA46946.1	TAG	91
PPA10045.1	TAA	43
PPA15905.1	TAG	341
PPA24351.1	TGA	222
PPA47371.1	TAG	74
PPA20350.1	TAA	410
PPA35447.1	TGA	17
PPA32538.1	TGA	218
PPA30364.1	TGA	102
PPA29854.1	TAA	59
PPA08425.1	TAA	274
PPA02668.1	TGA	305
PPA08133.1	TAA	184
PPA26279.1	TGA	117
PPA27916.1	TGA	234
PPA09283.1	TAA	17
PPA09281.1	TAA	125
PPA09278.1	TGA	89
PPA09279.1	TAG	105
PPA11427.1	TGA	16
PPA42164.1	TGA	124
PPA19425.2	TAA	72
PPA19425.1	TAA	200
PPA18095.1	TGA	78
PPA18091.1	TGA	61
PPA36041.1	TAG	275
PPA11836.1	TAA	2
PPA35627.1	TGA	49
PPA41606.1	TAG	189
PPA38534.1	TAA	40
PPA32357.1	TAG	134
PPA01576.1	TGA	184
PPA01578.1	TAA	23
PPA08231.1	TGA	85
PPA42519.1	TGA	19
PPA42090.1	TAG	102
PPA39789.1	TAA	30
PPA19730.1	TGA	129
PPA25309.1	TGA	38
PPA25307.1	TAA	167
PPA00260.1	TAA	265
PPA10306.1	TAA	335
PPA21932.1	TAA	200
PPA11172.1	TAG	181
PPA18263.1	TAG	137
PPA34104.1	TAA	162
PPA05398.1	TAA	52
PPA37832.1	TAA	150
PPA21262.1	TGA	56
PPA24961.1	TGA	216
PPA07073.1	TAG	220
PPA28618.1	TAA	136
PPA47150.1	TGA	91
PPA47153.1	TAA	43
PPA27798.1	TGA	79
PPA03085.1	TAA	340
PPA18502.1	TAA	91
PPA12626.2	TAA	44
PPA12626.1	TAA	47
PPA25429.1	TGA	24
PPA25431.1	TGA	116
PPA25430.1	TAG	392
PPA16855.1	TAA	52
PPA09119.1	TAA	198
PPA36291.1	TGA	21
PPA11740.1	TAA	96
PPA46941.1	TAA	377
PPA41373.1	TGA	96
PPA08208.1	TAA	213
PPA00173.1	TGA	179
PPA38409.1	TGA	122
PPA07560.1	TAA	146
PPA31326.1	TGA	241
PPA05218.1	TAG	124
PPA00907.1	TGA	114
PPA38067.1	TAA	130
PPA46793.1	TGA	38
PPA01528.1	TAA	165
PPA47326.1	TGA	119
PPA47330.1	TAG	256
PPA47333.1	TAA	365
PPA18688.1	TAA	246
PPA18692.1	TAA	42
PPA35776.1	TAG	95
PPA36123.1	TAG	166
PPA36126.1	TAG	9
PPA12090.1	TAG	343
PPA46860.1	TAA	174
PPA46854.1	TAA	183
PPA46856.1	TGA	30
PPA01381.1	TAA	120
PPA01378.1	TAA	59
PPA38611.1	TGA	68
PPA38613.1	TAA	30
PPA06917.1	TAG	342
PPA06925.1	TAG	94
PPA39217.1	TAA	110
PPA04156.1	TAA	411
PPA02588.1	TGA	55
PPA00342.1	TAA	68
PPA00336.1	TAA	88
PPA17283.1	TGA	121
PPA25603.1	TAG	127
PPA46655.1	TGA	134
PPA46651.1	TGA	150
PPA23573.1	TGA	126
PPA22742.1	TAA	150
PPA29250.1	TAG	102
PPA01624.1	TAA	260
PPA34596.1	TAA	70
PPA40242.1	TAA	58
PPA40686.1	TAA	157
PPA38498.1	TAG	233
PPA38494.1	TGA	114
PPA08025.1	TGA	118
PPA42102.1	TGA	54
PPA02069.1	TAG	181
PPA02072.1	TGA	293
PPA34921.1	TAA	182
PPA22954.1	TAA	112
PPA19810.1	TGA	157
PPA19815.1	TAA	90
PPA23143.1	TAA	106
PPA10354.1	TAA	108
PPA40082.1	TGA	14
PPA40083.1	TAA	56
PPA40089.1	TAA	241
PPA24457.1	TGA	136
PPA11660.1	TAA	302
PPA09456.1	TAG	128
PPA14640.1	TAA	35
PPA14637.1	TAA	109
PPA17055.1	TGA	247
PPA37110.1	TAA	191
PPA39371.1	TAG	61
PPA24697.1	TAA	65
PPA31368.1	TAA	190
PPA09701.1	TAA	50
PPA09702.1	TGA	266
PPA25235.1	TAA	64
PPA20016.1	TAG	32
PPA02512.1	TGA	180
PPA02323a.1	TAA	513
PPA02322.1	TGA	182
PPA19893.1	TGA	76
PPA16269.1	TGA	279
PPA46548.1	TGA	165
PPA46545.1	TAA	82
PPA46543.1	TGA	96
PPA11399.1	TGA	54
PPA11466.1	TAA	216
PPA39801.1	TGA	46
PPA39808.1	TGA	89
PPA47254.1	TAA	79
PPA47253.1	TGA	107
PPA18896.1	TGA	51
PPA30629.1	TAG	177
PPA33532.1	TAA	262
PPA31444.1	TGA	248
PPA14014.1	TAA	165
PPA14013.1	TAG	77
PPA23381.1	TGA	162
PPA45123.1	TAA	481
PPA39392.1	TAA	120
PPA39391.1	TAG	193
PPA22659.1	TGA	87
PPA47094.1	TGA	92
PPA47091.1	TAG	221
PPA47099.1	TGA	30
PPA14212.1	TGA	146
PPA25742.1	TAA	202
PPA22420.1	TAG	371
PPA40325.1	TAA	127
PPA36640.1	TAG	93
PPA02201.1	TAG	55
PPA34413.1	TGA	137
PPA38205.1	TGA	149
PPA26820.1	TGA	31
PPA26822.2	TAG	91
PPA26822.1	TAG	60
PPA28807.1	TAG	190
PPA28806.1	TAA	105
PPA25503.1	TAA	206
PPA25497.1	TGA	107
PPA26386.1	TGA	267
PPA26392.1	TGA	200
PPA18376.1	TGA	85
PPA18382.1	TAA	45
PPA20981.1	TAA	28
PPA20982.1	TAA	71
PPA46972.1	TGA	99
PPA41962.1	TAA	90
PPA16236.1	TAA	365
PPA04134.1	TGA	48
PPA17926.1	TAA	251
PPA39569.1	TGA	122
PPA47407.1	TGA	66
PPA47403.1	TAA	35
PPA22471.1	TAA	175
PPA01542.1	TAA	264
PPA15306.1	TAA	238
PPA36197.1	TAA	189
PPA36850.1	TAG	112
PPA06336.1	TAA	95
PPA38845.1	TAA	86
PPA43316.1	TAA	163
PPA43315.1	TAA	176
PPA43317.1	TGA	24
PPA36610.1	TGA	355
PPA03025.1	TAA	110
PPA03024.1	TAA	76
PPA06150.1	TAA	16
PPA28527.1	TGA	435
PPA23068.1	TAG	156
PPA17389.1	TAG	137
PPA14536.1	TAG	397
PPA11214.1	TGA	115
PPA15771.1	TAA	173
PPA14145.1	TGA	55
PPA14138.1	TAA	191
PPA31521.1	TGA	62
PPA40354.1	TGA	264
PPA37674.1	TGA	82
PPA37673.1	TAA	148
PPA38652.1	TAA	291
PPA38734.2	TAA	114
PPA38734.1	TAA	96
PPA05438.1	TGA	71
PPA16140.1	TAG	235
PPA08864.1	TAA	255
PPA33428.1	TAA	65
PPA02379.1	TAG	56
PPA01841.1	TAG	58
PPA20015.1	TAG	510
PPA10284.1	TAA	34
PPA36718.1	TAA	94
PPA39257.1	TGA	98
PPA04911.1	TAA	60
PPA07973.1	TGA	28
PPA39735.1	TAA	45
PPA05781.1	TGA	66
PPA07272.1	TGA	117
PPA00025.1	TAA	224
PPA22762.1	TAG	114
PPA21268.1	TAA	65
PPA22761.1	TAA	206
PPA20757.1	TAG	143
PPA28572.1	TAG	24
PPA17847.1	TAA	90
PPA47001.1	TAG	66
PPA35491.1	TAA	174
PPA37497.1	TAA	4
PPA38377.1	TAA	62
PPA05227.1	TAG	259
PPA13806.1	TAA	134
PPA29922.1	TAA	105
PPA06234.1	TGA	219
PPA24645.1	TAA	88
PPA46762.1	TAA	226
PPA27219.1	TAA	50
PPA14061.1	TGA	127
PPA14060.1	TAA	131
PPA08898.1	TAG	218
PPA14065.1	TGA	439
PPA08902.1	TGA	183
PPA36077.1	TGA	303
PPA12057.1	TGA	15
PPA33959.1	TAA	192
PPA01350.1	TAA	147
PPA38589.1	TGA	158
PPA13958.1	TAA	115
PPA13957.1	TAA	57
PPA33825.1	TGA	48
PPA05874.1	TGA	118
PPA01580.1	TGA	169
PPA07439.1	TGA	135
PPA02642.1	TGA	367
PPA17309.1	TAA	328
PPA08567.1	TAG	213
PPA08575.1	TGA	181
PPA11302.1	TAG	130
PPA11301.1	TGA	213
PPA46736.1	TAA	244
PPA32140.1	TAG	82
PPA23178.1	TAA	62
PPA13582.1	TAA	398
PPA13578.1	TGA	15
PPA13584.1	TAG	73
PPA12242.1	TAA	172
PPA40271.1	TAA	113
PPA40274.1	TGA	178
PPA11869.1	TAG	77
PPA21557.1	TAG	37
PPA30704.1	TAA	143
PPA26677.1	TAA	143
PPA24850.1	TAG	417
PPA42114.1	TAG	344
PPA15425.1	TAA	220
PPA19804.1	TAA	226
PPA25423.1	TGA	137
PPA08532.1	TGA	260
PPA08528.1	TAG	124
PPA01940.1	TGA	218
PPA40114.1	TGA	67
PPA40115.1	TAA	190
PPA11672.1	TAA	63
PPA33826.1	TGA	143
PPA35202.1	TAA	289
PPA19010.1	TGA	325
PPA05149.1	TAA	126
PPA31409.1	TAG	166
PPA39947.1	TAG	223
PPA07795.1	TGA	65
PPA07794.1	TGA	128
PPA07601.1	TAA	153
PPA03282.1	TAG	92
PPA06275.1	TAG	258
PPA43309.1	TGA	334
PPA41710.1	TGA	43
PPA02503.1	TAA	67
PPA02500.1	TAA	78
PPA22628.1	TAA	16
PPA12502.1	TAA	318
PPA35748.1	TAA	213
PPA21382.1	TAG	131
PPA46884.1	TGA	49
PPA46888.1	TAA	72
PPA46886.1	TAG	91
PPA33645.1	TAA	99
PPA35578.1	TAA	62
PPA47247.1	TAG	154
PPA47248.1	TAA	335
PPA47248.2	TAA	136
PPA34681.1	TAG	99
PPA39162.1	TAA	217
PPA08216.1	TGA	104
PPA35887.1	TAA	58
PPA34476.1	TAA	96
PPA13998.1	TGA	171
PPA02559.1	TGA	23
PPA02557.1	TAA	127
PPA18326.1	TGA	48
PPA20928.1	TAG	469
PPA46682.1	TAA	73
PPA46686.1	TGA	113
PPA24922.1	TAA	136
PPA16075.1	TGA	94
PPA09682.1	TGA	273
PPA18159.1	TAA	239
PPA06270.1	TAA	61
PPA02956.1	TGA	79
PPA35729.1	TGA	65
PPA35727.1	TAA	125
PPA35722.1	TGA	52
PPA33838.1	TGA	218
PPA33837.1	TAA	138
PPA38216.1	TAA	136
PPA38819.1	TGA	108
PPA42789.1	TGA	88
PPA26768.1	TAA	365
PPA00519.1	TAA	135
PPA02120.1	TAG	26
PPA26360.1	TAA	110
PPA09364.1	TAA	129
PPA46973.1	TGA	415
PPA41992.1	TAA	194
PPA17124.1	TAG	200
PPA17123.1	TGA	117
PPA17116.1	TAA	107
PPA13194.1	TGA	194
PPA13195.1	TAA	42
PPA13190.1	TGA	180
PPA39596.1	TAA	103
PPA20102.1	TAA	333
PPA14353.1	TGA	104
PPA37118.1	TAG	202
PPA16028.1	TAG	136
PPA38860.1	TAG	187
PPA24670.1	TAG	409
PPA29874.1	TGA	256
PPA03812.1	TGA	63
PPA02182.1	TGA	140
PPA09930.1	TGA	418
PPA17445.1	TAG	191
PPA09586.1	TAA	365
PPA09589.1	TGA	48
PPA46592.1	TGA	84
PPA46591.1	TAG	76
PPA46595.1	TGA	145
PPA46597.1	TAG	111
PPA46818.1	TAA	394
PPA46812.1	TAA	131
PPA15757.1	TAG	157
PPA30492.1	TAA	159
PPA20205.1	TGA	139
PPA33051.1	TGA	48
PPA11777.1	TGA	313
PPA38708.1	TGA	85
PPA22053.1	TAA	334
PPA38703.1	TAG	191
PPA24833.1	TAA	116
PPA09826.1	TAA	98
PPA09833.1	TAA	105
PPA01596.1	TGA	245
PPA03161.1	TAA	105
PPA03163.1	TGA	123
PPA39774.1	TAA	205
PPA26165.1	TGA	199
PPA26164.1	TAA	205
PPA35641.1	TAA	84
PPA35649.1	TAG	62
PPA11326.1	TAA	66
PPA11328.1	TAG	114
PPA11580.1	TAA	196
PPA35118.1	TAA	37
PPA20616.1	TAA	27
PPA31210.1	TGA	147
PPA26303.1	TAA	213
PPA06547.1	TGA	62
PPA41155.1	TAG	186
PPA03353a.1	TAA	184
PPA03347.1	TGA	132
PPA18411.1	TAG	33
PPA09441.1	TAG	195
PPA46928.1	TAA	296
PPA46924.1	TAA	145
PPA46930.1	TGA	246
PPA14876.1	TAG	180
PPA47204.1	TGA	307
PPA10094.1	TAA	104
PPA12742.1	TAA	244
PPA22792.1	TAA	78
PPA12572.1	TGA	4
PPA47395.1	TAA	227
PPA47390.1	TGA	319
PPA47031.1	TAA	142
PPA15431.1	TAG	116
PPA09143.1	TGA	193
PPA09141.1	TGA	201
PPA36234.1	TGA	232
PPA19832.1	TGA	33
PPA00189.1	TGA	241
PPA41527.1	TAA	153
PPA07036.1	TAA	49
PPA46975.1	TAA	55
PPA33610.1	TGA	68
PPA17361.1	TAA	89
PPA33067.1	TGA	92
PPA31473.1	TAA	84
PPA47209.1	TGA	42
PPA47210.1	TAG	253
PPA09261.1	TGA	180
PPA38576.1	TAA	356
PPA46737.1	TAG	75
PPA46732.1	TGA	101
PPA46731.1	TGA	89
PPA42181.1	TAG	155
PPA15981.1	TAA	575
PPA18932.1	TAA	140
PPA12074.1	TAA	65
PPA40409.1	TAA	139
PPA38978.1	TAA	25
PPA24753.1	TGA	365
PPA31700.1	TAA	57
PPA28104.1	TGA	22
PPA39952.1	TAG	93
PPA03244.1	TGA	78
PPA03239.1	TAG	351
PPA12838.1	TAA	142
PPA01923.1	TAA	421
PPA12836.1	TAA	235
PPA44343.1	TGA	347
PPA36977.1	TGA	119
PPA21807.1	TGA	188
PPA10291.1	TAA	264
PPA10292.1	TAA	12
PPA40201.1	TAG	111
PPA35036.1	TAG	104
PPA35036.2	TAG	106
PPA46719.1	TAA	72
PPA46720.1	TAA	308
PPA46711.1	TGA	42
PPA46718.1	TAG	88
PPA12315.1	TGA	77
PPA12310.1	TGA	81
PPA13740.1	TAG	236
PPA11917.1	TGA	104
PPA06630.1	TAA	74
PPA38767.1	TAA	145
PPA21615.1	TAA	116
PPA09979.1	TGA	58
PPA27825.1	TAA	157
PPA27823.1	TAG	295
PPA42533.1	TAA	386
PPA12661.1	TGA	294
PPA15349.1	TGA	83
PPA15352.1	TAA	41
PPA19753.1	TAA	75
PPA14387.1	TAG	236
PPA04247.1	TAG	140
PPA36789.1	TGA	109
PPA36785.1	TAA	119
PPA39073.1	TAA	189
PPA11112.1	TAA	79
PPA37768.1	TAA	262
PPA06513.1	TGA	215
PPA32710.1	TAA	41
PPA09345.1	TGA	164
PPA39837.1	TAA	164
PPA02446.1	TAA	234
PPA09211.1	TAA	437
PPA43967.1	TGA	265
PPA43968.1	TAA	54
PPA17234.1	TAA	32
PPA17227.1	TAG	321
PPA14109.1	TAA	50
PPA08852.1	TGA	16
PPA36979.1	TGA	391
PPA46606.1	TGA	234
PPA46877.1	TAA	38
PPA46878.1	TAA	178
PPA35602.1	TAA	165
PPA35607.1	TGA	40
PPA35606.1	TAA	65
PPA34004.1	TGA	357
PPA34008.1	TAA	132
PPA00411.1	TGA	155
PPA08175.1	TGA	187
PPA08167.1	TAA	62
PPA36548.1	TAA	53
PPA05920.1	TAA	107
PPA26743.1	TGA	131
PPA44896.1	TAG	74
PPA28713.1	TGA	55
PPA05740.1	TGA	224
PPA02574.1	TAA	138
PPA02575.1	TGA	19
PPA46631.1	TGA	181
PPA46634.1	TGA	110
PPA46635.1	TAA	186
PPA46636.1	TGA	62
PPA46637.1	TGA	180
PPA46639.1	TGA	125
PPA44532.1	TAA	448
PPA41850.1	TAG	145
PPA39450.1	TAA	233
PPA39446.1	TGA	89
PPA30603.1	TAA	4
PPA10880.1	TAA	185
PPA10882.1	TAG	169
PPA18589.1	TGA	117
PPA12187.1	TGA	164
PPA34124.1	TAA	254
PPA34126.1	TAG	49
PPA38434.1	TAG	122
PPA38440.1	TGA	190
PPA06801.1	TAA	145
PPA28886.1	TAA	344
PPA07131.1	TGA	60
PPA42924.1	TAG	37
PPA04714.1	TAG	128
PPA04713.1	TAA	25
PPA30718.1	TGA	76
PPA23012.1	TAA	170
PPA21650.1	TAA	165
PPA21653.1	TAA	63
PPA21653.2	TAA	11
PPA10371.1	TGA	153
PPA24518.1	TAA	47
PPA24521.2	TAA	115
PPA24521.1	TAA	163
PPA12392.1	TAA	228
PPA23763.1	TAA	272
PPA17075b.1	TAA	121
PPA13162.1	TAA	51
PPA13159.1	TGA	64
PPA13839.1	TAG	35
PPA39626.1	TAA	5
PPA37087.1	TGA	121
PPA17413.1	TAA	96
PPA05277.1	TAA	211
PPA32087.1	TAA	230
PPA00422.1	TGA	62
PPA03308.1	TAG	206
PPA03306.1	TAA	139
PPA32444.1	TGA	432
PPA30594.1	TAA	213
PPA45226.2	TGA	265
PPA45226.1	TGA	349
PPA09721.1	TAG	109
PPA02528.1	TAG	40
PPA04129.1	TAG	88
PPA24333.1	TAG	72
PPA46524.1	TAA	97
PPA46527.1	TAG	79
PPA46528.1	TGA	80
PPA33679.1	TAA	153
PPA39822.1	TAG	149
PPA47269.1	TGA	320
PPA47273.1	TAA	61
PPA47272.1	TAA	229
PPA47271.1	TAG	322
PPA32284.1	TGA	160
PPA32637.1	TGA	25
PPA05662.1	TAA	223
PPA33104.1	TGA	128
PPA20681.1	TAA	219
PPA20676.1	TAA	123
PPA27616.1	TGA	224
PPA40455.1	TGA	58
PPA22725.1	TAA	248
PPA47121.1	TGA	10
PPA47118.1	TGA	151
PPA47115.1	TAA	158
PPA25336.1	TAA	51
PPA14188.1	TAA	92
PPA09166.1	TGA	147
PPA28256.1	TAG	63
PPA42844.1	TGA	78
PPA05976.1	TAG	47
PPA13707.1	TGA	200
PPA07286.1	TGA	98
PPA44734.1	TAA	215
PPA21732.1	TGA	169
PPA18396.1	TAA	225
PPA25065a.1	TAG	528
PPA25061.1	TGA	203
PPA15889.1	TGA	231
PPA23837.1	TGA	40
PPA24385.1	TAA	30
PPA47421.1	TGA	156
PPA47418.1	TGA	97
PPA26025.1	TGA	45
PPA18802.1	TGA	153
PPA12678.1	TAG	120
PPA16940.1	TGA	42
PPA14874.1	TGA	31
PPA09023.1	TAA	31
PPA47178.2	TAG	64
PPA47178.1	TAG	87
PPA06922.1	TAA	182
PPA28175.1	TAA	159
PPA33530.1	TAA	173
PPA08057.1	TAG	259
PPA36545.1	TAA	108
PPA03004.1	TAA	191
PPA34449.1	TAG	88
PPA26632.1	TGA	49
PPA28514.1	TAA	154
PPA17407.1	TAG	217
PPA15931.1	TAA	45
PPA09585.1	TAA	136
PPA42140.1	TAG	61
PPA13058.1	TAA	44
PPA22609.1	TGA	20
PPA37516.1	TGA	20
PPA36057.1	TAG	2
PPA35243.1	TAG	215
PPA37695.1	TAA	316
PPA01555.1	TAA	35
PPA01554.1	TGA	234
PPA24935.1	TGA	199
PPA08237.1	TAG	190
PPA05927.1	TAA	363
PPA07870.1	TAA	43
PPA22862.1	TAG	39
PPA19994.1	TAG	386
PPA19993.1	TAG	129
PPA19987.1	TAG	163
PPA25263.1	TAA	50
PPA25257.1	TGA	92
PPA40171.1	TGA	87
PPA40180.1	TAG	124
PPA11606.1	TAG	163
PPA39724.1	TAA	90
PPA39236.1	TAA	75
PPA39240.1	TGA	18
PPA05391.1	TAA	360
PPA37845.1	TGA	20
PPA37847.1	TGA	6
PPA28937.1	TAA	95
PPA47138.1	TAG	34
PPA10139.1	TGA	174
PPA42023.1	TGA	205
PPA22783.1	TAA	6
PPA42603.1	TAA	221
PPA42606.1	TAA	126
PPA46980.1	TGA	59
PPA18471.1	TAG	88
PPA18466.1	TAG	88
PPA09090.1	TAA	229
PPA03856.1	TAA	28
PPA40602.1	TAG	32
PPA40606.1	TAA	101
PPA19529.1	TAG	77
PPA05063.1	TAA	40
PPA01929.1	TAA	31
PPA05059.1	TGA	395
PPA39988.1	TAA	301
PPA39985.1	TAA	333
PPA38398.1	TAG	128
PPA39042.1	TAG	154
PPA43181.1	TAA	208
PPA36629.1	TAG	260
PPA08137.1	TGA	420
PPA36628.1	TGA	141
PPA35966.1	TAA	8
PPA34524.1	TAG	161
PPA06503.1	TGA	310
PPA06496.1	TAA	72
PPA45464.1	TGA	353
PPA45466.1	TAA	260
PPA43227.1	TGA	27
PPA46781.1	TGA	310
PPA46783.1	TAA	208
PPA14788.1	TAA	75
PPA42220.1	TAA	221
PPA16725.1	TGA	247
PPA15145.1	TAA	15
PPA16633.1	TGA	108
PPA47321.1	TGA	46
PPA44689.1	TAA	188
PPA18705.1	TAA	93
PPA08879.1	TAG	147
PPA08880.1	TAG	243
PPA37003.1	TGA	125
PPA40175.1	TGA	177
PPA46822.1	TAG	121
PPA06455.1	TGA	231
PPA06891.1	TAA	39
PPA33623.1	TGA	254
PPA33629.1	TAG	152
PPA08160.1	TAA	342
PPA08161.1	TAG	261
PPA00596.1	TGA	100
PPA44846.1	TAG	254
PPA02625.1	TAA	27
PPA00311.1	TGA	402
PPA22731.1	TAG	84
PPA31875.1	TGA	15
PPA40672.1	TGA	93
PPA01224.1	TAG	33
PPA07951.1	TAA	119
PPA07950.1	TAG	59
PPA07946.1	TAA	189
PPA29731.1	TGA	19
PPA29735.1	TAG	200
PPA32202.1	TAA	93
PPA22957.1	TAG	288
PPA15400.1	TGA	240
PPA22965.1	TGA	183
PPA15404.1	TGA	139
PPA22340.1	TGA	162
PPA19818.1	TGA	115
PPA17815.1	TAG	181
PPA17807.1	TAA	25
PPA10360.1	TAA	345
PPA30246.1	TGA	289
PPA18435.1	TGA	34
PPA23809.1	TAA	10
PPA17061.1	TAA	64
PPA17058.1	TGA	101
PPA30846.1	TAG	332
PPA37095.1	TAG	126
PPA27848.1	TAG	173
PPA07812.1	TAG	157
PPA38913.1	TAG	247
PPA38112.1	TAA	41
PPA39390.1	TGA	355
PPA09692.1	TAA	51
PPA09688.1	TGA	225
PPA25236.1	TGA	17
PPA20476.1	TAA	147
PPA01483.1	TGA	44
PPA29067.1	TGA	34
PPA04337.1	TAA	212
PPA46741.1	TAA	373
PPA24010.1	TAG	364
PPA33319.1	TGA	128
PPA02237.1	TGA	158
PPA02239.1	TAA	294
PPA17533.1	TAA	116
PPA10815.1	TAG	230
PPA21403.1	TGA	76
PPA46908.1	TAA	208
PPA46908.2	TAA	205
PPA46910.1	TAA	56
PPA14514.1	TAG	156
PPA41047.1	TAA	89
PPA34702.1	TGA	255
PPA09212.1	TAA	233
PPA30825.1	TGA	93
PPA33543.1	TAA	160
PPA31454.1	TAG	161
PPA14025.1	TGA	156
PPA14025.2	TGA	149
PPA30006.1	TGA	226
PPA03669.1	TAA	23
PPA45344.1	TAA	198
PPA16055.1	TAG	129
PPA12816.1	TGA	155
PPA47088.1	TAG	198
PPA08261.1	TGA	79
PPA08260.1	TGA	179
PPA14219.1	TAA	131
PPA19695.1	TAA	203
PPA34548.1	TAA	238
PPA35424.1	TAA	56
PPA38193.1	TAA	26
PPA01247.1	TGA	116
PPA06773.1	TAA	439
PPA32901.1	TGA	50
PPA08029.1	TAG	85
PPA33440.1	TAG	111
PPA02787.1	TAA	118
PPA25507.1	TGA	90
PPA25508.1	TAA	119
PPA20952.1	TGA	155
PPA47140.1	TAA	266
PPA26377.1	TGA	38
PPA27070.1	TAA	133
PPA15215.1	TAG	310
PPA22463.1	TAA	45
PPA47417.1	TGA	1
PPA47414.1	TAG	129
PPA47413.1	TAA	122
PPA18772.1	TAG	103
PPA41414.1	TAA	132
PPA32117.1	TAA	247
PPA09403.1	TAA	226
PPA09404.1	TAG	183
PPA43322.1	TAA	26
PPA43327.1	TAA	186
PPA42666.1	TAG	188
PPA08073.1	TAA	243
PPA02162.1	TAA	30
PPA44307.1	TAG	32
PPA23096.1	TAG	242
PPA17446.1	TAA	91
PPA17449.1	TAA	92
PPA39883.1	TGA	204
PPA02143.1	TGA	124
PPA46571.1	TAA	77
PPA46578.1	TGA	57
PPA46577.1	TGA	89
PPA46576.1	TGA	87
PPA46579.1	TAG	60
PPA16856.1	TAA	64
PPA38716.1	TAG	103
PPA12126.1	TGA	14
PPA37687.1	TAA	300
PPA38646.1	TGA	266
PPA09811.1	TAA	7
PPA05119.1	TAG	235
PPA37508.1	TAA	4
PPA03178.1	TAG	155
PPA28735.1	TAA	210
PPA28726.1	TGA	60
PPA02353.1	TAA	111
PPA25270.1	TAA	65
PPA25274.1	TAG	231
PPA08636.1	TGA	108
PPA46477.1	TAG	125
PPA46478.1	TAA	133
PPA46474.1	TAA	109
PPA34410.1	TAA	115
PPA12247.1	TAA	304
PPA42874.1	TGA	108
PPA13676.1	TAA	348
PPA07280.1	TAA	288
PPA07279.1	TAA	160
PPA00007.1	TAA	70
PPA00013.1	TAA	118
PPA47190.1	TAA	262
PPA47185.1	TAG	366
PPA27756.1	TAG	67
PPA22814.1	TGA	59
PPA22812.1	TAA	104
PPA47012.1	TGA	114
PPA47016.1	TAA	36
PPA00215.1	TGA	51
PPA07604.1	TAA	106
PPA07605.1	TAA	78
PPA03328.1	TAG	205
PPA17381.1	TGA	128
PPA27877.1	TAA	58
PPA46760.1	TGA	199
PPA46754.1	TAA	66
PPA46753.1	TAA	208
PPA15093.1	TAG	30
PPA18047.1	TAA	180
PPA18047.2	TAA	160
PPA35812.1	TAG	73
PPA37484.1	TGA	78
PPA14047.1	TAA	165
PPA36090.1	TAA	275
PPA36960.1	TAG	176
PPA36955.1	TAA	54
PPA28158.1	TGA	105
PPA38572.1	TAA	139
PPA38722.1	TAA	98
PPA38725.1	TAA	213
PPA36477.1	TGA	60
PPA27627.1	TAA	98
PPA02847.1	TAA	179
PPA27033.1	TAA	75
PPA04196.1	TAG	140
PPA12846.1	TAA	313
PPA47133.1	TGA	317
PPA45921.1	TAA	106
PPA28652.1	TGA	169
PPA28649.1	TAG	68
PPA25564.1	TGA	54
PPA11273.1	TAA	173
PPA35057.1	TAA	282
PPA32152.2	TAA	87
PPA32152.1	TAA	109
PPA13555.1	TAA	90
PPA13553.1	TGA	63
PPA20446.1	TAA	181
PPA10899.1	TAA	76
PPA35371.1	TAA	29
PPA24999.1	TAG	138
PPA28874.1	TAA	153
PPA10003.1	TAA	97
PPA45327a.1	TGA	268
PPA12680.1	TAA	108
PPA15411.1	TAG	30
PPA25545.1	TAG	119
PPA25543.1	TAG	326
PPA17761.1	TAA	162
PPA40130.1	TGA	60
PPA11705.1	TAG	119
PPA14599.1	TAG	99
PPA46788.1	TAA	71
PPA05185.1	TAA	58
PPA25156.1	TAA	231
PPA11093.1	TAG	98
PPA08811.1	TAG	100
PPA09737.1	TAG	155
PPA25187.1	TGA	73
PPA27658.1	TAG	304
PPA15329.1	TAA	111
PPA17208.1	TAG	348
PPA40494.1	TAA	63
PPA19926.1	TAA	145
PPA19605.1	TAA	312
PPA19597.1	TGA	82
PPA35735.1	TGA	170
PPA39912.1	TAG	61
PPA39914.1	TGA	127
PPA47377.1	TGA	67
PPA35581.1	TAA	82
PPA35589.1	TAG	9
PPA47221.1	TAA	221
PPA43118.1	TAG	61
PPA32609.1	TGA	156
PPA08195.1	TGA	104
PPA08189.1	TAA	431
PPA08191.1	TAG	206
PPA00658.1	TGA	94
PPA02548.1	TAA	194
PPA43748.1	TGA	227
PPA46700.1	TAA	94
PPA46691.1	TAA	196
PPA46695.1	TGA	193
PPA46696.1	TGA	164
PPA41811.1	TAA	122
PPA18166.1	TAA	186
PPA39470.1	TGA	42
PPA47131.1	TAA	176
PPA47134.1	TAG	475
PPA25699.1	TAG	195
PPA14172.1	TAG	105
PPA09233.1	TGA	65
PPA30652.1	TGA	72
PPA15843.1	TGA	272
PPA33844.1	TAG	200
PPA47257.1	TAA	15
PPA19266.1	TAG	199
PPA38451.1	TGA	118
PPA30434.1	TAA	93
PPA28773.1	TAA	48
PPA28768.1	TAA	306
PPA02112.1	TGA	41
