LDEU000067-RA	TAA	0
LDEU000492-RA	TGA	0
LDEU001098-RA	TGA	0
LDEU001102-RA	TAG	0
LDEU001257-RA	TAG	0
LDEU001370-RA	TAA	0
LDEU001561-RA	TGA	0
LDEU001566-RA	TGA	0
LDEU001756-RA	TGA	0
LDEU001894-RA	TAA	0
LDEU002251-RA	TGA	0
LDEU002628-RA	TGA	0
LDEU002851-RA	TAA	0
LDEU003456-RA	TGA	0
LDEU003680-RA	TGA	0
LDEU003901-RA	TGA	0
LDEU003941-RA	TAA	0
LDEU004039-RA	TGA	0
LDEU004731-RA	TGA	0
LDEU004997-RA	TAG	0
LDEU005170-RA	TGA	0
LDEU005208-RA	TGA	0
LDEU005248-RA	TGA	0
LDEU005754-RA	TGA	0
LDEU005764-RA	TAA	0
LDEU005983-RA	TAA	0
LDEU006031-RA	TAG	0
LDEU006044-RA	TAA	0
LDEU006117-RA	TGA	0
LDEU006189-RA	TGA	0
LDEU006345-RA	TGA	0
LDEU006465-RA	TAA	0
LDEU006909-RA	TGA	0
LDEU007009-RA	TAA	0
LDEU007206-RA	TAG	0
LDEU007234-RA	TAA	0
LDEU007260-RA	TAG	0
LDEU007327-RA	TAA	0
LDEU007335-RA	TGA	0
LDEU007418-RA	TAA	0
LDEU007423-RA	TAA	0
LDEU007515-RA	TAA	0
LDEU007566-RA	TGA	0
LDEU007622-RA	TAA	0
LDEU007953-RA	TAA	0
LDEU008162-RA	TAA	0
LDEU008222-RA	TGA	0
LDEU008227-RA	TGA	0
LDEU008363-RA	TAA	0
LDEU008574-RA	TAA	0
LDEU008693-RA	TAA	0
LDEU008711-RA	TAG	0
LDEU008727-RA	TAG	0
LDEU008790-RA	TAA	0
LDEU008796-RA	TGA	0
LDEU008817-RA	TAA	0
LDEU008869-RA	TAA	0
LDEU009050-RA	TAA	0
LDEU009084-RA	TAA	0
LDEU009097-RA	TGA	0
LDEU009136-RA	TAA	0
LDEU009138-RA	TAG	0
LDEU009140-RA	TAA	0
LDEU009155-RA	TGA	0
LDEU009231-RA	TAA	0
LDEU009271-RA	TAA	0
LDEU009313-RA	TAA	0
LDEU009333-RA	TGA	0
LDEU009384-RA	TAA	0
LDEU009419-RA	TAA	0
LDEU009435-RA	TAA	0
LDEU009451-RA	TGA	0
LDEU009506-RA	TAA	0
LDEU009537-RA	TAA	0
LDEU009566-RA	TGA	0
LDEU009610-RA	TAA	0
LDEU009683-RA	TAA	0
LDEU009699-RA	TAA	0
LDEU009733-RA	TAA	0
LDEU009737-RA	TGA	0
LDEU009809-RA	TAA	0
LDEU009853-RA	TAA	0
LDEU009878-RA	TAA	0
LDEU009893-RA	TAA	0
LDEU009925-RA	TAG	0
LDEU009932-RA	TAG	0
LDEU009977-RA	TAA	0
LDEU009988-RA	TAA	0
LDEU009991-RA	TAA	0
LDEU010048-RA	TAA	0
LDEU010049-RA	TGA	0
LDEU010086-RA	TAA	0
LDEU010113-RA	TAG	0
LDEU010238-RA	TAG	0
LDEU010253-RA	TAA	0
LDEU010312-RA	TAA	0
LDEU010341-RA	TGA	0
LDEU010343-RA	TAA	0
LDEU010433-RA	TAA	0
LDEU010479-RA	TAA	0
LDEU010498-RA	TAA	0
LDEU010532-RA	TAG	0
LDEU010569-RA	TAA	0
LDEU010633-RA	TAA	0
LDEU010638-RA	TAA	0
LDEU010660-RA	TAA	0
LDEU010690-RA	TAA	0
LDEU010715-RA	TGA	0
LDEU010721-RA	TAA	0
LDEU010783-RA	TAA	0
LDEU010787-RA	TGA	0
LDEU010818-RA	TGA	0
LDEU010874-RA	TAA	0
LDEU010900-RA	TAA	0
LDEU010907-RA	TAA	0
LDEU010930-RA	TAA	0
LDEU010938-RA	TAA	0
LDEU010945-RA	TAA	0
LDEU010956-RA	TAA	0
LDEU010980-RA	TAA	0
LDEU010988-RA	TGA	0
LDEU010991-RA	TAG	0
LDEU011030-RA	TAA	0
LDEU011076-RA	TAA	0
LDEU011094-RA	TAA	0
LDEU011099-RA	TAG	0
LDEU011226-RA	TAA	0
LDEU011239-RA	TGA	0
LDEU011248-RA	TGA	0
LDEU011285-RA	TAA	0
LDEU011304-RA	TAG	0
LDEU011335-RA	TAA	0
LDEU011413-RA	TAA	0
LDEU011414-RA	TAA	0
LDEU011416-RA	TGA	0
LDEU011438-RA	TAA	0
LDEU011594-RA	TAA	0
LDEU011611-RA	TAG	0
LDEU011621-RA	TAA	0
LDEU011632-RA	TAA	0
LDEU011646-RA	TGA	0
LDEU011658-RA	TGA	0
LDEU011660-RA	TAA	0
LDEU011689-RA	TAA	0
LDEU011690-RA	TGA	0
LDEU011711-RA	TAA	0
LDEU011719-RA	TGA	0
LDEU011731-RA	TAA	0
LDEU011753-RA	TAA	0
LDEU011774-RA	TGA	0
LDEU011788-RA	TAG	0
LDEU011803-RA	TAA	0
LDEU011804-RA	TAA	0
LDEU011830-RA	TGA	0
LDEU011840-RA	TAG	0
LDEU011879-RA	TAA	0
LDEU011900-RA	TAA	0
LDEU011948-RA	TGA	0
LDEU011971-RA	TGA	0
LDEU011975-RA	TGA	0
LDEU012000-RA	TGA	0
LDEU012025-RA	TAA	0
LDEU012032-RA	TGA	0
LDEU012070-RA	TAA	0
LDEU012071-RA	TAA	0
LDEU012095-RA	TGA	0
LDEU012113-RA	TAA	0
LDEU012127-RA	TAA	0
LDEU012144-RA	TAG	0
LDEU012167-RA	TGA	0
LDEU012214-RA	TGA	0
LDEU012225-RA	TGA	0
LDEU012236-RA	TAA	0
LDEU012247-RA	TGA	0
LDEU012254-RA	TAG	0
LDEU012291-RA	TAA	0
LDEU012354-RA	TGA	0
LDEU012356-RA	TAA	0
LDEU012378-RA	TAA	0
LDEU012390-RA	TGA	0
LDEU012418-RA	TGA	0
LDEU012446-RA	TAA	0
LDEU012458-RA	TGA	0
LDEU012473-RA	TAA	0
LDEU012474-RA	TAA	0
LDEU012482-RA	TAG	0
LDEU012491-RA	TAG	0
LDEU012532-RA	TAG	0
LDEU012564-RA	TAA	0
LDEU012568-RA	TAA	0
LDEU012575-RA	TGA	0
LDEU012586-RA	TGA	0
LDEU012609-RA	TAG	0
LDEU012629-RA	TGA	0
LDEU012640-RA	TAA	0
LDEU012642-RA	TAA	0
LDEU012646-RA	TAA	0
LDEU012657-RA	TAA	0
LDEU012658-RA	TAA	0
LDEU012677-RA	TAA	0
LDEU012721-RA	TGA	0
LDEU012722-RA	TAA	0
LDEU012738-RA	TAA	0
LDEU012772-RA	TGA	0
LDEU012792-RA	TGA	0
LDEU012800-RA	TAA	0
LDEU012805-RA	TAA	0
LDEU012816-RA	TGA	0
LDEU012827-RA	TGA	0
LDEU012847-RA	TAA	0
LDEU012850-RA	TGA	0
LDEU012856-RA	TAG	0
LDEU012859-RA	TGA	0
LDEU012874-RA	TAG	0
LDEU012875-RA	TGA	0
LDEU012895-RA	TGA	0
LDEU012903-RA	TAA	0
LDEU012921-RA	TAA	0
LDEU012930-RA	TAA	0
LDEU012945-RA	TAA	0
LDEU012951-RA	TGA	0
LDEU012961-RA	TAG	0
LDEU012978-RA	TAA	0
LDEU013002-RA	TAA	0
LDEU013055-RA	TAA	0
LDEU013063-RA	TAA	0
LDEU013066-RA	TGA	0
LDEU013073-RA	TAA	0
LDEU013119-RA	TAA	0
LDEU013131-RA	TAA	0
LDEU013142-RA	TAA	0
LDEU013159-RA	TGA	0
LDEU013167-RA	TAA	0
LDEU013208-RA	TAG	0
LDEU013215-RA	TGA	0
LDEU013217-RA	TAA	0
LDEU013222-RA	TAA	0
LDEU013268-RA	TGA	0
LDEU013275-RA	TAA	0
LDEU013278-RA	TAA	0
LDEU013281-RA	TAG	0
LDEU013293-RA	TAA	0
LDEU013355-RA	TAA	0
LDEU013372-RA	TAA	0
LDEU013373-RA	TAG	0
LDEU013383-RA	TAG	0
LDEU013419-RA	TAA	0
LDEU013421-RA	TAA	0
LDEU013423-RA	TGA	0
LDEU013427-RA	TGA	0
LDEU013430-RA	TAA	0
LDEU013445-RA	TGA	0
LDEU013460-RA	TAA	0
LDEU013463-RA	TAG	0
LDEU013484-RA	TAA	0
LDEU013489-RA	TAA	0
LDEU013495-RA	TAA	0
LDEU013496-RA	TAA	0
LDEU013503-RA	TAA	0
LDEU013511-RA	TAA	0
LDEU013512-RA	TAA	0
LDEU013524-RA	TGA	0
LDEU013546-RA	TAA	0
LDEU013619-RA	TAA	0
LDEU013680-RA	TAA	0
LDEU013691-RA	TAA	0
LDEU013695-RA	TAA	0
LDEU013705-RA	TGA	0
LDEU013811-RA	TGA	0
LDEU013817-RA	TAA	0
LDEU013825-RA	TAA	0
LDEU013829-RA	TAA	0
LDEU013836-RA	TAA	0
LDEU013842-RA	TAA	0
LDEU013888-RA	TAA	0
LDEU013894-RA	TAA	0
LDEU013898-RA	TAA	0
LDEU013911-RA	TAG	0
LDEU013924-RA	TAA	0
LDEU013983-RA	TAG	0
LDEU013997-RA	TAA	0
LDEU014044-RA	TGA	0
LDEU014047-RA	TAA	0
LDEU014086-RA	TAG	0
LDEU014089-RA	TAA	0
LDEU014107-RA	TAA	0
LDEU014121-RA	TAA	0
LDEU014137-RA	TAA	0
LDEU014145-RA	TAA	0
LDEU014212-RA	TAA	0
LDEU014225-RA	TAA	0
LDEU014244-RA	TAA	0
LDEU014256-RA	TGA	0
LDEU014353-RA	TGA	0
LDEU014362-RA	TAG	0
LDEU014365-RA	TAG	0
LDEU014370-RA	TAA	0
LDEU014376-RA	TGA	0
LDEU014391-RA	TAA	0
LDEU014409-RA	TAG	0
LDEU014465-RA	TAA	0
LDEU014503-RA	TGA	0
LDEU014513-RA	TAA	0
LDEU014517-RA	TGA	0
LDEU014521-RA	TGA	0
LDEU014553-RA	TAG	0
LDEU014554-RA	TAA	0
LDEU014566-RA	TAA	0
LDEU014595-RA	TAA	0
LDEU008882-RA	TAA	58
LDEU010541-RA	TAA	150
LDEU007398-RA	TGA	288
LDEU011536-RA	TAG	261
LDEU008722-RA	TAA	189
LDEU008528-RA	TAA	51
