ENSPMAT00000005877	TGA	213
ENSPMAT00000005916	TAA	609
ENSPMAT00000001286	TGA	96
ENSPMAT00000001279	TAG	138
ENSPMAT00000003088	TAG	264
ENSPMAT00000008628	TGA	732
ENSPMAT00000001721	TAG	369
ENSPMAT00000001727	TGA	160
ENSPMAT00000004982	TGA	439
ENSPMAT00000010510	TGA	43
ENSPMAT00000007872	TGA	7
ENSPMAT00000009864	TAA	281
ENSPMAT00000005399	TAG	585
ENSPMAT00000005405	TAA	165
ENSPMAT00000006701	TAA	192
ENSPMAT00000006702	TAA	192
ENSPMAT00000006667	TAA	39
ENSPMAT00000008041	TAA	208
ENSPMAT00000010342	TAA	221
ENSPMAT00000001461	TAA	117
ENSPMAT00000001456	TGA	442
ENSPMAT00000001490	TAG	40
ENSPMAT00000002803	TGA	287
ENSPMAT00000004654	TGA	156
ENSPMAT00000004196	TAA	365
ENSPMAT00000009949	TGA	234
ENSPMAT00000000980	TGA	195
ENSPMAT00000000992	TAG	94
ENSPMAT00000010000	TAA	425
ENSPMAT00000009998	TAA	425
ENSPMAT00000002141	TAG	233
ENSPMAT00000002259	TGA	341
ENSPMAT00000002238	TGA	232
ENSPMAT00000002258	TGA	58
ENSPMAT00000010793	TAG	141
ENSPMAT00000003080	TAA	183
ENSPMAT00000003065	TGA	2
ENSPMAT00000004145	TGA	289
ENSPMAT00000009848	TAA	246
ENSPMAT00000009845	TAA	246
ENSPMAT00000009867	TAA	282
ENSPMAT00000009832	TAA	102
ENSPMAT00000007806	TGA	281
ENSPMAT00000005907	TGA	123
ENSPMAT00000001258	TGA	323
ENSPMAT00000003076	TGA	604
ENSPMAT00000008978	TAG	146
ENSPMAT00000007162	TGA	174
ENSPMAT00000006639	TGA	212
ENSPMAT00000006672	TGA	38
ENSPMAT00000009080	TAA	84
ENSPMAT00000001135	TAA	386
ENSPMAT00000007699	TAG	240
ENSPMAT00000002832	TGA	374
ENSPMAT00000010190	TAA	428
ENSPMAT00000006415	TAG	568
ENSPMAT00000010192	TAA	323
ENSPMAT00000007431	TGA	82
ENSPMAT00000003544	TGA	105
ENSPMAT00000002518	TGA	68
ENSPMAT00000004983	TAA	269
ENSPMAT00000003478	TGA	70
ENSPMAT00000003209	TGA	218
ENSPMAT00000008833	TGA	329
ENSPMAT00000008841	TAA	253
ENSPMAT00000008842	TGA	305
ENSPMAT00000008843	TGA	305
ENSPMAT00000010452	TAG	203
ENSPMAT00000002127	TGA	130
ENSPMAT00000002148	TAG	150
ENSPMAT00000002117	TGA	330
ENSPMAT00000002138	TAA	326
ENSPMAT00000002129	TAA	161
ENSPMAT00000001451	TAG	140
ENSPMAT00000003798	TAA	81
ENSPMAT00000008323	TAA	263
ENSPMAT00000008224	TAG	176
ENSPMAT00000009329	TGA	181
ENSPMAT00000001243	TGA	227
ENSPMAT00000010135	TAA	444
ENSPMAT00000005918	TAA	180
ENSPMAT00000010902	TAG	134
ENSPMAT00000009533	TAG	62
ENSPMAT00000009532	TAA	64
ENSPMAT00000006726	TGA	407
ENSPMAT00000008772	TGA	233
ENSPMAT00000008672	TGA	41
ENSPMAT00000010737	TGA	525
ENSPMAT00000001653	TAA	129
ENSPMAT00000000967	TAG	4
ENSPMAT00000008794	TGA	28
ENSPMAT00000010736	TGA	411
ENSPMAT00000003197	TAA	225
ENSPMAT00000007678	TAA	350
ENSPMAT00000007683	TAA	74
ENSPMAT00000007869	TGA	386
ENSPMAT00000007855	TAG	202
ENSPMAT00000000221	TAA	140
ENSPMAT00000000223	TAA	116
ENSPMAT00000009335	TGA	81
ENSPMAT00000009321	TGA	99
ENSPMAT00000003573	TGA	408
ENSPMAT00000003617	TGA	197
ENSPMAT00000005092	TAA	387
ENSPMAT00000008665	TAA	137
ENSPMAT00000007295	TGA	499
ENSPMAT00000007310	TGA	229
ENSPMAT00000007797	TGA	249
ENSPMAT00000007325	TGA	124
ENSPMAT00000007323	TGA	124
ENSPMAT00000006226	TAG	430
ENSPMAT00000006228	TAG	461
ENSPMAT00000006229	TAA	399
ENSPMAT00000001890	TGA	594
ENSPMAT00000010472	TGA	53
ENSPMAT00000001842	TAA	266
ENSPMAT00000002125	TAA	408
ENSPMAT00000001846	TAA	268
ENSPMAT00000006505	TAA	256
ENSPMAT00000006780	TGA	432
ENSPMAT00000003739	TAG	331
ENSPMAT00000003731	TAG	248
ENSPMAT00000004086	TGA	238
ENSPMAT00000000330	TGA	169
ENSPMAT00000009802	TGA	441
ENSPMAT00000004583	TAA	464
ENSPMAT00000004551	TAG	134
ENSPMAT00000010075	TAG	436
ENSPMAT00000010068	TAG	77
ENSPMAT00000006499	TAA	319
ENSPMAT00000008736	TAG	92
ENSPMAT00000005002	TAA	245
ENSPMAT00000002493	TGA	145
ENSPMAT00000003554	TGA	146
ENSPMAT00000002136	TAA	347
ENSPMAT00000002891	TAG	154
ENSPMAT00000002890	TGA	120
ENSPMAT00000002885	TAA	180
ENSPMAT00000004057	TAA	44
ENSPMAT00000007706	TAG	245
ENSPMAT00000008686	TGA	70
ENSPMAT00000008685	TGA	70
ENSPMAT00000008088	TGA	295
ENSPMAT00000007076	TGA	669
ENSPMAT00000005669	TAA	481
ENSPMAT00000008424	TGA	127
ENSPMAT00000009569	TAG	357
ENSPMAT00000000611	TAA	364
ENSPMAT00000006198	TAG	377
ENSPMAT00000006222	TAA	533
ENSPMAT00000002619	TGA	200
ENSPMAT00000004881	TAA	73
ENSPMAT00000001024	TAA	250
ENSPMAT00000007053	TAA	300
ENSPMAT00000003855	TAG	180
ENSPMAT00000003793	TGA	495
ENSPMAT00000002646	TAA	24
ENSPMAT00000010613	TGA	99
ENSPMAT00000009279	TGA	54
ENSPMAT00000009285	TAG	272
ENSPMAT00000009608	TAG	592
ENSPMAT00000008132	TGA	298
ENSPMAT00000000786	TGA	357
ENSPMAT00000000791	TAG	350
ENSPMAT00000002145	TAG	253
ENSPMAT00000002911	TGA	406
ENSPMAT00000008397	TAA	476
ENSPMAT00000008449	TGA	542
ENSPMAT00000005189	TAG	141
ENSPMAT00000009361	TAA	231
ENSPMAT00000009355	TAA	365
ENSPMAT00000009369	TGA	300
ENSPMAT00000005256	TAG	424
ENSPMAT00000010222	TGA	179
ENSPMAT00000002505	TGA	523
ENSPMAT00000006654	TGA	235
ENSPMAT00000006651	TGA	245
ENSPMAT00000001423	TGA	134
ENSPMAT00000001431	TGA	404
ENSPMAT00000001435	TGA	146
ENSPMAT00000008835	TAG	222
ENSPMAT00000006300	TGA	473
ENSPMAT00000001936	TGA	518
ENSPMAT00000001937	TAG	496
ENSPMAT00000001932	TGA	397
ENSPMAT00000001801	TGA	122
ENSPMAT00000004718	TGA	350
ENSPMAT00000004285	TAA	76
ENSPMAT00000003807	TGA	282
ENSPMAT00000000996	TGA	129
ENSPMAT00000007151	TGA	7
ENSPMAT00000007867	TGA	96
ENSPMAT00000006539	TGA	619
ENSPMAT00000009652	TAA	444
ENSPMAT00000004885	TAG	431
ENSPMAT00000003673	TAA	290
ENSPMAT00000008773	TAG	344
ENSPMAT00000004507	TGA	246
ENSPMAT00000000386	TAG	166
ENSPMAT00000008960	TGA	374
ENSPMAT00000005867	TGA	49
ENSPMAT00000008634	TGA	246
ENSPMAT00000008753	TAA	295
ENSPMAT00000002918	TAG	141
ENSPMAT00000002931	TGA	247
ENSPMAT00000008638	TAA	248
ENSPMAT00000000155	TAG	176
ENSPMAT00000007746	TGA	449
ENSPMAT00000005060	TAG	359
ENSPMAT00000005113	TGA	76
ENSPMAT00000001959	TAG	108
ENSPMAT00000010769	TGA	405
ENSPMAT00000001794	TGA	29
ENSPMAT00000000759	TAA	270
ENSPMAT00000006865	TGA	277
ENSPMAT00000004287	TGA	177
ENSPMAT00000001084	TAA	97
ENSPMAT00000001114	TGA	257
ENSPMAT00000001070	TGA	49
ENSPMAT00000008210	TAA	149
ENSPMAT00000002418	TAG	4
ENSPMAT00000009780	TGA	508
ENSPMAT00000004687	TGA	427
ENSPMAT00000005159	TAA	460
ENSPMAT00000008769	TGA	609
ENSPMAT00000007402	TAA	287
ENSPMAT00000000403	TGA	373
ENSPMAT00000005857	TGA	37
ENSPMAT00000000828	TAA	363
ENSPMAT00000002459	TAA	309
ENSPMAT00000003529	TGA	1238
ENSPMAT00000002437	TAG	1
ENSPMAT00000003430	TGA	114
ENSPMAT00000005900	TAA	209
ENSPMAT00000001560	TGA	166
ENSPMAT00000001563	TGA	166
ENSPMAT00000005073	TAG	515
ENSPMAT00000003074	TGA	609
ENSPMAT00000005121	TGA	263
ENSPMAT00000003413	TGA	483
ENSPMAT00000003452	TAA	442
ENSPMAT00000003069	TAA	287
ENSPMAT00000010299	TAG	180
ENSPMAT00000000127	TGA	383
ENSPMAT00000000135	TAA	292
ENSPMAT00000010303	TGA	338
ENSPMAT00000007022	TAG	610
ENSPMAT00000001259	TAA	119
ENSPMAT00000008486	TAA	485
ENSPMAT00000005563	TAG	379
ENSPMAT00000005986	TGA	297
ENSPMAT00000001974	TGA	413
ENSPMAT00000008793	TGA	219
ENSPMAT00000004670	TAG	299
ENSPMAT00000002868	TGA	164
ENSPMAT00000009480	TGA	61
ENSPMAT00000002976	TAA	2
ENSPMAT00000004321	TGA	170
ENSPMAT00000003824	TGA	224
ENSPMAT00000003816	TAA	337
ENSPMAT00000002506	TAA	15
ENSPMAT00000008283	TGA	297
ENSPMAT00000008284	TGA	297
ENSPMAT00000008274	TAG	357
ENSPMAT00000005174	TAG	152
ENSPMAT00000009254	TGA	399
ENSPMAT00000009270	TGA	539
ENSPMAT00000001698	TGA	207
ENSPMAT00000008262	TAG	315
ENSPMAT00000003230	TGA	307
ENSPMAT00000001856	TAA	324
ENSPMAT00000001857	TAA	324
ENSPMAT00000001851	TAA	324
ENSPMAT00000002615	TAA	421
ENSPMAT00000010249	TGA	48
ENSPMAT00000001589	TGA	313
ENSPMAT00000003092	TGA	266
ENSPMAT00000003910	TGA	341
ENSPMAT00000003464	TGA	542
ENSPMAT00000000195	TGA	66
ENSPMAT00000000207	TAG	197
ENSPMAT00000002698	TAA	239
ENSPMAT00000003032	TAA	143
ENSPMAT00000001362	TGA	222
ENSPMAT00000004482	TAA	586
ENSPMAT00000008493	TGA	389
ENSPMAT00000006044	TGA	286
ENSPMAT00000006438	TAA	232
ENSPMAT00000007200	TAA	240
ENSPMAT00000007544	TGA	414
ENSPMAT00000009468	TGA	32
ENSPMAT00000007528	TGA	179
ENSPMAT00000009464	TGA	345
ENSPMAT00000006906	TAG	504
ENSPMAT00000007008	TGA	125
ENSPMAT00000004377	TGA	81
ENSPMAT00000004343	TGA	402
ENSPMAT00000008117	TAG	349
ENSPMAT00000008104	TAG	69
ENSPMAT00000008078	TGA	380
ENSPMAT00000007617	TAG	263
ENSPMAT00000005211	TGA	252
ENSPMAT00000004024	TGA	223
ENSPMAT00000000373	TGA	356
ENSPMAT00000009194	TGA	457
ENSPMAT00000004888	TGA	163
ENSPMAT00000009825	TGA	354
ENSPMAT00000002778	TGA	43
ENSPMAT00000007194	TGA	368
ENSPMAT00000001178	TGA	163
ENSPMAT00000010181	TAA	272
ENSPMAT00000001605	TGA	242
ENSPMAT00000000896	TGA	274
ENSPMAT00000003462	TAG	597
ENSPMAT00000003457	TGA	360
ENSPMAT00000003454	TAG	473
ENSPMAT00000009835	TAG	75
ENSPMAT00000006256	TAA	253
ENSPMAT00000003018	TAA	233
ENSPMAT00000008318	TGA	197
ENSPMAT00000008314	TGA	282
ENSPMAT00000001345	TAG	2278
ENSPMAT00000006545	TAG	172
ENSPMAT00000009919	TGA	67
ENSPMAT00000004816	TAA	443
ENSPMAT00000004844	TAG	231
ENSPMAT00000002834	TAG	343
ENSPMAT00000009459	TGA	242
ENSPMAT00000006936	TGA	11
ENSPMAT00000005502	TAG	153
ENSPMAT00000000705	TGA	279
ENSPMAT00000000708	TGA	70
ENSPMAT00000001149	TGA	308
ENSPMAT00000002044	TAA	401
ENSPMAT00000010219	TGA	55
ENSPMAT00000009323	TGA	295
ENSPMAT00000009060	TGA	165
ENSPMAT00000009049	TAG	592
ENSPMAT00000009045	TAG	142
ENSPMAT00000002436	TAA	258
ENSPMAT00000006391	TGA	144
ENSPMAT00000001245	TGA	263
ENSPMAT00000001209	TGA	415
ENSPMAT00000010582	TGA	170
ENSPMAT00000010577	TGA	443
ENSPMAT00000007033	TAA	307
ENSPMAT00000003815	TAG	166
ENSPMAT00000003881	TGA	376
ENSPMAT00000000941	TGA	377
ENSPMAT00000000938	TAG	153
ENSPMAT00000008342	TGA	171
ENSPMAT00000008359	TAG	13
ENSPMAT00000010847	TGA	320
ENSPMAT00000006786	TAA	173
ENSPMAT00000010698	TAA	283
ENSPMAT00000008936	TAG	335
ENSPMAT00000009412	TGA	2
ENSPMAT00000005969	TAA	207
ENSPMAT00000005982	TGA	247
ENSPMAT00000004815	TGA	402
ENSPMAT00000004814	TAA	217
ENSPMAT00000006950	TGA	333
ENSPMAT00000005531	TAA	166
ENSPMAT00000005520	TGA	491
ENSPMAT00000000676	TAG	1064
ENSPMAT00000002690	TAG	327
ENSPMAT00000010658	TAG	470
ENSPMAT00000008735	TAG	331
ENSPMAT00000002327	TAA	523
ENSPMAT00000003350	TAA	113
ENSPMAT00000000064	TGA	484
ENSPMAT00000000060	TGA	270
ENSPMAT00000000065	TAA	2
ENSPMAT00000005474	TGA	255
ENSPMAT00000008512	TAA	70
ENSPMAT00000008510	TGA	69
ENSPMAT00000008426	TAA	59
ENSPMAT00000003724	TGA	233
ENSPMAT00000008127	TGA	283
ENSPMAT00000010026	TAA	94
ENSPMAT00000006311	TAA	464
ENSPMAT00000001134	TAG	329
ENSPMAT00000002521	TGA	280
ENSPMAT00000002535	TAG	232
ENSPMAT00000004238	TGA	134
ENSPMAT00000007247	TAA	486
ENSPMAT00000006759	TGA	74
ENSPMAT00000004414	TAG	18
ENSPMAT00000000952	TGA	437
ENSPMAT00000000955	TGA	215
ENSPMAT00000000990	TAG	164
ENSPMAT00000006807	TAG	280
ENSPMAT00000006796	TAG	234
ENSPMAT00000009639	TAG	448
ENSPMAT00000008273	TGA	336
ENSPMAT00000010863	TAG	9
ENSPMAT00000009167	TGA	407
ENSPMAT00000004700	TGA	20
ENSPMAT00000004827	TGA	346
ENSPMAT00000004829	TGA	85
ENSPMAT00000004903	TGA	335
ENSPMAT00000005548	TAA	423
ENSPMAT00000010644	TAG	257
ENSPMAT00000010633	TGA	205
ENSPMAT00000010631	TAG	124
ENSPMAT00000002348	TGA	302
ENSPMAT00000006763	TGA	191
ENSPMAT00000005296	TGA	227
ENSPMAT00000000083	TGA	490
ENSPMAT00000007632	TGA	622
ENSPMAT00000009660	TGA	18
ENSPMAT00000005429	TAG	338
ENSPMAT00000004955	TAG	196
ENSPMAT00000004957	TGA	558
ENSPMAT00000000453	TAA	206
ENSPMAT00000007284	TGA	227
ENSPMAT00000003619	TGA	157
ENSPMAT00000003655	TGA	506
ENSPMAT00000001538	TGA	403
ENSPMAT00000001526	TGA	328
ENSPMAT00000001156	TGA	117
ENSPMAT00000001154	TGA	220
ENSPMAT00000009980	TGA	397
ENSPMAT00000004664	TGA	159
ENSPMAT00000007547	TAG	650
ENSPMAT00000009382	TGA	354
ENSPMAT00000009385	TAG	228
ENSPMAT00000009405	TGA	236
ENSPMAT00000008776	TGA	241
ENSPMAT00000009664	TGA	266
ENSPMAT00000000884	TGA	297
ENSPMAT00000000898	TAA	432
ENSPMAT00000006829	TGA	116
ENSPMAT00000006817	TGA	619
ENSPMAT00000002581	TAG	411
ENSPMAT00000001755	TAA	261
ENSPMAT00000000279	TAA	357
ENSPMAT00000008847	TGA	373
ENSPMAT00000008846	TGA	308
ENSPMAT00000000720	TGA	184
ENSPMAT00000000725	TGA	97
ENSPMAT00000003144	TGA	377
ENSPMAT00000005589	TGA	66
ENSPMAT00000010067	TGA	148
ENSPMAT00000001717	TAG	496
ENSPMAT00000002036	TGA	378
ENSPMAT00000002454	TGA	586
ENSPMAT00000010194	TAG	204
ENSPMAT00000005318	TAA	321
ENSPMAT00000005905	TAA	106
ENSPMAT00000000013	TGA	128
ENSPMAT00000008161	TAA	129
ENSPMAT00000007395	TAA	328
ENSPMAT00000009324	TGA	228
ENSPMAT00000004586	TAA	723
ENSPMAT00000004020	TAG	174
ENSPMAT00000005525	TAG	21
ENSPMAT00000002763	TAG	359
ENSPMAT00000006109	TGA	62
ENSPMAT00000006124	TGA	108
ENSPMAT00000009993	TGA	365
ENSPMAT00000005040	TGA	146
ENSPMAT00000004745	TGA	195
ENSPMAT00000008060	TGA	364
ENSPMAT00000009691	TAA	130
ENSPMAT00000005476	TGA	654
ENSPMAT00000005480	TGA	654
ENSPMAT00000006835	TAA	1370
ENSPMAT00000006858	TAA	37
ENSPMAT00000002233	TAG	266
ENSPMAT00000008386	TGA	105
ENSPMAT00000001049	TGA	88
ENSPMAT00000010701	TGA	328
ENSPMAT00000002290	TGA	186
ENSPMAT00000009116	TGA	644
ENSPMAT00000005467	TGA	678
ENSPMAT00000007514	TGA	174
ENSPMAT00000006503	TAG	195
ENSPMAT00000001309	TAG	390
ENSPMAT00000003121	TAG	2
ENSPMAT00000010347	TAA	229
ENSPMAT00000008640	TGA	40
ENSPMAT00000008637	TAA	51
ENSPMAT00000005610	TGA	504
ENSPMAT00000005605	TGA	3
ENSPMAT00000005602	TGA	3
ENSPMAT00000001673	TGA	506
ENSPMAT00000007769	TAA	172
ENSPMAT00000007148	TGA	200
ENSPMAT00000007779	TGA	259
ENSPMAT00000005386	TGA	164
ENSPMAT00000000041	TGA	164
ENSPMAT00000000035	TAG	172
ENSPMAT00000000036	TAG	426
ENSPMAT00000010471	TGA	238
ENSPMAT00000002948	TGA	77
ENSPMAT00000002942	TGA	354
ENSPMAT00000002940	TGA	324
ENSPMAT00000001494	TAA	589
ENSPMAT00000007780	TGA	300
ENSPMAT00000002797	TAA	162
ENSPMAT00000006196	TAA	30
ENSPMAT00000004715	TGA	39
ENSPMAT00000010308	TGA	31
ENSPMAT00000007230	TAA	375
ENSPMAT00000004211	TAG	490
ENSPMAT00000000657	TAA	364
ENSPMAT00000000654	TAA	106
ENSPMAT00000002565	TAG	241
ENSPMAT00000002256	TGA	186
ENSPMAT00000002275	TAG	94
ENSPMAT00000000228	TGA	121
ENSPMAT00000009086	TGA	52
ENSPMAT00000009113	TGA	309
ENSPMAT00000009088	TGA	269
ENSPMAT00000004439	TAA	202
ENSPMAT00000003295	TGA	505
ENSPMAT00000005884	TAA	197
ENSPMAT00000005875	TAA	420
ENSPMAT00000010327	TAA	159
ENSPMAT00000010287	TGA	417
ENSPMAT00000008636	TGA	449
ENSPMAT00000001743	TAA	409
ENSPMAT00000000868	TAA	53
ENSPMAT00000006675	TGA	434
ENSPMAT00000007271	TGA	228
ENSPMAT00000004858	TAA	458
ENSPMAT00000008071	TAA	502
ENSPMAT00000008072	TGA	123
ENSPMAT00000003691	TGA	299
ENSPMAT00000005306	TGA	377
ENSPMAT00000007823	TGA	261
ENSPMAT00000009911	TGA	60
ENSPMAT00000008599	TGA	333
ENSPMAT00000009917	TGA	6
ENSPMAT00000006435	TGA	144
ENSPMAT00000006431	TGA	144
ENSPMAT00000006407	TAA	2
ENSPMAT00000001235	TAG	280
ENSPMAT00000001222	TAA	457
ENSPMAT00000000470	TAA	184
ENSPMAT00000000476	TGA	90
ENSPMAT00000000466	TAG	458
ENSPMAT00000000463	TAG	136
ENSPMAT00000009723	TAA	71
ENSPMAT00000008015	TGA	365
ENSPMAT00000008003	TAG	323
ENSPMAT00000002165	TGA	381
ENSPMAT00000002169	TAA	377
ENSPMAT00000002544	TGA	257
ENSPMAT00000002554	TAG	2
ENSPMAT00000002241	TGA	68
ENSPMAT00000003050	TGA	62
ENSPMAT00000003054	TGA	109
ENSPMAT00000003055	TAA	187
ENSPMAT00000004151	TGA	105
ENSPMAT00000004155	TGA	61
ENSPMAT00000008266	TGA	121
ENSPMAT00000008235	TAG	100
ENSPMAT00000008233	TAA	568
ENSPMAT00000004538	TGA	206
ENSPMAT00000010113	TAA	37
ENSPMAT00000010116	TGA	310
ENSPMAT00000005915	TAG	213
ENSPMAT00000006065	TAG	282
ENSPMAT00000005938	TGA	248
ENSPMAT00000010864	TGA	613
ENSPMAT00000010310	TGA	371
ENSPMAT00000010305	TGA	239
ENSPMAT00000003081	TAG	12
ENSPMAT00000008187	TGA	363
ENSPMAT00000002689	TAA	834
ENSPMAT00000010198	TAG	626
ENSPMAT00000009344	TAG	349
ENSPMAT00000005396	TGA	174
ENSPMAT00000005372	TGA	143
ENSPMAT00000006660	TGA	206
ENSPMAT00000006669	TGA	348
ENSPMAT00000007845	TGA	18
ENSPMAT00000007842	TGA	18
ENSPMAT00000008058	TGA	352
ENSPMAT00000001454	TAA	1839
ENSPMAT00000001455	TAA	1839
ENSPMAT00000001448	TGA	5
ENSPMAT00000006099	TGA	244
ENSPMAT00000002827	TAA	540
ENSPMAT00000007817	TAA	37
ENSPMAT00000007804	TGA	480
ENSPMAT00000009903	TGA	176
ENSPMAT00000009892	TGA	258
ENSPMAT00000008111	TAG	345
ENSPMAT00000003576	TGA	436
ENSPMAT00000004967	TGA	196
ENSPMAT00000003534	TGA	580
ENSPMAT00000000504	TGA	304
ENSPMAT00000000501	TAA	575
ENSPMAT00000004030	TGA	78
ENSPMAT00000004026	TGA	78
ENSPMAT00000002609	TGA	99
ENSPMAT00000003770	TAA	342
ENSPMAT00000004118	TAG	598
ENSPMAT00000008219	TAG	744
ENSPMAT00000009855	TAG	192
ENSPMAT00000009829	TGA	244
ENSPMAT00000010092	TAG	379
ENSPMAT00000010099	TGA	537
ENSPMAT00000010694	TGA	178
ENSPMAT00000005041	TGA	429
ENSPMAT00000009523	TGA	161
ENSPMAT00000006741	TAA	260
ENSPMAT00000006745	TAA	260
ENSPMAT00000006731	TAA	347
ENSPMAT00000006727	TAA	148
ENSPMAT00000002759	TGA	109
ENSPMAT00000002764	TGA	167
ENSPMAT00000008601	TGA	288
ENSPMAT00000008555	TAG	355
ENSPMAT00000008012	TGA	26
ENSPMAT00000008011	TGA	26
ENSPMAT00000008047	TGA	385
ENSPMAT00000007677	TAG	270
ENSPMAT00000001466	TAA	109
ENSPMAT00000002358	TGA	458
ENSPMAT00000002359	TGA	458
ENSPMAT00000005229	TAA	273
ENSPMAT00000000216	TAG	183
ENSPMAT00000000201	TGA	305
ENSPMAT00000000213	TGA	435
ENSPMAT00000009333	TGA	228
ENSPMAT00000003592	TAG	81
ENSPMAT00000000590	TGA	158
ENSPMAT00000007300	TAG	258
ENSPMAT00000007314	TAG	249
ENSPMAT00000008823	TAG	242
ENSPMAT00000002596	TGA	299
ENSPMAT00000003722	TGA	317
ENSPMAT00000003518	TGA	122
ENSPMAT00000004096	TGA	12
ENSPMAT00000002708	TGA	304
ENSPMAT00000008181	TAG	346
ENSPMAT00000002671	TAA	160
ENSPMAT00000010107	TAA	580
ENSPMAT00000005970	TAA	396
ENSPMAT00000010621	TAA	214
ENSPMAT00000010832	TAA	240
ENSPMAT00000007130	TGA	368
ENSPMAT00000006698	TGA	114
ENSPMAT00000006708	TGA	309
ENSPMAT00000006713	TAG	223
ENSPMAT00000008701	TGA	129
ENSPMAT00000008702	TAG	372
ENSPMAT00000007933	TAA	574
ENSPMAT00000003696	TAA	156
ENSPMAT00000003698	TAA	156
ENSPMAT00000003860	TGA	326
ENSPMAT00000007696	TGA	379
ENSPMAT00000007693	TAG	347
ENSPMAT00000007698	TAA	458
ENSPMAT00000007782	TAG	479
ENSPMAT00000005254	TAG	56
ENSPMAT00000005329	TAG	384
ENSPMAT00000005251	TGA	312
ENSPMAT00000005255	TGA	355
ENSPMAT00000000534	TAG	412
ENSPMAT00000009374	TGA	554
ENSPMAT00000009340	TAG	143
ENSPMAT00000009573	TGA	295
ENSPMAT00000007322	TGA	328
ENSPMAT00000005693	TGA	372
ENSPMAT00000001875	TAG	228
ENSPMAT00000000906	TAG	210
ENSPMAT00000001812	TGA	22
ENSPMAT00000003789	TGA	213
ENSPMAT00000003790	TGA	331
ENSPMAT00000003787	TAG	135
ENSPMAT00000003419	TGA	11
ENSPMAT00000000326	TAG	545
ENSPMAT00000008208	TAG	49
ENSPMAT00000008363	TAA	418
ENSPMAT00000007948	TGA	299
ENSPMAT00000009789	TGA	58
ENSPMAT00000004618	TAA	28
ENSPMAT00000004609	TAA	178
ENSPMAT00000006483	TAA	56
ENSPMAT00000006442	TAA	169
ENSPMAT00000006459	TGA	113
ENSPMAT00000009473	TAA	448
ENSPMAT00000007219	TAA	105
ENSPMAT00000000859	TAA	1
ENSPMAT00000005248	TGA	63
ENSPMAT00000009796	TAG	328
ENSPMAT00000000781	TGA	455
ENSPMAT00000010537	TAA	6
ENSPMAT00000008595	TAG	332
ENSPMAT00000007403	TAA	23
ENSPMAT00000010527	TGA	63
ENSPMAT00000009362	TGA	529
ENSPMAT00000005507	TAA	73
ENSPMAT00000003947	TAG	415
ENSPMAT00000003965	TAG	5
ENSPMAT00000005455	TAG	90
ENSPMAT00000007712	TGA	67
ENSPMAT00000007381	TAA	1
ENSPMAT00000003665	TAA	371
ENSPMAT00000003593	TGA	95
ENSPMAT00000003597	TGA	368
ENSPMAT00000005937	TAA	67
ENSPMAT00000006469	TGA	399
ENSPMAT00000008792	TGA	138
ENSPMAT00000006309	TGA	71
ENSPMAT00000007925	TGA	140
ENSPMAT00000001916	TAA	807
ENSPMAT00000001795	TAA	456
ENSPMAT00000004334	TGA	77
ENSPMAT00000004305	TAA	180
ENSPMAT00000004298	TAA	180
ENSPMAT00000004296	TGA	192
ENSPMAT00000001063	TAG	355
ENSPMAT00000007088	TGA	123
ENSPMAT00000010604	TAA	148
ENSPMAT00000004906	TGA	333
ENSPMAT00000008155	TGA	69
ENSPMAT00000010607	TAG	150
ENSPMAT00000009815	TAA	210
ENSPMAT00000009810	TGA	381
ENSPMAT00000006460	TGA	377
ENSPMAT00000004561	TAG	288
ENSPMAT00000004607	TAA	505
ENSPMAT00000004595	TAA	163
ENSPMAT00000009314	TGA	77
ENSPMAT00000005689	TAA	45
ENSPMAT00000005840	TAA	186
ENSPMAT00000006265	TAG	557
ENSPMAT00000003170	TGA	208
ENSPMAT00000002774	TGA	518
ENSPMAT00000002496	TAA	313
ENSPMAT00000002895	TAG	142
ENSPMAT00000002900	TGA	541
ENSPMAT00000008662	TGA	180
ENSPMAT00000006375	TGA	330
ENSPMAT00000000145	TAG	54
ENSPMAT00000000144	TGA	23
ENSPMAT00000008384	TGA	597
ENSPMAT00000002369	TGA	358
ENSPMAT00000003406	TAA	464
ENSPMAT00000003508	TAA	496
ENSPMAT00000003408	TAG	371
ENSPMAT00000005215	TAG	35
ENSPMAT00000005205	TAA	306
ENSPMAT00000005064	TGA	27
ENSPMAT00000008817	TAA	50
ENSPMAT00000005817	TAG	233
ENSPMAT00000001929	TAG	281
ENSPMAT00000001919	TGA	1238
ENSPMAT00000001782	TGA	48
ENSPMAT00000001773	TGA	47
ENSPMAT00000006886	TAA	30
ENSPMAT00000006877	TGA	333
ENSPMAT00000004304	TAG	1491
ENSPMAT00000004306	TGA	64
ENSPMAT00000008168	TGA	99
ENSPMAT00000007896	TGA	286
ENSPMAT00000008615	TAG	357
ENSPMAT00000001337	TGA	219
ENSPMAT00000003652	TGA	411
ENSPMAT00000000389	TGA	113
ENSPMAT00000008961	TGA	289
ENSPMAT00000008656	TAA	338
ENSPMAT00000000825	TGA	302
ENSPMAT00000010571	TAG	56
ENSPMAT00000002937	TAA	433
ENSPMAT00000009695	TAA	353
ENSPMAT00000000124	TGA	504
ENSPMAT00000006072	TAG	336
ENSPMAT00000006575	TAG	198
ENSPMAT00000006011	TGA	321
ENSPMAT00000003423	TAG	634
ENSPMAT00000006008	TGA	321
ENSPMAT00000009927	TGA	81
ENSPMAT00000008480	TAG	574
ENSPMAT00000006084	TAG	36
ENSPMAT00000006055	TGA	296
ENSPMAT00000006279	TAA	57
ENSPMAT00000010562	TAA	330
ENSPMAT00000009469	TGA	375
ENSPMAT00000009474	TAG	262
ENSPMAT00000007649	TAG	3
ENSPMAT00000000745	TGA	37
ENSPMAT00000000755	TGA	113
ENSPMAT00000004328	TAA	116
ENSPMAT00000002075	TGA	453
ENSPMAT00000002097	TGA	252
ENSPMAT00000001093	TGA	431
ENSPMAT00000010438	TGA	49
ENSPMAT00000008160	TGA	172
ENSPMAT00000004008	TAG	164
ENSPMAT00000008297	TGA	180
ENSPMAT00000009797	TGA	77
ENSPMAT00000008267	TGA	376
ENSPMAT00000004773	TGA	162
ENSPMAT00000005164	TGA	214
ENSPMAT00000005151	TAA	188
ENSPMAT00000003640	TGA	47
ENSPMAT00000000439	TGA	78
ENSPMAT00000000843	TAA	365
ENSPMAT00000000836	TGA	327
ENSPMAT00000000844	TAG	74
ENSPMAT00000000839	TGA	205
ENSPMAT00000005772	TGA	314
ENSPMAT00000008416	TAG	262
ENSPMAT00000002810	TGA	471
ENSPMAT00000007269	TAA	292
ENSPMAT00000008420	TGA	243
ENSPMAT00000003886	TAA	178
ENSPMAT00000009334	TGA	555
ENSPMAT00000004560	TGA	225
ENSPMAT00000003971	TGA	96
ENSPMAT00000000186	TGA	49
ENSPMAT00000000188	TAA	379
ENSPMAT00000009862	TAA	250
ENSPMAT00000004509	TAA	414
ENSPMAT00000004516	TAA	162
ENSPMAT00000004660	TAG	235
ENSPMAT00000004499	TAG	551
ENSPMAT00000004523	TGA	110
ENSPMAT00000001978	TAG	241
ENSPMAT00000004774	TGA	187
ENSPMAT00000008786	TGA	238
ENSPMAT00000009444	TAG	231
ENSPMAT00000006934	TGA	111
ENSPMAT00000007011	TGA	91
ENSPMAT00000007057	TAG	33
ENSPMAT00000004359	TAG	225
ENSPMAT00000010495	TAG	104
ENSPMAT00000001068	TGA	668
ENSPMAT00000001067	TGA	668
ENSPMAT00000002739	TGA	351
ENSPMAT00000002733	TGA	351
ENSPMAT00000005212	TGA	247
ENSPMAT00000005157	TAA	637
ENSPMAT00000009259	TGA	78
ENSPMAT00000004002	TGA	150
ENSPMAT00000004904	TGA	209
ENSPMAT00000004922	TAA	247
ENSPMAT00000000368	TAA	202
ENSPMAT00000009013	TGA	448
ENSPMAT00000009014	TGA	448
ENSPMAT00000009011	TGA	92
ENSPMAT00000003264	TAG	110
ENSPMAT00000003254	TAA	198
ENSPMAT00000001588	TAG	127
ENSPMAT00000001600	TAA	43
ENSPMAT00000003943	TGA	547
ENSPMAT00000003915	TAG	434
ENSPMAT00000003490	TGA	520
ENSPMAT00000000159	TGA	311
ENSPMAT00000000168	TGA	137
ENSPMAT00000007531	TGA	81
ENSPMAT00000003041	TAG	271
ENSPMAT00000009514	TGA	59
ENSPMAT00000001367	TGA	425
ENSPMAT00000001369	TGA	203
ENSPMAT00000008504	TGA	23
ENSPMAT00000006313	TAA	103
ENSPMAT00000006315	TGA	421
ENSPMAT00000003275	TAG	29
ENSPMAT00000004831	TAA	548
ENSPMAT00000010514	TAA	313
ENSPMAT00000009453	TGA	114
ENSPMAT00000009443	TGA	114
ENSPMAT00000009430	TAG	209
ENSPMAT00000006945	TGA	366
ENSPMAT00000006997	TAA	56
ENSPMAT00000004399	TGA	556
ENSPMAT00000001761	TAG	114
ENSPMAT00000002032	TAG	578
ENSPMAT00000002412	TGA	302
ENSPMAT00000007607	TGA	59
ENSPMAT00000004035	TGA	553
ENSPMAT00000000098	TGA	327
ENSPMAT00000003015	TAA	271
ENSPMAT00000003013	TAA	271
ENSPMAT00000003686	TAA	224
ENSPMAT00000005119	TAA	89
ENSPMAT00000007190	TAG	412
ENSPMAT00000007184	TGA	73
ENSPMAT00000010002	TAA	228
ENSPMAT00000009995	TGA	114
ENSPMAT00000006393	TAA	128
ENSPMAT00000001196	TGA	523
ENSPMAT00000003188	TGA	3
ENSPMAT00000007551	TGA	373
ENSPMAT00000001620	TGA	361
ENSPMAT00000009208	TAG	139
ENSPMAT00000001618	TAA	221
ENSPMAT00000003321	TAG	51
ENSPMAT00000003852	TGA	46
ENSPMAT00000003846	TGA	571
ENSPMAT00000006795	TGA	235
ENSPMAT00000006769	TGA	105
ENSPMAT00000006788	TAG	434
ENSPMAT00000003040	TAA	213
ENSPMAT00000003047	TAA	310
ENSPMAT00000008310	TAG	58
ENSPMAT00000006597	TAA	68
ENSPMAT00000006554	TAG	76
ENSPMAT00000001363	TAA	114
ENSPMAT00000008893	TAG	11
ENSPMAT00000008903	TGA	190
ENSPMAT00000009400	TAA	107
ENSPMAT00000006966	TAG	346
ENSPMAT00000000697	TAA	6
ENSPMAT00000010686	TGA	134
ENSPMAT00000002659	TGA	9
ENSPMAT00000002065	TGA	3
ENSPMAT00000002317	TAA	426
ENSPMAT00000002314	TAA	426
ENSPMAT00000010393	TAG	452
ENSPMAT00000002556	TGA	477
ENSPMAT00000010411	TAA	553
ENSPMAT00000007612	TAA	761
ENSPMAT00000008564	TAG	383
ENSPMAT00000009226	TGA	315
ENSPMAT00000009269	TGA	291
ENSPMAT00000005384	TAA	229
ENSPMAT00000004627	TAA	332
ENSPMAT00000006207	TGA	261
ENSPMAT00000009818	TAA	475
ENSPMAT00000010016	TAA	494
ENSPMAT00000006320	TGA	946
ENSPMAT00000006318	TGA	362
ENSPMAT00000006324	TAA	501
ENSPMAT00000001151	TAG	234
ENSPMAT00000003236	TGA	40
ENSPMAT00000010247	TGA	191
ENSPMAT00000001639	TAG	302
ENSPMAT00000001637	TAA	385
ENSPMAT00000001628	TGA	597
ENSPMAT00000003857	TGA	264
ENSPMAT00000010873	TGA	259
ENSPMAT00000003535	TAA	176
ENSPMAT00000006937	TAG	458
ENSPMAT00000006810	TGA	385
ENSPMAT00000005400	TGA	330
ENSPMAT00000010875	TAG	170
ENSPMAT00000003970	TAA	191
ENSPMAT00000001612	TGA	140
ENSPMAT00000003023	TGA	237
ENSPMAT00000008331	TAA	219
ENSPMAT00000006655	TGA	517
ENSPMAT00000006598	TAG	303
ENSPMAT00000001410	TAG	239
ENSPMAT00000001420	TGA	57
ENSPMAT00000003358	TAG	337
ENSPMAT00000000307	TAG	27
ENSPMAT00000000301	TGA	422
ENSPMAT00000008930	TGA	85
ENSPMAT00000007460	TAA	255
ENSPMAT00000005979	TAA	351
ENSPMAT00000005971	TAG	316
ENSPMAT00000004854	TAA	66
ENSPMAT00000004853	TGA	46
ENSPMAT00000000669	TGA	326
ENSPMAT00000010673	TGA	98
ENSPMAT00000010674	TGA	98
ENSPMAT00000008734	TGA	368
ENSPMAT00000002357	TGA	538
ENSPMAT00000008995	TAG	710
ENSPMAT00000000045	TAA	405
ENSPMAT00000000049	TGA	472
ENSPMAT00000000048	TAG	354
ENSPMAT00000008783	TGA	237
ENSPMAT00000004176	TGA	122
ENSPMAT00000003719	TAA	151
ENSPMAT00000003708	TGA	371
ENSPMAT00000008608	TGA	135
ENSPMAT00000008596	TGA	492
ENSPMAT00000001548	TAA	151
ENSPMAT00000009139	TAG	266
ENSPMAT00000002825	TAG	70
ENSPMAT00000002795	TAG	63
ENSPMAT00000008618	TGA	399
ENSPMAT00000004315	TAA	607
ENSPMAT00000008620	TAG	8
ENSPMAT00000008610	TGA	133
ENSPMAT00000003302	TGA	220
ENSPMAT00000007280	TGA	100
ENSPMAT00000011004	TAG	584
ENSPMAT00000000939	TAA	76
ENSPMAT00000006822	TAG	30
ENSPMAT00000010431	TAA	162
ENSPMAT00000009157	TGA	68
ENSPMAT00000009163	TGA	304
ENSPMAT00000009186	TGA	96
ENSPMAT00000004469	TGA	334
ENSPMAT00000000280	TAA	336
ENSPMAT00000000282	TAA	330
ENSPMAT00000000284	TAA	470
ENSPMAT00000010609	TGA	916
ENSPMAT00000008864	TGA	282
ENSPMAT00000008369	TGA	226
ENSPMAT00000000732	TGA	168
ENSPMAT00000000730	TAA	440
ENSPMAT00000010642	TAA	219
ENSPMAT00000002016	TAA	714
ENSPMAT00000002038	TAA	133
ENSPMAT00000002027	TAG	294
ENSPMAT00000004188	TGA	51
ENSPMAT00000003139	TAG	162
ENSPMAT00000006735	TAA	643
ENSPMAT00000005326	TAA	70
ENSPMAT00000004052	TGA	142
ENSPMAT00000008059	TAA	139
ENSPMAT00000008064	TAA	139
ENSPMAT00000003020	TAG	181
ENSPMAT00000003098	TGA	491
ENSPMAT00000008568	TAA	368
ENSPMAT00000007770	TAG	590
ENSPMAT00000002751	TAG	185
ENSPMAT00000006120	TAG	336
ENSPMAT00000004659	TAA	323
ENSPMAT00000009978	TAA	313
ENSPMAT00000005850	TAA	164
ENSPMAT00000009213	TAG	74
ENSPMAT00000009372	TGA	406
ENSPMAT00000004256	TAG	572
ENSPMAT00000007277	TGA	271
ENSPMAT00000007281	TGA	271
ENSPMAT00000000954	TAA	485
ENSPMAT00000006840	TAA	56
ENSPMAT00000002312	TGA	761
ENSPMAT00000000609	TGA	196
ENSPMAT00000009134	TGA	243
ENSPMAT00000009125	TGA	172
ENSPMAT00000003310	TGA	180
ENSPMAT00000004432	TAA	291
ENSPMAT00000000267	TAA	265
ENSPMAT00000007484	TAA	128
ENSPMAT00000007493	TAA	334
ENSPMAT00000011335	TAA	9
ENSPMAT00000000716	TAG	249
ENSPMAT00000010623	TGA	256
ENSPMAT00000005601	TAG	661
ENSPMAT00000008907	TGA	234
ENSPMAT00000010410	TAA	215
ENSPMAT00000005404	TAG	66
ENSPMAT00000003957	TGA	22
ENSPMAT00000000007	TAA	74
ENSPMAT00000000001	TGA	76
ENSPMAT00000004836	TAG	538
ENSPMAT00000004825	TAG	538
ENSPMAT00000002944	TGA	22
ENSPMAT00000002943	TGA	83
ENSPMAT00000002954	TAA	91
ENSPMAT00000002955	TAA	91
ENSPMAT00000007753	TGA	163
ENSPMAT00000007755	TAA	805
ENSPMAT00000006107	TAA	71
ENSPMAT00000007868	TGA	24
ENSPMAT00000004639	TAG	289
ENSPMAT00000004633	TAA	131
ENSPMAT00000002723	TAA	50
ENSPMAT00000000571	TGA	328
ENSPMAT00000003261	TAG	652
ENSPMAT00000003912	TGA	43
ENSPMAT00000003919	TAG	294
ENSPMAT00000002553	TGA	450
ENSPMAT00000010385	TAA	400
ENSPMAT00000002287	TGA	78
ENSPMAT00000002263	TAA	19
ENSPMAT00000001116	TAG	180
ENSPMAT00000001634	TAG	136
ENSPMAT00000003822	TGA	118
ENSPMAT00000000234	TAA	505
ENSPMAT00000009165	TAA	109
ENSPMAT00000009100	TGA	353
ENSPMAT00000004492	TGA	58
ENSPMAT00000004460	TGA	482
ENSPMAT00000007471	TGA	160
ENSPMAT00000006528	TGA	148
ENSPMAT00000006576	TGA	67
ENSPMAT00000006543	TGA	324
ENSPMAT00000001310	TAA	300
ENSPMAT00000001300	TGA	236
ENSPMAT00000003116	TAA	330
ENSPMAT00000003119	TGA	325
ENSPMAT00000005607	TGA	229
ENSPMAT00000008816	TGA	72
ENSPMAT00000003978	TAA	141
ENSPMAT00000003973	TAG	167
ENSPMAT00000005460	TAG	71
ENSPMAT00000000032	TAA	270
ENSPMAT00000000023	TGA	496
ENSPMAT00000001532	TGA	611
ENSPMAT00000007826	TGA	259
ENSPMAT00000009872	TAA	38
ENSPMAT00000009873	TGA	220
ENSPMAT00000004693	TGA	486
ENSPMAT00000004777	TGA	98
ENSPMAT00000009712	TAA	114
ENSPMAT00000005692	TAA	312
ENSPMAT00000004205	TGA	83
ENSPMAT00000005671	TGA	314
ENSPMAT00000008604	TGA	65
ENSPMAT00000000636	TGA	26
ENSPMAT00000000633	TGA	26
ENSPMAT00000000627	TGA	94
ENSPMAT00000010809	TGA	26
ENSPMAT00000010812	TGA	195
ENSPMAT00000006802	TGA	132
ENSPMAT00000010408	TGA	617
ENSPMAT00000002246	TGA	491
ENSPMAT00000000795	TGA	132
ENSPMAT00000008280	TAA	261
ENSPMAT00000009545	TGA	177
