RPRC009797-RA	TGA	24
RPRC009794-RA	TAA	144
RPRC009792-RA	TAA	155
RPRC009793-RA	TAA	144
RPRC009790-RA	TAA	57
RPRC009791-RA	TAA	2
RPRC011948-RA	TAA	24
RPRC009799-RA	TAA	20
RPRC009428-RA	TAA	231
RPRC009429-RA	TAA	209
RPRC009425-RA	TGA	33
RPRC011566-RA	TAA	791
RPRC012669-RA	TAG	137
RPRC012661-RA	TGA	102
RPRC011005-RA	TAA	172
RPRC011003-RA	TAG	8
RPRC004773-RA	TGA	60
RPRC004771-RA	TGA	85
RPRC004770-RA	TAA	251
RPRC015244-RA	TAA	151
RPRC015242-RA	TAA	55
RPRC013953-RA	TAA	35
RPRC006959-RA	TAA	47
RPRC014486-RA	TAG	155
RPRC006953-RA	TGA	52
RPRC006952-RA	TGA	166
RPRC006954-RA	TGA	11
RPRC010759-RA	TAA	143
RPRC010754-RA	TGA	171
RPRC010750-RA	TAA	142
RPRC010751-RA	TAG	109
RPRC005429-RA	TGA	216
RPRC005138-RA	TAA	58
RPRC010531-RA	TGA	47
RPRC003867-RA	TGA	59
RPRC003862-RA	TAA	132
RPRC003860-RA	TAA	174
RPRC004515-RA	TAA	152
RPRC007742-RA	TAA	212
RPRC004425-RA	TAA	102
RPRC010368-RA	TGA	147
RPRC010367-RA	TAG	1573
RPRC010361-RA	TAA	213
RPRC006610-RA	TAG	27
RPRC003887-RA	TGA	135
RPRC007145-RA	TAA	45
RPRC007144-RA	TGA	37
RPRC007146-RA	TGA	218
RPRC007142-RA	TAA	66
RPRC011588-RA	TAA	82
RPRC011582-RA	TAG	13
RPRC011587-RA	TGA	10
RPRC010985-RA	TAA	12
RPRC009659-RA	TAA	36
RPRC013320-RA	TAA	25
RPRC013322-RA	TAG	187
RPRC013323-RA	TAA	132
RPRC013327-RA	TAA	69
RPRC013328-RA	TGA	166
RPRC014535-RC	TAA	257
RPRC014535-RB	TAA	257
RPRC014535-RA	TAA	257
RPRC005831-RA	TAA	212
RPRC008809-RA	TAA	61
RPRC013184-RA	TGA	73
RPRC013186-RA	TAG	74
RPRC013180-RA	TAA	139
RPRC013182-RA	TAA	30
RPRC013183-RA	TGA	181
RPRC004346-RA	TAG	158
RPRC000330-RA	TAA	809
RPRC010562-RA	TAA	23
RPRC010561-RA	TAG	46
RPRC005309-RA	TGA	303
RPRC005308-RA	TGA	14
RPRC005305-RA	TAG	1
RPRC005307-RA	TAG	177
RPRC012583-RA	TAG	149
RPRC012581-RA	TGA	416
RPRC012275-RA	TAA	140
RPRC012274-RA	TAA	267
RPRC012277-RA	TAA	150
RPRC012276-RA	TGA	181
RPRC012271-RA	TAA	244
RPRC012273-RA	TAA	119
RPRC010699-RA	TGA	147
RPRC010696-RA	TAA	57
RPRC010693-RA	TGA	47
RPRC003963-RA	TGA	74
RPRC014654-RA	TAA	2
RPRC010381-RA	TAA	16
RPRC003684-RA	TAA	17
RPRC008889-RA	TAA	1
RPRC003083-RA	TAG	103
RPRC008885-RA	TAA	92
RPRC008886-RA	TGA	39
RPRC007967-RA	TAG	269
RPRC002653-RA	TAA	281
RPRC011619-RA	TAA	171
RPRC002657-RA	TAA	6
RPRC002655-RA	TAA	33
RPRC002658-RA	TGA	151
RPRC002659-RA	TAA	12
RPRC011614-RA	TAA	144
RPRC011615-RA	TAA	1214
RPRC015059-RA	TAA	158
RPRC004437-RA	TGA	49
RPRC004433-RA	TAA	89
RPRC008278-RA	TGA	173
RPRC013387-RA	TAA	145
RPRC013385-RA	TAA	40
RPRC005317-RA	TGA	113
RPRC005314-RA	TGA	50
RPRC007250-RA	TGA	81
RPRC011804-RA	TAA	19
RPRC011774-RA	TAA	118
RPRC011801-RA	TAA	38
RPRC011800-RA	TGA	301
RPRC011809-RA	TGA	180
RPRC005313-RA	TGA	319
RPRC012419-RA	TGA	155
RPRC006156-RA	TAA	268
RPRC003308-RA	TGA	5
RPRC007684-RA	TAA	238
RPRC007682-RA	TGA	11
RPRC007683-RA	TAG	90
RPRC007680-RA	TAA	118
RPRC008743-RA	TAA	10
RPRC002877-RA	TAA	78
RPRC002871-RA	TAA	93
RPRC006488-RA	TAA	102
RPRC012877-RA	TGA	146
RPRC012876-RA	TGA	71
RPRC006483-RA	TAA	76
RPRC006481-RA	TGA	64
RPRC012878-RA	TAG	131
RPRC006487-RA	TAA	79
RPRC006486-RA	TAA	79
RPRC006375-RA	TGA	264
RPRC006374-RA	TAG	145
RPRC006372-RA	TAA	110
RPRC006379-RA	TGA	183
RPRC006378-RA	TGA	494
RPRC008796-RA	TAG	32
RPRC008792-RA	TAG	23
RPRC001720-RA	TGA	140
RPRC014231-RA	TGA	195
RPRC010025-RA	TGA	34
RPRC007423-RA	TAA	295
RPRC007354-RA	TAA	106
RPRC007427-RA	TAA	163
RPRC007356-RA	TAG	42
RPRC001745-RA	TAA	106
RPRC013519-RA	TGA	45
RPRC011518-RA	TAG	210
RPRC013510-RA	TAA	22
RPRC012648-RA	TAG	122
RPRC012645-RA	TAA	120
RPRC012640-RA	TGA	157
RPRC012643-RA	TAG	167
RPRC015266-RA	TGA	1
RPRC015265-RA	TAA	88
RPRC015263-RA	TAA	241
RPRC015262-RA	TGA	54
RPRC015261-RA	TAA	22
RPRC004750-RA	TGA	322
RPRC015269-RA	TAA	114
RPRC005550-RA	TAA	58
RPRC002170-RA	TGA	48
RPRC005693-RA	TAA	129
RPRC006973-RA	TAG	3
RPRC006972-RA	TAA	6
RPRC012389-RA	TGA	252
RPRC005603-RA	TAA	27
RPRC005118-RA	TAG	26
RPRC012386-RA	TAA	36
RPRC010739-RA	TAA	346
RPRC003295-RA	TAA	74
RPRC014656-RA	TAG	153
RPRC003294-RA	TAA	78
RPRC003293-RA	TAG	3830
RPRC017697-RA	TAA	1710
RPRC010347-RA	TAA	82
RPRC010342-RA	TAA	246
RPRC010340-RA	TAG	164
RPRC002468-RA	TAA	61
RPRC003512-RA	TAA	1133
RPRC003513-RA	TAA	214
RPRC003510-RA	TAA	33
RPRC003511-RA	TAA	206
RPRC003516-RA	TGA	89
RPRC006744-RA	TGA	107
RPRC003518-RA	TAA	85
RPRC006747-RA	TAA	55
RPRC006743-RA	TAA	107
RPRC007609-RA	TGA	227
RPRC014733-RA	TAA	94
RPRC014731-RA	TAA	168
RPRC014735-RA	TAG	22
RPRC002223-RA	TGA	139
RPRC006263-RA	TGA	42
RPRC014368-RA	TAA	132
RPRC014556-RA	TAA	33
RPRC014557-RA	TAA	75
RPRC014886-RA	TAA	263
RPRC014555-RA	TGA	54
RPRC014553-RA	TAA	281
RPRC014882-RA	TAG	29
RPRC014883-RA	TAA	70
RPRC006267-RA	TAG	95
RPRC014558-RA	TAA	72
RPRC014559-RA	TAA	69
RPRC008637-RA	TAA	638
RPRC008631-RA	TAA	504
RPRC008638-RA	TAA	681
RPRC005144-RA	TGA	296
RPRC009368-RA	TAA	107
RPRC000036-RA	TAA	162
RPRC005136-RA	TGA	118
RPRC012073-RA	TAA	103
RPRC012072-RA	TAA	112
RPRC012077-RA	TAG	327
RPRC012074-RA	TAA	161
RPRC003747-RA	TGA	58
RPRC003030-RA	TAA	165
RPRC005421-RA	TAA	186
RPRC013702-RA	TGA	79
RPRC013700-RA	TGA	201
RPRC013706-RA	TAA	11
RPRC005325-RA	TAG	78
RPRC005323-RA	TAA	171
RPRC004506-RA	TAA	187
RPRC012258-RA	TAG	14
RPRC012256-RA	TAG	152
RPRC012251-RA	TGA	175
RPRC015436-RA	TAA	28
RPRC011476-RA	TAA	183
RPRC004530-RA	TAG	335
RPRC004188-RA	TGA	174
RPRC004187-RA	TAA	155
RPRC005852-RA	TAA	336
RPRC005587-RA	TAA	284
RPRC005857-RA	TAA	1710
RPRC005589-RA	TAA	447
RPRC007985-RA	TGA	189
RPRC013858-RA	TGA	86
RPRC013859-RA	TAA	113
RPRC013652-RA	TAA	35
RPRC002675-RA	TAA	185
RPRC002676-RA	TAG	24
RPRC002677-RA	TAA	449
RPRC011638-RA	TGA	304
RPRC011639-RA	TAA	247
RPRC011630-RA	TAA	470
RPRC011631-RA	TGA	1
RPRC011633-RA	TAA	1182
RPRC004984-RA	TGA	69
RPRC004980-RA	TGA	227
RPRC004983-RA	TAA	129
RPRC011758-RA	TAA	64
RPRC002589-RA	TAA	14
RPRC011753-RA	TAA	15
RPRC011756-RA	TGA	99
RPRC011754-RA	TAA	238
RPRC010936-RA	TGA	150
RPRC002797-RA	TAA	66
RPRC014925-RA	TAG	160
RPRC014923-RA	TGA	202
RPRC014922-RA	TAA	159
RPRC014257-RA	TGA	30
RPRC002859-RA	TAA	231
RPRC008408-RA	TGA	179
RPRC009210-RA	TAA	139
RPRC002851-RA	TGA	121
RPRC008400-RA	TAG	22
RPRC012813-RA	TAA	42
RPRC010082-RA	TAA	35
RPRC010085-RA	TAG	34
RPRC004739-RA	TGA	27
RPRC014949-RA	TAA	66
RPRC014948-RA	TAA	16
RPRC014947-RA	TAA	76
RPRC004738-RA	TAA	192
RPRC017361-RA	TAA	305
RPRC017363-RA	TAA	559
RPRC009150-RA	TGA	36
RPRC009757-RA	TAA	27
RPRC009754-RA	TAA	21
RPRC003721-RA	TAG	201
RPRC003722-RA	TAA	117
RPRC003724-RA	TAA	261
RPRC009152-RA	TAA	51
RPRC013281-RA	TGA	100
RPRC013067-RA	TAA	10
RPRC009155-RA	TAA	51
RPRC006914-RA	TAA	186
RPRC006917-RA	TAA	243
RPRC008184-RA	TAA	14
RPRC006918-RA	TAA	350
RPRC004840-RA	TAG	106
RPRC004843-RA	TAG	18
RPRC004844-RA	TAA	358
RPRC004847-RA	TAG	17
RPRC004846-RA	TAA	130
RPRC010710-RA	TAA	29
RPRC010711-RA	TAA	46
RPRC010713-RA	TAG	98
RPRC010715-RA	TGA	38
RPRC005465-RA	TGA	57
RPRC003313-RA	TGA	106
RPRC004342-RA	TAA	84
RPRC004343-RA	TAG	142
RPRC014451-RA	TAA	96
RPRC008281-RA	TAG	5
RPRC014450-RA	TAA	19
RPRC005284-RA	TGA	139
RPRC002449-RA	TAA	21
RPRC003535-RB	TAA	83
RPRC003535-RA	TAA	83
RPRC003536-RA	TGA	266
RPRC003537-RA	TGA	56
RPRC003537-RB	TGA	56
RPRC003533-RA	TGA	2413
RPRC003538-RA	TAG	44
RPRC002802-RA	TGA	54
RPRC004277-RA	TAA	66
RPRC008470-RA	TAG	259
RPRC002804-RA	TAA	227
RPRC014571-RA	TAG	243
RPRC002443-RA	TGA	142
RPRC005490-RA	TGA	76
RPRC008974-RA	TAG	89
RPRC008618-RA	TAA	231
RPRC008619-RA	TGA	1753
RPRC008610-RA	TAA	64
RPRC008611-RA	TGA	254
RPRC008612-RA	TGA	121
RPRC008613-RA	TAA	503
RPRC008616-RA	TAA	883
RPRC013498-RA	TAA	80
RPRC013499-RA	TAA	72
RPRC013492-RA	TAA	1455
RPRC013492-RB	TAA	1455
RPRC000370-RA	TAA	483
RPRC002560-RA	TAA	43
RPRC012014-RA	TAG	85
RPRC012013-RA	TAG	27
RPRC010524-RA	TGA	48
RPRC010520-RA	TAA	94
RPRC002720-RA	TAA	26
RPRC009568-RA	TAA	28
RPRC009563-RA	TGA	107
RPRC009565-RA	TGA	41
RPRC008277-RA	TAA	27
RPRC003686-RA	TAG	64
RPRC011389-RA	TAA	777
RPRC011386-RA	TAA	76
RPRC011380-RA	TAA	59
RPRC011382-RA	TGA	247
RPRC011383-RA	TAA	183
RPRC010398-RA	TAG	207
RPRC013873-RA	TAG	432
RPRC011652-RA	TGA	535
RPRC011651-RA	TAA	60
RPRC004472-RA	TGA	31
RPRC004474-RA	TAA	32
RPRC004475-RA	TAA	10
RPRC015090-RA	TAA	55
RPRC015091-RA	TAG	220
RPRC015092-RA	TGA	155
RPRC002200-RA	TAA	20
RPRC011738-RA	TGA	11
RPRC011737-RA	TAA	1
RPRC005878-RA	TGA	36
RPRC005871-RA	TGA	150
RPRC005870-RA	TGA	145
RPRC005875-RA	TAA	36
RPRC006118-RA	TAG	194
RPRC006115-RA	TAA	123
RPRC006117-RA	TGA	39
RPRC006116-RA	TAA	161
RPRC005701-RA	TAA	31
RPRC005700-RA	TGA	151
RPRC005703-RA	TAA	32
RPRC005702-RA	TAG	38
RPRC005705-RA	TAA	16
RPRC005704-RA	TAA	104
RPRC008427-RA	TAA	151
RPRC008423-RA	TAG	56
RPRC008420-RA	TGA	8
RPRC009827-RA	TAA	30
RPRC013824-RA	TAA	315
RPRC011937-RA	TAA	22
RPRC011935-RA	TGA	88
RPRC014414-RA	TAG	130
RPRC015339-RA	TAG	12
RPRC011425-RA	TGA	150
RPRC003703-RA	TAA	59
RPRC003701-RA	TAA	96
RPRC009777-RA	TAG	256
RPRC003708-RA	TAA	170
RPRC009778-RA	TAG	194
RPRC007398-RA	TAA	13
RPRC007399-RA	TGA	66
RPRC009486-RA	TAA	156
RPRC013005-RA	TAA	925
RPRC013004-RA	TAA	750
RPRC013003-RA	TGA	68
RPRC004287-RA	TAG	10
RPRC005920-RA	TAA	127
RPRC006939-RA	TAA	23
RPRC010214-RA	TAA	22
RPRC008163-RA	TAA	20
RPRC008160-RA	TGA	97
RPRC008168-RA	TGA	99
RPRC012359-RA	TAA	153
RPRC012601-RA	TAA	45
RPRC012356-RA	TAA	243
RPRC015379-RA	TGA	79
RPRC004860-RA	TGA	181
RPRC004866-RA	TAA	52
RPRC009729-RA	TGA	232
RPRC015375-RA	TAA	50
RPRC004818-RA	TAG	48
RPRC004613-RA	TGA	180
RPRC010217-RA	TAA	102
RPRC007737-RA	TGA	81
RPRC007735-RA	TAG	21
RPRC011514-RA	TAA	39
RPRC007885-RA	TAA	31
RPRC011026-RA	TAA	100
RPRC009173-RA	TAA	233
RPRC002651-RA	TAG	70
RPRC002546-RA	TGA	233
RPRC014774-RA	TGA	148
RPRC014775-RA	TGA	119
RPRC014770-RA	TAA	188
RPRC002544-RA	TAA	47
RPRC002545-RA	TAG	89
RPRC003149-RA	TAA	79
RPRC014592-RA	TAA	168
RPRC008834-RA	TGA	212
RPRC006708-RA	TAA	231
RPRC005517-RA	TAA	142
RPRC003559-RA	TAA	303
RPRC003557-RA	TAA	752
RPRC003555-RA	TGA	287
RPRC007079-RA	TGA	172
RPRC003142-RA	TAG	177
RPRC007072-RA	TAA	170
RPRC007075-RA	TAA	266
RPRC007076-RA	TAA	105
RPRC010299-RA	TAA	1680
RPRC003888-RA	TGA	34
RPRC010291-RA	TAA	212
RPRC010293-RA	TAA	134
RPRC010292-RA	TAG	203
RPRC010294-RB	TAG	1428
RPRC010294-RA	TAG	1317
RPRC010297-RA	TAA	62
RPRC010296-RA	TGA	518
RPRC000390-RA	TAA	65
RPRC012037-RA	TAA	13
RPRC013776-RA	TAA	86
RPRC013740-RA	TAA	252
RPRC013501-RA	TAA	185
RPRC012293-RA	TGA	244
RPRC012293-RB	TGA	244
RPRC012297-RA	TAG	107
RPRC013502-RA	TGA	36
RPRC012295-RA	TAG	659
RPRC013504-RA	TAA	37
RPRC013506-RA	TAA	52
RPRC013507-RA	TGA	70
RPRC003181-RA	TAA	11
RPRC003915-RA	TGA	67
RPRC013818-RA	TGA	220
RPRC013816-RA	TAA	17
RPRC013817-RA	TAA	123
RPRC013815-RA	TGA	198
RPRC009151-RA	TGA	11
RPRC002633-RA	TGA	204
RPRC002634-RA	TGA	19
RPRC002635-RA	TAG	95
RPRC011670-RA	TAA	99
RPRC011672-RA	TGA	160
RPRC011677-RA	TGA	35
RPRC014364-RA	TGA	63
RPRC002432-RA	TAG	11
RPRC004233-RA	TGA	35
RPRC005515-RA	TAA	119
RPRC011715-RA	TAA	64
RPRC005777-RA	TGA	174
RPRC005306-RA	TAA	214
RPRC008398-RA	TAA	166
RPRC005818-RA	TAA	106
RPRC005816-RA	TAA	292
RPRC008395-RA	TAA	203
RPRC005812-RA	TGA	160
RPRC005510-RA	TAA	113
RPRC003946-RA	TGA	179
RPRC010103-RA	TAA	76
RPRC010102-RA	TAG	205
RPRC010107-RA	TGA	27
RPRC005721-RA	TGA	129
RPRC005720-RA	TAA	219
RPRC005727-RA	TAA	71
RPRC005724-RA	TAA	62
RPRC005729-RA	TAA	53
RPRC002896-RA	TAA	42
RPRC002893-RA	TGA	81
RPRC002898-RA	TGA	16
RPRC002899-RA	TAA	167
RPRC006398-RA	TGA	104
RPRC006392-RA	TGA	81
RPRC006391-RA	TAG	119
RPRC006390-RA	TAA	221
RPRC006397-RA	TAA	304
RPRC006395-RA	TAA	650
RPRC010048-RA	TAA	67
RPRC010049-RA	TGA	2
RPRC012887-RA	TAA	42
RPRC007666-RA	TAG	41
RPRC007668-RA	TAA	134
RPRC009718-RA	TAA	56
RPRC009716-RA	TAA	44
RPRC009715-RA	TAA	41
RPRC009712-RA	TAA	103
RPRC009711-RA	TAA	309
RPRC003765-RA	TAA	382
RPRC003764-RA	TGA	171
RPRC003767-RA	TAA	42
RPRC003761-RA	TAG	116
RPRC003760-RA	TAA	11
RPRC003762-RA	TAA	37
RPRC013468-RA	TGA	654
RPRC003768-RA	TAA	28
RPRC007449-RA	TGA	5
RPRC013248-RA	TAA	37
RPRC013242-RA	TAA	4
RPRC011433-RA	TAG	173
RPRC008211-RA	TGA	115
RPRC003076-RA	TAA	49
RPRC010218-RA	TAA	54
RPRC013028-RA	TGA	659
RPRC013027-RA	TAG	71
RPRC013025-RA	TAA	154
RPRC013022-RA	TAA	93
RPRC011083-RA	TAA	289
RPRC011082-RA	TGA	17
RPRC005415-RA	TAA	71
RPRC000232-RA	TAA	980
RPRC000236-RA	TAA	35
RPRC008008-RA	TGA	79
RPRC008003-RA	TAA	286
RPRC008005-RA	TAA	16
RPRC012191-RA	TGA	136
RPRC001724-RA	TAA	966
RPRC001724-RB	TAA	966
RPRC012195-RA	TAA	384
RPRC012372-RA	TAA	78
RPRC015350-RA	TGA	94
RPRC004803-RA	TGA	164
RPRC008218-RA	TAA	257
RPRC014799-RA	TAG	107
RPRC004637-RA	TGA	129
RPRC008317-RA	TAA	31
RPRC013849-RA	TAA	167
RPRC007618-RA	TAG	21
RPRC011502-RA	TAG	14
RPRC011503-RA	TAA	30
RPRC011506-RA	TAG	196
RPRC011508-RA	TAA	11
RPRC011509-RA	TAA	9
RPRC006094-RA	TAA	165
RPRC006096-RA	TAG	45
RPRC007610-RA	TAA	62
RPRC012975-RA	TAG	205
RPRC003570-RA	TGA	138
RPRC003575-RA	TAA	208
RPRC000007-RA	TAA	1100
RPRC007058-RA	TAG	372
RPRC009877-RA	TAA	187
RPRC009876-RA	TAA	142
RPRC009874-RA	TAA	76
RPRC009873-RA	TAA	37
RPRC009135-RA	TAA	24
RPRC011610-RA	TAA	33
RPRC002574-RA	TAG	145
RPRC011029-RA	TAA	9
RPRC006529-RA	TAA	197
RPRC006523-RA	TAG	167
RPRC009527-RA	TGA	525
RPRC009529-RA	TGA	62
RPRC015425-RA	TAA	78
RPRC015057-RA	TGA	144
RPRC003107-RA	TAA	59
RPRC015422-RA	TGA	98
RPRC004129-RA	TAG	286
RPRC013830-RA	TAA	359
RPRC013834-RA	TAA	175
RPRC013835-RA	TGA	24
RPRC013837-RA	TAA	46
RPRC013838-RA	TAA	58
RPRC011695-RA	TGA	302
RPRC006876-RA	TAA	2298
RPRC005835-RA	TAG	109
RPRC005834-RA	TAA	236
RPRC005525-RA	TAA	205
RPRC005527-RA	TAA	136
RPRC005529-RA	TAA	100
RPRC005298-RA	TGA	173
RPRC005839-RA	TAA	79
RPRC003961-RA	TGA	117
RPRC010128-RA	TAA	88
RPRC005744-RA	TGA	115
RPRC005747-RA	TAA	236
RPRC005741-RA	TAA	206
RPRC005740-RA	TGA	174
RPRC005743-RA	TAA	5
RPRC005742-RA	TGA	130
RPRC005749-RA	TAG	10
RPRC011994-RA	TAG	156
RPRC011990-RA	TGA	89
RPRC011999-RA	TGA	193
RPRC010026-RA	TAA	10
RPRC010024-RA	TAG	106
RPRC008263-RA	TGA	359
RPRC017690-RA	TGA	1463
RPRC017691-RA	TGA	1454
RPRC017692-RA	TAA	238
RPRC017693-RA	TGA	506
RPRC017694-RA	TAA	57
RPRC017695-RA	TAA	26
RPRC017696-RA	TAG	550
RPRC003292-RA	TGA	166
RPRC017698-RA	TGA	917
RPRC017699-RA	TAA	1275
RPRC007604-RA	TAA	157
RPRC007600-RA	TAA	670
RPRC009869-RA	TGA	43
RPRC002219-RA	TAA	81
RPRC002213-RA	TAA	219
RPRC009864-RA	TGA	218
RPRC003031-RA	TGA	165
RPRC013229-RA	TAA	144
RPRC013228-RA	TAA	26
RPRC013227-RA	TAA	132
RPRC013226-RA	TGA	85
RPRC013221-RA	TAA	66
RPRC013223-RA	TAA	124
RPRC013597-RA	TGA	147
RPRC013595-RA	TGA	5
RPRC013593-RA	TGA	183
RPRC013592-RA	TAA	57
RPRC013598-RA	TAA	2
RPRC015351-RA	TAA	261
RPRC000214-RA	TAA	4
RPRC008023-RA	TAA	188
RPRC008020-RA	TGA	113
RPRC012173-RA	TAG	16
RPRC012170-RA	TAA	137
RPRC012171-RA	TGA	245
RPRC012176-RA	TAG	78
RPRC012177-RA	TAA	164
RPRC008129-RA	TAA	56
RPRC008126-RA	TAG	249
RPRC008124-RA	TAA	385
RPRC008125-RA	TAA	49
RPRC008122-RA	TGA	12
RPRC008121-RA	TGA	87
RPRC012316-RA	TGA	373
RPRC012315-RA	TGA	46
RPRC006915-RA	TGA	158
RPRC005190-RA	TAA	128
RPRC005191-RA	TGA	115
RPRC005193-RA	TAA	200
RPRC005194-RA	TAA	109
RPRC005196-RA	TAA	46
RPRC005197-RA	TAG	94
RPRC005199-RA	TGA	147
RPRC006150-RA	TGA	160
RPRC008238-RA	TGA	104
RPRC005998-RA	TAA	356
RPRC005991-RA	TAA	47
RPRC005993-RA	TAG	21
RPRC005996-RA	TAA	238
RPRC009297-RA	TAG	145
RPRC009295-RA	TAA	86
RPRC009294-RA	TAA	148
RPRC009293-RA	TAA	167
RPRC009292-RA	TGA	22
RPRC009290-RA	TAA	130
RPRC004828-RA	TAA	14
RPRC004827-RA	TAA	43
RPRC008469-RA	TAA	32
RPRC008468-RA	TGA	106
RPRC002177-RA	TAA	18
RPRC005397-RA	TAA	7
RPRC002179-RA	TAG	66
RPRC005392-RA	TAA	5
RPRC005642-RA	TAG	14
RPRC005643-RA	TAA	171
RPRC011526-RA	TGA	109
RPRC011522-RA	TGA	145
RPRC011528-RA	TGA	132
RPRC011529-RA	TAG	213
RPRC005779-RA	TAA	39
RPRC000416-RA	TGA	155
RPRC012957-RA	TAA	233
RPRC012952-RA	TAA	31
RPRC006217-RA	TAA	5
RPRC000581-RA	TAA	57
RPRC007031-RA	TAA	86
RPRC007030-RA	TAG	112
RPRC007033-RA	TAG	21
RPRC007032-RA	TAA	199
RPRC012166-RA	TAG	156
RPRC010922-RA	TAA	9
RPRC010921-RA	TAG	185
RPRC010926-RA	TAA	66
RPRC010925-RA	TAA	91
RPRC010897-RA	TAG	242
RPRC001081-RA	TGA	122
RPRC000023-RA	TAA	203
RPRC000022-RA	TAA	18
RPRC001882-RA	TGA	485
RPRC001883-RA	TAG	99
RPRC001880-RA	TAA	680
RPRC001881-RA	TAA	432
RPRC001887-RA	TGA	455
RPRC001884-RA	TAA	635
RPRC002732-RA	TAA	119
RPRC003951-RA	TGA	139
RPRC009508-RA	TAA	74
RPRC009501-RA	TAA	82
RPRC009017-RA	TAG	2455
RPRC009133-RA	TAA	23
RPRC012784-RA	TAG	46
RPRC012786-RA	TAA	246
RPRC011326-RA	TGA	161
RPRC011328-RA	TGA	72
RPRC003694-RA	TAA	76
RPRC004106-RA	TAA	238
RPRC013782-RA	TAG	41
RPRC013783-RA	TAA	289
RPRC013780-RA	TAA	33
RPRC013781-RA	TAA	255
RPRC013786-RA	TAA	95
RPRC012431-RA	TGA	45
RPRC012438-RA	TAA	67
RPRC006858-RA	TAA	1
RPRC006859-RA	TAA	99
RPRC006856-RA	TAA	9
RPRC006852-RA	TGA	177
RPRC006853-RA	TAA	159
RPRC010494-RA	TAA	88
RPRC008821-RA	TAG	17
RPRC005500-RA	TAA	155
RPRC003909-RA	TGA	314
RPRC003905-RA	TGA	14
RPRC003901-RA	TAG	55
RPRC003902-RA	TAA	15
RPRC010145-RA	TGA	96
RPRC010144-RA	TAA	37
RPRC010146-RA	TAG	132
RPRC010140-RA	TGA	151
RPRC005762-RA	TGA	208
RPRC010001-RA	TAA	181
RPRC010002-RA	TAG	62
RPRC010003-RA	TAG	6
RPRC009082-RA	TAA	147
RPRC009087-RA	TGA	45
RPRC009085-RA	TGA	3
RPRC014177-RA	TAA	25
RPRC007626-RA	TAA	174
RPRC009883-RA	TAG	39
RPRC014495-RA	TAG	598
RPRC002230-RA	TAA	18
RPRC006532-RA	TAA	55
RPRC006531-RA	TAA	27
RPRC003014-RA	TAA	133
RPRC013208-RA	TAG	348
RPRC014271-RA	TGA	291
RPRC014270-RA	TGA	793
RPRC008592-RA	TAA	45
RPRC008597-RA	TAA	259
RPRC008596-RA	TGA	197
RPRC013034-RA	TGA	2271
RPRC012151-RA	TGA	60
RPRC012159-RA	TAA	12
RPRC006999-RA	TAA	272
RPRC006996-RA	TAA	137
RPRC006990-RA	TAA	182
RPRC008100-RA	TAA	70
RPRC008102-RA	TAG	36
RPRC008103-RA	TAA	55
RPRC012338-RA	TAA	215
RPRC012339-RA	TGA	277
RPRC012330-RA	TAA	18
RPRC012332-RA	TAA	92
RPRC012335-RA	TAA	33
RPRC010790-RA	TAA	210
RPRC010792-RA	TGA	3
RPRC010795-RA	TAG	195
RPRC010797-RA	TAA	142
RPRC010798-RA	TAG	86
RPRC009319-RA	TAG	109
RPRC007359-RA	TGA	90
RPRC009313-RA	TAA	11
RPRC009310-RA	TAA	10
RPRC009311-RA	TAA	63
RPRC009315-RA	TAG	14
RPRC005973-RA	TGA	24
RPRC005970-RA	TAA	88
RPRC005977-RA	TAA	37
RPRC005974-RA	TAG	112
RPRC007895-RA	TGA	161
RPRC011158-RA	TAA	130
RPRC009277-RA	TGA	284
RPRC011157-RA	TGA	4
RPRC007897-RA	TGA	38
RPRC015318-RA	TGA	200
RPRC015316-RA	TAA	285
RPRC015314-RA	TAG	143
RPRC015313-RA	TGA	56
RPRC015312-RA	TAA	175
RPRC015310-RA	TAA	53
RPRC003073-RA	TAA	146
RPRC002559-RA	TAA	74
RPRC006459-RA	TGA	115
RPRC002552-RA	TAA	34
RPRC009265-RA	TAG	99
RPRC006055-RA	TGA	67
RPRC006056-RA	TAA	467
RPRC006051-RA	TAA	26
RPRC006053-RA	TAA	324
RPRC003032-RA	TAA	165
RPRC005506-RA	TAG	22
RPRC012936-RA	TAA	44
RPRC006239-RA	TAG	59
RPRC012933-RA	TAA	3
RPRC012939-RA	TAA	26
RPRC003175-RA	TGA	281
RPRC008697-RA	TAA	37
RPRC004364-RA	TAA	17
RPRC010947-RA	TAA	119
RPRC010943-RA	TGA	150
RPRC009706-RA	TAA	393
RPRC003469-RA	TGA	109
RPRC003467-RA	TAA	179
RPRC007548-RA	TAA	1320
RPRC010963-RA	TAG	25
RPRC013412-RA	TGA	79
RPRC013417-RA	TAA	147
RPRC004161-RA	TGA	194
RPRC006836-RA	TAA	169
RPRC006837-RA	TAA	376
RPRC006830-RA	TAA	227
RPRC006839-RA	TAA	45
RPRC014353-RA	TAA	85
RPRC008256-RA	TGA	245
RPRC004780-RA	TAA	68
RPRC004781-RA	TAA	17
RPRC017804-RA	TGA	496
RPRC005569-RA	TGA	131
RPRC005566-RA	TGA	168
RPRC005561-RA	TAG	125
RPRC005560-RA	TAG	143
RPRC005563-RA	TAA	34
RPRC015100-RA	TGA	88
RPRC015101-RA	TAG	60
RPRC015106-RA	TAA	98
RPRC015105-RA	TAA	36
RPRC003924-RA	TAA	149
RPRC003922-RA	TGA	285
RPRC003921-RA	TGA	156
RPRC003920-RA	TAA	369
RPRC003929-RA	TAG	10
RPRC010160-RA	TAG	95
RPRC005783-RA	TAG	125
RPRC005782-RA	TAA	94
RPRC005784-RA	TGA	224
RPRC008866-RA	TGA	166
RPRC002787-RA	TGA	67
RPRC003251-RA	TAG	163
RPRC003250-RA	TGA	327
RPRC003257-RA	TAA	80
RPRC003259-RA	TAG	66
RPRC003258-RA	TGA	43
RPRC007452-RA	TGA	17
RPRC011951-RA	TAA	168
RPRC011955-RA	TGA	69
RPRC014477-RA	TAA	127
RPRC011956-RA	TGA	2
RPRC014479-RA	TAA	741
RPRC011958-RA	TGA	146
RPRC011488-RA	TAA	88
RPRC003075-RA	TAA	128
RPRC003074-RA	TAA	62
RPRC006550-RA	TAA	16
RPRC006552-RA	TGA	66
RPRC003079-RA	TAA	73
RPRC014013-RA	TGA	44
RPRC011648-RA	TAA	144
RPRC004641-RA	TGA	207
RPRC014017-RA	TAA	221
RPRC014212-RA	TAG	68
RPRC013089-RA	TGA	316
RPRC013088-RA	TAA	47
RPRC013085-RA	TAA	216
RPRC013084-RA	TAA	28
RPRC013087-RA	TAA	59
RPRC013086-RA	TAA	133
RPRC013080-RA	TAA	19
RPRC007202-RA	TAA	460
RPRC007203-RA	TGA	82
RPRC007206-RA	TAA	17
RPRC007205-RA	TAG	4
RPRC008069-RA	TAG	73
RPRC008067-RA	TAG	72
RPRC008065-RA	TGA	50
RPRC008060-RA	TAG	59
RPRC012139-RA	TGA	3124
RPRC012137-RA	TAA	134
RPRC017748-RA	TAA	152
RPRC017749-RA	TGA	136
RPRC017742-RA	TAA	617
RPRC017743-RA	TAA	54
RPRC017740-RA	TAG	913
RPRC017741-RA	TAA	2734
RPRC017746-RA	TGA	94
RPRC017747-RA	TAA	97
RPRC017744-RA	TAA	32
RPRC017745-RA	TAG	678
RPRC013620-RA	TAA	170
RPRC013625-RA	TGA	134
RPRC013624-RA	TAG	98
RPRC012689-RA	TAG	41
RPRC006291-RA	TAA	35
RPRC009334-RA	TAG	23
RPRC009336-RA	TGA	205
RPRC009337-RA	TAA	29
RPRC009330-RA	TAA	106
RPRC009331-RA	TAA	133
RPRC009332-RA	TGA	207
RPRC004573-RA	TAA	235
RPRC004572-RA	TAA	160
RPRC004575-RA	TAA	222
RPRC004577-RA	TAA	294
RPRC005956-RA	TAA	17
RPRC005957-RA	TAA	90
RPRC005952-RA	TAA	395
RPRC009253-RA	TAA	291
RPRC009255-RA	TAA	6
RPRC009254-RA	TAA	238
RPRC011172-RA	TGA	284
RPRC011176-RA	TAA	141
RPRC011179-RA	TAA	171
RPRC011178-RA	TAA	169
RPRC004317-RA	TGA	63
RPRC008431-RA	TGA	190
RPRC005848-RA	TGA	131
RPRC005597-RA	TAA	128
RPRC011561-RA	TGA	572
RPRC014042-RA	TAA	6
RPRC006451-RA	TAG	30
RPRC011567-RA	TGA	310
RPRC011568-RA	TAG	117
RPRC014049-RA	TAA	91
RPRC006039-RA	TGA	258
RPRC007629-RA	TAA	131
RPRC000550-RA	TAA	177
RPRC009928-RA	TAA	92
RPRC009925-RA	TGA	18
RPRC012919-RA	TAA	25
RPRC012911-RA	TAA	254
RPRC006784-RA	TAG	79
RPRC006787-RA	TAA	58
RPRC006789-RA	TGA	60
RPRC009121-RA	TAA	160
RPRC002643-RA	TAA	30
RPRC009122-RA	TAA	181
RPRC002235-RA	TGA	81
RPRC002645-RA	TGA	174
RPRC010215-RA	TAA	274
RPRC010219-RA	TAA	44
RPRC005114-RA	TAA	16
RPRC003440-RA	TAA	138
RPRC006536-RA	TAA	179
RPRC007562-RA	TAA	536
RPRC000069-RA	TAA	146
RPRC004424-RA	TAA	129
RPRC013433-RA	TAG	263
RPRC011368-RA	TAA	289
RPRC011369-RA	TAA	79
RPRC011366-RA	TGA	268
RPRC011364-RA	TAG	18
RPRC011360-RA	TGA	8
RPRC011361-RA	TGA	36
RPRC004142-RA	TAG	14
RPRC004144-RA	TAA	118
RPRC007484-RA	TAA	207
RPRC007485-RA	TAG	233
RPRC006818-RA	TAG	46
RPRC006819-RA	TAA	70
RPRC006816-RA	TAA	149
RPRC006817-RA	TAA	159
RPRC017840-RA	TGA	393
RPRC015291-RA	TAA	78
RPRC015294-RA	TAA	356
RPRC005231-RA	TAA	203
RPRC005230-RA	TAA	57
RPRC008312-RA	TAA	82
RPRC005543-RA	TAG	29
RPRC005542-RA	TAA	174
RPRC008861-RA	TAA	134
RPRC008316-RA	TGA	32
RPRC008319-RA	TAA	15
RPRC005548-RA	TGA	115
RPRC012471-RA	TAA	266
RPRC015128-RA	TAA	92
RPRC015127-RA	TGA	135
RPRC015120-RA	TAA	142
RPRC015123-RA	TAG	111
RPRC010181-RA	TAA	13
RPRC010187-RA	TAA	102
RPRC010189-RA	TAA	8
RPRC005254-RA	TGA	49
RPRC008372-RA	TAG	227
RPRC013988-RA	TAA	133
RPRC013986-RA	TAA	190
RPRC005259-RA	TGA	180
RPRC014058-RA	TAG	193
RPRC011909-RA	TAA	70
RPRC011979-RA	TAA	297
RPRC011978-RA	TGA	217
RPRC014453-RA	TAA	47
RPRC011972-RA	TGA	3
RPRC014457-RA	TAA	276
RPRC011976-RA	TGA	87
RPRC011974-RA	TAA	84
RPRC014185-RA	TAA	53
RPRC014187-RA	TGA	71
RPRC014186-RA	TGA	47
RPRC014180-RA	TAA	106
RPRC014189-RA	TAA	99
RPRC014188-RA	TGA	138
RPRC014988-RA	TAG	25
RPRC003279-RA	TGA	303
RPRC003270-RA	TAA	190
RPRC003277-RA	TAG	2911
RPRC003276-RA	TAA	120
RPRC003275-RA	TAG	10
RPRC007198-RA	TGA	90
RPRC007197-RA	TAG	208
RPRC007194-RA	TAA	205
RPRC002902-RA	TAG	275
RPRC002903-RA	TGA	11
RPRC002906-RA	TAG	76
RPRC006892-RA	TAG	76
RPRC006577-RA	TGA	323
RPRC006577-RB	TGA	323
RPRC006576-RA	TAA	106
RPRC006575-RA	TAA	139
RPRC006573-RA	TAA	287
RPRC007221-RA	TGA	53
RPRC008083-RA	TGA	153
RPRC008085-RA	TAA	235
RPRC008084-RA	TGA	133
RPRC012114-RA	TGA	41
RPRC017768-RA	TAG	205
RPRC017768-RB	TAG	205
RPRC017769-RA	TAG	296
RPRC017764-RA	TAG	780
RPRC017765-RA	TAA	138
RPRC017766-RA	TGA	172
RPRC017767-RA	TAA	245
RPRC017760-RA	TAA	320
RPRC017761-RA	TAG	1223
RPRC017762-RA	TAG	145
RPRC017763-RA	TAG	893
RPRC013609-RA	TAA	158
RPRC007552-RA	TAG	184
RPRC002296-RA	TAA	20
RPRC009113-RA	TAG	25
RPRC009350-RA	TAG	165
RPRC009351-RA	TGA	370
RPRC015463-RA	TAA	79
RPRC004083-RA	TGA	123
RPRC004088-RA	TAA	95
RPRC009239-RA	TGA	97
RPRC009230-RA	TAA	85
RPRC011114-RA	TAA	7
RPRC004886-RA	TAA	163
RPRC003894-RA	TAA	219
RPRC005682-RA	TAA	79
RPRC003519-RA	TAA	569
RPRC002847-RA	TGA	86
RPRC006016-RA	TAA	371
RPRC005069-RA	TAA	106
RPRC005062-RA	TAA	68
RPRC005063-RA	TAA	67
RPRC009903-RA	TAA	203
RPRC009902-RA	TGA	2
RPRC009905-RA	TGA	20
RPRC009904-RA	TGA	131
RPRC010233-RA	TGA	212
RPRC010231-RA	TGA	11
RPRC010230-RA	TGA	11
RPRC010236-RA	TAA	68
RPRC010235-RA	TGA	77
RPRC010234-RA	TAA	44
RPRC007761-RA	TAG	161
RPRC007763-RA	TAA	166
RPRC003425-RA	TAA	284
RPRC003428-RA	TAG	34
RPRC007402-RA	TAA	167
RPRC007505-RA	TAG	74
RPRC007504-RA	TAA	200
RPRC007500-RA	TAA	261
RPRC007503-RA	TAA	47
RPRC007502-RA	TAA	38
RPRC011343-RA	TGA	276
RPRC011345-RA	TAA	19
RPRC000383-RA	TAA	10
RPRC008749-RA	TGA	27
RPRC013077-RA	TGA	52
RPRC008740-RA	TGA	2
RPRC012333-RA	TAG	152
RPRC005218-RA	TGA	292
RPRC015140-RA	TAA	210
RPRC015141-RA	TAA	116
RPRC015149-RA	TGA	312
RPRC003225-RA	TGA	20
RPRC014162-RA	TAA	42
RPRC014884-RA	TAA	203
RPRC013130-RA	TGA	34
RPRC002079-RA	TGA	2037
RPRC014554-RA	TAA	160
RPRC014881-RA	TAA	38
RPRC003227-RA	TAA	212
RPRC014439-RA	TAA	497
RPRC014434-RA	TAG	116
RPRC003215-RA	TAA	943
RPRC003217-RA	TAA	70
RPRC002922-RA	TAA	304
RPRC006590-RA	TAA	66
RPRC006592-RA	TAA	103
RPRC010391-RA	TGA	139
RPRC010392-RA	TAA	253
RPRC007244-RA	TGA	1182
RPRC017706-RA	TGA	437
RPRC017707-RA	TAA	72
RPRC017704-RA	TGA	76
RPRC017705-RA	TGA	256
RPRC017703-RA	TAG	915
RPRC017700-RA	TAA	79
RPRC008390-RA	TAG	22
RPRC017708-RA	TAA	117
RPRC017709-RA	TAA	185
RPRC013661-RA	TAA	41
RPRC013669-RA	TGA	1171
RPRC012396-RA	TGA	138
RPRC012394-RA	TAA	14
RPRC012395-RA	TAA	134
RPRC012392-RA	TGA	223
RPRC012390-RA	TAA	294
RPRC012391-RA	TGA	90
RPRC015449-RA	TAA	217
RPRC015442-RA	TAA	55
RPRC015441-RA	TAA	22
RPRC015440-RA	TAA	123
RPRC015444-RA	TGA	233
RPRC007710-RA	TAA	124
RPRC007348-RA	TGA	42
RPRC009217-RA	TAA	107
RPRC009215-RA	TAA	36
RPRC009214-RA	TGA	314
RPRC009212-RA	TAA	75
RPRC009211-RA	TGA	229
RPRC013291-RA	TGA	217
RPRC011137-RA	TAA	117
RPRC013292-RA	TAG	55
RPRC009219-RA	TAA	22
RPRC007341-RA	TAA	16
RPRC005912-RA	TAA	230
RPRC005913-RA	TAA	149
RPRC005664-RA	TAG	85
RPRC005665-RA	TGA	195
RPRC011882-RA	TGA	43
RPRC005002-RA	TGA	156
RPRC005009-RA	TAG	259
RPRC009967-RA	TAA	200
RPRC006402-RA	TAG	235
RPRC006298-RA	TAG	326
RPRC006299-RA	TAG	18
RPRC002604-RA	TAG	60
RPRC010251-RA	TGA	22
RPRC010253-RA	TAA	145
RPRC010252-RA	TAA	68
RPRC007746-RA	TAA	69
RPRC005130-RA	TAA	132
RPRC007528-RA	TGA	115
RPRC007527-RA	TAA	126
RPRC007523-RA	TAA	171
RPRC014377-RA	TAA	153
RPRC009587-RA	TAA	30
RPRC009585-RA	TAG	42
RPRC009582-RA	TAA	24
RPRC010871-RA	TAA	64
RPRC010870-RA	TAG	60
RPRC009588-RA	TAA	89
RPRC014613-RA	TAA	51
RPRC013475-RA	TAA	94
RPRC010179-RA	TAA	135
RPRC013479-RA	TAA	286
RPRC000173-RA	TAA	50
RPRC008768-RA	TAA	55
RPRC000246-RA	TGA	22
RPRC008764-RA	TAG	44
RPRC008761-RA	TAG	223
RPRC008762-RA	TAA	154
RPRC008763-RA	TAA	46
RPRC006271-RA	TGA	69
RPRC013707-RA	TGA	18
RPRC008245-RA	TGA	117
RPRC012709-RA	TAA	70
RPRC008350-RA	TAA	48
RPRC005329-RA	TAA	73
RPRC013057-RA	TAA	221
RPRC011139-RA	TAA	114
RPRC004279-RA	TGA	122
RPRC004272-RA	TGA	143
RPRC004273-RA	TAG	82
RPRC004270-RA	TAA	106
RPRC004271-RA	TAA	51
RPRC004276-RA	TGA	134
RPRC004275-RA	TAG	244
RPRC005491-RA	TGA	39
RPRC005493-RA	TAA	82
RPRC006333-RA	TGA	61
RPRC015160-RA	TGA	63
RPRC012081-RA	TGA	166
RPRC014415-RA	TGA	73
RPRC014413-RA	TAA	88
RPRC011930-RA	TGA	47
RPRC014148-RA	TAA	16
RPRC014419-RA	TAA	28
RPRC011938-RA	TAG	157
RPRC011679-RA	TGA	54
RPRC000040-RA	TAA	219
RPRC014064-RA	TAA	10
RPRC011543-RA	TGA	228
RPRC003895-RA	TAA	169
RPRC003230-RA	TGA	494
RPRC006609-RA	TAA	1012
RPRC006608-RA	TGA	76
RPRC003238-RA	TAA	77
RPRC008514-RA	TAA	46
RPRC002946-RA	TAG	40
RPRC002944-RA	TAA	40
RPRC002945-RA	TGA	199
RPRC002942-RA	TAA	248
RPRC002943-RA	TGA	19
RPRC002940-RA	TAA	125
RPRC002941-RA	TAA	56
RPRC003099-RA	TAG	67
RPRC003098-RA	TAG	50
RPRC003097-RA	TGA	114
RPRC003096-RA	TAA	77
RPRC013241-RA	TAA	197
RPRC013390-RA	TAG	196
RPRC017728-RA	TGA	104
RPRC017729-RA	TGA	840
RPRC017720-RA	TAA	411
RPRC017721-RA	TAG	615
RPRC017722-RA	TAA	104
RPRC017723-RA	TGA	1241
RPRC017724-RA	TAG	778
RPRC017725-RA	TAG	384
RPRC017726-RA	TAA	488
RPRC017727-RA	TGA	943
RPRC006059-RA	TGA	177
RPRC007260-RA	TAA	256
RPRC002639-RA	TAA	116
RPRC007266-RA	TGA	2087
RPRC009392-RA	TGA	59
RPRC009391-RA	TAA	11
RPRC009398-RA	TAA	143
RPRC009628-RA	TAA	173
RPRC004517-RA	TGA	86
RPRC004042-RA	TAA	70
RPRC004510-RA	TAA	137
RPRC004518-RA	TGA	160
RPRC013139-RA	TAG	218
RPRC013649-RA	TGA	583
RPRC013647-RA	TAA	14
RPRC004636-RA	TAA	55
RPRC013645-RA	TAA	665
RPRC013644-RA	TAA	114
RPRC009840-RA	TGA	144
RPRC015082-RA	TAA	130
RPRC004186-RA	TAA	97
RPRC015393-RA	TAA	51
RPRC015390-RA	TAA	48
RPRC015399-RA	TAA	142
RPRC015398-RA	TAA	150
RPRC013697-RA	TAA	53
RPRC005640-RA	TAA	120
RPRC005393-RA	TAA	239
RPRC004851-RA	TAA	295
RPRC005029-RA	TAA	252
RPRC005020-RA	TAG	44
RPRC013851-RA	TAA	34
RPRC014462-RA	TGA	437
RPRC005885-RA	TAG	452
RPRC011940-RA	TAA	14
RPRC011941-RA	TAG	23
RPRC002227-RA	TAA	32
RPRC003390-RA	TAA	37
RPRC003395-RA	TAA	84
RPRC010277-RA	TGA	400
RPRC010276-RA	TAA	34
RPRC010271-RA	TAA	40
RPRC011496-RA	TGA	69
RPRC010278-RA	TGA	147
RPRC011949-RA	TGA	14
RPRC007729-RA	TGA	209
RPRC007728-RA	TGA	238
RPRC007725-RA	TAA	118
RPRC007726-RA	TAA	41
RPRC007723-RA	TAA	156
RPRC011898-RA	TGA	207
RPRC011242-RA	TAA	114
RPRC005106-RA	TAG	161
RPRC011897-RA	TAA	134
RPRC003066-RA	TGA	66
RPRC003178-RA	TAG	25
RPRC003179-RA	TGA	195
RPRC006547-RA	TGA	240
RPRC006414-RA	TAG	411
RPRC003176-RA	TGA	18
RPRC006417-RA	TGA	91
RPRC014688-RA	TAA	154
RPRC003172-RA	TGA	58
RPRC014689-RA	TAG	54
RPRC006543-RA	TAA	595
RPRC007091-RA	TAA	127
RPRC006541-RA	TGA	39
RPRC014601-RA	TAA	135
RPRC014358-RA	TAA	165
RPRC014359-RA	TAG	67
RPRC014357-RA	TGA	32
RPRC017801-RA	TAA	528
RPRC017800-RA	TGA	404
RPRC017803-RA	TAG	630
RPRC017802-RA	TGA	967
RPRC017805-RA	TAA	98
RPRC004450-RA	TAG	162
RPRC017807-RA	TAA	85
RPRC017806-RA	TAA	1559
RPRC017809-RA	TAA	312
RPRC017808-RA	TAA	1495
RPRC003068-RA	TAA	30
RPRC006463-RA	TAA	30
RPRC000153-RA	TAA	113
RPRC008707-RA	TAG	100
RPRC008701-RA	TAA	46
RPRC008708-RA	TAA	66
RPRC008709-RA	TAG	2
RPRC012729-RA	TGA	148
RPRC012728-RA	TAA	100
RPRC012723-RA	TAG	320
RPRC002282-RA	TAG	2
RPRC010944-RA	TAA	91
RPRC010473-RA	TAA	25
RPRC008376-RA	TGA	79
RPRC008374-RA	TAA	118
RPRC008373-RA	TGA	27
RPRC005251-RA	TAA	184
RPRC007608-RA	TAA	72
RPRC002583-RA	TAG	53
RPRC008528-RA	TGA	98
RPRC013386-RA	TAA	358
RPRC011075-RA	TGA	44
RPRC004700-RA	TAG	172
RPRC004701-RA	TAA	49
RPRC008954-RA	TGA	77
RPRC010849-RA	TAG	38
RPRC008958-RA	TAA	264
RPRC013922-RA	TAG	85
RPRC013920-RA	TAG	54
RPRC013921-RA	TAG	95
RPRC002706-RA	TGA	59
RPRC015182-RA	TGA	103
RPRC015183-RA	TAG	176
RPRC015180-RA	TAA	31
RPRC015181-RA	TGA	118
RPRC015186-RA	TAA	91
RPRC014174-RA	TGA	23
RPRC011401-RA	TGA	80
RPRC014160-RA	TGA	148
RPRC006627-RA	TGA	47
RPRC008571-RA	TGA	90
RPRC002965-RA	TAA	152
RPRC014172-RA	TAA	8
RPRC014833-RA	TGA	155
RPRC014834-RA	TGA	80
RPRC000703-RA	TAA	600
RPRC009889-RA	TGA	239
RPRC009627-RA	TAA	2464
RPRC003610-RA	TAG	2
RPRC003613-RA	TGA	115
RPRC003617-RA	TAA	1378
RPRC007284-RA	TAA	22
RPRC011240-RA	TAA	66
RPRC004069-RA	TAA	8
RPRC004066-RA	TGA	99
RPRC015405-RA	TAA	383
RPRC015403-RA	TAA	169
RPRC015402-RA	TAA	228
RPRC015401-RA	TAA	268
RPRC007360-RA	TAA	2
RPRC013113-RA	TAA	106
RPRC013111-RA	TAG	71
RPRC013110-RA	TGA	61
RPRC013117-RA	TAA	236
RPRC013116-RA	TAA	106
RPRC013114-RA	TAA	122
RPRC013119-RA	TAG	171
RPRC008074-RA	TAA	68
RPRC012576-RA	TGA	55
RPRC012571-RA	TGA	171
RPRC004399-RA	TAA	44
RPRC004395-RA	TAG	263
RPRC003501-RA	TAA	167
RPRC015443-RA	TGA	70
RPRC006752-RA	TAA	27
RPRC005620-RA	TGA	179
RPRC005621-RA	TGA	166
RPRC006755-RA	TAA	19
RPRC005628-RA	TAA	65
RPRC005626-RA	TAA	20
RPRC009803-RA	TAA	82
RPRC009800-RA	TAG	40
RPRC004714-RA	TAA	53
RPRC002853-RA	TAA	26
RPRC004933-RA	TGA	179
RPRC004935-RA	TAG	40
RPRC004936-RA	TAA	36
RPRC008403-RA	TAA	299
RPRC007247-RA	TAG	103
RPRC012142-RA	TAA	247
RPRC012995-RA	TGA	541
RPRC012144-RA	TGA	39
RPRC007919-RA	TGA	47
RPRC007913-RA	TAG	208
RPRC007917-RA	TAA	1
RPRC003372-RA	TAA	124
RPRC003373-RA	TGA	284
RPRC003379-RA	TGA	5
RPRC012811-RA	TAA	114
RPRC007700-RA	TGA	207
RPRC003114-RA	TAA	60
RPRC006472-RA	TAA	95
RPRC006473-RA	TAA	105
RPRC003111-RA	TGA	76
RPRC010989-RA	TAA	94
RPRC012085-RA	TAA	14
RPRC002717-RA	TAA	97
RPRC014336-RA	TAG	357
RPRC014336-RB	TAG	278
RPRC014337-RA	TGA	2919
RPRC014626-RA	TAG	43
RPRC014629-RA	TAA	81
RPRC010835-RA	TGA	172
RPRC008495-RA	TAA	207
RPRC008492-RA	TAA	87
RPRC008493-RA	TAA	52
RPRC008490-RA	TGA	103
RPRC008491-RA	TAA	236
RPRC009750-RA	TAA	86
RPRC008498-RA	TAA	17
RPRC002523-RA	TAA	137
RPRC011303-RA	TAA	224
RPRC008723-RA	TAA	322
RPRC001849-RA	TAA	2717
RPRC001845-RA	TAA	1189
RPRC001842-RA	TGA	75
RPRC001843-RA	TAA	138
RPRC001840-RA	TAA	636
RPRC017829-RA	TGA	698
RPRC017828-RA	TGA	722
RPRC017823-RA	TAA	231
RPRC017822-RA	TAA	80
RPRC017821-RA	TAA	145
RPRC017820-RA	TAA	496
RPRC017827-RA	TAA	2621
RPRC017826-RA	TGA	687
RPRC017825-RA	TGA	427
RPRC017824-RA	TGA	51
RPRC006890-RA	TGA	261
RPRC006893-RA	TGA	359
RPRC006896-RA	TAG	127
RPRC006897-RA	TAA	277
RPRC006898-RA	TAA	111
RPRC006899-RA	TAA	88
RPRC013565-RA	TAA	100
RPRC012749-RA	TAA	74
RPRC012745-RA	TAA	166
RPRC012746-RA	TGA	62
RPRC006879-RA	TGA	90
RPRC004138-RA	TAG	22
RPRC009457-RA	TGA	65
RPRC010883-RA	TAA	38
RPRC011057-RA	TGA	282
RPRC011050-RA	TGA	140
RPRC015210-RA	TGA	124
RPRC004728-RA	TGA	2
RPRC004729-RA	TGA	10
RPRC014546-RA	TAA	210
RPRC011469-RA	TAA	153
RPRC011464-RA	TAA	315
RPRC011467-RA	TAA	62
RPRC011466-RA	TAA	142
RPRC011463-RA	TAA	446
RPRC003621-RA	TAG	103
RPRC014152-RA	TAA	152
RPRC006649-RA	TAG	155
RPRC006646-RA	TGA	138
RPRC008556-RA	TGA	111
RPRC002985-RA	TAG	10
RPRC008559-RA	TGA	32
RPRC010336-RA	TAA	64
RPRC010337-RA	TGA	364
RPRC010335-RA	TAA	78
RPRC010339-RA	TGA	249
RPRC014812-RA	TAA	54
RPRC014811-RA	TAA	108
RPRC014814-RA	TAG	5
RPRC014819-RA	TGA	77
RPRC014818-RA	TAA	110
RPRC003588-RA	TAA	132
RPRC003581-RA	TAA	453
RPRC003580-RA	TAA	4
RPRC003585-RA	TAA	2590
RPRC003587-RA	TAA	40
RPRC003586-RA	TAA	17
RPRC007110-RA	TAA	113
RPRC008627-RA	TAA	59
RPRC013703-RA	TAA	364
RPRC003633-RA	TAA	590
RPRC009607-RA	TGA	204
RPRC009600-RA	TAA	159
RPRC003634-RA	TAA	362
RPRC003639-RA	TGA	75
RPRC009608-RA	TGA	106
RPRC013351-RA	TAA	116
RPRC013353-RA	TGA	13
RPRC013354-RA	TAA	125
RPRC013357-RA	TAA	117
RPRC013356-RA	TAG	108
RPRC012086-RA	TAG	192
RPRC012083-RA	TAA	39
RPRC001673-RA	TGA	1210
RPRC001672-RA	TAG	410
RPRC008629-RA	TGA	156
RPRC011260-RA	TAA	42
RPRC004339-RA	TGA	196
RPRC013681-RA	TGA	16
RPRC013687-RA	TGA	67
RPRC013686-RA	TAA	112
RPRC013684-RA	TAA	103
RPRC013175-RA	TGA	188
RPRC013174-RA	TAG	354
RPRC013171-RA	TAA	126
RPRC005232-RA	TGA	11
RPRC013178-RA	TGA	101
RPRC007409-RA	TAG	157
RPRC011199-RA	TAG	4
RPRC011198-RA	TAA	22
RPRC011196-RA	TAA	169
RPRC011193-RA	TAA	211
RPRC005235-RA	TAA	35
RPRC013284-RA	TAG	108
RPRC007876-RA	TAG	193
RPRC005234-RA	TAA	56
RPRC005606-RA	TAA	48
RPRC005358-RA	TAA	5
RPRC005236-RA	TGA	16
RPRC012226-RA	TAA	123
RPRC012227-RA	TAA	337
RPRC015029-RA	TGA	62
RPRC015028-RA	TAA	24
RPRC004916-RA	TGA	13
RPRC015020-RA	TGA	116
RPRC015025-RA	TAA	3
RPRC015027-RA	TGA	95
RPRC015026-RA	TGA	224
RPRC007939-RA	TAA	232
RPRC007934-RA	TGA	854
RPRC007936-RA	TGA	50
RPRC007930-RA	TAA	62
RPRC007931-RA	TGA	11
RPRC009183-RA	TGA	27
RPRC009189-RA	TAA	18
RPRC006184-RA	TAA	175
RPRC003350-RA	TAA	27
RPRC003358-RA	TAA	110
RPRC003359-RA	TAA	16
RPRC007858-RA	TAA	90
RPRC007853-RA	TGA	127
RPRC007856-RA	TAA	34
RPRC009980-RA	TAA	71
RPRC002512-RA	TAA	158
RPRC011859-RA	TGA	77
RPRC007588-RA	TAA	99
RPRC007587-RA	TAA	228
RPRC007586-RA	TAA	91
RPRC014641-RA	TAA	19
RPRC007328-RA	TAG	52
RPRC000119-RA	TAA	45
RPRC013562-RA	TGA	91
RPRC001862-RA	TAG	339
RPRC001863-RA	TAG	512
RPRC001864-RA	TAA	64
RPRC001864-RB	TAG	133
RPRC001864-RC	TAA	116
RPRC001866-RB	TAG	291
RPRC001866-RA	TAG	291
RPRC001869-RA	TAG	406
RPRC013540-RA	TAA	16
RPRC012766-RA	TAA	124
RPRC014622-RA	TGA	135
RPRC004477-RA	TAA	175
RPRC012768-RA	TAA	58
RPRC001248-RA	TAA	12
RPRC001249-RA	TAA	96
RPRC009471-RA	TGA	2
RPRC009470-RA	TGA	31
RPRC009476-RA	TAA	196
RPRC009474-RA	TAG	188
RPRC013280-RA	TAA	77
RPRC004747-RA	TAA	2
RPRC004745-RA	TAA	36
RPRC004743-RA	TAG	141
RPRC013965-RA	TGA	48
RPRC013960-RA	TAG	13
RPRC009060-RA	TGA	279
RPRC009061-RB	TGA	1888
RPRC009061-RA	TGA	1888
RPRC002748-RA	TAG	43
RPRC012593-RA	TAG	112
RPRC012404-RA	TAA	77
RPRC011445-RA	TGA	80
RPRC014123-RA	TAA	64
RPRC010149-RA	TGA	95
RPRC005169-RA	TGA	88
RPRC005161-RA	TAA	174
RPRC005167-RA	TAA	26
RPRC005166-RA	TGA	29
RPRC006509-RA	TAA	12
RPRC006665-RA	TAA	402
RPRC006664-RA	TAA	644
RPRC006663-RA	TAA	410
RPRC003834-RA	TAA	55
RPRC006660-RA	TAA	665
RPRC005350-RA	TAA	51
RPRC014786-RA	TAA	125
RPRC014789-RA	TGA	129
RPRC014788-RA	TAA	11
RPRC014875-RA	TAA	166
RPRC004210-RA	TGA	66
RPRC014878-RA	TGA	18
RPRC017788-RA	TAA	335
RPRC017789-RA	TGA	2873
RPRC017786-RA	TGA	288
RPRC017787-RA	TAA	150
RPRC017784-RA	TGA	150
RPRC017785-RA	TAA	32
RPRC017782-RA	TAG	202
RPRC017783-RB	TGA	2358
RPRC017783-RA	TAA	920
RPRC017780-RA	TAA	106
RPRC017781-RA	TAA	262
RPRC017781-RB	TAA	262
RPRC004211-RA	TGA	39
RPRC007131-RA	TAA	33
RPRC007138-RA	TAA	1322
RPRC007139-RA	TAA	6
RPRC002789-RA	TAA	51
RPRC009669-RA	TAG	143
RPRC009664-RA	TAA	981
RPRC009665-RA	TAA	56
RPRC009661-RA	TGA	741
RPRC003653-RA	TAA	60
RPRC013379-RA	TAG	146
RPRC013371-RA	TAA	32
RPRC013370-RA	TGA	354
RPRC013377-RA	TAA	244
RPRC013376-RA	TAG	123
RPRC013375-RA	TAA	248
RPRC006501-RA	TGA	74
RPRC009634-RA	TGA	156
RPRC008185-RA	TAG	57
RPRC004621-RA	TAA	78
RPRC013159-RA	TAA	55
RPRC013158-RA	TAA	225
RPRC013151-RA	TAA	134
RPRC006504-RA	TAA	34
RPRC007640-RA	TAA	82
RPRC000305-RA	TAG	176
RPRC004198-RA	TAA	340
RPRC004683-RA	TAG	142
RPRC004687-RA	TAA	11
RPRC004686-RA	TAA	183
RPRC004685-RA	TAG	42
RPRC004684-RA	TAG	87
RPRC010552-RA	TAA	143
RPRC010550-RA	TAA	212
RPRC010559-RA	TAA	53
RPRC005374-RA	TAG	262
RPRC008213-RA	TGA	1580
RPRC008213-RB	TGA	1580
RPRC012204-RA	TAA	98
RPRC012205-RA	TGA	119
RPRC012201-RA	TAA	57
RPRC015003-RA	TGA	155
RPRC015001-RA	TGA	113
RPRC015007-RA	TGA	210
RPRC015004-RA	TAG	340
RPRC015009-RA	TAA	112
RPRC015008-RA	TGA	157
RPRC005088-RA	TAA	83
RPRC005086-RA	TAA	28
RPRC005082-RA	TGA	3
RPRC005080-RA	TAA	183
RPRC005881-RA	TAA	272
RPRC007956-RA	TAA	50
RPRC007957-RA	TAA	830
RPRC007952-RA	TGA	955
RPRC011482-RA	TAA	34
RPRC002353-RA	TAA	24
RPRC002352-RA	TAG	227
RPRC002687-RA	TAA	68
RPRC002681-RA	TAA	18
RPRC011957-RA	TGA	156
RPRC008981-RA	TAG	57
RPRC003144-RA	TAG	265
RPRC014476-RA	TGA	489
RPRC011621-RA	TGA	89
RPRC011959-RA	TAA	21
RPRC002403-RA	TAA	4
RPRC007836-RA	TGA	155
RPRC007830-RA	TGA	108
RPRC011789-RA	TAA	170
RPRC011836-RA	TAA	76
RPRC011837-RA	TAA	215
RPRC011624-RA	TAG	127
RPRC002531-RA	TAA	64
RPRC003077-RA	TAA	74
RPRC007322-RA	TGA	50
RPRC003070-RA	TAA	141
RPRC014660-RA	TAG	63
RPRC003072-RA	TAG	144
RPRC011279-RA	TGA	26
RPRC003338-RA	TAA	6
RPRC003336-RA	TAA	69
RPRC002536-RA	TAA	70
RPRC003333-RA	TAA	24
RPRC000687-RA	TAA	194
RPRC008450-RA	TAA	177
RPRC002821-RA	TAG	58
RPRC002827-RA	TAA	163
RPRC002826-RA	TGA	135
RPRC006309-RA	TAA	331
RPRC002534-RA	TAG	102
RPRC006304-RA	TAA	147
RPRC006306-RA	TAA	28
RPRC007303-RA	TAG	228
RPRC000466-RA	TGA	61
RPRC013526-RA	TAA	40
RPRC013524-RA	TAA	236
RPRC013160-RA	TGA	19
RPRC013520-RA	TGA	131
RPRC010453-RA	TGA	190
RPRC009417-RA	TAA	20
RPRC009410-RA	TAA	58
RPRC009413-RA	TGA	105
RPRC012562-RA	TGA	20
RPRC002590-RA	TAG	86
RPRC010459-RA	TGA	49
RPRC011017-RA	TAA	1810
RPRC004760-RA	TGA	85
RPRC004766-RA	TAA	37
RPRC015259-RA	TAA	42
RPRC004768-RA	TGA	62
RPRC004769-RA	TAA	155
RPRC015254-RA	TAA	37
RPRC015255-RA	TAA	46
RPRC011613-RA	TGA	109
RPRC013949-RA	TAA	55
RPRC006940-RA	TAA	163
RPRC010765-RA	TGA	793
RPRC010764-RA	TAG	72
RPRC005411-RA	TAA	178
RPRC005410-RA	TAG	99
RPRC005414-RA	TAG	38
RPRC005416-RA	TAA	6
RPRC003813-RA	TAA	277
RPRC003810-RA	TGA	68
RPRC003814-RA	TAA	18
RPRC002277-RA	TAA	21
RPRC014740-RA	TAA	67
RPRC010371-RA	TAA	24
RPRC007005-RA	TAG	141
RPRC008628-RA	TGA	153
RPRC007159-RA	TAA	302
RPRC007157-RA	TGA	156
RPRC007155-RA	TAA	168
RPRC007152-RA	TAA	5
RPRC009644-RA	TAA	60
RPRC003677-RA	TAA	1189
RPRC003675-RA	TAA	172
RPRC003674-RA	TAA	19
RPRC003673-RA	TGA	104
RPRC003672-RA	TAA	73
RPRC013318-RA	TAA	4
RPRC013315-RA	TGA	134
RPRC013312-RA	TAA	10
RPRC014858-RA	TGA	64
RPRC014856-RA	TGA	55
RPRC014507-RA	TAA	3248
RPRC011229-RA	TGA	19
RPRC008669-RA	TGA	154
RPRC008663-RA	TAA	18
RPRC008665-RA	TGA	196
RPRC008667-RA	TAA	45
RPRC008666-RA	TAG	278
RPRC007357-RA	TAA	160
RPRC000322-RA	TAG	3755
RPRC012043-RA	TAG	41
RPRC012040-RA	TAA	272
RPRC012041-RA	TAA	121
RPRC012046-RA	TGA	117
RPRC012044-RA	TAG	214
RPRC010576-RA	TGA	65
RPRC006722-RA	TAA	31
RPRC005315-RA	TGA	8
RPRC010579-RA	TAA	36
RPRC005310-RA	TAA	248
RPRC012267-RA	TAG	65
RPRC012265-RA	TAA	185
RPRC012263-RA	TAA	46
RPRC012260-RA	TGA	42
RPRC012598-RA	TGA	102
RPRC012599-RA	TGA	14
RPRC012269-RA	TAG	76
RPRC003954-RA	TAA	254
RPRC008892-RA	TAA	30
RPRC012132-RA	TGA	46
RPRC015039-RA	TAA	195
RPRC000461-RA	TAA	418
RPRC012131-RA	TGA	11
RPRC013887-RA	TAA	119
RPRC002334-RA	TAG	29
RPRC004408-RA	TAA	59
RPRC004407-RA	TAG	104
RPRC004901-RA	TGA	103
RPRC007813-RA	TGA	56
RPRC007812-RA	TGA	33
RPRC007811-RA	TGA	16
RPRC007810-RA	TGA	60
RPRC007818-RA	TAA	107
RPRC011811-RA	TGA	308
RPRC011760-RA	TAG	950
RPRC011813-RA	TGA	391
RPRC011814-RA	TAA	159
RPRC011769-RA	TAA	318
RPRC002313-RA	TAA	27
RPRC003311-RA	TAG	113
RPRC003317-RA	TGA	78
RPRC003318-RA	TAA	115
RPRC003319-RA	TAA	177
RPRC008474-RA	TGA	41
RPRC008475-RA	TAA	146
RPRC002807-RA	TAA	95
RPRC002806-RA	TGA	6
RPRC002808-RA	TAA	88
RPRC012869-RA	TAA	97
RPRC012867-RA	TAA	121
RPRC012862-RA	TGA	21
RPRC007362-RA	TAA	89
RPRC000409-RA	TAA	480
RPRC000408-RA	TAA	105
RPRC004174-RA	TAA	128
RPRC009781-RA	TAG	114
RPRC009789-RA	TGA	164
RPRC009431-RA	TAG	66
RPRC013050-RA	TAA	67
RPRC013503-RA	TGA	246
RPRC013056-RA	TGA	301
RPRC013054-RA	TAA	150
RPRC012670-RA	TAA	21
RPRC012675-RA	TAA	43
RPRC012677-RA	TAA	118
RPRC015272-RA	TAA	22
RPRC015273-RA	TGA	198
RPRC015277-RA	TAG	2
RPRC015278-RA	TGA	108
RPRC010890-RA	TAA	21
RPRC002514-RA	TAA	47
RPRC014104-RA	TGA	52
RPRC006969-RA	TAG	90
RPRC006960-RA	TAG	122
RPRC010745-RA	TGA	66
RPRC005433-RA	TAG	58
RPRC005430-RA	TAA	109
RPRC005126-RA	TAA	36
RPRC005123-RA	TAA	391
RPRC005122-RA	TAA	82
RPRC003871-RA	TAA	59
RPRC003872-RA	TAA	90
RPRC009198-RA	TAA	19
RPRC010349-RA	TGA	337
RPRC002367-RB	TAG	996
RPRC002367-RA	TAG	996
RPRC010352-RA	TAG	139
RPRC010355-RA	TGA	421
RPRC010356-RB	TGA	217
RPRC010356-RA	TAG	617
RPRC010358-RA	TAA	2580
RPRC010359-RA	TGA	162
RPRC009197-RA	TAA	85
RPRC002470-RA	TAA	51
RPRC002434-RA	TAG	59
RPRC006774-RA	TAA	15
RPRC007179-RA	TGA	173
RPRC013990-RA	TGA	115
RPRC011599-RA	TAA	125
RPRC011597-RA	TAA	44
RPRC011596-RA	TAA	23
RPRC003690-RA	TAA	180
RPRC003695-RA	TAA	176
RPRC003699-RA	TAA	65
RPRC013336-RA	TGA	187
RPRC013333-RA	TGA	4
RPRC013330-RA	TAA	81
RPRC014521-RA	TAA	370
RPRC014528-RA	TAG	1574
RPRC013197-RA	TAA	434
RPRC013196-RA	TAA	178
RPRC008643-RA	TAA	154
RPRC008641-RA	TAG	780
RPRC008640-RA	TAG	546
RPRC008647-RA	TAA	290
RPRC008645-RA	TAG	117
RPRC007411-RA	TGA	841
RPRC007415-RA	TAA	196
RPRC007414-RA	TAA	60
RPRC004190-RA	TGA	299
RPRC007842-RA	TGA	139
RPRC010519-RA	TAA	197
RPRC010515-RA	TAA	135
RPRC010512-RA	TAG	107
RPRC005335-RA	TAA	88
RPRC005337-RA	TAA	9
RPRC013496-RA	TAA	14
RPRC002501-RA	TAA	196
RPRC002641-RA	TAG	37
RPRC005842-RA	TGA	120
RPRC008557-RA	TGA	2073
RPRC005840-RA	TAA	107
RPRC005845-RA	TAA	171
RPRC005590-RA	TAA	143
RPRC011609-RA	TAG	168
RPRC009127-RA	TGA	2
RPRC011603-RA	TGA	187
RPRC011605-RA	TAA	131
RPRC011605-RB	TAG	289
RPRC011607-RA	TAG	152
RPRC004420-RA	TAA	42
RPRC004426-RA	TAA	291
RPRC015041-RA	TAA	162
RPRC015040-RA	TAA	174
RPRC011742-RA	TAA	3
RPRC007595-RA	TAG	245
RPRC007691-RA	TGA	214
RPRC008415-RA	TAA	48
RPRC002864-RA	TAA	232
RPRC002860-RA	TAA	183
RPRC003198-RA	TAG	88
RPRC003196-RA	TGA	30
RPRC003197-RA	TAA	118
RPRC003195-RA	TGA	36
RPRC014952-RA	TGA	123
RPRC014950-RA	TAG	112
RPRC014951-RA	TAA	49
RPRC014956-RA	TAA	10
RPRC010523-RA	TAG	120
RPRC009145-RA	TAG	124
RPRC003732-RA	TAA	68
RPRC003734-RA	TAG	205
RPRC003735-RA	TGA	118
RPRC007430-RA	TAG	114
RPRC007435-RA	TAA	1962
RPRC007342-RA	TAG	117
RPRC005440-RA	TAA	5
RPRC013079-RA	TAG	40
RPRC013070-RA	TAA	306
RPRC013072-RA	TGA	51
RPRC012653-RA	TGA	64
RPRC002430-RA	TAA	20
RPRC012651-RA	TGA	86
RPRC012656-RA	TGA	188
RPRC012654-RA	TGA	73
RPRC012658-RA	TGA	93
RPRC002431-RA	TAA	22
RPRC009403-RA	TGA	137
RPRC004253-RA	TAA	238
RPRC002165-RA	TAA	80
RPRC006906-RA	TAG	25
RPRC006904-RA	TAA	145
RPRC006900-RA	TAA	323
RPRC004858-RA	TAA	279
RPRC004857-RA	TAA	124
RPRC004741-RA	TAA	125
RPRC010725-RA	TAA	234
RPRC005458-RA	TAA	133
RPRC005454-RA	TAA	97
RPRC010729-RA	TGA	273
RPRC005102-RA	TGA	85
RPRC014043-RA	TAA	175
RPRC014623-RA	TGA	11
RPRC007112-RA	TGA	458
RPRC002576-RA	TGA	269
RPRC002451-RA	TAA	62
RPRC006757-RA	TAG	335
RPRC006756-RA	TGA	78
RPRC006031-RA	TAA	84
RPRC002792-RA	TAG	86
RPRC007332-RA	TGA	1
RPRC014723-RA	TGA	7
RPRC014722-RA	TAA	260
RPRC014094-RA	TAA	261
RPRC009069-RA	TAA	176
RPRC002794-RA	TGA	253
RPRC010877-RA	TAG	7
RPRC014899-RA	TAA	30
RPRC014898-RA	TGA	78
RPRC014893-RA	TAG	25
RPRC014892-RA	TAA	212
RPRC014890-RA	TAA	17
RPRC014896-RA	TAG	148
RPRC014895-RA	TAG	189
RPRC014894-RA	TGA	91
RPRC014547-RA	TAA	74
RPRC014549-RA	TAA	3
RPRC003635-RA	TAG	42
RPRC008621-RA	TAA	392
RPRC008620-RA	TAA	288
RPRC008623-RA	TAA	117
RPRC001903-RA	TGA	411
RPRC001901-RA	TAA	438
RPRC001900-RA	TAA	210
RPRC001905-RA	TGA	395
RPRC001904-RA	TGA	510
RPRC004612-RA	TAG	300
RPRC012009-RA	TAG	48
RPRC012002-RA	TGA	118
RPRC012001-RA	TAG	167
RPRC010532-RA	TAA	104
RPRC013710-RA	TAA	20
RPRC002302-RA	TGA	44
RPRC009572-RA	TGA	269
RPRC013355-RA	TAG	37
RPRC000582-RA	TAA	523
RPRC015364-RA	TGA	58
RPRC017676-RA	TAA	730
RPRC004192-RA	TAG	154
RPRC004623-RA	TAG	9
RPRC004622-RA	TAA	166
RPRC004194-RA	TGA	53
RPRC004199-RA	TAG	15
RPRC017675-RA	TGA	173
RPRC005868-RA	TAA	342
RPRC013842-RA	TAA	111
RPRC013845-RA	TAA	260
RPRC013847-RA	TAA	247
RPRC002663-RA	TAA	228
RPRC002662-RA	TAA	217
RPRC002666-RA	TGA	80
RPRC002664-RA	TGA	96
RPRC011623-RA	TAA	335
RPRC011622-RA	TAA	58
RPRC004999-RA	TGA	261
RPRC011626-RA	TAA	209
RPRC011965-RA	TAA	145
RPRC011629-RA	TAA	89
RPRC014442-RA	TGA	60
RPRC011963-RA	TAG	231
RPRC005475-RA	TAA	201
RPRC006889-RA	TAG	58
RPRC011729-RA	TAA	394
RPRC002591-RA	TGA	193
RPRC011723-RA	TAG	158
RPRC008991-RA	TGA	230
RPRC008348-RA	TAA	130
RPRC006108-RA	TAA	69
RPRC006107-RA	TAA	135
RPRC005441-RA	TGA	33
RPRC005717-RA	TAA	124
RPRC008432-RA	TAG	145
RPRC002844-RA	TAA	108
RPRC012820-RA	TAA	32
RPRC010099-RA	TAA	103
RPRC010097-RA	TAA	80
RPRC010096-RA	TGA	13
RPRC010094-RA	TAG	166
RPRC010093-RA	TAG	219
RPRC010092-RA	TAA	201
RPRC010090-RA	TAA	118
RPRC014974-RA	TAG	24
RPRC014970-RA	TAA	117
RPRC014972-RA	TAA	127
RPRC014973-RA	TAG	45
RPRC009208-RA	TGA	216
RPRC010898-RA	TAA	154
RPRC009741-RA	TAA	206
RPRC003714-RA	TAA	38
RPRC003710-RA	TAG	10
RPRC003711-RA	TGA	334
RPRC010960-RA	TGA	54
RPRC015279-RA	TAA	87
RPRC000193-RA	TAA	80
RPRC007416-RA	TAA	161
RPRC013016-RA	TAA	361
RPRC013014-RA	TAA	111
RPRC004290-RA	TAA	28
RPRC008811-RA	TAA	48
RPRC003185-RA	TAA	182
RPRC003184-RA	TAA	236
RPRC006925-RA	TAA	125
RPRC008195-RA	TAG	2114
RPRC004875-RA	TAG	226
RPRC004871-RA	TGA	22
RPRC010702-RA	TAG	126
RPRC008996-RA	TAA	241
RPRC005473-RA	TAA	67
RPRC004963-RA	TAA	50
RPRC003122-RA	TGA	112
RPRC003449-RA	TGA	82
RPRC007463-RA	TAA	7
RPRC003447-RA	TAG	17
RPRC009161-RA	TGA	173
RPRC005509-RA	TGA	403
RPRC002125-RA	TGA	360
RPRC006568-RA	TAG	111
RPRC000066-RA	TGA	191
RPRC006560-RA	TAA	50
RPRC014569-RA	TGA	917
RPRC014563-RA	TAA	536
RPRC014560-RA	TAA	89
RPRC003529-RA	TAA	109
RPRC006566-RA	TAA	235
RPRC003523-RA	TAA	186
RPRC003522-RA	TAA	17
RPRC003527-RA	TGA	314
RPRC003524-RA	TAA	44
RPRC007219-RA	TAA	170
RPRC007068-RA	TGA	187
RPRC007063-RA	TAA	167
RPRC007064-RA	TAA	44
RPRC008209-RA	TAG	14
RPRC008603-RA	TAA	72
RPRC008602-RA	TAA	38
RPRC008601-RA	TAG	80
RPRC008600-RA	TAA	131
RPRC010288-RA	TGA	429
RPRC010289-RA	TGA	163
RPRC010282-RA	TGA	23
RPRC010283-RA	TAA	259
RPRC010280-RA	TAG	41
RPRC010286-RA	TAA	48
RPRC010287-RA	TAA	222
RPRC010284-RA	TAG	101
RPRC010285-RA	TGA	5
RPRC005604-RA	TAA	153
RPRC005357-RA	TAA	90
RPRC012023-RA	TAA	130
RPRC012025-RA	TAA	68
RPRC011049-RA	TAA	196
RPRC008422-RA	TAA	31
RPRC012285-RA	TAA	701
RPRC009558-RA	TAA	167
RPRC009559-RA	TAG	12
RPRC012282-RA	TAA	143
RPRC012289-RA	TAA	90
RPRC009552-RA	TGA	38
RPRC009553-RA	TGA	15
RPRC012550-RA	TAA	63
RPRC011399-RA	TGA	344
RPRC011398-RA	TAA	65
RPRC012555-RA	TAA	154
RPRC012556-RA	TGA	153
RPRC013863-RA	TAA	108
RPRC013862-RA	TGA	184
RPRC002609-RA	TGA	55
RPRC002608-RA	TAG	129
RPRC011645-RA	TAG	1919
RPRC011640-RA	TGA	89
RPRC004468-RA	TAA	63
RPRC004466-RA	TAG	64
RPRC015080-RA	TAA	256
RPRC004461-RA	TGA	273
RPRC011701-RA	TGA	65
RPRC011703-RA	TAA	107
RPRC002315-RA	TAG	139
RPRC008382-RA	TGA	127
RPRC005804-RA	TGA	122
RPRC014706-RA	TAG	184
RPRC006120-RA	TAA	46
RPRC003957-RA	TAA	102
RPRC010112-RA	TGA	80
RPRC010111-RA	TGA	170
RPRC010116-RA	TAA	411
RPRC010117-RA	TGA	271
RPRC005736-RA	TAA	174
RPRC005732-RA	TAA	28
RPRC009835-RA	TAG	4
RPRC006380-RA	TAA	140
RPRC006382-RA	TAA	195
RPRC005687-RA	TAA	53
RPRC011421-RA	TAA	74
RPRC003776-RA	TAA	181
RPRC003777-RA	TAG	36
RPRC003775-RA	TAA	71
RPRC003772-RA	TAA	84
RPRC003779-RA	TAA	69
RPRC007383-RA	TAA	27
RPRC007387-RA	TAA	24
RPRC007386-RA	TAA	14
RPRC007470-RA	TAA	312
RPRC007473-RA	TGA	1035
RPRC011422-RA	TAG	72
RPRC013030-RA	TAA	30
RPRC013035-RA	TAG	1
RPRC009977-RA	TGA	76
RPRC011092-RA	TAG	85
RPRC010228-RA	TAG	97
RPRC008018-RA	TAA	155
RPRC008017-RA	TGA	13
RPRC009109-RA	TAA	31
RPRC011426-RA	TGA	889
RPRC009108-RA	TGA	14
RPRC011458-RA	TAA	142
RPRC004620-RA	TAA	197
RPRC014139-RA	TAA	206
RPRC002479-RA	TAG	6
RPRC008173-RA	TGA	89
RPRC008172-RA	TAA	158
RPRC008177-RA	TGA	730
RPRC008178-RA	TAG	161
RPRC012342-RA	TAA	122
RPRC004810-RA	TAA	148
RPRC004811-RA	TAA	166
RPRC015344-RA	TAA	210
RPRC015345-RA	TAA	228
RPRC015340-RA	TGA	157
RPRC015343-RA	TAG	6
RPRC009181-RA	TAA	145
RPRC009180-RA	TAG	214
RPRC009186-RA	TAA	183
RPRC014440-RA	TGA	13
RPRC008902-RA	TAA	1
RPRC009774-RA	TGA	191
RPRC009775-RA	TAA	48
RPRC009776-RA	TAG	8
RPRC009107-RA	TGA	137
RPRC004905-RA	TAA	43
RPRC014587-RA	TAA	67
RPRC014586-RA	TAA	133
RPRC003547-RA	TGA	97
RPRC007047-RA	TAA	47
RPRC007043-RA	TAG	100
RPRC005455-RA	TGA	83
RPRC013260-RA	TAA	41
RPRC010912-RA	TGA	147
RPRC010910-RA	TAA	105
RPRC007397-RA	TGA	60
RPRC007462-RA	TAG	66
RPRC013266-RA	TAA	81
RPRC009359-RA	TGA	97
RPRC013751-RA	TAA	30
RPRC013750-RA	TGA	155
RPRC002510-RA	TGA	8
RPRC008311-RA	TAG	126
RPRC008310-RA	TAA	177
RPRC009482-RA	TGA	166
RPRC009115-RA	TGA	633
RPRC008315-RA	TGA	72
RPRC004665-RA	TAA	30
RPRC004661-RA	TGA	39
RPRC004660-RA	TGA	79
RPRC004663-RA	TAA	30
RPRC012402-RA	TAA	296
RPRC013804-RA	TAG	71
RPRC013800-RA	TAG	136
RPRC013803-RA	TAG	76
RPRC013802-RA	TGA	138
RPRC002626-RA	TGA	29
RPRC002625-RA	TGA	153
RPRC002624-RA	TAA	36
RPRC011665-RA	TGA	65
RPRC011663-RA	TGA	138
RPRC014791-RA	TAG	81
RPRC005820-RA	TGA	67
RPRC005826-RA	TAA	97
RPRC005828-RA	TAA	64
RPRC005538-RA	TAA	110
RPRC005283-RA	TAA	248
RPRC002080-RA	TAG	768
RPRC003081-RA	TAG	36
RPRC010139-RA	TAA	110
RPRC010134-RA	TAG	1420
RPRC010135-RA	TAA	26
RPRC010132-RA	TGA	143
RPRC005752-RA	TAA	182
RPRC005750-RA	TAG	39
RPRC009856-RA	TAA	163
RPRC009851-RA	TAA	25
RPRC011983-RA	TAG	91
RPRC009858-RA	TAG	153
RPRC010050-RA	TAA	90
RPRC002491-RA	TGA	16
RPRC014310-RA	TGA	245
RPRC014311-RA	TAA	288
RPRC003284-RA	TAG	41
RPRC003285-RA	TAG	77
RPRC014317-RA	TAG	96
RPRC005526-RA	TAA	436
RPRC007673-RA	TAA	60
RPRC007676-RA	TGA	179
RPRC002880-RA	TAA	77
RPRC002887-RA	TAA	131
RPRC003759-RA	TAA	155
RPRC003029-RA	TGA	50
RPRC003752-RA	TGA	140
RPRC003753-RA	TAA	58
RPRC000486-RA	TAA	103
RPRC000486-RB	TAA	103
RPRC000482-RA	TAA	358
RPRC003067-RA	TAA	60
RPRC013585-RA	TAA	1094
RPRC013589-RA	TAA	225
RPRC008038-RA	TAA	182
RPRC008036-RA	TAA	151
RPRC012187-RA	TGA	183
RPRC012186-RA	TGA	153
RPRC012185-RA	TGA	106
RPRC012184-RA	TGA	87
RPRC012183-RA	TAA	152
RPRC012182-RA	TAA	74
RPRC012180-RA	TAA	145
RPRC008229-RA	TAG	218
RPRC008152-RA	TAA	634
RPRC005407-RA	TGA	145
RPRC013380-RA	TAG	60
RPRC012361-RA	TAG	175
RPRC012360-RA	TAA	166
RPRC012367-RA	TAA	49
RPRC012369-RA	TAA	214
RPRC012368-RA	TAA	228
RPRC015320-RA	TAA	105
RPRC002347-RA	TAA	64
RPRC014057-RA	TAA	42
RPRC014053-RA	TAA	18
RPRC009288-RA	TAA	61
RPRC009280-RA	TAG	98
RPRC009285-RA	TAA	73
RPRC009287-RA	TAA	210
RPRC004838-RA	TAG	39
RPRC004831-RA	TAA	23
RPRC004833-RA	TAA	231
RPRC004836-RA	TAA	31
RPRC003131-RA	TAA	108
RPRC009245-RA	TAA	36
RPRC004947-RA	TGA	348
RPRC002168-RA	TAG	335
RPRC014744-RA	TGA	41
RPRC011515-RA	TAG	169
RPRC000117-RA	TGA	143
RPRC006086-RA	TAG	48
RPRC003566-RA	TAG	9
RPRC003564-RA	TAA	30
RPRC003563-RA	TAA	86
RPRC003561-RA	TGA	776
RPRC006269-RA	TAA	54
RPRC003568-RA	TAA	76
RPRC007026-RA	TAA	60
RPRC007029-RA	TAA	114
RPRC008309-RA	TAG	87
RPRC010930-RA	TAA	77
RPRC010939-RA	TGA	39
RPRC012600-RA	TAA	93
RPRC012353-RA	TAA	54
RPRC012355-RA	TAG	23
RPRC009519-RA	TGA	143
RPRC009516-RA	TAA	130
RPRC004645-RA	TAG	188
RPRC010814-RA	TGA	266
RPRC004642-RA	TAA	138
RPRC004137-RA	TGA	114
RPRC004640-RA	TGA	66
RPRC004649-RA	TAG	219
RPRC013779-RA	TGA	94
RPRC012428-RA	TAA	82
RPRC012429-RA	TAA	45
RPRC011977-RA	TGA	71
RPRC012426-RA	TGA	96
RPRC012427-RA	TAA	73
RPRC013829-RA	TGA	63
RPRC013828-RA	TAA	303
RPRC002606-RA	TAG	138
RPRC011218-RA	TGA	88
RPRC011213-RA	TAG	189
RPRC015088-RA	TAG	67
RPRC007410-RA	TAA	16
RPRC010489-RA	TAA	246
RPRC005514-RA	TAA	139
RPRC008837-RA	TAG	383
RPRC008830-RA	TAA	54
RPRC008831-RA	TAG	81
RPRC008832-RA	TAA	126
RPRC008833-RA	TAG	287
RPRC005518-RA	TAG	94
RPRC008839-RA	TAA	299
RPRC009647-RA	TGA	120
RPRC003918-RA	TGA	66
RPRC003919-RA	TGA	43
RPRC003914-RA	TAA	142
RPRC003913-RA	TAG	27
RPRC003910-RA	TAA	120
RPRC005778-RA	TAA	173
RPRC010157-RA	TGA	73
RPRC010152-RA	TGA	99
RPRC010153-RA	TGA	33
RPRC005770-RA	TGA	103
RPRC005772-RA	TAG	53
RPRC005774-RA	TAG	97
RPRC005775-RA	TAA	166
RPRC010159-RA	TAA	214
RPRC012884-RA	TGA	70
RPRC012885-RA	TGA	53
RPRC012880-RA	TGA	63
RPRC012881-RA	TAG	221
RPRC010030-RA	TAA	165
RPRC010033-RA	TAA	54
RPRC010032-RA	TAG	218
RPRC006699-RA	TAG	4
RPRC006697-RA	TGA	30
RPRC017687-RA	TAA	2050
RPRC017686-RA	TAG	339
RPRC017685-RA	TAG	12
RPRC017684-RA	TAA	454
RPRC017683-RA	TAA	872
RPRC017682-RA	TAA	82
RPRC017681-RA	TAG	399
RPRC017680-RA	TAG	87
RPRC017689-RA	TAA	404
RPRC017688-RA	TAG	357
RPRC007617-RA	TAA	356
RPRC007611-RA	TAG	174
RPRC014488-RA	TAA	92
RPRC009878-RA	TAG	289
RPRC014480-RA	TAA	284
RPRC014484-RA	TAA	190
RPRC009871-RA	TGA	66
RPRC014487-RA	TAA	213
RPRC003004-RA	TAA	13
RPRC003005-RA	TGA	99
RPRC003000-RA	TAA	40
RPRC003001-RA	TGA	64
RPRC003002-RA	TAA	54
RPRC013211-RA	TGA	95
RPRC013213-RA	TAA	62
RPRC013218-RA	TAA	81
RPRC014269-RA	TAA	136
RPRC014264-RA	TAA	85
RPRC014260-RA	TAG	142
RPRC014263-RA	TAG	7
RPRC008589-RA	TGA	118
RPRC008584-RA	TAA	369
RPRC008586-RA	TGA	1600
RPRC000203-RA	TAA	50
RPRC000207-RA	TAA	200
RPRC008057-RA	TAA	133
RPRC012163-RA	TAA	92
RPRC012167-RA	TAA	45
RPRC012169-RA	TGA	112
RPRC012168-RA	TAA	104
RPRC006986-RA	TAA	54
RPRC009384-RA	TAA	82
RPRC008134-RA	TAA	48
RPRC008136-RA	TGA	140
RPRC008131-RA	TAG	157
RPRC008130-RA	TAA	88
RPRC012306-RA	TAA	671
RPRC012301-RA	TAG	60
RPRC005187-RA	TGA	74
RPRC005189-RA	TAA	159
RPRC005188-RA	TAA	60
RPRC004580-RA	TAA	204
RPRC004581-RA	TAG	139
RPRC004584-RA	TAG	69
RPRC004586-RA	TAA	121
RPRC004587-RA	TAA	7
RPRC005989-RA	TAA	107
RPRC005988-RA	TGA	129
RPRC005986-RA	TAA	50
RPRC005985-RA	TAA	8
RPRC009261-RA	TGA	184
RPRC011142-RA	TAG	11
RPRC009268-RA	TAA	48
RPRC011146-RA	TAG	44
RPRC015309-RA	TAA	18
RPRC004368-RA	TAG	10
RPRC011533-RA	TAA	371
RPRC014014-RA	TAA	308
RPRC006061-RA	TGA	96
RPRC006122-RA	TGA	65
RPRC006124-RA	TAG	171
RPRC012942-RA	TGA	64
RPRC012941-RA	TAA	190
RPRC006128-RA	TAA	248
RPRC003958-RA	TAA	40
RPRC010088-RA	TAA	248
RPRC010959-RA	TAA	203
RPRC000504-RA	TAA	67
RPRC007226-RA	TAA	29
RPRC005617-RA	TAA	219
RPRC007222-RA	TGA	22
RPRC007559-RA	TAA	628
RPRC007555-RA	TAA	161
RPRC001899-RA	TAG	40
RPRC001898-RA	TAG	127
RPRC001891-RA	TAA	170
RPRC001890-RA	TAG	857
RPRC001897-RA	TAA	502
RPRC001896-RA	TAA	717
RPRC011039-RA	TAA	86
RPRC011330-RA	TAG	143
RPRC011332-RA	TAA	2
RPRC011337-RA	TAG	147
RPRC012544-RA	TAG	31
RPRC012544-RB	TAG	31
RPRC012542-RA	TGA	17
RPRC013790-RA	TAG	348
RPRC013793-RA	TAA	25
RPRC013792-RA	TAA	134
RPRC013795-RA	TAA	48
RPRC012237-RA	TAG	3
RPRC013799-RA	TAA	173
RPRC013798-RA	TAA	304
RPRC012540-RA	TGA	118
RPRC012442-RA	TAG	23
RPRC012440-RA	TAA	48
RPRC012441-RA	TAA	57
RPRC006841-RA	TAA	172
RPRC006847-RA	TAA	107
RPRC011933-RA	TAA	222
RPRC010083-RA	TGA	51
RPRC010075-RA	TAG	158
RPRC004969-RA	TAA	308
RPRC005576-RA	TAA	19
RPRC005572-RA	TAA	271
RPRC005573-RA	TAA	187
RPRC002745-RA	TAG	4
RPRC002747-RA	TAA	14
RPRC003933-RA	TAA	114
RPRC005792-RA	TAA	1156
RPRC005793-RA	TAG	408
RPRC005790-RA	TGA	130
RPRC005791-RA	TGA	437
RPRC005794-RA	TAA	134
RPRC008189-RA	TAA	70
RPRC010016-RA	TGA	225
RPRC010015-RA	TGA	93
RPRC010014-RA	TGA	59
RPRC010012-RA	TGA	33
RPRC010010-RA	TAA	25
RPRC009091-RA	TAG	48
RPRC009090-RA	TAA	31
RPRC009093-RA	TGA	1112
RPRC003242-RA	TGA	143
RPRC003249-RA	TAA	48
RPRC014143-RA	TAA	38
RPRC007636-RA	TGA	1385
RPRC007635-RA	TAA	370
RPRC007632-RA	TGA	184
RPRC014911-RA	TGA	109
RPRC007638-RA	TAG	446
RPRC014463-RA	TAA	57
RPRC011497-RA	TAG	108
RPRC003796-RA	TAA	146
RPRC003799-RA	TAA	61
RPRC007493-RA	TAA	2
RPRC007492-RA	TAA	41
RPRC007497-RA	TAA	170
RPRC014201-RA	TAA	60
RPRC009016-RA	TAA	49
RPRC013094-RA	TAA	22
RPRC014593-RA	TAA	31
RPRC008070-RA	TAA	33
RPRC003141-RA	TAA	95
RPRC003140-RA	TAG	456
RPRC014122-RA	TGA	164
RPRC013632-RA	TAG	215
RPRC013633-RA	TAA	303
RPRC013630-RA	TAA	278
RPRC012328-RA	TAG	118
RPRC014129-RA	TGA	38
RPRC014128-RA	TGA	382
RPRC010786-RA	TAA	17
RPRC007656-RA	TAA	150
RPRC006700-RA	TGA	53
RPRC009308-RA	TAA	125
RPRC003553-RA	TAA	1639
RPRC003551-RA	TAA	7
RPRC005963-RA	TGA	132
RPRC005964-RA	TGA	47
RPRC005966-RA	TAG	150
RPRC011165-RA	TAA	30
RPRC011160-RA	TAA	33
RPRC011161-RA	TAA	79
RPRC011163-RA	TAA	109
RPRC004307-RA	TAA	255
RPRC004305-RA	TGA	115
RPRC004308-RA	TAG	87
RPRC008914-RA	TGA	186
RPRC011559-RA	TAA	620
RPRC014071-RA	TAA	11
RPRC011553-RA	TAA	214
RPRC006048-RA	TGA	40
RPRC006047-RA	TAA	350
RPRC004087-RA	TGA	140
RPRC009932-RA	TGA	108
RPRC009935-RA	TAA	27
RPRC012924-RA	TAA	361
RPRC006227-RA	TAA	98
RPRC006225-RA	TAA	337
RPRC005836-RA	TGA	121
RPRC008685-RA	TGA	33
RPRC008683-RA	TGA	49
RPRC008680-RA	TAA	7
RPRC014691-RA	TGA	98
RPRC008688-RA	TGA	269
RPRC010207-RA	TAG	132
RPRC010970-RA	TAG	104
RPRC005833-RA	TAA	114
RPRC003833-RA	TAA	13
RPRC003471-RA	TAA	108
RPRC003470-RA	TGA	8
RPRC003473-RA	TGA	202
RPRC003472-RA	TAA	1
RPRC003477-RA	TGA	151
RPRC006662-RA	TAA	214
RPRC003025-RA	TAG	58
RPRC002520-RA	TAA	69
RPRC007578-RA	TGA	187
RPRC002522-RA	TAA	321
RPRC002526-RA	TAA	30
RPRC011608-RA	TAA	140
RPRC013400-RA	TAA	78
RPRC013405-RA	TAA	129
RPRC013408-RA	TGA	71
RPRC011318-RA	TAA	175
RPRC008325-RA	TAA	229
RPRC011317-RA	TAA	126
RPRC011316-RA	TAA	92
RPRC008320-RA	TAA	120
RPRC004171-RA	TGA	144
RPRC008322-RA	TAA	185
RPRC006346-RA	TAA	140
RPRC004330-RA	TAA	92
RPRC006821-RA	TAA	48
RPRC006822-RA	TAA	24
RPRC004798-RA	TAA	123
RPRC004796-RA	TGA	65
RPRC008302-RA	TAA	1
RPRC008303-RA	TAA	20
RPRC005553-RA	TGA	85
RPRC005559-RA	TAA	213
RPRC015110-RA	TAA	211
RPRC010191-RA	TGA	55
RPRC010196-RA	TAG	34
RPRC010197-RA	TAA	270
RPRC011918-RA	TAA	133
RPRC010314-RA	TGA	17
RPRC002799-RA	TAA	87
RPRC014657-RA	TGA	5
RPRC014651-RA	TAG	90
RPRC011964-RA	TAA	393
RPRC014445-RA	TAG	116
RPRC011966-RA	TAG	228
RPRC014447-RA	TAA	282
RPRC014447-RB	TAA	282
RPRC011960-RA	TAA	215
RPRC014441-RA	TAG	186
RPRC011969-RA	TAA	79
RPRC014226-RA	TAA	112
RPRC013026-RA	TAG	233
RPRC012296-RA	TAG	121
RPRC006567-RA	TAA	1069
RPRC000539-RA	TAA	881
RPRC008096-RA	TAA	1
RPRC005681-RA	TGA	12
RPRC008099-RA	TAA	203
RPRC012128-RA	TAG	148
RPRC014625-RA	TGA	11
RPRC012123-RA	TGA	175
RPRC017759-RA	TAA	1016
RPRC005686-RA	TGA	65
RPRC017751-RA	TAG	341
RPRC017750-RA	TGA	239
RPRC017753-RA	TAA	182
RPRC017755-RA	TAA	175
RPRC017754-RA	TAA	137
RPRC017757-RA	TGA	98
RPRC017756-RA	TGA	99
RPRC013619-RA	TAA	111
RPRC013617-RA	TAA	50
RPRC013612-RA	TGA	60
RPRC013613-RA	TAG	200
RPRC008789-RA	TAA	238
RPRC009328-RA	TAG	44
RPRC004092-RA	TAA	3
RPRC004093-RA	TAA	94
RPRC013339-RA	TGA	114
RPRC009228-RA	TGA	52
RPRC009227-RA	TAA	151
RPRC009225-RA	TAG	154
RPRC011102-RA	TAG	149
RPRC004896-RA	TGA	19
RPRC004897-RA	TGA	221
RPRC004895-RA	TAG	43
RPRC007133-RA	TAA	190
RPRC002493-RA	TAA	63
RPRC014126-RA	TAA	82
RPRC006446-RA	TAA	62
RPRC003125-RA	TAA	80
RPRC006334-RA	TGA	251
RPRC010642-RA	TAG	79
RPRC005945-RA	TAA	130
RPRC005944-RA	TGA	39
RPRC013998-RA	TGA	23
RPRC011575-RA	TAG	173
RPRC011574-RA	TGA	57
RPRC011573-RA	TAG	87
RPRC011571-RA	TAA	117
RPRC011570-RA	TAA	107
RPRC006029-RA	TAA	45
RPRC013267-RA	TGA	211
RPRC005059-RA	TAG	158
RPRC009919-RA	TGA	209
RPRC008170-RA	TGA	53
RPRC009914-RA	TAA	79
RPRC010226-RA	TGA	540
RPRC014620-RA	TAG	117
RPRC007779-RA	TAA	75
RPRC003457-RA	TAG	136
RPRC007511-RA	TAA	162
RPRC015349-RA	TAA	10
RPRC013428-RA	TGA	245
RPRC011371-RA	TAG	294
RPRC011370-RA	TAA	73
RPRC011373-RA	TAA	23
RPRC011907-RA	TAG	54
RPRC009156-RA	TAA	216
RPRC014420-RA	TAA	102
RPRC008285-RA	TAA	69
RPRC015288-RA	TAA	118
RPRC010421-RA	TGA	130
RPRC010426-RA	TAG	55
RPRC010429-RA	TAA	44
RPRC008324-RA	TAA	25
RPRC005205-RA	TGA	244
RPRC005200-RA	TAG	64
RPRC005202-RA	TAA	207
RPRC008323-RA	TAA	180
RPRC008329-RA	TAA	109
RPRC011835-RA	TAA	57
RPRC015139-RA	TGA	104
RPRC013993-RA	TAA	67
RPRC013992-RA	TGA	156
RPRC013997-RA	TGA	23
RPRC013996-RA	TGA	102
RPRC002001-RA	TGA	239
RPRC002000-RA	TAG	1115
RPRC007295-RA	TAG	141
RPRC014428-RA	TGA	7
RPRC014429-RA	TAA	133
RPRC011906-RA	TAA	38
RPRC014424-RA	TGA	353
RPRC002263-RA	TAA	5
RPRC014423-RA	TAA	1435
RPRC002260-RA	TGA	63
RPRC002618-RA	TGA	52
RPRC003204-RA	TAA	24
RPRC003205-RA	TAA	223
RPRC003202-RA	TGA	136
RPRC002912-RA	TAA	24
RPRC002915-RA	TAG	40
RPRC002916-RA	TAA	64
RPRC004146-RA	TGA	30
RPRC000516-RA	TAA	200
RPRC002553-RA	TAG	186
RPRC012107-RA	TAA	102
RPRC012104-RA	TAA	39
RPRC012101-RA	TAG	286
RPRC012100-RA	TAG	176
RPRC012108-RA	TAG	204
RPRC017773-RA	TAA	1077
RPRC017772-RA	TGA	3
RPRC017771-RA	TAA	139
RPRC017770-RA	TGA	1217
RPRC017770-RB	TGA	1217
RPRC017777-RA	TAA	94
RPRC017776-RB	TAA	246
RPRC017776-RA	TAA	75
RPRC017774-RA	TAA	562
RPRC017779-RA	TAA	115
RPRC017778-RA	TAG	430
RPRC013676-RA	TGA	243
RPRC013672-RA	TGA	95
RPRC003403-RA	TAG	46
RPRC013679-RA	TGA	27
RPRC000300-RA	TAG	148
RPRC009692-RA	TAG	115
RPRC009697-RA	TAA	26
RPRC009698-RA	TGA	118
RPRC005811-RA	TAA	201
RPRC004524-RA	TAG	186
RPRC009349-RA	TAA	6
RPRC004523-RA	TAG	200
RPRC015455-RA	TAA	106
RPRC009203-RA	TAG	319
RPRC009206-RA	TAA	1
RPRC011123-RA	TGA	83
RPRC011125-RA	TGA	121
RPRC011126-RA	TAA	37
RPRC011127-RA	TAA	42
RPRC002737-RA	TGA	53
RPRC009700-RA	TGA	173
RPRC009702-RA	TGA	37
RPRC005914-RA	TAA	81
RPRC005926-RA	TAA	129
RPRC005692-RA	TAA	55
RPRC006002-RA	TAA	4
RPRC006000-RA	TAG	107
RPRC009577-RA	TAA	80
RPRC005070-RA	TAA	186
RPRC005079-RA	TGA	52
RPRC005078-RA	TAA	13
RPRC009979-RA	TAA	81
RPRC006132-RA	TGA	46
RPRC006131-RA	TAG	14
RPRC006130-RA	TAA	99
RPRC007233-RA	TAA	241
RPRC007231-RA	TGA	78
RPRC007754-RA	TGA	24
RPRC007755-RA	TAA	331
RPRC007750-RA	TAG	98
RPRC008215-RA	TAA	4
RPRC008216-RA	TGA	258
RPRC002855-RA	TGA	261
RPRC003431-RA	TAA	26
RPRC003430-RA	TAA	105
RPRC003432-RA	TAA	78
RPRC004759-RA	TAA	95
RPRC003438-RA	TAA	31
RPRC011020-RA	TGA	231
RPRC007532-RA	TAA	145
RPRC004208-RA	TGA	105
RPRC004755-RA	TGA	3
RPRC009844-RA	TAA	116
RPRC010864-RA	TGA	78
RPRC009845-RA	TGA	164
RPRC013447-RA	TAG	200
RPRC011357-RA	TGA	43
RPRC011354-RA	TAA	188
RPRC011359-RA	TGA	273
RPRC000167-RA	TGA	1762
RPRC008752-RA	TGA	24
RPRC015002-RA	TGA	70
RPRC015006-RA	TAG	1
RPRC012715-RA	TAG	76
RPRC010407-RA	TGA	102
RPRC010402-RA	TGA	104
RPRC008349-RA	TAA	45
RPRC005266-RA	TAG	291
RPRC005265-RA	TGA	74
RPRC005263-RA	TAA	297
RPRC002752-RA	TAA	351
RPRC015155-RA	TAA	116
RPRC015153-RA	TGA	183
RPRC015158-RA	TAG	248
RPRC011436-RA	TAA	12
RPRC005083-RA	TAA	101
RPRC005483-RA	TAG	219
RPRC009814-RA	TAA	235
RPRC008748-RA	TGA	162
RPRC013236-RA	TGA	140
RPRC003220-RA	TGA	102
RPRC003221-RA	TGA	1502
RPRC003222-RA	TAA	126
RPRC003223-RA	TGA	39
RPRC003886-RA	TAG	180
RPRC003881-RA	TGA	168
RPRC003882-RA	TAA	90
RPRC002933-RA	TAA	174
RPRC002932-RA	TAA	106
RPRC008500-RA	TGA	121
RPRC008501-RA	TGA	61
RPRC002935-RA	TAG	151
RPRC008503-RA	TAG	54
RPRC002939-RA	TGA	119
RPRC002938-RA	TAA	108
RPRC008508-RA	TAA	30
RPRC008509-RA	TGA	231
RPRC003084-RA	TAG	23
RPRC003088-RA	TGA	48
RPRC008504-RA	TAG	468
RPRC007255-RA	TAG	67
RPRC013384-RA	TGA	92
RPRC007256-RA	TAA	9
RPRC007258-RA	TAG	136
RPRC011420-RA	TAA	23
RPRC017715-RA	TAG	470
RPRC017714-RA	TAA	429
RPRC017717-RA	TAA	782
RPRC017716-RA	TAA	38
RPRC017711-RA	TAA	178
RPRC017710-RA	TGA	245
RPRC017713-RA	TAA	1123
RPRC017712-RA	TAG	138
RPRC017718-RA	TAA	2125
RPRC012388-RA	TAA	49
RPRC012387-RA	TAA	37
RPRC012381-RA	TAA	83
RPRC012380-RA	TAA	119
RPRC000947-RA	TGA	1369
RPRC000947-RB	TGA	1369
RPRC009367-RA	TGA	91
RPRC009363-RA	TAG	73
RPRC009360-RA	TGA	137
RPRC014743-RA	TGA	204
RPRC015438-RA	TGA	66
RPRC004508-RA	TAA	29
RPRC015434-RA	TGA	17
RPRC015435-RA	TAA	113
RPRC013658-RA	TGA	460
RPRC013129-RA	TGA	19
RPRC013123-RA	TAG	147
RPRC013125-RA	TAA	202
RPRC015383-RA	TGA	127
RPRC015384-RA	TAA	38
RPRC015385-RA	TAA	74
RPRC011950-RA	TGA	38
RPRC009347-RA	TAG	54
RPRC005157-RA	TAG	166
RPRC005673-RA	TGA	120
RPRC008286-RA	TAA	39
RPRC005908-RA	TAA	70
RPRC009348-RA	TAA	28
RPRC004520-RA	TAA	26
RPRC007433-RA	TGA	30
RPRC010677-RA	TAA	207
RPRC010674-RA	TAA	45
RPRC005015-RA	TAA	85
RPRC005017-RA	TAA	126
RPRC005016-RA	TGA	36
RPRC005010-RA	TAA	175
RPRC005012-RA	TAA	1
RPRC006289-RA	TGA	17
RPRC006284-RA	TGA	4
RPRC006286-RA	TGA	140
RPRC006280-RA	TGA	38
RPRC006282-RA	TAA	172
RPRC000494-RA	TAA	646
RPRC006429-RA	TAA	289
RPRC003148-RA	TAA	214
RPRC003417-RA	TAA	10
RPRC003414-RA	TAG	31
RPRC007081-RA	TGA	148
RPRC007082-RA	TAA	6
RPRC007083-RA	TAA	186
RPRC007084-RA	TAA	78
RPRC009995-RA	TAA	139
RPRC014363-RA	TAA	41
RPRC014362-RA	TAA	99
RPRC011782-RA	TAA	95
RPRC014367-RA	TAA	108
RPRC017813-RA	TAA	175
RPRC017811-RA	TAA	3202
RPRC017816-RA	TAA	10
RPRC017817-RA	TAG	163
RPRC017814-RA	TAA	167
RPRC017815-RA	TAA	419
RPRC017818-RA	TAG	475
RPRC009996-RA	TAA	267
RPRC013466-RA	TAA	208
RPRC013465-RA	TAA	136
RPRC013462-RA	TAA	970
RPRC013461-RA	TGA	67
RPRC013469-RA	TGA	85
RPRC009997-RA	TAG	63
RPRC009386-RA	TAG	141
RPRC008778-RA	TAG	47
RPRC009991-RA	TAA	209
RPRC006555-RA	TAG	109
RPRC015256-RA	TAA	4
RPRC011129-RA	TGA	19
RPRC010464-RA	TAG	187
RPRC008838-RA	TAA	140
RPRC010460-RA	TGA	52
RPRC005242-RA	TAA	52
RPRC005245-RA	TGA	40
RPRC008366-RA	TAA	106
RPRC004269-RA	TGA	172
RPRC004263-RA	TGA	286
RPRC008949-RA	TAA	62
RPRC008947-RA	TAA	131
RPRC010854-RA	TAA	21
RPRC002739-RA	TAA	87
RPRC015179-RA	TAA	115
RPRC015178-RA	TGA	73
RPRC014841-RA	TAA	164
RPRC015174-RA	TGA	42
RPRC015173-RA	TAA	377
RPRC015172-RA	TAA	98
RPRC011417-RA	TGA	134
RPRC011418-RA	TAA	3
RPRC012894-RA	TAA	4
RPRC014288-RA	TAA	302
RPRC014285-RA	TGA	182
RPRC014280-RA	TAA	75
RPRC014281-RA	TAA	14
RPRC009896-RA	TAA	59
RPRC003335-RA	TAA	141
RPRC006637-RA	TAA	115
RPRC008566-RA	TGA	29
RPRC008567-RA	TAG	169
RPRC008564-RA	TAA	7
RPRC008563-RA	TAA	26
RPRC008560-RA	TAG	1495
RPRC002956-RA	TGA	60
RPRC002958-RA	TAA	171
RPRC003435-RA	TAA	28
RPRC005139-RA	TGA	116
RPRC014821-RA	TGA	120
RPRC014824-RA	TGA	122
RPRC005695-RA	TAA	88
RPRC008452-RA	TAG	150
RPRC017739-RA	TAA	139
RPRC017738-RA	TGA	794
RPRC017737-RA	TGA	37
RPRC017736-RA	TAG	2549
RPRC017734-RA	TAA	643
RPRC017733-RA	TAA	1417
RPRC017732-RA	TGA	137
RPRC017731-RA	TAA	43
RPRC005923-RA	TAA	152
RPRC003603-RA	TAA	7
RPRC002359-RA	TAA	144
RPRC007270-RA	TAA	253
RPRC009389-RA	TGA	87
RPRC011258-RA	TAG	96
RPRC011259-RA	TAA	119
RPRC013108-RA	TAG	123
RPRC013105-RA	TGA	76
RPRC013107-RA	TAA	63
RPRC013102-RA	TGA	166
RPRC012504-RA	TAA	134
RPRC004384-RA	TAG	78
RPRC013254-RA	TAG	218
RPRC015437-RA	TAG	133
RPRC006308-RA	TAA	19
RPRC014003-RA	TAG	235
RPRC005382-RA	TGA	186
RPRC005389-RA	TAA	28
RPRC006493-RA	TGA	155
RPRC004920-RA	TAA	196
RPRC007300-RA	TAA	158
RPRC010614-RA	TAA	197
RPRC010616-RA	TAA	223
RPRC007305-RA	TAG	22
RPRC005032-RA	TAA	49
RPRC013296-RA	TGA	89
RPRC002389-RA	TAA	49
RPRC002385-RA	TGA	115
RPRC002386-RA	TAG	237
RPRC002387-RA	TGA	104
RPRC004666-RA	TAA	74
RPRC003381-RA	TGA	80
RPRC007253-RA	TGA	372
RPRC007862-RA	TAA	208
RPRC007713-RA	TAA	39
RPRC007865-RA	TAA	254
RPRC007252-RA	TAA	40
RPRC002442-RA	TGA	7
RPRC004107-RA	TAA	140
RPRC014343-RA	TAA	363
RPRC014340-RA	TAA	101
RPRC017834-RA	TAA	256
RPRC017835-RA	TGA	1160
RPRC017836-RA	TGA	357
RPRC017837-RA	TAA	148
RPRC017830-RA	TGA	113
RPRC017831-RA	TGA	244
RPRC017833-RA	TGA	755
RPRC017838-RA	TAA	1117
RPRC017839-RA	TGA	165
RPRC004806-RA	TAG	183
RPRC015356-RA	TAG	106
RPRC015355-RA	TAG	95
RPRC012940-RA	TAA	40
RPRC015354-RA	TAA	116
RPRC010622-RA	TAA	15
RPRC006464-RA	TGA	14
RPRC008816-RA	TGA	94
RPRC012400-RA	TAA	82
RPRC013806-RA	TAG	252
RPRC000122-RA	TGA	806
RPRC009744-RA	TGA	124
RPRC003631-RA	TGA	105
RPRC006470-RA	TAG	245
RPRC012405-RA	TAG	55
RPRC014510-RA	TAA	61
RPRC011915-RA	TAA	38
RPRC014515-RA	TAA	248
RPRC002622-RA	TAG	300
RPRC014436-RA	TAA	37
RPRC002620-RA	TAA	16
RPRC009385-RA	TGA	163
RPRC011649-RA	TGA	131
RPRC012751-RA	TAG	590
RPRC010813-RA	TAA	88
RPRC009444-RA	TGA	173
RPRC010812-RA	TAG	351
RPRC011069-RA	TAA	129
RPRC011062-RA	TAA	27
RPRC011067-RA	TAA	737
RPRC004243-RA	TAA	35
RPRC004715-RA	TAA	109
RPRC004248-RA	TAA	73
RPRC013931-RA	TAG	151
RPRC013934-RA	TGA	225
RPRC006537-RA	TAA	73
RPRC013936-RA	TAG	89
RPRC009032-RA	TAA	273
RPRC015191-RA	TAA	37
RPRC015193-RA	TAG	99
RPRC015195-RA	TAG	179
RPRC015194-RA	TAA	153
RPRC015197-RA	TGA	36
RPRC011478-RA	TAA	1198
RPRC011475-RA	TGA	12
RPRC011473-RA	TAA	174
RPRC010245-RA	TAA	83
RPRC011027-RA	TAA	132
RPRC006654-RA	TAA	44
RPRC006655-RA	TGA	14
RPRC006652-RA	TAG	234
RPRC008541-RA	TAA	3
RPRC008545-RA	TGA	121
RPRC002974-RA	TAA	160
RPRC014145-RA	TAA	119
RPRC014806-RA	TAA	56
RPRC003599-RA	TGA	189
RPRC003590-RA	TAA	38
RPRC003594-RA	TGA	102
RPRC013713-RA	TGA	84
RPRC001445-RA	TAA	352
RPRC001997-RA	TAG	616
RPRC003629-RA	TAG	82
RPRC003625-RA	TGA	124
RPRC003620-RA	TGA	438
RPRC014149-RA	TAA	276
RPRC005532-RA	TAA	109
RPRC005522-RA	TAA	8
RPRC013340-RA	TAG	189
RPRC013346-RA	TGA	99
RPRC013347-RA	TAA	8
RPRC013344-RA	TAA	34
RPRC013345-RA	TAA	49
RPRC013349-RA	TAA	75
RPRC001669-RA	TAA	970
RPRC011274-RA	TGA	79
RPRC011277-RA	TAA	87
RPRC011270-RA	TAG	152
RPRC011272-RA	TAA	106
RPRC011273-RA	TAA	35
RPRC011278-RA	TGA	14
RPRC004013-RA	TAA	19
RPRC007294-RA	TAA	129
RPRC008819-RA	TGA	249
RPRC011934-RA	TGA	176
RPRC013167-RA	TAA	55
RPRC013165-RA	TAA	163
RPRC013699-RA	TAA	62
RPRC011187-RA	TAA	59
RPRC011183-RA	TAA	44
RPRC008539-RA	TAA	70
RPRC008538-RA	TAA	179
RPRC009870-RA	TAA	4
RPRC005635-RA	TAG	2148
RPRC005635-RB	TAG	2148
RPRC013272-RA	TAA	90
RPRC015033-RA	TGA	188
RPRC015036-RA	TGA	125
RPRC010634-RA	TAA	81
RPRC013273-RA	TGA	533
RPRC013579-RA	TAG	1133
RPRC012987-RA	TGA	2261
RPRC012983-RA	TAA	58
RPRC010138-RA	TGA	230
RPRC011019-RA	TAA	65
RPRC002360-RA	TGA	100
RPRC009192-RA	TAA	88
RPRC003361-RA	TAA	237
RPRC002404-RA	TAG	56
RPRC000296-RA	TGA	218
RPRC005362-RA	TAA	83
RPRC007845-RA	TAG	110
RPRC007846-RA	TGA	44
RPRC007840-RA	TAA	25
RPRC007841-RA	TAA	117
RPRC007843-RA	TAG	113
RPRC007849-RA	TAG	241
RPRC002506-RA	TGA	35
RPRC006467-RA	TAA	4
RPRC010866-RA	TAA	29
RPRC007598-RA	TAA	40
RPRC007597-RA	TGA	108
RPRC007594-RA	TAG	615
RPRC007249-RA	TAA	154
RPRC007593-RA	TGA	71
RPRC007590-RA	TAA	57
RPRC014639-RA	TGA	193
RPRC015258-RA	TAA	130
RPRC014631-RA	TAA	8
RPRC014324-RA	TAG	119
RPRC014327-RA	TAA	377
RPRC014321-RA	TAA	163
RPRC013650-RA	TAA	102
RPRC014323-RA	TAA	5
RPRC011108-RA	TAA	86
RPRC009854-RA	TAG	289
RPRC011202-RA	TAG	89
RPRC009850-RA	TGA	105
RPRC008481-RA	TGA	145
RPRC008483-RA	TAA	140
RPRC009852-RA	TAG	54
RPRC008489-RA	TGA	21
RPRC011931-RA	TAA	262
RPRC000453-RA	TAA	65
RPRC008734-RA	TGA	54
RPRC001858-RA	TAG	460
RPRC001857-RA	TAA	657
RPRC001856-RA	TGA	612
RPRC001851-RA	TAA	528
RPRC001850-RA	TAA	68
RPRC001853-RA	TGA	12
RPRC017678-RA	TAA	113
RPRC017679-RA	TGA	979
RPRC017673-RA	TAA	390
RPRC017677-RA	TAG	1018
RPRC017674-RA	TGA	502
RPRC006886-RA	TAG	112
RPRC006881-RA	TGA	32
RPRC012777-RA	TGA	82
RPRC014020-RA	TAG	128
RPRC011501-RA	TGA	193
RPRC010722-RA	TAA	112
RPRC009468-RA	TAA	24
RPRC009460-RA	TAA	263
RPRC009461-RA	TAA	194
RPRC011041-RA	TGA	199
RPRC011046-RA	TAG	107
RPRC011045-RA	TAA	20
RPRC004731-RA	TGA	89
RPRC004734-RA	TAG	116
RPRC015202-RA	TAG	187
RPRC015204-RA	TAA	45
RPRC015206-RA	TAA	53
RPRC015209-RA	TGA	181
RPRC015208-RA	TGA	63
RPRC013912-RA	TAA	249
RPRC014130-RA	TAA	50
RPRC014131-RA	TGA	185
RPRC014132-RA	TAG	253
RPRC014138-RA	TAA	135
RPRC011459-RA	TAG	121
RPRC005172-RA	TAA	16
RPRC008901-RA	TAA	35
RPRC005170-RA	TAA	213
RPRC005171-RA	TGA	39
RPRC008905-RA	TAA	126
RPRC003827-RA	TAA	83
RPRC006679-RA	TAA	38
RPRC014797-RA	TAA	84
RPRC014790-RA	TAA	77
RPRC014792-RA	TGA	111
RPRC014793-RA	TAA	81
RPRC010320-RA	TGA	279
RPRC006511-RA	TGA	643
RPRC013472-RA	TGA	199
RPRC009172-RA	TGA	67
RPRC005346-RA	TAG	37
RPRC007712-RA	TGA	210
RPRC009613-RA	TAA	201
RPRC003647-RA	TAA	83
RPRC003644-RA	TAA	66
RPRC003645-RA	TAA	35
RPRC003640-RA	TGA	35
RPRC003648-RA	TAA	43
RPRC003649-RA	TAA	78
RPRC003571-RA	TGA	94
RPRC000596-RA	TAA	71
RPRC013366-RA	TGA	49
RPRC013367-RA	TAG	163
RPRC003574-RA	TAA	53
RPRC012094-RA	TGA	197
RPRC012093-RA	TAA	188
RPRC011212-RA	TAG	879
RPRC012098-RA	TAA	276
RPRC004030-RA	TAA	253
RPRC013148-RA	TAA	141
RPRC013141-RA	TAA	42
RPRC013143-RA	TGA	323
RPRC013146-RA	TAA	21
RPRC007948-RA	TAA	67
RPRC000002-RA	TGA	136
RPRC005413-RA	TAA	6
RPRC003750-RA	TAA	37
RPRC004697-RA	TAA	85
RPRC004413-RA	TGA	153
RPRC005340-RA	TAA	15
RPRC008224-RA	TGA	1636
RPRC005610-RA	TAA	85
RPRC005619-RA	TAA	127
RPRC012238-RA	TGA	287
RPRC004946-RA	TAA	246
RPRC012548-RA	TAG	167
RPRC012541-RA	TAG	45
RPRC015019-RA	TGA	129
RPRC015010-RA	TGA	13
RPRC004216-RA	TAG	246
RPRC007920-RA	TAA	1970
RPRC007927-RA	TGA	176
RPRC007925-RA	TAA	50
RPRC007924-RA	TAA	231
RPRC007924-RB	TAA	158
RPRC007929-RA	TAA	29
RPRC002348-RA	TAA	28
RPRC002698-RA	TAA	55
RPRC007826-RA	TAG	53
RPRC007822-RA	TAA	152
RPRC011849-RA	TAA	14
RPRC011843-RA	TAA	92
RPRC011841-RA	TAA	169
RPRC011847-RA	TAA	112
RPRC010404-RA	TAA	88
RPRC014659-RA	TAG	25
RPRC014658-RA	TGA	236
RPRC014309-RA	TGA	238
RPRC014304-RA	TAA	36
RPRC011796-RA	TAA	36
RPRC003342-RA	TGA	65
RPRC003341-RA	TAA	132
RPRC003344-RA	TAA	60
RPRC011138-RA	TAG	137
RPRC002640-RA	TGA	88
RPRC006338-RA	TGA	215
RPRC003127-RA	TGA	100
RPRC006445-RA	TGA	107
RPRC006444-RA	TAA	144
RPRC006443-RA	TAA	111
RPRC006442-RA	TGA	260
RPRC000479-RA	TAA	1054
RPRC000475-RA	TAA	3590
RPRC000477-RA	TAA	117
RPRC013290-RA	TAG	8
RPRC000473-RA	TAG	47
RPRC001876-RA	TAA	941
RPRC001875-RA	TAG	398
RPRC001874-RA	TGA	1860
RPRC001873-RA	TAG	49
RPRC001879-RA	TGA	2452
RPRC001878-RA	TAG	1240
RPRC006438-RA	TAA	251
RPRC002647-RA	TAA	17
RPRC013477-RA	TAA	238
RPRC005028-RA	TAA	4
RPRC001251-RA	TAA	60
RPRC001250-RA	TAA	473
RPRC009405-RA	TGA	113
RPRC009401-RA	TAA	171
RPRC009409-RA	TAA	73
RPRC013588-RA	TGA	171
RPRC002648-RA	TAA	164
RPRC010378-RA	TAA	43
RPRC013297-RA	TAA	85
RPRC011025-RA	TAA	92
RPRC011021-RA	TGA	120
RPRC011023-RA	TGA	81
RPRC011022-RA	TAG	395
RPRC004207-RA	TAA	94
RPRC011028-RA	TGA	206
RPRC006432-RA	TAA	72
RPRC002756-RA	TAA	24
RPRC009073-RA	TAA	224
RPRC009072-RA	TAG	492
RPRC009071-RA	TAA	436
RPRC004440-RA	TGA	188
RPRC010778-RA	TAA	171
RPRC010776-RA	TGA	88
RPRC005400-RA	TAG	131
RPRC005401-RA	TAA	64
RPRC005159-RA	TGA	131
RPRC005405-RA	TAA	192
RPRC005408-RA	TAA	68
RPRC005409-RA	TAA	84
RPRC005151-RA	TAA	127
RPRC003804-RA	TGA	360
RPRC003805-RA	TAA	53
RPRC003806-RA	TAA	113
RPRC003807-RA	TAA	37
RPRC003800-RA	TAA	76
RPRC003801-RA	TAA	154
RPRC003803-RA	TGA	199
RPRC003320-RA	TAA	58
RPRC002649-RA	TAA	218
RPRC010309-RA	TGA	191
RPRC010308-RA	TAA	376
RPRC010308-RC	TAA	490
RPRC010308-RB	TAA	376
RPRC010301-RA	TAA	484
RPRC010306-RA	TAA	62
RPRC010305-RA	TAG	20
RPRC010304-RA	TAA	540
RPRC005666-RA	TAG	117
RPRC005916-RA	TAG	216
RPRC017799-RA	TGA	420
RPRC017798-RA	TGA	311
RPRC005919-RA	TGA	167
RPRC017794-RA	TAA	1655
RPRC017797-RA	TAG	383
RPRC017796-RA	TGA	53
RPRC017796-RC	TGA	53
RPRC017796-RB	TAA	599
RPRC017791-RA	TAA	181
RPRC017790-RA	TGA	164
RPRC017793-RA	TAG	460
RPRC017792-RA	TAA	495
RPRC007128-RA	TAA	151
RPRC007120-RA	TAA	1157
RPRC002729-RA	TAA	118
RPRC003668-RA	TAA	165
RPRC003669-RA	TGA	74
RPRC009670-RA	TAG	51
RPRC013308-RA	TGA	129
RPRC014849-RA	TAA	6
RPRC008963-RA	TAA	379
RPRC014513-RA	TAG	78
RPRC014511-RA	TAA	88
RPRC014845-RA	TAA	56
RPRC014514-RA	TAG	9
RPRC014847-RA	TAA	338
RPRC011236-RA	TAG	120
RPRC011238-RA	TAG	184
RPRC008964-RA	TAG	89
RPRC008965-RA	TAA	239
RPRC008678-RA	TAA	243
RPRC008670-RA	TAG	7
RPRC007353-RA	TGA	5
RPRC003496-RA	TAA	132
RPRC010438-RA	TGA	11
RPRC010543-RA	TAA	75
RPRC010546-RA	TAA	231
RPRC012211-RA	TAA	118
RPRC007947-RA	TGA	112
RPRC015073-RA	TAA	110
RPRC005091-RA	TGA	41
RPRC005090-RA	TAA	90
RPRC005093-RA	TAG	34
RPRC005092-RA	TGA	127
RPRC005007-RA	TAA	20
RPRC009648-RA	TGA	91
RPRC010990-RA	TGA	156
RPRC004127-RA	TAA	178
RPRC002326-RA	TAG	111
RPRC002402-RA	TGA	86
RPRC004657-RA	TGA	72
RPRC007942-RA	TAA	41
RPRC007803-RA	TGA	75
RPRC007807-RA	TAA	98
RPRC007808-RA	TAA	42
RPRC011798-RA	TAG	40
RPRC011793-RA	TGA	936
RPRC007333-RA	TAG	2
RPRC014676-RA	TGA	35
RPRC014674-RA	TAA	4
RPRC007330-RA	TAA	201
RPRC014679-RA	TAG	36
RPRC014678-RA	TAA	82
RPRC003324-RA	TGA	297
RPRC003327-RA	TAA	50
RPRC000679-RA	TAA	17
RPRC008441-RA	TAA	6
RPRC002815-RA	TAA	157
RPRC002812-RA	TAA	285
RPRC012859-RA	TAA	14
RPRC006319-RA	TAA	15
RPRC006318-RA	TAG	175
RPRC007376-RA	TAG	140
RPRC000417-RA	TAA	362
RPRC007372-RA	TAG	126
RPRC011923-RA	TAA	151
RPRC014855-RA	TGA	33
RPRC011928-RA	TAA	59
