MESCA000002-RA	TGA	0
MESCA000005-RA	TAA	0
MESCA000014-RA	TAG	0
MESCA000016-RA	TAG	0
MESCA000017-RA	TGA	0
MESCA000018-RA	TAG	0
MESCA000023-RA	TAA	0
MESCA000024-RA	TAA	0
MESCA000034-RA	TGA	0
MESCA000050-RA	TAA	0
MESCA000060-RA	TGA	0
MESCA000063-RA	TAG	0
MESCA000071-RA	TGA	0
MESCA000074-RA	TGA	0
MESCA000077-RA	TAA	0
MESCA000094-RA	TAA	0
MESCA000096-RA	TAA	0
MESCA000112-RA	TAG	0
MESCA000121-RA	TAA	0
MESCA000138-RA	TAG	0
MESCA000169-RA	TAA	0
MESCA000172-RA	TAA	0
MESCA000174-RA	TGA	0
MESCA000178-RA	TAA	0
MESCA000179-RA	TGA	0
MESCA000188-RA	TAA	0
MESCA000198-RA	TAG	0
MESCA000201-RA	TAA	0
MESCA000209-RA	TGA	0
MESCA000215-RA	TAA	0
MESCA000235-RA	TAG	0
MESCA000237-RA	TGA	0
MESCA000241-RA	TAA	0
MESCA000247-RA	TAA	0
MESCA000249-RA	TGA	0
MESCA000272-RA	TAG	0
MESCA000278-RA	TAA	0
MESCA000286-RA	TAA	0
MESCA000289-RA	TAG	0
MESCA000290-RA	TAG	0
MESCA000293-RA	TAG	0
MESCA000299-RA	TGA	0
MESCA000301-RA	TAG	0
MESCA000310-RA	TGA	0
MESCA000311-RA	TAG	0
MESCA000315-RA	TAA	0
MESCA000345-RA	TAA	0
MESCA000372-RA	TGA	0
MESCA000381-RA	TAA	0
MESCA000386-RA	TAA	0
MESCA000406-RA	TAA	0
MESCA000417-RA	TAA	0
MESCA000421-RA	TAA	0
MESCA000424-RA	TAA	0
MESCA000429-RA	TGA	0
MESCA000437-RA	TAA	0
MESCA000440-RA	TAA	0
MESCA000462-RA	TAA	0
MESCA000475-RA	TAG	0
MESCA000491-RA	TGA	0
MESCA000510-RA	TAA	0
MESCA000527-RA	TGA	0
MESCA000552-RA	TAA	0
MESCA000556-RA	TGA	0
MESCA000563-RA	TAA	0
MESCA000565-RA	TAA	0
MESCA000579-RA	TGA	0
MESCA000591-RA	TGA	0
MESCA000592-RA	TAA	0
MESCA000598-RA	TAA	0
MESCA000600-RA	TAA	0
MESCA000611-RA	TAA	0
MESCA000612-RA	TAA	0
MESCA000614-RA	TAA	0
MESCA000645-RA	TAA	0
MESCA000655-RA	TAA	0
MESCA000662-RA	TAA	0
MESCA000663-RA	TAA	0
MESCA000666-RA	TAA	0
MESCA000670-RA	TGA	0
MESCA000706-RA	TAA	0
MESCA000709-RA	TAA	0
MESCA000710-RA	TGA	0
MESCA000723-RA	TAA	0
MESCA000739-RA	TAA	0
MESCA000741-RA	TAA	0
MESCA000764-RA	TAA	0
MESCA000766-RA	TGA	0
MESCA000770-RA	TAG	0
MESCA000771-RA	TAA	0
MESCA000778-RA	TAA	0
MESCA000787-RA	TAA	0
MESCA000790-RA	TAG	0
MESCA000822-RA	TAG	0
MESCA000831-RA	TGA	0
MESCA000832-RA	TAA	0
MESCA000834-RA	TGA	0
MESCA000837-RA	TAA	0
MESCA000839-RA	TAA	0
MESCA000852-RA	TGA	0
MESCA000860-RA	TAG	0
MESCA000867-RA	TAG	0
MESCA000878-RA	TAA	0
MESCA000904-RA	TAA	0
MESCA000916-RA	TAA	0
MESCA000923-RA	TAA	0
MESCA000940-RA	TAA	0
MESCA000955-RA	TGA	0
MESCA000957-RA	TAG	0
MESCA000975-RA	TAG	0
MESCA000982-RA	TAA	0
MESCA000984-RA	TAA	0
MESCA000992-RA	TAA	0
MESCA000995-RA	TGA	0
MESCA000997-RA	TGA	0
MESCA001038-RA	TAG	0
MESCA001044-RA	TAA	0
MESCA001051-RA	TGA	0
MESCA001053-RA	TGA	0
MESCA001067-RA	TAG	0
MESCA001071-RA	TGA	0
MESCA001073-RA	TGA	0
MESCA001076-RA	TGA	0
MESCA001087-RA	TGA	0
MESCA001089-RA	TGA	0
MESCA001093-RA	TAA	0
MESCA001094-RA	TAA	0
MESCA001095-RA	TGA	0
MESCA001104-RA	TGA	0
MESCA001109-RA	TAG	0
MESCA001117-RA	TAA	0
MESCA001127-RA	TGA	0
MESCA001138-RA	TAG	0
MESCA001139-RA	TAA	0
MESCA001142-RA	TAA	0
MESCA001147-RA	TGA	0
MESCA001150-RA	TAG	0
MESCA001151-RA	TAA	0
MESCA001153-RA	TAG	0
MESCA001160-RA	TAA	0
MESCA001163-RA	TAA	0
MESCA001164-RA	TAG	0
MESCA001171-RA	TAG	0
MESCA001184-RA	TAG	0
MESCA001190-RA	TAA	0
MESCA001196-RA	TGA	0
MESCA001198-RA	TAG	0
MESCA001202-RA	TAA	0
MESCA001208-RA	TAA	0
MESCA001216-RA	TAG	0
MESCA001221-RA	TGA	0
MESCA001227-RA	TGA	0
MESCA001228-RA	TAA	0
MESCA001232-RA	TAA	0
MESCA001234-RA	TAA	0
MESCA001246-RA	TAA	0
MESCA001260-RA	TAA	0
MESCA001280-RA	TAG	0
MESCA001281-RA	TAA	0
MESCA001292-RA	TAA	0
MESCA001293-RA	TGA	0
MESCA001294-RA	TAA	0
MESCA001296-RA	TAA	0
MESCA001303-RA	TAA	0
MESCA001304-RA	TAG	0
MESCA001316-RA	TAA	0
MESCA001320-RA	TAA	0
MESCA001331-RA	TAA	0
MESCA001333-RA	TAG	0
MESCA001334-RA	TAA	0
MESCA001373-RA	TAA	0
MESCA001389-RA	TAA	0
MESCA001393-RA	TAA	0
MESCA001409-RA	TGA	0
MESCA001420-RA	TAA	0
MESCA001428-RA	TAA	0
MESCA001448-RA	TAA	0
MESCA001453-RA	TAG	0
MESCA001459-RA	TGA	0
MESCA001471-RA	TGA	0
MESCA001474-RA	TAG	0
MESCA001480-RA	TAG	0
MESCA001489-RA	TAA	0
MESCA001495-RA	TGA	0
MESCA001501-RA	TAG	0
MESCA001521-RA	TAG	0
MESCA001523-RA	TAA	0
MESCA001529-RA	TGA	0
MESCA001539-RA	TAA	0
MESCA001543-RA	TAG	0
MESCA001551-RA	TAA	0
MESCA001577-RA	TAA	0
MESCA001610-RA	TAA	0
MESCA001618-RA	TAA	0
MESCA001624-RA	TAA	0
MESCA001640-RA	TAA	0
MESCA001651-RA	TAA	0
MESCA001656-RA	TAA	0
MESCA001695-RA	TAA	0
MESCA001701-RA	TGA	0
MESCA001705-RA	TAG	0
MESCA001717-RA	TGA	0
MESCA001722-RA	TGA	0
MESCA001748-RA	TAA	0
MESCA001760-RA	TAA	0
MESCA001764-RA	TGA	0
MESCA001766-RA	TAG	0
MESCA001778-RA	TGA	0
MESCA001795-RA	TAG	0
MESCA001814-RA	TAA	0
MESCA001817-RA	TGA	0
MESCA001821-RA	TAA	0
MESCA001823-RA	TAA	0
MESCA001829-RA	TGA	0
MESCA001842-RA	TGA	0
MESCA001845-RA	TAA	0
MESCA001864-RA	TAA	0
MESCA001867-RA	TAA	0
MESCA001878-RA	TGA	0
MESCA001885-RA	TAG	0
MESCA001900-RA	TAA	0
MESCA001902-RA	TGA	0
MESCA001919-RA	TAA	0
MESCA001939-RA	TGA	0
MESCA001943-RA	TAA	0
MESCA001944-RA	TAA	0
MESCA001953-RA	TGA	0
MESCA001975-RA	TAG	0
MESCA001986-RA	TAA	0
MESCA002001-RA	TGA	0
MESCA002004-RA	TAA	0
MESCA002009-RA	TAA	0
MESCA002018-RA	TAA	0
MESCA002019-RA	TAA	0
MESCA002036-RA	TAA	0
MESCA002037-RA	TAA	0
MESCA002040-RA	TAG	0
MESCA002057-RA	TAA	0
MESCA002063-RA	TAA	0
MESCA002070-RA	TAG	0
MESCA002072-RA	TGA	0
MESCA002083-RA	TAG	0
MESCA002125-RA	TAG	0
MESCA002150-RA	TAG	0
MESCA002197-RA	TAA	0
MESCA002204-RA	TGA	0
MESCA002207-RA	TAA	0
MESCA002226-RA	TAA	0
MESCA002233-RA	TAA	0
MESCA002245-RA	TAA	0
MESCA002252-RA	TAA	0
MESCA002254-RA	TAG	0
MESCA002263-RA	TAG	0
MESCA002264-RA	TAA	0
MESCA002271-RA	TAA	0
MESCA002272-RA	TAA	0
MESCA002282-RA	TAG	0
MESCA002291-RA	TAG	0
MESCA002297-RA	TAG	0
MESCA002303-RA	TGA	0
MESCA002304-RA	TGA	0
MESCA002322-RA	TGA	0
MESCA002348-RA	TAA	0
MESCA002349-RA	TAG	0
MESCA002375-RA	TGA	0
MESCA002392-RA	TGA	0
MESCA002407-RA	TGA	0
MESCA002420-RA	TGA	0
MESCA002428-RA	TAG	0
MESCA002439-RA	TAA	0
MESCA002474-RA	TAA	0
MESCA002491-RA	TGA	0
MESCA002500-RA	TAA	0
MESCA002503-RA	TGA	0
MESCA002504-RA	TGA	0
MESCA002520-RA	TAA	0
MESCA002523-RA	TAA	0
MESCA002529-RA	TGA	0
MESCA002530-RA	TAA	0
MESCA002538-RA	TAA	0
MESCA002539-RA	TGA	0
MESCA002558-RA	TAA	0
MESCA002571-RA	TAG	0
MESCA002583-RA	TAA	0
MESCA002618-RA	TGA	0
MESCA002624-RA	TGA	0
MESCA002629-RA	TAA	0
MESCA002642-RA	TGA	0
MESCA002655-RA	TAA	0
MESCA002658-RA	TAG	0
MESCA002660-RA	TAA	0
MESCA002661-RA	TAG	0
MESCA002667-RA	TGA	0
MESCA002675-RA	TAA	0
MESCA002689-RA	TAA	0
MESCA002708-RA	TGA	0
MESCA002723-RA	TGA	0
MESCA002734-RA	TAA	0
MESCA002747-RA	TAA	0
MESCA002768-RA	TGA	0
MESCA002776-RA	TAA	0
MESCA002783-RA	TGA	0
MESCA002784-RA	TGA	0
MESCA002795-RA	TAG	0
MESCA002796-RA	TGA	0
MESCA002797-RA	TAA	0
MESCA002824-RA	TAA	0
MESCA002827-RA	TGA	0
MESCA002846-RA	TGA	0
MESCA002861-RA	TAG	0
MESCA002875-RA	TAA	0
MESCA002887-RA	TAA	0
MESCA002892-RA	TAG	0
MESCA002899-RA	TGA	0
MESCA002902-RA	TAA	0
MESCA002908-RA	TAA	0
MESCA002911-RA	TAA	0
MESCA002914-RA	TAA	0
MESCA002929-RA	TAA	0
MESCA002935-RA	TAA	0
MESCA002940-RA	TAA	0
MESCA002945-RA	TAG	0
MESCA002946-RA	TAA	0
MESCA002950-RA	TAG	0
MESCA002951-RA	TAA	0
MESCA002952-RA	TAG	0
MESCA002960-RA	TAA	0
MESCA002962-RA	TAA	0
MESCA002963-RA	TAG	0
MESCA002978-RA	TGA	0
MESCA002986-RA	TAG	0
MESCA002987-RA	TAA	0
MESCA002992-RA	TGA	0
MESCA003010-RA	TAA	0
MESCA003013-RA	TAA	0
MESCA003019-RA	TAA	0
MESCA003024-RA	TAA	0
MESCA003028-RA	TAG	0
MESCA003030-RA	TAG	0
MESCA003047-RA	TGA	0
MESCA003050-RA	TAG	0
MESCA003056-RA	TAA	0
MESCA003073-RA	TAA	0
MESCA003091-RA	TAA	0
MESCA003092-RA	TGA	0
MESCA003093-RA	TGA	0
MESCA003103-RA	TAA	0
MESCA003114-RA	TAA	0
MESCA003157-RA	TAA	0
MESCA003158-RA	TAA	0
MESCA003171-RA	TGA	0
MESCA003186-RA	TAG	0
MESCA003204-RA	TAA	0
MESCA003214-RA	TGA	0
MESCA003232-RA	TAG	0
MESCA003244-RA	TAA	0
MESCA003247-RA	TAG	0
MESCA003249-RA	TGA	0
MESCA003267-RA	TAA	0
MESCA003268-RA	TAG	0
MESCA003293-RA	TAA	0
MESCA003307-RA	TAA	0
MESCA003308-RA	TAA	0
MESCA003309-RA	TGA	0
MESCA003313-RA	TAG	0
MESCA003345-RA	TAA	0
MESCA003346-RA	TAA	0
MESCA003347-RA	TGA	0
MESCA003355-RA	TGA	0
MESCA003367-RA	TGA	0
MESCA003370-RA	TAA	0
MESCA003373-RA	TAG	0
MESCA003388-RA	TAA	0
MESCA003449-RA	TAA	0
MESCA003455-RA	TAA	0
MESCA003471-RA	TAA	0
MESCA003472-RA	TAA	0
MESCA003473-RA	TAA	0
MESCA003480-RA	TAA	0
MESCA003481-RA	TAA	0
MESCA003484-RA	TAG	0
MESCA003495-RA	TAA	0
MESCA003499-RA	TAA	0
MESCA003501-RA	TAG	0
MESCA003502-RA	TAG	0
MESCA003509-RA	TAA	0
MESCA003518-RA	TAA	0
MESCA003530-RA	TAA	0
MESCA003550-RA	TAA	0
MESCA003552-RA	TGA	0
MESCA003562-RA	TAG	0
MESCA003565-RA	TAG	0
MESCA003568-RA	TAG	0
MESCA003575-RA	TAA	0
MESCA003577-RA	TAA	0
MESCA003586-RA	TAA	0
MESCA003587-RA	TAA	0
MESCA003595-RA	TGA	0
MESCA003610-RA	TAA	0
MESCA003623-RA	TAA	0
MESCA003637-RA	TAG	0
MESCA003644-RA	TAG	0
MESCA003651-RA	TGA	0
MESCA003652-RA	TAA	0
MESCA003656-RA	TGA	0
MESCA003657-RA	TGA	0
MESCA003658-RA	TAA	0
MESCA003662-RA	TAA	0
MESCA003675-RA	TAA	0
MESCA003676-RA	TAA	0
MESCA003683-RA	TGA	0
MESCA003686-RA	TGA	0
MESCA003698-RA	TAG	0
MESCA003707-RA	TAG	0
MESCA003743-RA	TGA	0
MESCA003750-RA	TAG	0
MESCA003751-RA	TAG	0
MESCA003754-RA	TGA	0
MESCA003755-RA	TAA	0
MESCA003759-RA	TAA	0
MESCA003760-RA	TGA	0
MESCA003771-RA	TAA	0
MESCA003786-RA	TAG	0
MESCA003822-RA	TAA	0
MESCA003823-RA	TAG	0
MESCA003827-RA	TAA	0
MESCA003852-RA	TAG	0
MESCA003874-RA	TAA	0
MESCA003888-RA	TGA	0
MESCA003892-RA	TAG	0
MESCA003908-RA	TAA	0
MESCA003918-RA	TAA	0
MESCA003925-RA	TAG	0
MESCA003931-RA	TAA	0
MESCA003932-RA	TAA	0
MESCA003936-RA	TAA	0
MESCA003943-RA	TAA	0
MESCA003946-RA	TAA	0
MESCA003960-RA	TAA	0
MESCA003962-RA	TAA	0
MESCA003965-RA	TAG	0
MESCA003972-RA	TAA	0
MESCA003975-RA	TAG	0
MESCA003978-RA	TAG	0
MESCA003980-RA	TAG	0
MESCA003983-RA	TAA	0
MESCA003985-RA	TAA	0
MESCA003988-RA	TGA	0
MESCA003991-RA	TAA	0
MESCA003992-RA	TAA	0
MESCA004002-RA	TGA	0
MESCA004005-RA	TAA	0
MESCA004006-RA	TGA	0
MESCA004012-RA	TGA	0
MESCA004023-RA	TGA	0
MESCA004028-RA	TGA	0
MESCA004042-RA	TAA	0
MESCA004051-RA	TGA	0
MESCA004062-RA	TAA	0
MESCA004066-RA	TAA	0
MESCA004067-RA	TGA	0
MESCA004068-RA	TAA	0
MESCA004069-RA	TAA	0
MESCA004082-RA	TAA	0
MESCA004083-RA	TGA	0
MESCA004096-RA	TAG	0
MESCA004106-RA	TAG	0
MESCA004107-RA	TAA	0
MESCA004129-RA	TAA	0
MESCA004130-RA	TAA	0
MESCA004138-RA	TGA	0
MESCA004140-RA	TAA	0
MESCA004147-RA	TAG	0
MESCA004160-RA	TGA	0
MESCA004163-RA	TAA	0
MESCA004174-RA	TAA	0
MESCA004175-RA	TGA	0
MESCA004185-RA	TAG	0
MESCA004227-RA	TAA	0
MESCA004235-RA	TAA	0
MESCA004238-RA	TAA	0
MESCA004247-RA	TAG	0
MESCA004263-RA	TAA	0
MESCA004269-RA	TAA	0
MESCA004274-RA	TAA	0
MESCA004278-RA	TGA	0
MESCA004291-RA	TAG	0
MESCA004292-RA	TGA	0
MESCA004306-RA	TAA	0
MESCA004318-RA	TAG	0
MESCA004325-RA	TAG	0
MESCA004327-RA	TGA	0
MESCA004348-RA	TAA	0
MESCA004357-RA	TGA	0
MESCA004361-RA	TAA	0
MESCA004368-RA	TAG	0
MESCA004375-RA	TGA	0
MESCA004379-RA	TAG	0
MESCA004381-RA	TAG	0
MESCA004388-RA	TAA	0
MESCA004405-RA	TGA	0
MESCA004409-RA	TGA	0
MESCA004417-RA	TAA	0
MESCA004428-RA	TAG	0
MESCA004432-RA	TGA	0
MESCA004447-RA	TAA	0
MESCA004453-RA	TGA	0
MESCA004459-RA	TAA	0
MESCA004461-RA	TAA	0
MESCA004463-RA	TGA	0
MESCA004473-RA	TAA	0
MESCA004496-RA	TGA	0
MESCA004502-RA	TAA	0
MESCA004503-RA	TAA	0
MESCA004515-RA	TAA	0
MESCA004522-RA	TAA	0
MESCA004527-RA	TAA	0
MESCA004529-RA	TAA	0
MESCA004533-RA	TAA	0
MESCA004546-RA	TAG	0
MESCA004552-RA	TGA	0
MESCA004574-RA	TAA	0
MESCA004580-RA	TAG	0
MESCA004583-RA	TAG	0
MESCA004586-RA	TAG	0
MESCA004591-RA	TAA	0
MESCA004593-RA	TGA	0
MESCA004602-RA	TAA	0
MESCA004604-RA	TGA	0
MESCA004612-RA	TGA	0
MESCA004638-RA	TAG	0
MESCA004639-RA	TGA	0
MESCA004644-RA	TGA	0
MESCA004647-RA	TAA	0
MESCA004651-RA	TGA	0
MESCA004653-RA	TAA	0
MESCA004662-RA	TAA	0
MESCA004668-RA	TAA	0
MESCA004669-RA	TGA	0
MESCA004695-RA	TGA	0
MESCA004726-RA	TAG	0
MESCA004734-RA	TGA	0
MESCA004747-RA	TAA	0
MESCA004750-RA	TAA	0
MESCA004751-RA	TAA	0
MESCA004752-RA	TAA	0
MESCA004754-RA	TAG	0
MESCA004759-RA	TAA	0
MESCA004767-RA	TGA	0
MESCA004768-RA	TAA	0
MESCA004772-RA	TGA	0
MESCA004785-RA	TAA	0
MESCA004801-RA	TAA	0
MESCA004803-RA	TAA	0
MESCA004817-RA	TAG	0
MESCA004818-RA	TGA	0
MESCA004826-RA	TAG	0
MESCA004828-RA	TAA	0
MESCA004829-RA	TAA	0
MESCA004830-RA	TAA	0
MESCA004845-RA	TAG	0
MESCA004848-RA	TAG	0
MESCA004850-RA	TAA	0
MESCA004862-RA	TAG	0
MESCA004867-RA	TAA	0
MESCA004868-RA	TAA	0
MESCA004870-RA	TAA	0
MESCA004871-RA	TGA	0
MESCA004895-RA	TAG	0
MESCA004897-RA	TGA	0
MESCA004903-RA	TGA	0
MESCA004922-RA	TAA	0
MESCA004931-RA	TAA	0
MESCA004945-RA	TAA	0
MESCA004946-RA	TAA	0
MESCA004947-RA	TAA	0
MESCA004968-RA	TAA	0
MESCA004970-RA	TAG	0
MESCA004976-RA	TAA	0
MESCA004980-RA	TGA	0
MESCA004984-RA	TAA	0
MESCA004988-RA	TGA	0
MESCA004996-RA	TAA	0
MESCA004998-RA	TAA	0
MESCA005000-RA	TAG	0
MESCA005018-RA	TAG	0
MESCA005039-RA	TAG	0
MESCA005047-RA	TGA	0
MESCA005064-RA	TGA	0
MESCA005074-RA	TAG	0
MESCA005080-RA	TGA	0
MESCA005088-RA	TAA	0
MESCA005120-RA	TAA	0
MESCA005124-RA	TAA	0
MESCA005136-RA	TGA	0
MESCA005137-RA	TAA	0
MESCA005158-RA	TAA	0
MESCA005164-RA	TAA	0
MESCA005196-RA	TAA	0
MESCA005200-RA	TAG	0
MESCA005204-RA	TGA	0
MESCA005206-RA	TGA	0
MESCA005208-RA	TGA	0
MESCA005215-RA	TGA	0
MESCA005220-RA	TGA	0
MESCA005243-RA	TAA	0
MESCA005249-RA	TGA	0
MESCA005257-RA	TAA	0
MESCA005263-RA	TAA	0
MESCA005268-RA	TAA	0
MESCA005280-RA	TAA	0
MESCA005281-RA	TAG	0
MESCA005296-RA	TAA	0
MESCA005302-RA	TAA	0
MESCA005312-RA	TAA	0
MESCA005320-RA	TGA	0
MESCA005332-RA	TAA	0
MESCA005337-RA	TAA	0
MESCA005341-RA	TGA	0
MESCA005349-RA	TGA	0
MESCA005352-RA	TGA	0
MESCA005359-RA	TAA	0
MESCA005362-RA	TGA	0
MESCA005367-RA	TAA	0
MESCA005379-RA	TAG	0
MESCA005389-RA	TGA	0
MESCA005392-RA	TAA	0
MESCA005393-RA	TGA	0
MESCA005396-RA	TAA	0
MESCA005404-RA	TAG	0
MESCA005406-RA	TAA	0
MESCA005407-RA	TAG	0
MESCA005411-RA	TAA	0
MESCA005428-RA	TAA	0
MESCA005433-RA	TAG	0
MESCA005444-RA	TAA	0
MESCA005454-RA	TAG	0
MESCA005456-RA	TAA	0
MESCA005476-RA	TGA	0
MESCA005485-RA	TAA	0
MESCA005489-RA	TAA	0
MESCA005501-RA	TGA	0
MESCA005509-RA	TAG	0
MESCA005517-RA	TAA	0
MESCA005518-RA	TAA	0
MESCA005534-RA	TAG	0
MESCA005537-RA	TAA	0
MESCA005539-RA	TGA	0
MESCA005541-RA	TAA	0
MESCA005547-RA	TAG	0
MESCA005550-RA	TGA	0
MESCA005553-RA	TGA	0
MESCA005572-RA	TAA	0
MESCA005574-RA	TAA	0
MESCA005575-RA	TGA	0
MESCA005582-RA	TGA	0
MESCA005592-RA	TAG	0
MESCA005604-RA	TAA	0
MESCA005616-RA	TAA	0
MESCA005627-RA	TGA	0
MESCA005640-RA	TAA	0
MESCA005658-RA	TAA	0
MESCA005669-RA	TAA	0
MESCA005672-RA	TAG	0
MESCA005676-RA	TGA	0
MESCA005681-RA	TGA	0
MESCA005682-RA	TAA	0
MESCA005684-RA	TGA	0
MESCA005690-RA	TAA	0
MESCA005694-RA	TAA	0
MESCA005702-RA	TAA	0
MESCA005704-RA	TAA	0
MESCA005705-RA	TAA	0
MESCA005709-RA	TAA	0
MESCA005714-RA	TAA	0
MESCA005734-RA	TAA	0
MESCA005736-RA	TAA	0
MESCA005737-RA	TAA	0
MESCA005743-RA	TAG	0
MESCA005755-RA	TGA	0
MESCA005756-RA	TAA	0
MESCA005764-RA	TAA	0
MESCA005781-RA	TGA	0
MESCA005786-RA	TAA	0
MESCA005791-RA	TGA	0
MESCA005799-RA	TAA	0
MESCA005811-RA	TAG	0
MESCA005826-RA	TGA	0
MESCA005830-RA	TAG	0
MESCA005835-RA	TAG	0
MESCA005836-RA	TAA	0
MESCA005859-RA	TGA	0
MESCA005870-RA	TAA	0
MESCA005877-RA	TAA	0
MESCA005888-RA	TAA	0
MESCA005889-RA	TGA	0
MESCA005890-RA	TAA	0
MESCA005897-RA	TAA	0
MESCA005905-RA	TAG	0
MESCA005908-RA	TAA	0
MESCA005911-RA	TAG	0
MESCA005912-RA	TAG	0
MESCA005923-RA	TAA	0
MESCA005926-RA	TGA	0
MESCA005929-RA	TAG	0
MESCA005972-RA	TGA	0
MESCA005974-RA	TAA	0
MESCA005994-RA	TAA	0
MESCA005998-RA	TAA	0
MESCA005999-RA	TAA	0
MESCA006004-RA	TGA	0
MESCA006014-RA	TAG	0
MESCA006022-RA	TAG	0
MESCA006026-RA	TAA	0
MESCA006036-RA	TAA	0
MESCA006047-RA	TGA	0
MESCA006048-RA	TAA	0
MESCA006074-RA	TAA	0
MESCA006075-RA	TAA	0
MESCA006084-RA	TAG	0
MESCA006086-RA	TGA	0
MESCA006087-RA	TAA	0
MESCA006099-RA	TAA	0
MESCA006104-RA	TAG	0
MESCA006109-RA	TGA	0
MESCA006110-RA	TAA	0
MESCA006132-RA	TAG	0
MESCA006141-RA	TGA	0
MESCA006148-RA	TAG	0
MESCA006151-RA	TAA	0
MESCA006152-RA	TAG	0
MESCA006158-RA	TAA	0
MESCA006164-RA	TAA	0
MESCA006170-RA	TAA	0
MESCA006192-RA	TGA	0
MESCA006193-RA	TAA	0
MESCA006200-RA	TAA	0
MESCA006204-RA	TAA	0
MESCA006214-RA	TAA	0
MESCA006241-RA	TAA	0
MESCA006255-RA	TAA	0
MESCA006258-RA	TAA	0
MESCA006272-RA	TAA	0
MESCA006278-RA	TAA	0
MESCA006293-RA	TAG	0
MESCA006296-RA	TAA	0
MESCA006306-RA	TGA	0
MESCA006313-RA	TAA	0
MESCA006322-RA	TAA	0
MESCA006325-RA	TAA	0
MESCA006326-RA	TAA	0
MESCA006336-RA	TAG	0
MESCA006341-RA	TAA	0
MESCA006347-RA	TAG	0
MESCA006348-RA	TAA	0
MESCA006351-RA	TAA	0
MESCA006353-RA	TAG	0
MESCA006355-RA	TAA	0
MESCA006359-RA	TGA	0
MESCA006363-RA	TAG	0
MESCA006370-RA	TAA	0
MESCA006373-RA	TAG	0
MESCA006397-RA	TAA	0
MESCA006415-RA	TAG	0
MESCA006428-RA	TGA	0
MESCA006430-RA	TAG	0
MESCA006434-RA	TAA	0
MESCA006437-RA	TAA	0
MESCA006438-RA	TAA	0
MESCA006459-RA	TAA	0
MESCA006462-RA	TAA	0
MESCA006463-RA	TAA	0
MESCA006469-RA	TGA	0
MESCA006472-RA	TAG	0
MESCA006478-RA	TAA	0
MESCA006481-RA	TAA	0
MESCA006489-RA	TAA	0
MESCA006495-RA	TAA	0
MESCA006497-RA	TAA	0
MESCA006506-RA	TAA	0
MESCA006508-RA	TAA	0
MESCA006509-RA	TAA	0
MESCA006544-RA	TAG	0
MESCA006548-RA	TAA	0
MESCA006555-RA	TAG	0
MESCA006562-RA	TGA	0
MESCA006567-RA	TGA	0
MESCA006581-RA	TGA	0
MESCA006585-RA	TAG	0
MESCA006615-RA	TAG	0
MESCA006619-RA	TAG	0
MESCA006621-RA	TAA	0
MESCA006622-RA	TAA	0
MESCA006651-RA	TAA	0
MESCA006652-RA	TAA	0
MESCA006694-RA	TAG	0
MESCA006712-RA	TGA	0
MESCA006715-RA	TAA	0
MESCA006719-RA	TAA	0
MESCA006737-RA	TGA	0
MESCA006744-RA	TAA	0
MESCA006746-RA	TAA	0
MESCA006747-RA	TGA	0
MESCA006750-RA	TAA	0
MESCA006752-RA	TAA	0
MESCA006754-RA	TAA	0
MESCA006761-RA	TAA	0
MESCA006769-RA	TAG	0
MESCA006773-RA	TGA	0
MESCA006791-RA	TAG	0
MESCA006795-RA	TGA	0
MESCA006813-RA	TAG	0
MESCA006816-RA	TAA	0
MESCA006826-RA	TAA	0
MESCA006830-RA	TAG	0
MESCA006845-RA	TAA	0
MESCA006847-RA	TGA	0
MESCA006849-RA	TAA	0
MESCA006854-RA	TAG	0
MESCA006863-RA	TAA	0
MESCA006872-RA	TAA	0
MESCA006875-RA	TAA	0
MESCA006877-RA	TGA	0
MESCA006883-RA	TAA	0
MESCA006894-RA	TAA	0
MESCA006895-RA	TGA	0
MESCA006900-RA	TAA	0
MESCA006901-RA	TAG	0
MESCA006903-RA	TAG	0
MESCA006904-RA	TAG	0
MESCA006912-RA	TAG	0
MESCA006917-RA	TAA	0
MESCA006928-RA	TAA	0
MESCA006962-RA	TAA	0
MESCA006975-RA	TAG	0
MESCA006993-RA	TAG	0
MESCA006997-RA	TAA	0
MESCA007025-RA	TAG	0
MESCA007031-RA	TAA	0
MESCA007038-RA	TAA	0
MESCA007041-RA	TAG	0
MESCA007050-RA	TAA	0
MESCA007091-RA	TAA	0
MESCA007100-RA	TAG	0
MESCA007106-RA	TAA	0
MESCA007150-RA	TAG	0
MESCA007174-RA	TGA	0
MESCA007182-RA	TAA	0
MESCA007189-RA	TAA	0
MESCA007194-RA	TAA	0
MESCA007198-RA	TAA	0
MESCA007199-RA	TAA	0
MESCA007219-RA	TGA	0
MESCA007232-RA	TGA	0
MESCA007270-RA	TAA	0
MESCA007271-RA	TGA	0
MESCA007281-RA	TAA	0
MESCA007289-RA	TAA	0
MESCA007300-RA	TAA	0
MESCA007322-RA	TAA	0
MESCA007324-RA	TGA	0
MESCA007329-RA	TAG	0
MESCA007337-RA	TGA	0
MESCA007349-RA	TGA	0
MESCA007353-RA	TGA	0
MESCA007356-RA	TAA	0
MESCA007360-RA	TAA	0
MESCA007380-RA	TAA	0
MESCA007394-RA	TGA	0
MESCA007396-RA	TAG	0
MESCA007398-RA	TAA	0
MESCA007401-RA	TAG	0
MESCA007406-RA	TAA	0
MESCA007414-RA	TAG	0
MESCA007431-RA	TAG	0
MESCA007439-RA	TAA	0
MESCA007470-RA	TGA	0
MESCA007473-RA	TAA	0
MESCA007475-RA	TAG	0
MESCA007480-RA	TAA	0
MESCA007488-RA	TAA	0
MESCA007511-RA	TGA	0
MESCA007512-RA	TAA	0
MESCA007521-RA	TAA	0
MESCA007524-RA	TGA	0
MESCA007539-RA	TGA	0
MESCA007545-RA	TAG	0
MESCA007555-RA	TAA	0
MESCA007565-RA	TGA	0
MESCA007570-RA	TGA	0
MESCA007590-RA	TAA	0
MESCA007591-RA	TAA	0
MESCA007597-RA	TAA	0
MESCA007602-RA	TGA	0
MESCA007609-RA	TAA	0
MESCA007622-RA	TGA	0
MESCA007638-RA	TAA	0
MESCA007647-RA	TGA	0
MESCA007649-RA	TGA	0
MESCA007650-RA	TAA	0
MESCA007654-RA	TAA	0
MESCA007671-RA	TAG	0
MESCA007672-RA	TAG	0
MESCA007674-RA	TGA	0
MESCA007679-RA	TAA	0
MESCA007681-RA	TAG	0
MESCA007694-RA	TAG	0
MESCA007701-RA	TAA	0
MESCA007712-RA	TGA	0
MESCA007713-RA	TAA	0
MESCA007727-RA	TGA	0
MESCA007735-RA	TAA	0
MESCA007741-RA	TAG	0
MESCA007745-RA	TAA	0
MESCA007747-RA	TAA	0
MESCA007752-RA	TGA	0
MESCA007770-RA	TAA	0
MESCA007771-RA	TAG	0
MESCA007785-RA	TAG	0
MESCA007790-RA	TGA	0
MESCA007800-RA	TAA	0
MESCA007806-RA	TGA	0
MESCA007811-RA	TGA	0
MESCA007813-RA	TAG	0
MESCA007827-RA	TAA	0
MESCA007836-RA	TGA	0
MESCA007842-RA	TAA	0
MESCA007858-RA	TAA	0
MESCA007887-RA	TAA	0
MESCA007902-RA	TGA	0
MESCA007906-RA	TGA	0
MESCA007925-RA	TAA	0
MESCA007941-RA	TGA	0
MESCA007962-RA	TAA	0
MESCA007986-RA	TAG	0
MESCA007987-RA	TAA	0
MESCA007991-RA	TGA	0
MESCA007996-RA	TAA	0
MESCA008019-RA	TAA	0
MESCA008021-RA	TAA	0
MESCA008030-RA	TAA	0
MESCA008034-RA	TAA	0
MESCA008036-RA	TGA	0
MESCA008037-RA	TAG	0
MESCA008039-RA	TAA	0
MESCA008048-RA	TGA	0
MESCA008083-RA	TAG	0
MESCA008087-RA	TAA	0
MESCA008089-RA	TGA	0
MESCA008090-RA	TGA	0
MESCA008092-RA	TGA	0
MESCA008100-RA	TAG	0
MESCA008104-RA	TGA	0
MESCA008116-RA	TAA	0
MESCA008128-RA	TGA	0
MESCA008147-RA	TAA	0
MESCA008149-RA	TGA	0
MESCA008155-RA	TGA	0
MESCA008197-RA	TAA	0
MESCA008208-RA	TAA	0
MESCA008218-RA	TAA	0
MESCA008250-RA	TAA	0
MESCA008253-RA	TAA	0
MESCA008273-RA	TAA	0
MESCA008286-RA	TAA	0
MESCA008290-RA	TGA	0
MESCA008291-RA	TAG	0
MESCA008294-RA	TAA	0
MESCA008303-RA	TAG	0
MESCA008308-RA	TAA	0
MESCA008312-RA	TGA	0
MESCA008325-RA	TAG	0
MESCA008326-RA	TGA	0
MESCA008331-RA	TGA	0
MESCA008342-RA	TGA	0
MESCA008349-RA	TGA	0
MESCA008350-RA	TAA	0
MESCA008352-RA	TGA	0
MESCA008359-RA	TAA	0
MESCA008360-RA	TAA	0
MESCA008369-RA	TAG	0
MESCA008372-RA	TAA	0
MESCA008377-RA	TGA	0
MESCA008378-RA	TAA	0
MESCA008396-RA	TAA	0
MESCA008415-RA	TAA	0
MESCA008417-RA	TAA	0
MESCA008423-RA	TAG	0
MESCA008425-RA	TAA	0
MESCA008442-RA	TAA	0
MESCA008445-RA	TGA	0
MESCA008475-RA	TAA	0
MESCA008482-RA	TGA	0
MESCA008485-RA	TGA	0
MESCA008509-RA	TAA	0
MESCA008515-RA	TAG	0
MESCA008520-RA	TAA	0
MESCA008535-RA	TAG	0
MESCA008549-RA	TGA	0
MESCA008554-RA	TAA	0
MESCA008558-RA	TAA	0
MESCA008565-RA	TAA	0
MESCA008567-RA	TAA	0
MESCA008605-RA	TGA	0
MESCA008621-RA	TGA	0
MESCA008627-RA	TGA	0
MESCA008633-RA	TAA	0
MESCA008639-RA	TAA	0
MESCA008650-RA	TAA	0
MESCA008665-RA	TAA	0
MESCA008697-RA	TGA	0
MESCA008711-RA	TAG	0
MESCA008713-RA	TAA	0
MESCA008759-RA	TAA	0
MESCA008779-RA	TGA	0
MESCA008791-RA	TAG	0
MESCA008830-RA	TAA	0
MESCA008853-RA	TAA	0
MESCA008855-RA	TAA	0
MESCA008857-RA	TGA	0
MESCA008858-RA	TAA	0
MESCA008869-RA	TGA	0
MESCA008876-RA	TAA	0
MESCA008880-RA	TAA	0
MESCA008904-RA	TAA	0
MESCA008933-RA	TAG	0
MESCA008938-RA	TAA	0
MESCA008974-RA	TAA	0
MESCA008980-RA	TAA	0
MESCA008985-RA	TGA	0
MESCA008988-RA	TAA	0
MESCA009002-RA	TAA	0
MESCA009004-RA	TAA	0
MESCA009008-RA	TAA	0
MESCA009010-RA	TAA	0
MESCA009018-RA	TGA	0
MESCA009029-RA	TGA	0
MESCA009030-RA	TAA	0
MESCA009053-RA	TAA	0
MESCA009059-RA	TAG	0
MESCA009065-RA	TGA	0
MESCA009078-RA	TAA	0
MESCA009085-RA	TGA	0
MESCA009088-RA	TAA	0
MESCA009091-RA	TAG	0
MESCA009095-RA	TAG	0
MESCA009107-RA	TAA	0
MESCA009112-RA	TAA	0
MESCA009119-RA	TAA	0
MESCA009149-RA	TAA	0
MESCA009173-RA	TAA	0
MESCA009181-RA	TAG	0
MESCA009182-RA	TAG	0
MESCA009183-RA	TGA	0
MESCA009194-RA	TAA	0
MESCA009197-RA	TGA	0
MESCA009200-RA	TAA	0
MESCA009202-RA	TAA	0
MESCA009223-RA	TGA	0
MESCA009227-RA	TGA	0
MESCA009243-RA	TAG	0
MESCA009244-RA	TGA	0
MESCA009266-RA	TAA	0
MESCA009274-RA	TAG	0
MESCA009282-RA	TGA	0
MESCA009286-RA	TAG	0
MESCA009299-RA	TAA	0
MESCA009300-RA	TAA	0
MESCA009318-RA	TGA	0
MESCA009324-RA	TAA	0
MESCA009327-RA	TAA	0
MESCA009339-RA	TGA	0
MESCA009341-RA	TAG	0
MESCA009350-RA	TAA	0
MESCA009376-RA	TAA	0
MESCA009385-RA	TGA	0
MESCA009395-RA	TAG	0
MESCA009412-RA	TAG	0
MESCA009417-RA	TGA	0
MESCA009421-RA	TAA	0
MESCA009434-RA	TAA	0
MESCA009439-RA	TAA	0
MESCA009440-RA	TGA	0
MESCA009451-RA	TAG	0
MESCA009453-RA	TAA	0
MESCA009458-RA	TAA	0
MESCA009465-RA	TAA	0
MESCA009483-RA	TGA	0
MESCA009485-RA	TAA	0
MESCA009516-RA	TAA	0
MESCA009523-RA	TAG	0
MESCA009525-RA	TAG	0
MESCA009538-RA	TAA	0
MESCA009542-RA	TAA	0
MESCA009566-RA	TAG	0
MESCA009602-RA	TAG	0
MESCA009606-RA	TAA	0
MESCA009617-RA	TAG	0
MESCA009634-RA	TGA	0
MESCA009648-RA	TGA	0
MESCA009658-RA	TAA	0
MESCA009663-RA	TAA	0
MESCA009665-RA	TAA	0
MESCA009736-RA	TAA	0
MESCA009737-RA	TAA	0
MESCA009740-RA	TGA	0
MESCA009773-RA	TAG	0
MESCA009832-RA	TAA	0
MESCA009839-RA	TAA	0
MESCA009847-RA	TAA	0
MESCA009851-RA	TAA	0
MESCA009859-RA	TGA	0
MESCA009862-RA	TAG	0
MESCA009870-RA	TAA	0
MESCA009874-RA	TAG	0
MESCA009878-RA	TAA	0
MESCA009884-RA	TAA	0
MESCA009894-RA	TGA	0
MESCA009895-RA	TGA	0
MESCA009896-RA	TAA	0
MESCA009923-RA	TAA	0
MESCA009943-RA	TAA	0
MESCA009947-RA	TAA	0
MESCA009970-RA	TAA	0
MESCA009977-RA	TAA	0
MESCA009988-RA	TAA	0
MESCA009994-RA	TAA	0
MESCA009996-RA	TAA	0
MESCA010008-RA	TAA	0
MESCA010025-RA	TAA	0
MESCA010030-RA	TAA	0
MESCA010034-RA	TGA	0
MESCA010066-RA	TAA	0
MESCA010072-RA	TGA	0
MESCA010079-RA	TAG	0
MESCA010086-RA	TAG	0
MESCA010090-RA	TGA	0
MESCA010105-RA	TAA	0
MESCA010110-RA	TAA	0
MESCA010117-RA	TGA	0
MESCA010131-RA	TAG	0
MESCA010135-RA	TGA	0
MESCA010147-RA	TAA	0
MESCA010153-RA	TGA	0
MESCA010188-RA	TAG	0
MESCA010201-RA	TAA	0
MESCA010223-RA	TAG	0
MESCA010234-RA	TAA	0
MESCA010238-RA	TAA	0
MESCA010279-RA	TGA	0
MESCA010284-RA	TAA	0
MESCA010289-RA	TAA	0
MESCA010298-RA	TAA	0
MESCA010306-RA	TGA	0
MESCA010309-RA	TGA	0
MESCA010317-RA	TGA	0
MESCA010325-RA	TAA	0
MESCA010345-RA	TAG	0
MESCA010347-RA	TAG	0
MESCA010348-RA	TAA	0
MESCA010362-RA	TAA	0
MESCA010381-RA	TAA	0
MESCA010413-RA	TAA	0
MESCA010436-RA	TAA	0
MESCA010437-RA	TAA	0
MESCA010496-RA	TAA	0
MESCA010498-RA	TAA	0
MESCA010506-RA	TAA	0
MESCA010521-RA	TAA	0
MESCA010523-RA	TAA	0
MESCA010524-RA	TGA	0
MESCA010535-RA	TAA	0
MESCA010559-RA	TAA	0
MESCA010586-RA	TGA	0
MESCA010591-RA	TAG	0
MESCA010598-RA	TAA	0
MESCA010602-RA	TGA	0
MESCA010605-RA	TGA	0
MESCA010616-RA	TGA	0
MESCA010629-RA	TAA	0
MESCA010635-RA	TAA	0
MESCA010641-RA	TAA	0
MESCA010654-RA	TAA	0
MESCA010662-RA	TAG	0
MESCA010664-RA	TAA	0
MESCA010673-RA	TAA	0
MESCA010678-RA	TAA	0
MESCA010693-RA	TAG	0
MESCA010715-RA	TAG	0
MESCA010717-RA	TAG	0
MESCA010736-RA	TGA	0
MESCA010757-RA	TAA	0
MESCA010766-RA	TGA	0
MESCA010775-RA	TAA	0
MESCA010776-RA	TAG	0
MESCA010788-RA	TAA	0
MESCA010805-RA	TAG	0
MESCA010811-RA	TGA	0
MESCA010819-RA	TAA	0
MESCA010821-RA	TAA	0
MESCA010826-RA	TAG	0
MESCA010827-RA	TAA	0
MESCA010828-RA	TAA	0
MESCA010857-RA	TAA	0
MESCA010859-RA	TGA	0
MESCA010876-RA	TAA	0
MESCA010909-RA	TAA	0
MESCA010944-RA	TAA	0
MESCA010953-RA	TAA	0
MESCA010958-RA	TAG	0
MESCA010967-RA	TGA	0
MESCA010970-RA	TAA	0
MESCA010999-RA	TGA	0
MESCA011009-RA	TAA	0
MESCA011012-RA	TAA	0
MESCA011040-RA	TAA	0
MESCA011043-RA	TGA	0
MESCA011067-RA	TAA	0
MESCA011074-RA	TAA	0
MESCA011118-RA	TAA	0
MESCA011127-RA	TAA	0
MESCA011132-RA	TGA	0
MESCA011158-RA	TGA	0
MESCA011164-RA	TAG	0
MESCA011168-RA	TAA	0
MESCA011172-RA	TAA	0
MESCA011180-RA	TGA	0
MESCA011190-RA	TAG	0
MESCA011195-RA	TAA	0
MESCA011197-RA	TAA	0
MESCA011203-RA	TAA	0
MESCA011211-RA	TGA	0
MESCA011217-RA	TGA	0
MESCA011221-RA	TAG	0
MESCA011250-RA	TAG	0
MESCA011254-RA	TAA	0
MESCA011258-RA	TAA	0
MESCA011281-RA	TGA	0
MESCA011296-RA	TAA	0
MESCA011302-RA	TAA	0
MESCA011323-RA	TAA	0
MESCA011326-RA	TGA	0
MESCA011327-RA	TAA	0
MESCA011338-RA	TGA	0
MESCA011340-RA	TAA	0
MESCA011347-RA	TAA	0
MESCA011356-RA	TGA	0
MESCA011358-RA	TGA	0
MESCA011359-RA	TAA	0
MESCA011364-RA	TAA	0
MESCA011370-RA	TAA	0
MESCA011375-RA	TAA	0
MESCA011383-RA	TAA	0
MESCA011390-RA	TAG	0
MESCA011396-RA	TGA	0
MESCA011412-RA	TAA	0
MESCA011421-RA	TGA	0
MESCA011423-RA	TAG	0
MESCA011430-RA	TAA	0
MESCA011433-RA	TGA	0
MESCA011437-RA	TAA	0
MESCA011448-RA	TAA	0
MESCA011465-RA	TAA	0
MESCA011485-RA	TAA	0
MESCA011487-RA	TGA	0
MESCA011488-RA	TAG	0
MESCA011505-RA	TGA	0
MESCA011559-RA	TAA	0
MESCA011563-RA	TAG	0
MESCA011564-RA	TAG	0
MESCA011569-RA	TGA	0
MESCA011590-RA	TAA	0
MESCA011593-RA	TAG	0
MESCA011596-RA	TAG	0
MESCA008706-RA	TGA	121
MESCA005585-RA	TAG	265
MESCA003522-RA	TGA	308
MESCA003297-RA	TAA	695
MESCA007450-RA	TAA	25
MESCA007459-RA	TGA	231
MESCA005632-RA	TGA	214
MESCA005634-RA	TAG	296
MESCA005635-RA	TAA	125
MESCA003740-RA	TAA	397
MESCA007183-RA	TAA	38
MESCA009487-RA	TAA	63
MESCA005968-RA	TAG	7
MESCA005962-RA	TAA	367
MESCA005966-RA	TAA	293
MESCA001603-RA	TAA	761
MESCA001600-RA	TAA	6
MESCA004212-RA	TAG	333
MESCA004210-RA	TGA	34
MESCA010499-RA	TGA	548
MESCA001937-RA	TGA	54
MESCA001936-RA	TAG	204
MESCA010121-RA	TGA	96
MESCA003521-RA	TGA	340
MESCA000810-RA	TAA	32
MESCA000619-RA	TAA	35
MESCA005031-RA	TGA	181
MESCA000513-RA	TAA	19
MESCA005036-RA	TAA	4
MESCA005037-RA	TAA	422
MESCA005355-RA	TGA	263
MESCA005354-RA	TAG	583
MESCA005357-RA	TGA	9
MESCA005350-RA	TAA	144
MESCA003291-RA	TAG	30
MESCA009261-RA	TGA	70
MESCA009265-RA	TAA	29
MESCA009264-RA	TAG	364
MESCA009267-RA	TAA	104
MESCA002347-RA	TGA	236
MESCA009875-RA	TGA	982
MESCA007028-RA	TGA	399
MESCA000816-RA	TGA	62
MESCA000291-RA	TAA	272
MESCA000926-RA	TAG	84
MESCA002355-RA	TAA	52
MESCA002820-RA	TAA	21
MESCA002357-RA	TAA	202
MESCA006119-RA	TGA	1165
MESCA006114-RA	TAG	166
MESCA006113-RA	TAA	122
MESCA003199-RA	TAA	88
MESCA003879-RA	TGA	791
MESCA000072-RA	TAA	186
MESCA000076-RA	TAG	199
MESCA000078-RA	TAA	175
MESCA007244-RA	TAA	106
MESCA007241-RA	TAA	614
MESCA007240-RA	TAA	297
MESCA007243-RA	TGA	31
MESCA008517-RA	TAG	466
MESCA006815-RA	TAA	7
MESCA000216-RA	TGA	125
MESCA000214-RA	TAA	111
MESCA000219-RA	TGA	361
MESCA010333-RA	TAA	91
MESCA009496-RA	TGA	54
MESCA011426-RA	TAG	9
MESCA009933-RA	TAA	105
MESCA009938-RA	TAA	59
MESCA010594-RA	TAA	42
MESCA010592-RA	TAA	65
MESCA010806-RA	TAA	62
MESCA008413-RA	TGA	154
MESCA002104-RA	TGA	1452
MESCA011583-RA	TAG	180
MESCA010926-RA	TAA	6
MESCA010920-RA	TAA	264
MESCA008678-RA	TAA	764
MESCA007889-RA	TAA	82
MESCA007881-RA	TAA	76
MESCA005159-RA	TGA	252
MESCA003504-RA	TAG	19
MESCA005654-RA	TAG	14
MESCA005657-RA	TAA	946
MESCA000431-RA	TAA	337
MESCA003761-RA	TAA	113
MESCA000435-RA	TAA	13
MESCA005904-RA	TAA	106
MESCA006305-RA	TAA	50
MESCA006907-RA	TAA	65
MESCA006906-RA	TAA	82
MESCA004234-RA	TAA	301
MESCA004236-RA	TGA	148
MESCA001955-RA	TAG	529
MESCA001954-RA	TAA	203
MESCA001958-RA	TAA	38
MESCA000682-RA	TGA	524
MESCA000684-RA	TAA	7
MESCA000685-RA	TAA	96
MESCA000687-RA	TGA	1225
MESCA000532-RA	TGA	72
MESCA000535-RA	TAA	206
MESCA003886-RA	TAA	223
MESCA003885-RA	TGA	314
MESCA001254-RA	TAG	155
MESCA006793-RA	TAA	26
MESCA006922-RA	TAA	493
MESCA005339-RA	TAA	1190
MESCA001250-RA	TGA	19
MESCA006572-RA	TAA	283
MESCA005484-RA	TGA	251
MESCA005487-RA	TAA	39
MESCA005486-RA	TAA	634
MESCA008762-RA	TAA	417
MESCA008813-RA	TAA	277
MESCA008760-RA	TGA	1357
MESCA008816-RA	TAG	11
MESCA002596-RA	TAA	202
MESCA002590-RA	TAA	326
MESCA006688-RA	TGA	55
MESCA006683-RA	TAA	723
MESCA004822-RA	TGA	7
MESCA004823-RA	TGA	341
MESCA004827-RA	TAA	766
MESCA003130-RA	TAA	234
MESCA002051-RA	TAA	396
MESCA002370-RA	TGA	32
MESCA002371-RA	TAA	38
MESCA002377-RA	TGA	146
MESCA002374-RA	TAA	75
MESCA002379-RA	TGA	319
MESCA000054-RA	TAA	16
MESCA000057-RA	TAG	22
MESCA000056-RA	TAA	16
MESCA000052-RA	TAA	61
MESCA007221-RA	TGA	19
MESCA010430-RA	TAA	266
MESCA007228-RA	TAA	91
MESCA000239-RA	TAA	65
MESCA011194-RA	TGA	381
MESCA011512-RA	TAA	19
MESCA011449-RA	TAA	44
MESCA001540-RA	TAA	35
MESCA001542-RA	TAG	24
MESCA010719-RA	TAA	160
MESCA010713-RA	TGA	82
MESCA010712-RA	TGA	81
MESCA010710-RA	TGA	539
MESCA008473-RA	TAA	435
MESCA001307-RA	TAA	22
MESCA010905-RA	TAA	6
MESCA010901-RA	TAG	218
MESCA002165-RA	TAA	589
MESCA002162-RA	TGA	180
MESCA003564-RA	TAA	52
MESCA003566-RA	TAG	85
MESCA003567-RA	TGA	77
MESCA003560-RA	TAA	105
MESCA003563-RA	TAG	126
MESCA005678-RA	TAA	78
MESCA005677-RA	TAA	78
MESCA005673-RA	TAA	247
MESCA009124-RA	TGA	45
MESCA003789-RA	TGA	105
MESCA002782-RA	TAA	1175
MESCA002786-RA	TGA	207
MESCA002785-RA	TAA	127
MESCA006098-RA	TGA	333
MESCA006092-RA	TGA	77
MESCA006091-RA	TAA	13
MESCA006090-RA	TAA	42
MESCA004033-RA	TGA	91
MESCA004789-RA	TAA	85
MESCA005927-RA	TAA	209
MESCA005925-RA	TGA	126
MESCA006329-RA	TGA	167
MESCA005034-RA	TAA	153
MESCA004255-RA	TAA	1220
MESCA004251-RA	TGA	72
MESCA004250-RA	TGA	10
MESCA011298-RA	TGA	500
MESCA010476-RA	TAA	53
MESCA010474-RA	TAA	122
MESCA010473-RA	TAA	94
MESCA009980-RA	TAA	5
MESCA009981-RA	TAG	29
MESCA009982-RA	TGA	3
MESCA000557-RA	TAA	331
MESCA007784-RA	TAA	149
MESCA005314-RA	TGA	47
MESCA005865-RA	TAA	1285
MESCA000815-RA	TAA	22
MESCA005862-RA	TAG	120
MESCA001818-RA	TAA	24
MESCA006523-RA	TAA	85
MESCA001206-RA	TAG	62
MESCA002572-RA	TGA	116
MESCA002575-RA	TAA	425
MESCA002579-RA	TAA	192
MESCA000367-RA	TAG	223
MESCA006662-RA	TAG	199
MESCA006666-RA	TAA	32
MESCA006667-RA	TAA	219
MESCA006669-RA	TAA	49
MESCA000497-RA	TAA	88
MESCA004804-RA	TGA	466
MESCA003942-RA	TAG	16
MESCA002316-RA	TAA	220
MESCA004725-RA	TAA	171
MESCA004724-RA	TGA	100
MESCA000038-RA	TGA	189
MESCA003048-RA	TAA	4
MESCA007201-RA	TAG	153
MESCA007203-RA	TAA	543
MESCA007204-RA	TAG	962
MESCA000780-RA	TAA	56
MESCA000788-RA	TAG	949
MESCA000962-RA	TAG	96
MESCA011460-RA	TAA	316
MESCA001788-RA	TGA	13
MESCA001786-RA	TAA	158
MESCA010021-RA	TGA	67
MESCA010020-RA	TAG	43
MESCA001562-RA	TAA	272
MESCA001560-RA	TAA	10
MESCA001566-RA	TAG	117
MESCA001567-RA	TAA	130
MESCA010739-RA	TAA	294
MESCA010732-RA	TAA	116
MESCA008323-RA	TAA	70
MESCA008322-RA	TAG	17
MESCA008324-RA	TAA	9
MESCA008459-RA	TAA	59
MESCA002140-RA	TGA	126
MESCA002143-RA	TAA	79
MESCA002142-RA	TAA	77
MESCA002144-RA	TGA	93
MESCA002147-RA	TAA	115
MESCA002146-RA	TGA	22
MESCA003546-RA	TGA	40
MESCA003231-RA	TAG	231
MESCA003544-RA	TGA	162
MESCA003543-RA	TAA	401
MESCA007434-RA	TGA	75
MESCA005691-RA	TAA	341
MESCA005692-RA	TAA	73
MESCA009146-RA	TAA	250
MESCA009140-RA	TAG	241
MESCA004017-RA	TGA	161
MESCA004013-RA	TAA	225
MESCA007930-RA	TAA	615
MESCA006349-RA	TAG	99
MESCA004273-RA	TAA	123
MESCA004277-RA	TGA	48
MESCA001881-RA	TAA	1976
MESCA001364-RA	TGA	34
MESCA001361-RA	TGA	29
MESCA001362-RA	TAG	360
MESCA001363-RA	TGA	77
MESCA000604-RA	TAA	786
MESCA006545-RA	TAA	1833
MESCA000578-RA	TAA	121
MESCA000573-RA	TGA	99
MESCA003843-RA	TAG	79
MESCA003842-RA	TAA	286
MESCA001991-RA	TAA	102
MESCA001996-RA	TGA	39
MESCA010589-RA	TGA	48
MESCA001191-RA	TAA	24
MESCA009791-RA	TAA	875
MESCA009792-RA	TAA	92
MESCA002825-RA	TGA	331
MESCA008847-RA	TAG	58
MESCA002550-RA	TAG	75
MESCA002551-RA	TGA	59
MESCA002556-RA	TAA	323
MESCA002557-RA	TAA	214
MESCA002555-RA	TAA	570
MESCA006648-RA	TAA	331
MESCA002080-RA	TAA	229
MESCA002081-RA	TAA	171
MESCA004861-RA	TAA	99
MESCA008150-RA	TAA	160
MESCA008152-RA	TAA	18
MESCA004869-RA	TAG	308
MESCA002889-RA	TAA	37
MESCA002339-RA	TGA	42
MESCA002881-RA	TAA	35
MESCA005276-RA	TAA	30
MESCA010502-RA	TAA	20
MESCA003681-RA	TAG	125
MESCA009034-RA	TGA	39
MESCA000010-RA	TAA	49
MESCA003061-RA	TAA	214
MESCA003062-RA	TAA	157
MESCA005107-RA	TAA	1122
MESCA004484-RA	TGA	474
MESCA004485-RA	TAA	134
MESCA004482-RA	TAA	22
MESCA000903-RA	TAA	165
MESCA000909-RA	TAA	46
MESCA008528-RA	TAA	480
MESCA011482-RA	TAA	68
MESCA011489-RA	TGA	2
MESCA001765-RA	TAA	77
MESCA001767-RA	TAA	90
MESCA009709-RA	TAA	93
MESCA001505-RA	TAG	63
MESCA001506-RA	TAA	32
MESCA001500-RA	TAA	130
MESCA010283-RA	TAA	371
MESCA010752-RA	TAA	93
MESCA010750-RA	TAA	507
MESCA010759-RA	TAA	55
MESCA008305-RA	TAA	153
MESCA008306-RA	TAA	46
MESCA008302-RA	TAA	33
MESCA005503-RA	TGA	17
MESCA005508-RA	TGA	30
MESCA000428-RA	TAA	85
MESCA009160-RA	TAG	49
MESCA000426-RA	TAA	15
MESCA003219-RA	TAA	1197
MESCA003210-RA	TGA	110
MESCA004075-RA	TAG	2241
MESCA004074-RA	TAA	35
MESCA004073-RA	TAA	78
MESCA006360-RA	TAA	3389
MESCA006364-RA	TAA	251
MESCA006366-RA	TAA	65
MESCA004299-RA	TAA	9
MESCA005069-RA	TAA	273
MESCA007018-RA	TGA	64
MESCA007012-RA	TAA	18
MESCA007016-RA	TGA	517
MESCA000593-RA	TAA	16
MESCA000594-RA	TAG	302
MESCA000595-RA	TAA	37
MESCA000596-RA	TAG	101
MESCA001619-RA	TGA	429
MESCA003865-RA	TAG	20
MESCA003861-RA	TAA	84
MESCA001616-RA	TAA	353
MESCA006937-RA	TAG	48
MESCA006931-RA	TAG	111
MESCA003304-RA	TAG	74
MESCA001613-RA	TAA	26
MESCA003306-RA	TGA	23
MESCA004900-RA	TAG	70
MESCA004302-RA	TAG	87
MESCA001245-RA	TAG	570
MESCA001244-RA	TAG	235
MESCA006563-RA	TAA	237
MESCA001242-RA	TAA	52
MESCA008792-RA	TAA	88
MESCA002531-RA	TGA	293
MESCA006625-RA	TGA	664
MESCA006620-RA	TAA	641
MESCA004842-RA	TGA	196
MESCA008173-RA	TAA	32
MESCA008177-RA	TAA	61
MESCA006194-RA	TGA	175
MESCA003660-RA	TAA	67
MESCA003668-RA	TAA	1217
MESCA007573-RA	TGA	80
MESCA007572-RA	TAA	41
MESCA005719-RA	TAA	191
MESCA005718-RA	TAG	21
MESCA005711-RA	TGA	60
MESCA005710-RA	TGA	195
MESCA010119-RA	TGA	625
MESCA003004-RA	TAA	290
MESCA010448-RA	TGA	62
MESCA010112-RA	TAG	103
MESCA010443-RA	TAG	508
MESCA010442-RA	TAG	43
MESCA009352-RA	TGA	130
MESCA009356-RA	TAG	91
MESCA001741-RA	TAA	291
MESCA001747-RA	TAG	125
MESCA001522-RA	TAA	26
MESCA001520-RA	TAG	278
MESCA010516-RA	TAA	195
MESCA010512-RA	TGA	167
MESCA001460-RA	TAG	74
MESCA010773-RA	TAA	98
MESCA008367-RA	TAG	24
MESCA000433-RA	TAG	83
MESCA000432-RA	TAA	322
MESCA005151-RA	TAA	278
MESCA005154-RA	TAG	654
MESCA007801-RA	TAA	31
MESCA007804-RA	TAA	50
MESCA007809-RA	TGA	92
MESCA008582-RA	TAA	1152
MESCA008587-RA	TAA	41
MESCA008586-RA	TGA	44
MESCA005529-RA	TGA	1067
MESCA005523-RA	TAG	80
MESCA002270-RA	TGA	61
MESCA002277-RA	TAA	33
MESCA003278-RA	TAA	94
MESCA003277-RA	TAA	175
MESCA003270-RA	TAA	1894
MESCA003272-RA	TGA	353
MESCA004720-RA	TAG	166
MESCA004059-RA	TAA	103
MESCA004728-RA	TAG	311
MESCA006381-RA	TAG	1237
MESCA006385-RA	TGA	104
MESCA004478-RA	TGA	45
MESCA009283-RA	TAA	121
MESCA000521-RA	TGA	403
MESCA005002-RA	TGA	33
MESCA003493-RA	TAA	675
MESCA003494-RA	TAA	139
MESCA007389-RA	TAG	163
MESCA007384-RA	TAA	1426
MESCA007386-RA	TAG	98
MESCA000606-RA	TAA	42
MESCA000608-RA	TAA	209
MESCA000609-RA	TGA	353
MESCA005898-RA	TAG	176
MESCA005899-RA	TAG	507
MESCA007037-RA	TGA	80
MESCA007039-RA	TGA	35
MESCA005092-RA	TGA	105
MESCA011369-RA	TAA	752
MESCA003808-RA	TAA	186
MESCA003803-RA	TAA	465
MESCA003801-RA	TAA	59
MESCA003800-RA	TGA	74
MESCA010181-RA	TAA	191
MESCA010189-RA	TAG	173
MESCA000809-RA	TAA	7
MESCA000803-RA	TAG	108
MESCA000800-RA	TAA	1440
MESCA001268-RA	TAA	797
MESCA006818-RA	TAA	13
MESCA006810-RA	TAA	65
MESCA006817-RA	TAA	26
MESCA009649-RA	TAA	220
MESCA008771-RA	TGA	157
MESCA008776-RA	TAA	59
MESCA010882-RA	TAG	491
MESCA002514-RA	TAA	35
MESCA002512-RA	TGA	154
MESCA002048-RA	TAA	383
MESCA002519-RA	TAA	294
MESCA006604-RA	TAG	150
MESCA010655-RA	TGA	1243
MESCA006608-RA	TAA	41
MESCA006609-RA	TGA	624
MESCA008930-RA	TAA	58
MESCA008111-RA	TAA	87
MESCA008112-RA	TAG	143
MESCA011259-RA	TAA	169
MESCA011255-RA	TAA	54
MESCA004045-RA	TAA	215
MESCA004043-RA	TGA	303
MESCA007639-RA	TAG	91
MESCA004040-RA	TAA	121
MESCA007633-RA	TAA	6
MESCA007635-RA	TAA	151
MESCA003646-RA	TAA	448
MESCA003649-RA	TGA	325
MESCA007557-RA	TAA	17
MESCA007550-RA	TAG	49
MESCA009640-RA	TAA	69
MESCA003021-RA	TGA	46
MESCA001729-RA	TAG	385
MESCA001726-RA	TAA	52
MESCA001720-RA	TAA	204
MESCA001891-RA	TAG	55
MESCA004558-RA	TAA	54
MESCA004557-RA	TAA	2
MESCA011110-RA	TGA	8
MESCA011114-RA	TAA	30
MESCA011115-RA	TGA	28
MESCA001096-RA	TAA	237
MESCA001090-RA	TAA	57
MESCA001098-RA	TGA	294
MESCA010793-RA	TAG	759
MESCA010791-RA	TAA	42
MESCA010794-RA	TAA	13
MESCA005177-RA	TAG	35
MESCA000412-RA	TAG	225
MESCA007825-RA	TAA	506
MESCA001715-RA	TAG	1561
MESCA005549-RA	TAA	217
MESCA005545-RA	TGA	1340
MESCA009349-RA	TAA	132
MESCA002703-RA	TAG	107
MESCA002702-RA	TGA	256
MESCA002700-RA	TAA	656
MESCA002259-RA	TGA	27
MESCA006012-RA	TAA	57
MESCA006017-RA	TAA	27
MESCA006016-RA	TAA	56
MESCA006019-RA	TAG	21
MESCA003256-RA	TAA	82
MESCA003257-RA	TAG	365
MESCA003250-RA	TAA	340
MESCA003251-RA	TAA	83
MESCA003258-RA	TAA	7
MESCA004701-RA	TAA	37
MESCA004700-RA	TAA	198
MESCA004702-RA	TAG	185
MESCA001350-RA	TAA	34
MESCA006432-RA	TAG	125
MESCA001425-RA	TAA	343
MESCA001894-RA	TAA	88
MESCA000620-RA	TAA	781
MESCA000621-RA	TGA	407
MESCA001893-RA	TAG	88
MESCA011561-RA	TAA	257
MESCA001723-RA	TAG	51
MESCA007053-RA	TGA	39
MESCA003828-RA	TGA	315
MESCA010938-RA	TAA	537
MESCA003507-RA	TGA	291
MESCA009974-RA	TGA	54
MESCA001282-RA	TGA	441
MESCA001287-RA	TAG	62
MESCA001285-RA	TAA	77
MESCA006837-RA	TGA	256
MESCA008758-RA	TAA	13
MESCA008750-RA	TAA	173
MESCA008754-RA	TAA	752
MESCA008280-RA	TGA	19
MESCA008282-RA	TAA	2501
MESCA004882-RA	TAG	397
MESCA008137-RA	TAA	454
MESCA008135-RA	TAA	76
MESCA008130-RA	TGA	138
MESCA007613-RA	TAG	61
MESCA005283-RA	TAA	70
MESCA005282-RA	TAA	68
MESCA002060-RA	TAA	24
MESCA002061-RA	TAG	79
MESCA003620-RA	TAA	83
MESCA007534-RA	TGA	77
MESCA007533-RA	TAA	21
MESCA007532-RA	TAG	489
MESCA005754-RA	TAA	21
MESCA009883-RA	TGA	5
MESCA009882-RA	TAA	50
MESCA002398-RA	TAG	439
MESCA002399-RA	TAA	34
MESCA009887-RA	TGA	16
MESCA009664-RA	TAG	208
MESCA002393-RA	TAA	51
MESCA007280-RA	TGA	131
MESCA007286-RA	TAA	7
MESCA005824-RA	TAG	196
MESCA004397-RA	TGA	426
MESCA002938-RA	TAA	65
MESCA002939-RA	TAG	17
MESCA006220-RA	TAG	71
MESCA001873-RA	TGA	754
MESCA001703-RA	TAA	88
MESCA001700-RA	TAG	19
MESCA001879-RA	TAA	167
MESCA004576-RA	TAA	197
MESCA004579-RA	TAA	74
MESCA011173-RA	TAA	54
MESCA010551-RA	TAA	56
MESCA000477-RA	TAA	26
MESCA005116-RA	TAA	27
MESCA000473-RA	TGA	196
MESCA000471-RA	TGA	82
MESCA007849-RA	TGA	1127
MESCA007845-RA	TGA	179
MESCA007841-RA	TAA	205
MESCA005568-RA	TAG	26
MESCA005179-RA	TAA	7
MESCA005174-RA	TGA	24
MESCA002235-RA	TAG	67
MESCA002234-RA	TAG	254
MESCA002232-RA	TGA	180
MESCA002230-RA	TAG	452
MESCA002238-RA	TGA	40
MESCA009813-RA	TAG	136
MESCA004766-RA	TAA	451
MESCA004765-RA	TAG	823
MESCA000648-RA	TAA	158
MESCA000865-RA	TGA	266
MESCA011545-RA	TGA	121
MESCA011095-RA	TAA	13
MESCA005907-RA	TAG	147
MESCA007078-RA	TAA	1115
MESCA007077-RA	TAG	67
MESCA001622-RA	TAG	48
MESCA001625-RA	TAG	29
MESCA001627-RA	TAG	167
MESCA004187-RA	TGA	253
MESCA004186-RA	TGA	316
MESCA004184-RA	TAA	27
MESCA003933-RA	TGA	1075
MESCA009959-RA	TAG	117
MESCA001112-RA	TAA	55
MESCA001111-RA	TAA	49
MESCA001116-RA	TAA	110
MESCA004640-RA	TAA	150
MESCA006856-RA	TAG	243
MESCA010052-RA	TGA	71
MESCA008743-RA	TAG	6
MESCA003440-RA	TAA	36
MESCA007983-RA	TAG	752
MESCA007984-RA	TAA	1664
MESCA007985-RA	TAA	44
MESCA007670-RA	TAA	32
MESCA009060-RA	TAA	76
MESCA003357-RA	TGA	2730
MESCA003356-RA	TAG	14015
MESCA003354-RA	TGA	44
MESCA007514-RA	TGA	79
MESCA009600-RA	TAA	127
MESCA010108-RA	TAA	171
MESCA004371-RA	TAA	143
MESCA004372-RA	TGA	66
MESCA004373-RA	TAG	48
MESCA004376-RA	TGA	2667
MESCA002912-RA	TAA	85
MESCA002913-RA	TAG	196
MESCA006202-RA	TGA	225
MESCA008125-RA	TGA	75
MESCA000988-RA	TGA	269
MESCA000983-RA	TAG	1351
MESCA011157-RA	TAA	18
MESCA011155-RA	TAG	313
MESCA011153-RA	TAG	52
MESCA011150-RA	TAA	337
MESCA010205-RA	TAA	194
MESCA010206-RA	TAA	51
MESCA010203-RA	TAA	112
MESCA010202-RA	TAA	94
MESCA000183-RA	TAA	62
MESCA001859-RA	TAA	24
MESCA001852-RA	TGA	3685
MESCA001853-RA	TGA	706
MESCA001855-RA	TAG	534
MESCA003982-RA	TAA	79
MESCA001587-RA	TGA	276
MESCA001583-RA	TGA	93
MESCA007861-RA	TGA	262
MESCA009474-RA	TAA	88
MESCA009476-RA	TAG	73
MESCA009472-RA	TGA	164
MESCA006440-RA	TGA	190
MESCA001324-RA	TAA	89
MESCA008076-RA	TAG	391
MESCA008075-RA	TAA	62
MESCA002749-RA	TAG	118
MESCA006059-RA	TAG	513
MESCA006055-RA	TAG	195
MESCA006054-RA	TAG	12
MESCA006053-RA	TAA	784
MESCA001003-RA	TGA	326
MESCA006050-RA	TAA	72
MESCA010851-RA	TAA	58
MESCA001007-RA	TAA	78
MESCA005996-RA	TGA	51
MESCA005995-RA	TAG	351
MESCA005019-RA	TGA	78
MESCA003168-RA	TAA	370
MESCA003160-RA	TAA	252
MESCA003161-RA	TGA	61
MESCA003162-RA	TAG	70
MESCA003165-RA	TAG	213
MESCA003166-RA	TGA	29
MESCA004741-RA	TAA	76
MESCA004748-RA	TGA	46
MESCA005832-RA	TAA	248
MESCA000846-RA	TAG	215
MESCA000844-RA	TAG	80
MESCA000845-RA	TAA	22
MESCA000848-RA	TAA	15
MESCA011523-RA	TGA	213
MESCA000668-RA	TAA	259
MESCA007092-RA	TAA	36
MESCA007097-RA	TGA	4
MESCA007099-RA	TAG	67
MESCA002707-RA	TGA	74
MESCA010109-RA	TAA	473
MESCA003389-RA	TGA	241
MESCA008887-RA	TAA	5
MESCA001137-RA	TAG	25
MESCA010695-RA	TAA	160
MESCA006879-RA	TAA	19
MESCA006870-RA	TAA	58
MESCA010074-RA	TAG	74
MESCA008240-RA	TAG	246
MESCA008242-RA	TAG	260
MESCA008243-RA	TAA	18
MESCA008249-RA	TGA	118
MESCA008718-RA	TGA	296
MESCA010891-RA	TAA	378
MESCA008800-RA	TAG	411
MESCA009650-RA	TGA	115
MESCA000346-RA	TAA	12
MESCA009653-RA	TAA	149
MESCA011247-RA	TAA	2066
MESCA007658-RA	TGA	13
MESCA007659-RA	TAA	136
MESCA007657-RA	TAA	51
MESCA007652-RA	TGA	364
MESCA007651-RA	TAA	104
MESCA005240-RA	TGA	535
MESCA005244-RA	TGA	119
MESCA005248-RA	TAA	690
MESCA002027-RA	TAA	4
MESCA009047-RA	TAA	212
MESCA002023-RA	TAG	52
MESCA003377-RA	TGA	631
MESCA003371-RA	TGA	674
MESCA003372-RA	TAA	28
MESCA005795-RA	TAA	43
MESCA005797-RA	TAA	25
MESCA005796-RA	TGA	338
MESCA009621-RA	TAA	14
MESCA009620-RA	TAG	73
MESCA002682-RA	TAA	216
MESCA002681-RA	TGA	379
MESCA002684-RA	TAG	203
MESCA002688-RA	TAA	165
MESCA004358-RA	TAG	57
MESCA004353-RA	TAA	63
MESCA004351-RA	TAA	316
MESCA004356-RA	TAG	205
MESCA004354-RA	TGA	171
MESCA004355-RA	TAA	114
MESCA004684-RA	TAG	93
MESCA002976-RA	TGA	42
MESCA002972-RA	TAG	41
MESCA002973-RA	TGA	783
MESCA003085-RA	TAA	481
MESCA006268-RA	TGA	178
MESCA011354-RA	TGA	13
MESCA004532-RA	TGA	352
MESCA001838-RA	TAG	52
MESCA001839-RA	TAA	257
MESCA008667-RA	TAA	122
MESCA007132-RA	TAA	2551
MESCA001833-RA	TAG	7
MESCA003966-RA	TAG	4471
MESCA003968-RA	TAA	52
MESCA010261-RA	TGA	124
MESCA010260-RA	TAA	74
MESCA001274-RA	TAA	329
MESCA000711-RA	TAG	160
MESCA009452-RA	TGA	31
MESCA009450-RA	TAA	77
MESCA006461-RA	TAA	135
MESCA010487-RA	TGA	69
MESCA010484-RA	TAA	4
MESCA008051-RA	TAG	72
MESCA008052-RA	TAA	24
MESCA002769-RA	TAG	44
MESCA006073-RA	TAA	6
MESCA006076-RA	TAA	38
MESCA005478-RA	TAA	62
MESCA005470-RA	TAA	88
MESCA005471-RA	TAA	450
MESCA001863-RA	TAG	23
MESCA003411-RA	TAG	1722
MESCA007304-RA	TGA	193
MESCA001716-RA	TGA	76
MESCA001436-RA	TAA	333
MESCA000827-RA	TAA	4
MESCA000820-RA	TAA	298
MESCA000828-RA	TAA	69
MESCA000829-RA	TAA	158
MESCA011566-RA	TAA	59
MESCA005819-RA	TAA	78
MESCA005817-RA	TAG	847
MESCA001158-RA	TGA	275
MESCA001157-RA	TAA	123
MESCA001156-RA	TAA	149
MESCA001155-RA	TAA	132
MESCA001154-RA	TAA	130
MESCA010671-RA	TAA	67
MESCA009825-RA	TAA	645
MESCA006896-RA	TAA	107
MESCA006899-RA	TAA	61
MESCA010012-RA	TGA	245
MESCA008263-RA	TAA	12
MESCA008261-RA	TGA	154
MESCA008198-RA	TAG	115
MESCA008199-RA	TAA	65
MESCA008196-RA	TGA	169
MESCA008191-RA	TGA	57
MESCA008996-RA	TAG	63
MESCA005264-RA	TAA	112
MESCA005260-RA	TAG	152
MESCA009025-RA	TGA	175
MESCA009021-RA	TAG	550
MESCA009020-RA	TAA	178
MESCA008547-RA	TGA	87
MESCA008545-RA	TAG	725
MESCA006790-RA	TAA	538
MESCA003311-RA	TAA	102
MESCA003310-RA	TAA	70
MESCA004338-RA	TAA	39
MESCA004337-RA	TGA	158
MESCA002956-RA	TAA	406
MESCA002954-RA	TAA	29
MESCA002403-RA	TAA	108
MESCA002404-RA	TGA	9
MESCA006249-RA	TGA	41
MESCA006246-RA	TGA	890
MESCA005942-RA	TGA	1005
MESCA010837-RA	TAA	126
MESCA001815-RA	TGA	1191
MESCA001812-RA	TAG	181
MESCA000490-RA	TAA	183
MESCA000492-RA	TAA	48
MESCA003945-RA	TAA	96
MESCA010526-RA	TAA	34
MESCA010242-RA	TAA	7
MESCA010248-RA	TAA	42
MESCA006405-RA	TGA	359
MESCA006401-RA	TAA	5
MESCA000407-RA	TAG	52
MESCA000405-RA	TAG	136
MESCA008523-RA	TGA	107
MESCA008038-RA	TAA	407
MESCA010814-RA	TAA	24
MESCA010816-RA	TAG	706
MESCA007759-RA	TGA	277
MESCA007753-RA	TGA	16
MESCA007757-RA	TAA	1
MESCA007754-RA	TAG	44
MESCA005455-RA	TGA	19
MESCA009922-RA	TAA	14
MESCA003438-RA	TAA	114
MESCA011328-RA	TAA	38
MESCA003437-RA	TGA	43
MESCA003126-RA	TAA	226
MESCA003120-RA	TGA	246
MESCA007320-RA	TAA	55
MESCA007325-RA	TGA	1537
MESCA011072-RA	TAG	197
MESCA001251-RA	TGA	139
MESCA001289-RA	TAA	57
MESCA004475-RA	TAG	133
MESCA001288-RA	TAG	205
MESCA000943-RA	TAA	292
MESCA005878-RA	TAA	51
MESCA000802-RA	TGA	91
MESCA005872-RA	TGA	52
MESCA001172-RA	TGA	201
MESCA001174-RA	TAG	35
MESCA000234-RA	TAA	358
MESCA011387-RA	TAG	77
MESCA010032-RA	TGA	32
MESCA008209-RA	TAA	86
MESCA008204-RA	TAA	70
MESCA008201-RA	TAA	72
MESCA000775-RA	TAG	215
MESCA003106-RA	TAA	27
MESCA003107-RA	TAA	858
MESCA007921-RA	TGA	217
MESCA007922-RA	TGA	126
MESCA002984-RA	TGA	42
MESCA002453-RA	TAA	18
MESCA007698-RA	TAA	34
MESCA010894-RA	TAG	11
MESCA007693-RA	TAG	33
MESCA005207-RA	TAA	24
MESCA005203-RA	TAG	99
MESCA009551-RA	TGA	1566
MESCA009557-RA	TAA	30
MESCA009558-RA	TGA	87
MESCA003127-RA	TGA	236
MESCA010463-RA	TGA	66
MESCA003335-RA	TAA	154
MESCA004316-RA	TAA	1014
MESCA004643-RA	TAG	130
MESCA004311-RA	TAA	147
MESCA002421-RA	TGA	1687
MESCA002426-RA	TAA	1712
MESCA003596-RA	TGA	90
MESCA003591-RA	TAA	79
MESCA003592-RA	TAG	855
MESCA000162-RA	TAG	87
MESCA007170-RA	TGA	28
MESCA000349-RA	TAG	1955
MESCA005193-RA	TAA	42
MESCA005191-RA	TAA	176
MESCA005190-RA	TAA	152
MESCA003922-RA	TAA	51
MESCA010459-RA	TAA	5
MESCA001696-RA	TAA	480
MESCA001690-RA	TAA	333
MESCA001699-RA	TGA	133
MESCA006424-RA	TAA	99
MESCA001343-RA	TGA	195
MESCA006420-RA	TAG	515
MESCA003994-RA	TAG	59
MESCA008018-RA	TGA	1947
MESCA008548-RA	TAA	149
MESCA008012-RA	TAA	89
MESCA010832-RA	TAG	200
MESCA010833-RA	TAA	31
MESCA001014-RA	TAA	251
MESCA009089-RA	TAG	344
MESCA007774-RA	TAG	391
MESCA001546-RA	TAA	349
MESCA005066-RA	TAA	119
MESCA005437-RA	TAA	38
MESCA005432-RA	TAA	20
MESCA009944-RA	TAG	234
MESCA003458-RA	TGA	182
MESCA003454-RA	TGA	5
MESCA003457-RA	TAA	35
MESCA003102-RA	TGA	16
MESCA003452-RA	TAA	2
MESCA003101-RA	TAA	487
MESCA007348-RA	TAG	106
MESCA007346-RA	TGA	94
MESCA007341-RA	TAA	117
MESCA007342-RA	TAA	27
MESCA007343-RA	TGA	453
MESCA002710-RA	TAG	7
MESCA002711-RA	TAG	74
MESCA002856-RA	TAG	112
MESCA006163-RA	TGA	24
MESCA002716-RA	TAA	27
MESCA004101-RA	TGA	417
MESCA004458-RA	TGA	162
MESCA004455-RA	TAA	105
MESCA004457-RA	TAA	54
MESCA004456-RA	TGA	113
MESCA008875-RA	TAG	55
MESCA007796-RA	TGA	4226
MESCA011013-RA	TAA	320
MESCA007162-RA	TAG	348
MESCA010634-RA	TAA	251
MESCA007163-RA	TAA	106
MESCA010631-RA	TAA	116
MESCA008226-RA	TAA	34
MESCA008227-RA	TGA	30
MESCA000757-RA	TAA	94
MESCA007903-RA	TAA	83
MESCA011235-RA	TAA	29
MESCA011233-RA	TAA	150
MESCA008951-RA	TGA	51
MESCA008952-RA	TAG	157
MESCA008486-RA	TGA	151
MESCA008484-RA	TAA	199
MESCA008959-RA	TGA	507
MESCA005223-RA	TAA	6
MESCA005225-RA	TAA	187
MESCA005224-RA	TAA	10
MESCA009578-RA	TAA	91
MESCA009687-RA	TAA	77
MESCA002192-RA	TAA	40
MESCA002621-RA	TAG	41
MESCA002190-RA	TAA	51
MESCA002191-RA	TAA	40
MESCA010998-RA	TAA	79
MESCA006753-RA	TGA	19
MESCA006758-RA	TAG	253
MESCA010997-RA	TGA	133
MESCA004938-RA	TAA	184
MESCA004939-RA	TAG	243
MESCA002999-RA	TGA	122
MESCA002994-RA	TAG	63
MESCA002445-RA	TGA	2635
MESCA010579-RA	TAA	73
MESCA007484-RA	TAA	15
MESCA007483-RA	TGA	547
MESCA004666-RA	TAA	82
MESCA003719-RA	TAA	81
MESCA003716-RA	TAA	12
MESCA004315-RA	TGA	105
MESCA007152-RA	TAA	51
MESCA007157-RA	TAA	500
MESCA007156-RA	TGA	56
MESCA004596-RA	TAG	44
MESCA004597-RA	TGA	99
MESCA003907-RA	TGA	895
MESCA003903-RA	TAA	18
MESCA003909-RA	TAA	85
MESCA005659-RA	TAG	407
MESCA006998-RA	TAG	167
MESCA006992-RA	TAA	11
MESCA001414-RA	TAG	94
MESCA010172-RA	TAA	186
MESCA010174-RA	TAG	176
MESCA008564-RA	TAA	171
MESCA007717-RA	TGA	69
MESCA007716-RA	TGA	68
MESCA007710-RA	TAA	165
MESCA004719-RA	TAA	140
MESCA010166-RA	TAA	494
MESCA005416-RA	TAG	121
MESCA005415-RA	TGA	601
MESCA005412-RA	TAA	1184
MESCA002290-RA	TGA	24
MESCA002296-RA	TGA	92
MESCA009968-RA	TAA	93
MESCA003477-RA	TGA	677
MESCA003478-RA	TAA	16
MESCA003479-RA	TGA	115
MESCA007364-RA	TGA	51
MESCA007365-RA	TAA	1402
MESCA007369-RA	TAA	179
MESCA000877-RA	TAG	51
MESCA010435-RA	TAA	70
MESCA000650-RA	TAA	515
MESCA002878-RA	TGA	64
MESCA002876-RA	TAA	54
MESCA002873-RA	TAG	487
MESCA002872-RA	TAG	225
MESCA006147-RA	TAA	681
MESCA006143-RA	TAA	59
MESCA006142-RA	TGA	28
MESCA004125-RA	TAA	120
MESCA004126-RA	TAA	61
MESCA004439-RA	TAG	576
MESCA010343-RA	TAA	122
MESCA010618-RA	TAA	522
MESCA009835-RA	TAA	59
MESCA008480-RA	TAA	25
MESCA008954-RA	TAG	518
MESCA000735-RA	TAA	195
MESCA007961-RA	TAG	208
MESCA009512-RA	TAA	196
MESCA001063-RA	TAA	563
MESCA001062-RA	TGA	577
MESCA001060-RA	TAG	374
MESCA001065-RA	TAA	3
MESCA001064-RA	TAA	174
MESCA008972-RA	TAA	94
MESCA011312-RA	TAA	52
MESCA006778-RA	TGA	214
MESCA006772-RA	TAA	7
MESCA006770-RA	TGA	50
MESCA006771-RA	TAA	159
MESCA006776-RA	TGA	357
MESCA010976-RA	TGA	139
MESCA004956-RA	TGA	1786
MESCA004957-RA	TAA	144
MESCA004951-RA	TGA	2703
MESCA004958-RA	TAA	81
MESCA004959-RA	TGA	2216
MESCA002469-RA	TAA	7
MESCA002467-RA	TAG	121
MESCA002460-RA	TAA	94
MESCA004608-RA	TAA	485
MESCA004609-RA	TGA	9
MESCA005957-RA	TAA	345
MESCA005956-RA	TAA	110
MESCA000127-RA	TAA	106
MESCA005959-RA	TAG	198
MESCA003739-RA	TAA	268
MESCA003738-RA	TAG	26
MESCA003730-RA	TAA	43
MESCA011204-RA	TAA	88
MESCA011205-RA	TAA	950
MESCA006971-RA	TAA	19
MESCA006972-RA	TAA	12
MESCA001655-RA	TAA	9
MESCA001657-RA	TAA	68
MESCA001658-RA	TAA	92
MESCA001382-RA	TAA	299
MESCA001383-RA	TAA	24
MESCA001380-RA	TAA	210
MESCA001387-RA	TAG	41
MESCA001384-RA	TAA	69
MESCA001475-RA	TAA	80
MESCA001477-RA	TAA	133
MESCA001473-RA	TAG	668
MESCA010154-RA	TAG	15
MESCA010156-RA	TAA	88
MESCA001479-RA	TGA	25
MESCA011092-RA	TAA	245
MESCA000474-RA	TAA	430
MESCA005110-RA	TAA	73
MESCA007731-RA	TGA	122
MESCA007732-RA	TGA	66
MESCA004038-RA	TAA	69
MESCA005384-RA	TAG	242
MESCA005382-RA	TAA	129
MESCA005383-RA	TAA	177
MESCA009232-RA	TGA	1004
MESCA009231-RA	TGA	46
MESCA002622-RA	TAA	27
MESCA002623-RA	TAA	49
MESCA009721-RA	TAA	56
MESCA002627-RA	TAA	146
MESCA005922-RA	TAA	8
MESCA002817-RA	TGA	1776
MESCA002814-RA	TAA	8
MESCA006127-RA	TAA	93
MESCA004419-RA	TAA	82
MESCA004145-RA	TAG	123
MESCA004141-RA	TGA	1176
MESCA010043-RA	TAA	32
MESCA010041-RA	TAG	203
MESCA009203-RA	TAG	7
MESCA000953-RA	TAA	888
MESCA009205-RA	TAA	39
MESCA000222-RA	TGA	1177
MESCA000221-RA	TGA	59
MESCA000719-RA	TGA	88
MESCA000716-RA	TAG	108
MESCA000246-RA	TAA	66
MESCA010364-RA	TAA	432
MESCA007946-RA	TAA	72
MESCA011419-RA	TAA	22
MESCA011411-RA	TAG	849
MESCA011410-RA	TAA	171
MESCA011417-RA	TAA	55
MESCA010095-RA	TAA	60
MESCA008910-RA	TGA	78
MESCA001865-RA	TAA	11
MESCA002662-RA	TGA	509
MESCA006714-RA	TAG	592
MESCA006716-RA	TAA	199
MESCA006710-RA	TAA	53
MESCA004979-RA	TAA	535
MESCA004975-RA	TAA	75
MESCA004973-RA	TAA	97
MESCA002481-RA	TAA	57
MESCA002483-RA	TAG	150
MESCA002484-RA	TAA	197
MESCA002485-RA	TAA	36
MESCA002486-RA	TAA	118
MESCA002487-RA	TAA	16
MESCA009325-RA	TGA	24
MESCA005593-RA	TGA	82
MESCA003533-RA	TGA	45
MESCA003289-RA	TAA	55
MESCA003287-RA	TAA	57
MESCA007445-RA	TAA	42
MESCA004625-RA	TAA	289
MESCA004623-RA	TGA	159
MESCA004620-RA	TAG	91
MESCA004621-RA	TAA	276
MESCA005622-RA	TAA	72
MESCA005976-RA	TAG	554
MESCA005973-RA	TAA	78
MESCA003756-RA	TAG	51
MESCA003758-RA	TAA	90
MESCA007197-RA	TAA	437
MESCA004085-RA	TAG	70
MESCA004089-RA	TAA	152
MESCA001903-RA	TAG	59
MESCA006482-RA	TAA	28
MESCA005028-RA	TAA	303
MESCA000507-RA	TGA	35
MESCA005024-RA	TAA	54
MESCA005365-RA	TAA	34
MESCA005368-RA	TGA	389
MESCA005292-RA	TGA	388
MESCA005299-RA	TGA	21
MESCA002839-RA	TAA	118
MESCA002832-RA	TGA	80
MESCA002345-RA	TAA	166
MESCA006100-RA	TAA	54
MESCA006103-RA	TGA	39
MESCA004167-RA	TAA	819
MESCA000883-RA	TAG	110
MESCA000088-RA	TAG	322
MESCA000086-RA	TAA	109
MESCA000080-RA	TGA	408
MESCA007275-RA	TGA	429
MESCA000262-RA	TAA	257
MESCA010356-RA	TAA	78
MESCA010301-RA	TGA	286
MESCA011434-RA	TGA	80
MESCA011431-RA	TGA	34
MESCA011225-RA	TAG	120
MESCA011226-RA	TAA	150
MESCA001906-RA	TAA	180
MESCA011597-RA	TAA	439
MESCA008935-RA	TAA	20
MESCA008424-RA	TAA	270
MESCA002647-RA	TAG	631
MESCA002644-RA	TAA	47
MESCA002648-RA	TGA	112
MESCA006733-RA	TAA	901
MESCA004992-RA	TAG	3581
MESCA004993-RA	TAG	8
MESCA008641-RA	TGA	78
MESCA008648-RA	TAA	422
MESCA008649-RA	TAA	67
MESCA009746-RA	TAA	119
MESCA010623-RA	TAA	157
MESCA003511-RA	TGA	507
MESCA003510-RA	TAA	1046
MESCA007467-RA	TAG	140
MESCA007466-RA	TGA	14
MESCA007468-RA	TAA	118
MESCA005646-RA	TAA	87
MESCA005644-RA	TAA	15
MESCA005643-RA	TAG	163
MESCA009110-RA	TAA	7
MESCA005648-RA	TGA	40
MESCA003772-RA	TAA	136
MESCA001201-RA	TAG	54
MESCA006934-RA	TAA	4408
MESCA006936-RA	TAG	510
MESCA001617-RA	TGA	1082
MESCA006932-RA	TAG	69
MESCA004208-RA	TAA	263
MESCA004209-RA	TAA	436
MESCA004202-RA	TAA	35
MESCA001920-RA	TGA	235
MESCA001927-RA	TGA	48
MESCA010113-RA	TAA	42
MESCA000691-RA	TAA	106
MESCA000690-RA	TGA	30
MESCA000697-RA	TAG	160
MESCA000694-RA	TAG	75
MESCA008091-RA	TAG	132
MESCA008095-RA	TGA	632
MESCA008094-RA	TAA	186
MESCA008096-RA	TAA	26
MESCA008099-RA	TAG	4318
MESCA008893-RA	TAG	512
MESCA008895-RA	TAG	7
MESCA005343-RA	TAA	8
MESCA005340-RA	TAA	58
MESCA005345-RA	TAA	397
MESCA010698-RA	TAA	81
MESCA009108-RA	TGA	86
MESCA010178-RA	TAA	6
MESCA006699-RA	TAA	95
MESCA006695-RA	TAG	36
MESCA006697-RA	TGA	230
MESCA006696-RA	TAG	172
MESCA004831-RA	TAA	17
MESCA000641-RA	TAA	35
MESCA009850-RA	TGA	103
MESCA000643-RA	TGA	71
MESCA002361-RA	TGA	13
MESCA002362-RA	TGA	76
MESCA011544-RA	TAA	54
MESCA009481-RA	TAA	52
MESCA011547-RA	TAA	109
MESCA003187-RA	TAG	266
MESCA009482-RA	TGA	70
MESCA011091-RA	TAG	67
MESCA009802-RA	TAG	11
MESCA009804-RA	TAA	10
MESCA000061-RA	TAA	590
MESCA000062-RA	TAA	619
MESCA000067-RA	TAA	103
MESCA000202-RA	TGA	58
MESCA011186-RA	TAG	240
MESCA011183-RA	TAA	129
MESCA010326-RA	TAA	438
MESCA010324-RA	TAA	90
MESCA010544-RA	TGA	14
MESCA001553-RA	TAA	119
MESCA010582-RA	TGA	130
MESCA010584-RA	TGA	134
MESCA009565-RA	TGA	293
MESCA008400-RA	TAA	537
MESCA008406-RA	TAA	146
MESCA009033-RA	TGA	2
MESCA010919-RA	TAA	151
MESCA007898-RA	TAG	46
MESCA007890-RA	TAG	162
MESCA007895-RA	TAA	63
MESCA007896-RA	TAA	156
MESCA007897-RA	TAG	123
MESCA003570-RA	TGA	180
MESCA007404-RA	TAA	53
MESCA007400-RA	TAA	22
MESCA005661-RA	TGA	460
MESCA005660-RA	TAA	577
MESCA005662-RA	TAA	51
MESCA005665-RA	TAA	111
MESCA009133-RA	TAG	59
MESCA003794-RA	TAA	65
MESCA009373-RA	TAG	7
MESCA005933-RA	TGA	63
MESCA006915-RA	TAA	204
MESCA006911-RA	TAA	924
MESCA004226-RA	TAA	67
MESCA004225-RA	TAA	8
MESCA010460-RA	TAA	85
MESCA003999-RA	TGA	80
MESCA009766-RA	TGA	157
MESCA005060-RA	TAA	199
MESCA000463-RA	TAA	11
MESCA001499-RA	TAA	110
MESCA003893-RA	TAG	28
MESCA001493-RA	TAA	122
MESCA001490-RA	TAA	63
MESCA003899-RA	TAA	127
MESCA007799-RA	TAA	660
MESCA007797-RA	TGA	64
MESCA000468-RA	TGA	47
MESCA008879-RA	TAA	288
MESCA004795-RA	TAG	82
MESCA005322-RA	TAA	35
MESCA005498-RA	TAG	107
MESCA005499-RA	TAG	38
MESCA002567-RA	TAA	897
MESCA002569-RA	TAG	133
MESCA002568-RA	TGA	136
MESCA004819-RA	TAA	204
MESCA004814-RA	TAA	172
MESCA004816-RA	TAA	113
MESCA004813-RA	TAG	156
MESCA002302-RA	TAG	168
MESCA000968-RA	TAA	7
MESCA000789-RA	TAG	9
MESCA000964-RA	TAA	259
MESCA000042-RA	TAA	511
MESCA000043-RA	TAA	1141
MESCA000045-RA	TAA	32
MESCA008739-RA	TAA	22
MESCA007237-RA	TAG	8
MESCA008614-RA	TAA	128
MESCA000226-RA	TAA	45
MESCA000225-RA	TAG	97
MESCA011470-RA	TGA	121
MESCA011475-RA	TAA	42
MESCA001799-RA	TAA	926
MESCA001798-RA	TAA	226
MESCA001791-RA	TAG	435
MESCA001793-RA	TAA	6
MESCA001797-RA	TAA	15
MESCA001573-RA	TAA	35
MESCA010700-RA	TGA	453
MESCA010702-RA	TAG	72
MESCA010703-RA	TGA	46
MESCA010704-RA	TAA	127
MESCA010705-RA	TAA	78
MESCA008469-RA	TAA	68
MESCA008464-RA	TAG	1512
MESCA008465-RA	TAA	148
MESCA008461-RA	TAA	137
MESCA008463-RA	TGA	8
MESCA008684-RA	TAG	7
MESCA011469-RA	TGA	72
MESCA006970-RA	TAA	151
MESCA006458-RA	TAA	62
MESCA009333-RA	TAA	151
MESCA009335-RA	TAG	79
MESCA002177-RA	TAA	2
MESCA002170-RA	TGA	140
MESCA003227-RA	TAA	17
MESCA003226-RA	TAA	135
MESCA003557-RA	TAA	2
MESCA003559-RA	TGA	114
MESCA003228-RA	TAA	27
MESCA005687-RA	TAA	36
MESCA005686-RA	TAA	238
MESCA005688-RA	TAA	21
MESCA009154-RA	TGA	38
MESCA009151-RA	TGA	21
MESCA002790-RA	TGA	1100
MESCA002791-RA	TAG	4303
MESCA002792-RA	TAA	253
MESCA002793-RA	TGA	7
MESCA006088-RA	TAA	208
MESCA006335-RA	TAA	39
MESCA004246-RA	TAA	1921
MESCA004241-RA	TAA	89
MESCA011286-RA	TAG	38
MESCA011287-RA	TAA	102
MESCA011283-RA	TAA	30
MESCA011280-RA	TGA	468
MESCA005040-RA	TAA	13
MESCA005046-RA	TAA	503
MESCA000568-RA	TGA	197
MESCA007498-RA	TAA	585
MESCA001456-RA	TAA	18
MESCA007499-RA	TGA	106
MESCA001966-RA	TGA	800
MESCA001967-RA	TAA	76
MESCA001963-RA	TGA	92
MESCA001960-RA	TAA	17
MESCA008854-RA	TAA	5
MESCA005305-RA	TAA	176
MESCA000566-RA	TAA	18
MESCA001210-RA	TGA	172
MESCA001213-RA	TGA	290
MESCA006534-RA	TGA	114
MESCA001215-RA	TAA	13
MESCA001217-RA	TGA	490
MESCA002542-RA	TAG	179
MESCA002549-RA	TAA	170
MESCA002548-RA	TAG	68
MESCA002098-RA	TGA	70
MESCA006654-RA	TAA	204
MESCA006656-RA	TAG	71
MESCA008142-RA	TAG	129
MESCA008141-RA	TAG	104
MESCA004879-RA	TAG	302
MESCA002328-RA	TAG	701
MESCA002898-RA	TAG	121
MESCA002897-RA	TAA	79
MESCA002325-RA	TAA	84
MESCA002327-RA	TAG	144
MESCA009285-RA	TAG	93
MESCA003054-RA	TGA	87
MESCA003055-RA	TAA	93
MESCA003057-RA	TGA	43
MESCA007216-RA	TAG	60
MESCA007217-RA	TAA	104
MESCA007214-RA	TAG	143
MESCA007215-RA	TAA	342
MESCA007211-RA	TAA	60
MESCA004497-RA	TGA	297
MESCA004498-RA	TAG	258
MESCA000795-RA	TAG	73
MESCA000791-RA	TGA	186
MESCA010342-RA	TAA	514
MESCA011492-RA	TGA	868
MESCA001772-RA	TGA	175
MESCA001517-RA	TGA	815
MESCA001513-RA	TAA	39
MESCA001510-RA	TGA	1520
MESCA001519-RA	TAG	217
MESCA010720-RA	TAA	17
MESCA010727-RA	TAA	15
MESCA008330-RA	TAA	69
MESCA008334-RA	TAA	135
MESCA008337-RA	TAG	98
MESCA006803-RA	TGA	1115
MESCA005510-RA	TAA	44
MESCA005516-RA	TGA	129
MESCA005515-RA	TAA	261
MESCA008438-RA	TGA	168
MESCA002152-RA	TAA	150
MESCA002151-RA	TAA	91
MESCA009319-RA	TAG	127
MESCA002158-RA	TAA	535
MESCA009175-RA	TAA	130
MESCA006539-RA	TAG	86
MESCA001643-RA	TAG	1007
MESCA001646-RA	TAG	133
MESCA001214-RA	TAA	93
MESCA004000-RA	TAG	187
MESCA001648-RA	TAG	639
MESCA008498-RA	TAA	138
MESCA006350-RA	TAG	234
MESCA004268-RA	TGA	319
MESCA004265-RA	TAG	703
MESCA004262-RA	TGA	64
MESCA010556-RA	TAG	26
MESCA007009-RA	TAA	12
MESCA007003-RA	TAG	319
MESCA007001-RA	TAG	336
MESCA007007-RA	TGA	422
MESCA008497-RA	TAA	35
MESCA000583-RA	TAG	14
MESCA000587-RA	TAA	110
MESCA000584-RA	TGA	56
MESCA002097-RA	TAA	481
MESCA001982-RA	TAG	14
MESCA001984-RA	TAA	311
MESCA002091-RA	TAA	40
MESCA001188-RA	TAA	6
MESCA001186-RA	TAG	17
MESCA009785-RA	TGA	9
MESCA009767-RA	TAA	20
MESCA001233-RA	TAA	80
MESCA001238-RA	TAG	573
MESCA001463-RA	TGA	109
MESCA008785-RA	TAA	72
MESCA008831-RA	TAA	80
MESCA001461-RA	TAA	987
MESCA006635-RA	TGA	224
MESCA006633-RA	TAA	70
MESCA006631-RA	TAG	155
MESCA000677-RA	TAA	168
MESCA009321-RA	TGA	114
MESCA004851-RA	TAA	34
MESCA008169-RA	TAA	23
MESCA008168-RA	TAA	540
MESCA008165-RA	TAA	320
MESCA008164-RA	TAG	866
MESCA008166-RA	TAA	362
MESCA008161-RA	TAG	272
MESCA008162-RA	TGA	190
MESCA011556-RA	TAG	116
MESCA009495-RA	TAA	147
MESCA006183-RA	TAA	46
MESCA006182-RA	TAA	72
MESCA004878-RA	TAG	403
MESCA003693-RA	TGA	329
MESCA007586-RA	TAA	136
MESCA005725-RA	TGA	1433
MESCA005726-RA	TAG	79
MESCA000006-RA	TAA	82
MESCA000007-RA	TGA	125
MESCA000008-RA	TAA	33
MESCA003070-RA	TAG	156
MESCA003074-RA	TAA	51
MESCA002326-RA	TGA	93
MESCA000914-RA	TGA	310
MESCA000915-RA	TAA	959
MESCA000910-RA	TGA	39
MESCA000911-RA	TAA	2274
MESCA000918-RA	TGA	137
MESCA010299-RA	TAA	229
MESCA010744-RA	TGA	832
MESCA010745-RA	TAA	537
MESCA008318-RA	TGA	742
MESCA008310-RA	TGA	132
MESCA008311-RA	TAG	744
MESCA008317-RA	TAG	201
MESCA009072-RA	TAG	86
MESCA005530-RA	TAG	791
MESCA005532-RA	TGA	152
MESCA009192-RA	TAA	30
MESCA009196-RA	TGA	92
MESCA009999-RA	TAA	6
MESCA009998-RA	TAA	249
MESCA009992-RA	TAA	392
MESCA003269-RA	TAA	39
MESCA003265-RA	TAA	601
MESCA003264-RA	TAA	517
MESCA004064-RA	TAA	531
MESCA004065-RA	TAA	1837
MESCA004060-RA	TAG	167
MESCA006378-RA	TAA	19
MESCA006379-RA	TAA	21
MESCA006377-RA	TAA	5
MESCA006374-RA	TAA	7
MESCA006375-RA	TAG	163
MESCA006372-RA	TGA	267
MESCA004289-RA	TAA	94
MESCA003485-RA	TGA	804
MESCA000610-RA	TAA	205
MESCA000615-RA	TGA	56
MESCA005881-RA	TGA	177
MESCA005883-RA	TAA	78
MESCA007024-RA	TAA	90
MESCA007027-RA	TAG	99
MESCA007021-RA	TGA	52
MESCA007020-RA	TAG	275
MESCA007023-RA	TAA	6403
MESCA007022-RA	TAA	2155
MESCA003873-RA	TGA	2525
MESCA003870-RA	TAA	10
MESCA003871-RA	TAA	657
MESCA010190-RA	TAA	358
MESCA010196-RA	TAA	49
MESCA008975-RA	TAA	16
MESCA001252-RA	TAA	76
MESCA006573-RA	TGA	28
MESCA008811-RA	TGA	38
MESCA008812-RA	TAG	33
MESCA008768-RA	TGA	303
MESCA002050-RA	TGA	160
MESCA002059-RA	TAA	42
MESCA002058-RA	TAA	73
MESCA008107-RA	TAA	666
MESCA007623-RA	TAA	272
MESCA007626-RA	TGA	72
MESCA007624-RA	TGA	6
MESCA010068-RA	TAA	8
MESCA000973-RA	TGA	17
MESCA003674-RA	TGA	62
MESCA003677-RA	TAA	29
MESCA007563-RA	TAA	114
MESCA007567-RA	TGA	77
MESCA007568-RA	TAA	21
MESCA005701-RA	TGA	1146
MESCA008604-RA	TAA	63
MESCA006517-RA	TAG	583
MESCA001889-RA	TGA	58
MESCA001882-RA	TAA	806
MESCA001884-RA	TGA	65
MESCA004549-RA	TAA	72
MESCA004541-RA	TAA	414
MESCA004540-RA	TGA	38
MESCA000938-RA	TGA	11
MESCA000939-RA	TAA	491
MESCA000934-RA	TGA	32
MESCA000933-RA	TAA	83
MESCA001086-RA	TAG	97
MESCA010764-RA	TAA	151
MESCA010763-RA	TAA	63
MESCA007812-RA	TAA	1360
MESCA007817-RA	TAG	51
MESCA008598-RA	TGA	581
MESCA006449-RA	TAG	44
MESCA005559-RA	TAA	12
MESCA005558-RA	TAG	38
MESCA005557-RA	TAG	9
MESCA001327-RA	TAA	67
MESCA002261-RA	TAA	166
MESCA002267-RA	TGA	108
MESCA003241-RA	TGA	33
MESCA003243-RA	TGA	34
MESCA003245-RA	TGA	65
MESCA003246-RA	TAG	1024
MESCA004730-RA	TGA	839
MESCA004731-RA	TAG	72
MESCA004732-RA	TAA	45
MESCA004733-RA	TAA	1383
MESCA004735-RA	TAA	1624
MESCA004736-RA	TAA	1003
MESCA004738-RA	TGA	45
MESCA006390-RA	TAA	2024
MESCA006391-RA	TAA	148
MESCA006392-RA	TAG	27
MESCA006395-RA	TGA	179
MESCA009569-RA	TAG	15
MESCA000634-RA	TAA	233
MESCA000630-RA	TAA	44
MESCA000632-RA	TAG	146
MESCA000638-RA	TGA	473
MESCA007044-RA	TAA	46
MESCA011371-RA	TGA	50
MESCA003816-RA	TAA	154
MESCA003812-RA	TAG	1378
MESCA003813-RA	TAA	30
MESCA005050-RA	TAA	83
MESCA009075-RA	TGA	54
MESCA009076-RA	TAA	558
MESCA009077-RA	TAA	2
MESCA006808-RA	TAA	23
MESCA001277-RA	TAA	912
MESCA008748-RA	TGA	107
MESCA002073-RA	TGA	87
MESCA003612-RA	TGA	85
MESCA000335-RA	TAG	319
MESCA008925-RA	TAA	30
MESCA008129-RA	TGA	217
MESCA008121-RA	TGA	30
MESCA008120-RA	TAG	730
MESCA004899-RA	TAA	61
MESCA002212-RA	TGA	148
MESCA002742-RA	TGA	222
MESCA007605-RA	TGA	85
MESCA007603-RA	TGA	32
MESCA003650-RA	TAA	35
MESCA003381-RA	TAA	425
MESCA007540-RA	TGA	801
MESCA007541-RA	TAA	171
MESCA009948-RA	TGA	262
MESCA005765-RA	TGA	155
MESCA002388-RA	TAG	60
MESCA002384-RA	TGA	217
MESCA002380-RA	TGA	746
MESCA003037-RA	TAG	64
MESCA003034-RA	TAA	7
MESCA003031-RA	TAA	159
MESCA002928-RA	TAA	110
MESCA002923-RA	TAA	53
MESCA002922-RA	TGA	147
MESCA002924-RA	TAA	53
MESCA006232-RA	TAG	165
MESCA006230-RA	TGA	399
MESCA006237-RA	TAA	19
MESCA001718-RA	TAA	60
MESCA004568-RA	TGA	18
MESCA004561-RA	TAG	458
MESCA004563-RA	TAG	4
MESCA010801-RA	TAA	107
MESCA008440-RA	TGA	155
MESCA011160-RA	TGA	9
MESCA010781-RA	TGA	24
MESCA010782-RA	TAA	206
MESCA010784-RA	TAA	253
MESCA010785-RA	TAA	50
MESCA000402-RA	TAG	33
MESCA007831-RA	TGA	311
MESCA005573-RA	TAG	132
MESCA009404-RA	TAA	351
MESCA002242-RA	TGA	49
MESCA002240-RA	TGA	268
MESCA006005-RA	TGA	21
MESCA006009-RA	TAG	108
MESCA006503-RA	TAG	92
MESCA000251-RA	TGA	281
MESCA000254-RA	TAA	12
MESCA004696-RA	TAA	248
MESCA004691-RA	TAA	75
MESCA000873-RA	TAG	119
MESCA000651-RA	TGA	45
MESCA011571-RA	TAG	11
MESCA011574-RA	TAA	14
MESCA007068-RA	TAA	55
MESCA007064-RA	TAG	327
MESCA011319-RA	TAA	224
MESCA003838-RA	TAA	81
MESCA001607-RA	TAA	51
MESCA007959-RA	TAA	191
MESCA001290-RA	TAA	9
MESCA006828-RA	TGA	1728
MESCA010047-RA	TAG	237
MESCA010402-RA	TAG	184
MESCA008725-RA	TAA	8
MESCA000842-RA	TAG	201
MESCA010405-RA	TAG	327
MESCA000664-RA	TAA	306
MESCA005833-RA	TAA	15
MESCA008158-RA	TAA	25
MESCA010408-RA	TAA	32
MESCA007999-RA	TAA	38
MESCA009314-RA	TAA	29
MESCA007992-RA	TAA	422
MESCA007665-RA	TAA	94
MESCA005290-RA	TAA	102
MESCA005298-RA	TAA	191
MESCA003630-RA	TAA	53
MESCA003633-RA	TAA	76
MESCA007525-RA	TAA	85
MESCA007526-RA	TGA	2746
MESCA007520-RA	TAG	244
MESCA007523-RA	TAA	26
MESCA005744-RA	TAG	250
MESCA005745-RA	TAA	192
MESCA005742-RA	TAG	335
MESCA009670-RA	TAA	94
MESCA007296-RA	TAA	43
MESCA007290-RA	TAG	65
MESCA004363-RA	TAA	188
MESCA004360-RA	TGA	427
MESCA004366-RA	TAG	752
MESCA004369-RA	TAA	172
MESCA002905-RA	TAG	134
MESCA006217-RA	TAG	592
MESCA006216-RA	TAA	998
MESCA006212-RA	TGA	178
MESCA001844-RA	TAA	100
MESCA001841-RA	TAA	365
MESCA004505-RA	TAA	32
MESCA004504-RA	TGA	232
MESCA004508-RA	TAA	517
MESCA011147-RA	TAA	123
MESCA011149-RA	TAG	24
MESCA005103-RA	TAA	662
MESCA003993-RA	TAA	47
MESCA003995-RA	TGA	826
MESCA000469-RA	TAA	1463
MESCA001599-RA	TGA	457
MESCA001598-RA	TGA	186
MESCA001595-RA	TAA	58
MESCA001594-RA	TAA	22
MESCA001591-RA	TAA	82
MESCA001590-RA	TAA	51
MESCA007855-RA	TAA	104
MESCA007857-RA	TAG	8
MESCA007851-RA	TAA	23
MESCA010236-RA	TGA	533
MESCA009469-RA	TAG	97
MESCA006453-RA	TAA	192
MESCA001336-RA	TGA	69
MESCA006455-RA	TAA	33
MESCA002739-RA	TAA	160
MESCA002730-RA	TAA	26
MESCA002225-RA	TAA	101
MESCA006028-RA	TAA	126
MESCA006020-RA	TAA	5
MESCA006025-RA	TAA	194
MESCA010848-RA	TGA	101
MESCA011055-RA	TAA	250
MESCA003949-RA	TAA	2745
MESCA002135-RA	TAA	178
MESCA003176-RA	TAA	96
MESCA005827-RA	TGA	264
MESCA005825-RA	TAG	207
MESCA000855-RA	TAA	89
MESCA000854-RA	TGA	8
MESCA005829-RA	TAG	200
MESCA005126-RA	TAA	166
MESCA011082-RA	TAA	15
MESCA007089-RA	TAG	232
MESCA000337-RA	TAA	828
MESCA004196-RA	TAA	8
MESCA001108-RA	TAA	640
MESCA006591-RA	TAA	7
MESCA006595-RA	TAG	31
MESCA006844-RA	TAG	42
MESCA006840-RA	TAA	101
MESCA008257-RA	TGA	74
MESCA008709-RA	TAG	439
MESCA008708-RA	TGA	119
MESCA008259-RA	TAA	53
MESCA008258-RA	TAG	346
MESCA007646-RA	TAG	150
MESCA011218-RA	TAA	47
MESCA003340-RA	TAA	587
MESCA003341-RA	TAA	1112
MESCA003342-RA	TAA	374
MESCA003613-RA	TAA	33
MESCA007500-RA	TAA	1250
MESCA007501-RA	TAA	31
MESCA009614-RA	TAA	40
MESCA009611-RA	TAA	11
MESCA009613-RA	TAG	294
MESCA008714-RA	TGA	129
MESCA002697-RA	TAA	32
MESCA004694-RA	TAA	10
MESCA004341-RA	TAG	107
MESCA004690-RA	TGA	623
MESCA002965-RA	TAA	321
MESCA002964-RA	TGA	75
MESCA002969-RA	TAA	71
MESCA004528-RA	TAA	7
MESCA004525-RA	TAA	101
MESCA000999-RA	TAA	49
MESCA000994-RA	TAG	63
MESCA000991-RA	TAA	324
MESCA000191-RA	TGA	3836
MESCA000192-RA	TAG	980
MESCA001828-RA	TGA	345
MESCA001822-RA	TAG	38
MESCA000338-RA	TGA	220
MESCA000339-RA	TAG	209
MESCA005129-RA	TGA	237
MESCA005125-RA	TAG	375
MESCA000441-RA	TAA	69
MESCA003977-RA	TAA	6
MESCA003979-RA	TAA	124
MESCA010212-RA	TAA	85
MESCA010215-RA	TGA	75
MESCA007877-RA	TAA	182
MESCA007879-RA	TAG	307
MESCA009441-RA	TGA	619
MESCA009443-RA	TAA	69
MESCA009444-RA	TAA	96
MESCA001318-RA	TAG	374
MESCA006479-RA	TAA	82
MESCA000449-RA	TAA	409
MESCA006476-RA	TGA	1041
MESCA006474-RA	TGA	55
MESCA001311-RA	TAA	84
MESCA008069-RA	TAG	126
MESCA011580-RA	TAA	416
MESCA009910-RA	TAA	136
MESCA009916-RA	TAA	57
MESCA002208-RA	TGA	597
MESCA002757-RA	TAA	2856
MESCA002201-RA	TAA	1972
MESCA006045-RA	TAA	9
MESCA010863-RA	TAG	101
MESCA010862-RA	TGA	22
MESCA010869-RA	TGA	17
MESCA010868-RA	TGA	258
MESCA005463-RA	TAA	991
MESCA003401-RA	TGA	46
MESCA003407-RA	TAA	217
MESCA007313-RA	TAA	1949
MESCA007311-RA	TGA	129
MESCA007315-RA	TAA	61
MESCA007319-RA	TGA	361
MESCA007318-RA	TAA	82
MESCA005807-RA	TAA	23
MESCA005801-RA	TGA	182
MESCA011535-RA	TAG	131
MESCA011536-RA	TAG	85
MESCA005611-RA	TAA	102
MESCA010530-RA	TAA	179
MESCA010537-RA	TAG	354
MESCA001129-RA	TAG	95
MESCA001122-RA	TAA	687
MESCA001120-RA	TAA	57
MESCA010661-RA	TAA	197
MESCA000135-RA	TAA	107
MESCA010669-RA	TAA	123
MESCA009044-RA	TAG	87
MESCA010281-RA	TAG	9
MESCA004410-RA	TGA	1926
MESCA004413-RA	TAA	38
MESCA006864-RA	TGA	617
MESCA006865-RA	TAA	691
MESCA006860-RA	TAA	92
MESCA010006-RA	TAG	175
MESCA010005-RA	TGA	2
MESCA008271-RA	TGA	314
MESCA009599-RA	TAG	81
MESCA008189-RA	TAA	40
MESCA008183-RA	TAA	110
MESCA008984-RA	TAA	1453
MESCA005252-RA	TGA	54
MESCA005253-RA	TAA	628
MESCA005254-RA	TAG	347
MESCA009050-RA	TGA	234
MESCA009057-RA	TGA	7
MESCA009586-RA	TGA	334
MESCA005788-RA	TGA	201
MESCA005789-RA	TAA	32
MESCA009639-RA	TAA	37
MESCA009629-RA	TGA	101
MESCA006780-RA	TAG	640
MESCA004329-RA	TAG	123
MESCA002419-RA	TAA	11
MESCA002941-RA	TAA	1186
MESCA006256-RA	TAG	358
MESCA001342-RA	TGA	181
MESCA001801-RA	TAA	91
MESCA000316-RA	TAA	32
MESCA011276-RA	TAA	702
MESCA011275-RA	TAA	210
MESCA003956-RA	TGA	310
MESCA003952-RA	TAG	51
MESCA003959-RA	TAA	38
MESCA003958-RA	TAA	66
MESCA001377-RA	TAA	69
MESCA001371-RA	TAA	388
MESCA008518-RA	TAA	239
MESCA008519-RA	TAA	454
MESCA008049-RA	TAA	87
MESCA001230-RA	TGA	125
MESCA006511-RA	TAA	139
MESCA010809-RA	TAA	43
MESCA006516-RA	TAA	252
MESCA006069-RA	TAA	35
MESCA006945-RA	TAA	138
MESCA001235-RA	TGA	58
MESCA001661-RA	TGA	651
MESCA001662-RA	TGA	556
MESCA000240-RA	TAA	405
MESCA006949-RA	TGA	139
MESCA005448-RA	TAA	1530
MESCA005446-RA	TAA	54
MESCA005440-RA	TAA	182
MESCA003420-RA	TAG	139
MESCA003428-RA	TAG	27
MESCA003138-RA	TAA	164
MESCA007335-RA	TGA	107
MESCA007334-RA	TAA	137
MESCA011519-RA	TAG	506
MESCA003156-RA	TAA	5
MESCA000465-RA	TGA	16
MESCA000819-RA	TAG	426
MESCA000818-RA	TAA	270
MESCA005868-RA	TAA	194
MESCA000811-RA	TGA	429
MESCA000812-RA	TAA	219
MESCA005860-RA	TAA	357
MESCA001144-RA	TGA	153
MESCA001145-RA	TAG	1944
MESCA006630-RA	TGA	303
MESCA006888-RA	TGA	217
MESCA009308-RA	TAA	31
MESCA010027-RA	TAA	127
MESCA001447-RA	TAA	2009
MESCA008216-RA	TAA	4
MESCA008213-RA	TAG	129
MESCA008210-RA	TGA	21
MESCA010141-RA	TAA	37
MESCA010144-RA	TAA	692
MESCA007933-RA	TGA	262
MESCA007937-RA	TAA	150
MESCA007936-RA	TAA	80
MESCA007935-RA	TGA	27
MESCA007938-RA	TAA	94
MESCA007685-RA	TAG	70
MESCA005279-RA	TGA	107
MESCA011532-RA	TAA	136
MESCA005273-RA	TAA	69
MESCA009039-RA	TGA	176
MESCA009414-RA	TAG	43
MESCA011094-RA	TAA	142
MESCA004901-RA	TAG	37
MESCA004906-RA	TAA	281
MESCA003302-RA	TAG	81
MESCA004904-RA	TGA	1667
MESCA004657-RA	TAG	117
MESCA004659-RA	TGA	373
MESCA002435-RA	TAA	10
MESCA002437-RA	TAA	35
MESCA011454-RA	TAA	129
MESCA009166-RA	TGA	57
MESCA000152-RA	TAG	33
MESCA000153-RA	TAA	132
MESCA007102-RA	TAG	255
MESCA007101-RA	TAA	267
MESCA007105-RA	TAA	50
MESCA000489-RA	TAA	149
MESCA000481-RA	TAA	1226
MESCA000485-RA	TGA	97
MESCA000375-RA	TAA	497
MESCA010254-RA	TAA	397
MESCA001684-RA	TAA	106
MESCA001683-RA	TAG	9
MESCA001359-RA	TAA	282
MESCA006433-RA	TAA	7262
MESCA008538-RA	TAG	87
MESCA007749-RA	TGA	390
MESCA007746-RA	TAA	1560
MESCA003119-RA	TAG	508
MESCA003118-RA	TGA	486
MESCA003448-RA	TAA	8
MESCA007358-RA	TGA	385
MESCA007355-RA	TAA	73
MESCA007354-RA	TGA	21
MESCA007350-RA	TGA	70
MESCA004462-RA	TGA	734
MESCA004464-RA	TAG	116
MESCA004467-RA	TGA	25
MESCA005844-RA	TGA	151
MESCA005849-RA	TAG	368
MESCA010624-RA	TAA	39
MESCA001168-RA	TAG	533
MESCA009390-RA	TAG	145
MESCA008231-RA	TAG	113
MESCA008234-RA	TGA	61
MESCA008236-RA	TGA	3818
MESCA000748-RA	TAA	8
MESCA000745-RA	TAA	20
MESCA000744-RA	TAG	525
MESCA000747-RA	TGA	4397
MESCA000746-RA	TAA	276
MESCA000743-RA	TGA	7
MESCA007914-RA	TAG	89
MESCA007918-RA	TAA	48
MESCA008941-RA	TAG	33
MESCA005219-RA	TAA	50
MESCA009547-RA	TGA	185
MESCA009549-RA	TGA	76
MESCA011126-RA	TGA	91
MESCA008622-RA	TAG	713
MESCA011351-RA	TAA	59
MESCA002882-RA	TGA	65
MESCA002636-RA	TAG	124
MESCA002185-RA	TGA	203
MESCA003132-RA	TAA	221
MESCA002181-RA	TAA	303
MESCA002180-RA	TGA	48
MESCA006745-RA	TGA	375
MESCA003326-RA	TAG	351
MESCA003327-RA	TAA	3204
MESCA004925-RA	TAA	14
MESCA004671-RA	TGA	94
MESCA004679-RA	TAA	41
MESCA002456-RA	TAG	29
MESCA002452-RA	TAA	38
MESCA002451-RA	TGA	112
MESCA011357-RA	TAA	514
MESCA003585-RA	TAG	149
MESCA000170-RA	TAA	71
MESCA000176-RA	TAG	102
MESCA000175-RA	TGA	110
MESCA005986-RA	TAG	264
MESCA007165-RA	TGA	103
MESCA007160-RA	TGA	44
MESCA007161-RA	TAA	128
MESCA004587-RA	TGA	38
MESCA005189-RA	TAA	276
MESCA000358-RA	TAG	188
MESCA000359-RA	TAA	39
MESCA005185-RA	TAA	47
MESCA005186-RA	TAG	6
MESCA003914-RA	TGA	65
MESCA006980-RA	TAA	360
MESCA006986-RA	TAA	198
MESCA001302-RA	TAG	38
MESCA010489-RA	TAA	56
MESCA001301-RA	TGA	69
MESCA001401-RA	TAA	143
MESCA010481-RA	TGA	152
MESCA008002-RA	TGA	43
MESCA010150-RA	TAA	39
MESCA011521-RA	TAA	7
MESCA007761-RA	TGA	168
MESCA007765-RA	TAG	279
MESCA007769-RA	TGA	19
MESCA010444-RA	TGA	314
MESCA003288-RA	TAA	788
MESCA005409-RA	TAA	171
MESCA009201-RA	TAA	121
MESCA007376-RA	TAG	461
MESCA007378-RA	TAA	35
MESCA004435-RA	TAG	1905
MESCA002849-RA	TAA	286
MESCA002841-RA	TGA	92
MESCA002845-RA	TGA	10
MESCA006179-RA	TAA	66
MESCA006174-RA	TAA	59
MESCA004440-RA	TAG	65
MESCA004446-RA	TAA	368
MESCA003292-RA	TAA	796
MESCA011349-RA	TGA	132
MESCA011001-RA	TAA	54
MESCA011002-RA	TGA	152
MESCA010350-RA	TAA	5
MESCA004400-RA	TAG	50
MESCA000724-RA	TGA	47
MESCA007979-RA	TAG	117
MESCA007977-RA	TAA	191
MESCA007974-RA	TAA	496
MESCA007971-RA	TAA	161
MESCA008962-RA	TAA	126
MESCA008969-RA	TAA	239
MESCA005236-RA	TGA	196
MESCA005234-RA	TAA	4
MESCA005232-RA	TGA	32
MESCA009561-RA	TAG	15
MESCA009690-RA	TGA	209
MESCA002614-RA	TAA	172
MESCA002611-RA	TAG	33
MESCA002610-RA	TAA	56
MESCA006764-RA	TAG	20
MESCA010985-RA	TGA	94
MESCA006768-RA	TAG	818
MESCA002478-RA	TGA	4
MESCA002471-RA	TAA	101
MESCA010749-RA	TAG	165
MESCA007494-RA	TAA	67
MESCA007495-RA	TAA	242
MESCA007496-RA	TAA	33
MESCA007497-RA	TGA	814
MESCA007493-RA	TAA	419
MESCA004616-RA	TAA	211
MESCA004614-RA	TAA	36
MESCA004613-RA	TAA	312
MESCA004610-RA	TAA	398
MESCA000118-RA	TAA	60
MESCA004693-RA	TAG	77
MESCA000115-RA	TAG	530
MESCA000117-RA	TGA	95
MESCA003704-RA	TAA	97
MESCA003706-RA	TGA	299
MESCA007144-RA	TAA	87
MESCA007140-RA	TGA	315
MESCA011215-RA	TGA	109
MESCA006966-RA	TAG	436
MESCA006964-RA	TGA	354
MESCA001649-RA	TAA	21
MESCA004307-RA	TAA	31
MESCA001464-RA	TAA	2038
MESCA010161-RA	TGA	106
MESCA010163-RA	TAA	9
MESCA001398-RA	TGA	265
MESCA001469-RA	TGA	310
MESCA001678-RA	TAG	160
MESCA001679-RA	TGA	145
MESCA008575-RA	TAG	115
MESCA008570-RA	TAA	13
MESCA001670-RA	TAA	14
MESCA006564-RA	TAA	287
MESCA001243-RA	TAG	746
MESCA007700-RA	TAG	289
MESCA007703-RA	TAA	28
MESCA005395-RA	TGA	229
MESCA006569-RA	TGA	8
MESCA002286-RA	TAA	8
MESCA002281-RA	TGA	239
MESCA002289-RA	TGA	200
MESCA004928-RA	TAG	798
MESCA003140-RA	TGA	95
MESCA003146-RA	TAA	1190
MESCA003415-RA	TAA	39
MESCA002864-RA	TGA	46
MESCA004132-RA	TAA	71
MESCA004136-RA	TAA	8
MESCA007303-RA	TAA	64
MESCA004421-RA	TAG	131
MESCA004422-RA	TGA	296
MESCA011029-RA	TAA	57
MESCA001706-RA	TAG	27
MESCA010378-RA	TAA	20
MESCA000258-RA	TGA	207
MESCA001450-RA	TGA	384
MESCA007953-RA	TAA	8
MESCA007955-RA	TGA	132
MESCA011502-RA	TGA	264
MESCA011056-RA	TAA	13
MESCA011508-RA	TGA	11
MESCA010085-RA	TGA	222
MESCA009508-RA	TGA	192
MESCA009505-RA	TAA	90
MESCA001072-RA	TAA	45
MESCA001075-RA	TAA	45
MESCA001077-RA	TAA	359
MESCA008906-RA	TAA	19
MESCA008901-RA	TGA	28
MESCA002676-RA	TAG	23
MESCA002672-RA	TAA	205
MESCA002671-RA	TAA	488
MESCA006706-RA	TAA	158
MESCA004969-RA	TAA	473
MESCA004963-RA	TAA	103
MESCA004965-RA	TAG	690
MESCA004964-RA	TGA	600
MESCA008634-RA	TGA	207
MESCA004633-RA	TAA	203
MESCA005613-RA	TAA	3
MESCA000133-RA	TAA	64
MESCA003723-RA	TAA	173
MESCA003729-RA	TAG	54
MESCA009596-RA	TAG	100
MESCA004099-RA	TAG	681
MESCA004093-RA	TAA	15
MESCA004092-RA	TGA	346
MESCA010647-RA	TAA	157
MESCA005027-RA	TGA	121
MESCA005026-RA	TAA	56
MESCA006947-RA	TGA	41
MESCA001660-RA	TAA	43
MESCA001668-RA	TGA	15
MESCA006499-RA	TGA	60
MESCA006491-RA	TAA	1560
MESCA006490-RA	TGA	1103
MESCA010419-RA	TAA	9
MESCA007728-RA	TAA	57
MESCA007721-RA	TAA	6
MESCA005372-RA	TAA	536
MESCA005376-RA	TAA	76
MESCA009714-RA	TAA	41
MESCA000858-RA	TAG	101
MESCA009624-RA	TAA	129
MESCA009860-RA	TAG	38
MESCA011271-RA	TAA	748
MESCA002806-RA	TGA	57
MESCA002801-RA	TAA	37
MESCA002808-RA	TAG	12
MESCA006135-RA	TGA	7
MESCA006131-RA	TAG	39
MESCA006133-RA	TAG	58
MESCA004158-RA	TAG	189
MESCA004408-RA	TAA	2213
MESCA004404-RA	TAA	948
MESCA004150-RA	TAA	279
MESCA004153-RA	TAA	1007
MESCA000896-RA	TGA	336
MESCA002651-RA	TAA	81
MESCA000098-RA	TAG	744
MESCA000093-RA	TAA	1034
MESCA002654-RA	TAA	64
MESCA000931-RA	TGA	190
MESCA007268-RA	TAA	37
MESCA007262-RA	TAA	284
MESCA000275-RA	TGA	1586
MESCA000277-RA	TGA	5696
MESCA010313-RA	TGA	88
MESCA011400-RA	TAG	187
MESCA009521-RA	TGA	10
MESCA001052-RA	TAA	127
MESCA001050-RA	TAG	926
MESCA010017-RA	TAA	171
MESCA008920-RA	TAG	89
MESCA008437-RA	TAG	240
MESCA008926-RA	TAA	106
MESCA002123-RA	TAA	101
MESCA002122-RA	TGA	27
MESCA002121-RA	TAA	171
MESCA002657-RA	TAA	790
MESCA002124-RA	TAG	456
MESCA006721-RA	TAA	1024
MESCA006720-RA	TAA	126
MESCA006724-RA	TAG	408
MESCA006727-RA	TGA	175
MESCA006726-RA	TAG	7
MESCA010940-RA	TAG	709
MESCA010945-RA	TAA	139
MESCA010841-RA	TAA	10
MESCA004985-RA	TAG	745
MESCA008659-RA	TAA	113
MESCA008658-RA	TGA	126
