MGP_C3HHeJ_T0078685	TAA	36
MGP_C3HHeJ_T0078671	TGA	412
MGP_C3HHeJ_T0078645	TAG	4291
MGP_C3HHeJ_T0078309	TGA	382
MGP_C3HHeJ_T0054322	TGA	2527
MGP_C3HHeJ_T0036496	TAG	1370
MGP_C3HHeJ_T0039896	TGA	445
MGP_C3HHeJ_T0074558	TAA	204
MGP_C3HHeJ_T0078062	TAG	532
MGP_C3HHeJ_T0041174	TAG	411
MGP_C3HHeJ_T0023268	TAA	1681
MGP_C3HHeJ_T0034397	TAG	340
MGP_C3HHeJ_T0079370	TGA	386
MGP_C3HHeJ_T0078432	TGA	577
MGP_C3HHeJ_T0078420	TGA	1084
MGP_C3HHeJ_T0037223	TGA	252
MGP_C3HHeJ_T0043975	TAA	273
MGP_C3HHeJ_T0023488	TGA	608
MGP_C3HHeJ_T0078948	TAG	212
MGP_C3HHeJ_T0078947	TGA	1474
MGP_C3HHeJ_T0077943	TAA	21
MGP_C3HHeJ_T0077977	TGA	1679
MGP_C3HHeJ_T0077972	TGA	581
MGP_C3HHeJ_T0045782	TGA	41
MGP_C3HHeJ_T0086359	TAG	111
MGP_C3HHeJ_T0078520	TGA	452
MGP_C3HHeJ_T0078522	TGA	389
MGP_C3HHeJ_T0078521	TGA	510
MGP_C3HHeJ_T0078477	TGA	296
MGP_C3HHeJ_T0078472	TAG	629
MGP_C3HHeJ_T0078480	TGA	551
MGP_C3HHeJ_T0078500	TGA	459
MGP_C3HHeJ_T0078497	TGA	169
MGP_C3HHeJ_T0078464	TGA	280
MGP_C3HHeJ_T0078466	TGA	628
MGP_C3HHeJ_T0078461	TGA	237
MGP_C3HHeJ_T0030104	TGA	1198
MGP_C3HHeJ_T0077524	TGA	432
MGP_C3HHeJ_T0077486	TGA	448
MGP_C3HHeJ_T0033446	TGA	461
MGP_C3HHeJ_T0034411	TGA	790
MGP_C3HHeJ_T0050298	TGA	86
MGP_C3HHeJ_T0019148	TAG	881
MGP_C3HHeJ_T0079109	TGA	103
MGP_C3HHeJ_T0011712	TAA	331
MGP_C3HHeJ_T0011702	TAA	122
MGP_C3HHeJ_T0078569	TGA	518
MGP_C3HHeJ_T0078558	TGA	375
MGP_C3HHeJ_T0031392	TAA	634
MGP_C3HHeJ_T0070437	TAG	145
MGP_C3HHeJ_T0088870	TAG	721
MGP_C3HHeJ_T0088865	TGA	1314
MGP_C3HHeJ_T0073101	TAA	268
MGP_C3HHeJ_T0070270	TGA	153
MGP_C3HHeJ_T0077808	TGA	321
MGP_C3HHeJ_T0077810	TAA	247
MGP_C3HHeJ_T0079249	TAA	504
MGP_C3HHeJ_T0079258	TGA	1090
MGP_C3HHeJ_T0079263	TAG	2352
MGP_C3HHeJ_T0079267	TAG	479
MGP_C3HHeJ_T0079279	TGA	433
MGP_C3HHeJ_T0079276	TAA	366
MGP_C3HHeJ_T0079291	TAA	150
MGP_C3HHeJ_T0078029	TGA	397
MGP_C3HHeJ_T0078025	TGA	503
MGP_C3HHeJ_T0078024	TGA	410
MGP_C3HHeJ_T0078026	TGA	518
MGP_C3HHeJ_T0078030	TAA	353
MGP_C3HHeJ_T0020407	TAG	229
MGP_C3HHeJ_T0021114	TGA	48
MGP_C3HHeJ_T0078831	TGA	202
MGP_C3HHeJ_T0091317	TGA	85
MGP_C3HHeJ_T0092531	TAA	3829
MGP_C3HHeJ_T0020760	TAG	128
MGP_C3HHeJ_T0020755	TAG	127
MGP_C3HHeJ_T0084549	TGA	497
MGP_C3HHeJ_T0035009	TGA	103
MGP_C3HHeJ_T0053333	TAG	1756
MGP_C3HHeJ_T0079402	TGA	6465
MGP_C3HHeJ_T0081076	TGA	106
MGP_C3HHeJ_T0078278	TAA	1579
MGP_C3HHeJ_T0078290	TAA	138
MGP_C3HHeJ_T0072269	TGA	38
MGP_C3HHeJ_T0022630	TGA	3872
MGP_C3HHeJ_T0079055	TGA	436
MGP_C3HHeJ_T0079050	TGA	317
MGP_C3HHeJ_T0079049	TGA	783
MGP_C3HHeJ_T0077902	TAG	308
MGP_C3HHeJ_T0077904	TGA	268
MGP_C3HHeJ_T0077915	TGA	231
MGP_C3HHeJ_T0077924	TAG	309
MGP_C3HHeJ_T0024455	TGA	279
MGP_C3HHeJ_T0032456	TAG	253
MGP_C3HHeJ_T0063196	TGA	705
MGP_C3HHeJ_T0094584	TGA	3623
MGP_C3HHeJ_T0071096	TGA	314
MGP_C3HHeJ_T0071092	TGA	619
MGP_C3HHeJ_T0077005	TAG	1189
MGP_C3HHeJ_T0025780	TGA	49
MGP_C3HHeJ_T0023668	TGA	164
MGP_C3HHeJ_T0079151	TGA	373
MGP_C3HHeJ_T0079157	TAG	153
MGP_C3HHeJ_T0038852	TGA	558
MGP_C3HHeJ_T0078698	TAA	52
MGP_C3HHeJ_T0078717	TGA	279
MGP_C3HHeJ_T0060156	TGA	323
MGP_C3HHeJ_T0030826	TAA	6
MGP_C3HHeJ_T0011738	TGA	749
MGP_C3HHeJ_T0011736	TGA	1221
MGP_C3HHeJ_T0011721	TAA	87
MGP_C3HHeJ_T0011727	TGA	294
MGP_C3HHeJ_T0011720	TGA	358
MGP_C3HHeJ_T0039905	TGA	301
MGP_C3HHeJ_T0039906	TGA	299
MGP_C3HHeJ_T0089708	TAG	348
MGP_C3HHeJ_T0091919	TAA	691
MGP_C3HHeJ_T0077762	TAG	325
MGP_C3HHeJ_T0077749	TGA	162
MGP_C3HHeJ_T0077748	TGA	737
MGP_C3HHeJ_T0041228	TAA	830
MGP_C3HHeJ_T0046326	TGA	493
MGP_C3HHeJ_T0031606	TGA	98
MGP_C3HHeJ_T0031604	TGA	98
MGP_C3HHeJ_T0026681	TAA	22
MGP_C3HHeJ_T0026640	TAG	1510
MGP_C3HHeJ_T0079307	TGA	549
MGP_C3HHeJ_T0079341	TGA	251
MGP_C3HHeJ_T0078361	TAG	2254
MGP_C3HHeJ_T0078383	TGA	117
MGP_C3HHeJ_T0078392	TGA	218
MGP_C3HHeJ_T0080412	TAG	1837
MGP_C3HHeJ_T0084433	TAA	718
MGP_C3HHeJ_T0085041	TAA	4
MGP_C3HHeJ_T0078771	TGA	241
MGP_C3HHeJ_T0097497	TAA	1245
MGP_C3HHeJ_T0021900	TAG	97
MGP_C3HHeJ_T0021897	TAG	321
MGP_C3HHeJ_T0055400	TAA	46
MGP_C3HHeJ_T0029070	TGA	172
MGP_C3HHeJ_T0077580	TAG	982
MGP_C3HHeJ_T0077547	TGA	588
MGP_C3HHeJ_T0038890	TAA	3
MGP_C3HHeJ_T0079431	TAA	586
MGP_C3HHeJ_T0078327	TGA	70
MGP_C3HHeJ_T0078341	TGA	404
MGP_C3HHeJ_T0078346	TAG	590
MGP_C3HHeJ_T0080179	TAG	38
MGP_C3HHeJ_T0037198	TAA	2403
MGP_C3HHeJ_T0058377	TGA	222
MGP_C3HHeJ_T0072616	TAA	799
MGP_C3HHeJ_T0025887	TGA	20
MGP_C3HHeJ_T0079087	TGA	681
MGP_C3HHeJ_T0079073	TGA	332
MGP_C3HHeJ_T0079081	TGA	193
MGP_C3HHeJ_T0079082	TAA	372
MGP_C3HHeJ_T0057030	TGA	1204
MGP_C3HHeJ_T0077842	TAA	154
MGP_C3HHeJ_T0011699	TGA	339
MGP_C3HHeJ_T0056059	TGA	870
MGP_C3HHeJ_T0087594	TGA	491
MGP_C3HHeJ_T0078612	TGA	434
MGP_C3HHeJ_T0032937	TAG	2204
MGP_C3HHeJ_T0071709	TAG	808
MGP_C3HHeJ_T0087093	TGA	1501
MGP_C3HHeJ_T0028188	TAA	1569
MGP_C3HHeJ_T0046035	TGA	73
MGP_C3HHeJ_T0046034	TGA	87
MGP_C3HHeJ_T0089951	TAA	114
MGP_C3HHeJ_T0000021	TAG	209
MGP_C3HHeJ_T0018614	TAA	1130
MGP_C3HHeJ_T0032580	TGA	1263
MGP_C3HHeJ_T0032587	TGA	452
MGP_C3HHeJ_T0025400	TAG	760
MGP_C3HHeJ_T0065279	TAG	1026
MGP_C3HHeJ_T0078109	TAA	126
MGP_C3HHeJ_T0078082	TGA	195
MGP_C3HHeJ_T0078081	TAG	159
MGP_C3HHeJ_T0037916	TGA	1072
MGP_C3HHeJ_T0079233	TGA	499
MGP_C3HHeJ_T0079230	TAA	662
MGP_C3HHeJ_T0079238	TGA	499
MGP_C3HHeJ_T0079234	TAA	1006
MGP_C3HHeJ_T0079235	TAA	658
MGP_C3HHeJ_T0079219	TGA	418
MGP_C3HHeJ_T0079218	TGA	1847
MGP_C3HHeJ_T0079220	TGA	638
MGP_C3HHeJ_T0079215	TGA	421
MGP_C3HHeJ_T0079214	TAA	479
MGP_C3HHeJ_T0079181	TAG	134
MGP_C3HHeJ_T0079178	TGA	174
MGP_C3HHeJ_T0071602	TAG	483
MGP_C3HHeJ_T0097041	TGA	48
MGP_C3HHeJ_T0061541	TGA	654
MGP_C3HHeJ_T0061533	TGA	1434
MGP_C3HHeJ_T0061535	TGA	1443
MGP_C3HHeJ_T0061538	TGA	1434
MGP_C3HHeJ_T0072449	TAG	1174
