g1123	TGA	0
g1228	TAA	0
g161	TAG	0
g2704	TGA	0
g2789	TGA	0
g32510	TGA	0
g32544	TAG	0
g32562	TAA	0
g32568	TAG	0
g32600	TAA	0
g32603	TAG	0
g32677	TAG	0
g32684	TGA	0
g32758	TAG	0
g32765	TAG	0
g32792	TAA	0
g32826	TGA	0
g32834	TAA	0
g32870	TGA	0
g32921	TAA	0
g32950	TGA	0
g32968	TAG	0
g32987	TAG	0
g32997	TGA	0
g33023	TGA	0
g33025	TAA	0
g33031	TGA	0
g33032	TAA	0
g33045	TGA	0
g33052	TAA	0
g33054	TGA	0
g33059	TAA	0
g33060	TGA	0
g33068	TAG	0
g33086	TAA	0
g33088	TAA	0
g33099	TAA	0
g33106	TGA	0
g33122	TAA	0
g33131	TGA	0
g33134	TAG	0
g33142	TAG	0
g33149	TAG	0
g33152	TGA	0
g33165	TGA	0
g33167	TAA	0
g33197	TAA	0
g33205	TAA	0
g33216	TAA	0
g33218	TGA	0
g33222	TAA	0
g33240	TAG	0
g33244	TGA	0
g33245	TAA	0
g33248	TAA	0
g33270	TAA	0
g33278	TGA	0
g33297	TAA	0
g33305	TAA	0
g33308	TAA	0
g33332	TGA	0
g33335	TAA	0
g33337	TGA	0
g33342	TAA	0
g33348	TAA	0
g33351	TAA	0
g33357	TGA	0
g33361	TGA	0
g33381	TAA	0
g33389	TGA	0
g33394	TGA	0
g33408	TAA	0
g33411	TGA	0
g33417	TAA	0
g33418	TAA	0
g33422	TAA	0
g33430	TAA	0
g33431	TAG	0
g33436	TAA	0
g33443	TGA	0
g33447	TAA	0
g33454	TGA	0
g33467	TAA	0
g33489	TAG	0
g33490	TGA	0
g33492	TAA	0
g33502	TGA	0
g33503	TAA	0
g33511	TAA	0
g33518	TAG	0
g33521	TAA	0
g33541	TAA	0
g33543	TAG	0
g33544	TAA	0
g33545	TAA	0
g33553	TGA	0
g33558	TGA	0
g33561	TAG	0
g33563	TAG	0
g33573	TGA	0
g33587	TAA	0
g33589	TAG	0
g33596	TAA	0
g33614	TAA	0
g33617	TGA	0
g33636	TAA	0
g33637	TAG	0
g33641	TGA	0
g33648	TAG	0
g33661	TAG	0
g33662	TGA	0
g33671	TGA	0
g33677	TAA	0
g33682	TAA	0
g33687	TAA	0
g33689	TGA	0
g33711	TAG	0
g33714	TGA	0
g33718	TAA	0
g33719	TAA	0
g33721	TAG	0
g33738	TAA	0
g33744	TAA	0
g33762	TAA	0
g33780	TAA	0
g33792	TGA	0
g33798	TGA	0
g33800	TAA	0
g33826	TAA	0
g33828	TGA	0
g33834	TGA	0
g33838	TAA	0
g33843	TAA	0
g33861	TAA	0
g33868	TGA	0
g33878	TAA	0
g33889	TAA	0
g33901	TAG	0
g33904	TAA	0
g33912	TAA	0
g33931	TAG	0
g33942	TGA	0
g33943	TAG	0
g33947	TAA	0
g33955	TAG	0
g33962	TGA	0
g33975	TAA	0
g33978	TAA	0
g33990	TGA	0
g34003	TGA	0
g34005	TGA	0
g34009	TGA	0
g34013	TAA	0
g34014	TGA	0
g34017	TGA	0
g34019	TAA	0
g34021	TGA	0
g34022	TAG	0
g34023	TAA	0
g34030	TGA	0
g34033	TAG	0
g34039	TAA	0
g34047	TAA	0
g34054	TAA	0
g34055	TAA	0
g34061	TAA	0
g34068	TAA	0
g34069	TGA	0
g34070	TGA	0
g34078	TGA	0
g34079	TGA	0
g34082	TAA	0
g34084	TAA	0
g34093	TGA	0
g34095	TGA	0
g34098	TGA	0
g34105	TGA	0
g3554	TAA	0
g3762	TGA	0
g4507	TGA	0
g5282	TAA	0
g5779	TGA	0
g6424	TGA	0
g7102	TGA	0
g8157	TAA	0
g8283	TAA	0
g9194	TAA	0
g9234	TGA	0
g9831	TAA	0
