PHUM062650-RA	TAA	92
PHUM537400-RA	TAA	152
PHUM538000-RA	TAA	257
PHUM182150-RA	TAG	288
PHUM538940-RA	TGA	28
PHUM514040-RA	TAA	15
PHUM268330-RA	TAA	220
PHUM535100-RA	TAA	44
PHUM514840-RA	TGA	114
PHUM515140-RA	TAA	42
PHUM537360-RA	TGA	528
PHUM579970-RA	TAA	189
PHUM288390-RA	TGA	126
PHUM537990-RA	TAA	359
PHUM595790-RA	TAA	238
PHUM599660-RA	TAA	34
PHUM424200-RA	TAA	107
PHUM602100-RA	TGA	117
PHUM018540-RA	TAA	311
PHUM604080-RA	TGA	161
PHUM423020-RA	TAA	44
PHUM604220-RA	TAA	174
PHUM509820-RA	TGA	80
PHUM237480-RA	TGA	10
PHUM249370-RA	TAA	130
PHUM169970-RA	TGA	363
PHUM607830-RA	TGA	94
PHUM109730-RA	TAA	1
PHUM420710-RA	TAA	55
PHUM537480-RA	TAA	5
PHUM537030-RA	TAA	44
PHUM289820-RA	TAA	64
PHUM580830-RA	TAA	8
PHUM538600-RA	TGA	242
PHUM268810-RA	TAA	171
PHUM576410-RA	TAA	138
PHUM607600-RA	TAA	136
PHUM609800-RA	TAA	98
PHUM122500-RA	TAA	27
PHUM392310-RA	TAA	48
PHUM537070-RA	TGA	74
PHUM515190-RA	TAA	111
PHUM403440-RA	TAA	179
PHUM505030-RA	TAA	169
PHUM238910-RA	TAA	77
PHUM603260-RA	TGA	151
PHUM605250-RA	TAG	92
PHUM582370-RA	TAA	36
PHUM432060-RA	TAA	243
PHUM514120-RA	TAA	102
PHUM607980-RA	TAA	89
PHUM365980-RA	TAA	37
PHUM442600-RA	TAG	41
PHUM602240-RA	TAA	63
PHUM603320-RA	TAA	16
PHUM101680-RA	TGA	51
PHUM537140-RA	TAA	218
PHUM192040-RA	TAA	173
PHUM603820-RA	TGA	367
PHUM129490-RA	TAA	78
PHUM515990-RA	TAG	23
PHUM601890-RA	TAA	192
PHUM537120-RA	TAA	154
PHUM596690-RA	TAA	106
PHUM565290-RA	TAA	156
PHUM601520-RA	TAG	36
PHUM537450-RA	TGA	98
PHUM595850-RA	TGA	138
PHUM604460-RA	TAA	152
PHUM628082-RA	TAA	32
PHUM628083-RA	TAA	318
PHUM628085-RA	TAA	299
PHUM628086-RA	TAA	57
PHUM513140-RA	TAA	13
PHUM609370-RA	TAA	157
PHUM538070-RA	TAG	69
PHUM513990-RA	TGA	67
PHUM537470-RA	TGA	37
PHUM595870-RA	TGA	74
PHUM406990-RA	TAA	4
PHUM281890-RA	TAG	6
PHUM492480-RA	TGA	21
PHUM603450-RA	TAA	233
PHUM456810-RA	TAA	65
PHUM245140-RA	TAA	36
PHUM604520-RA	TAA	2
PHUM537330-RA	TAG	248
PHUM537330-RB	TAG	248
PHUM513220-RA	TAA	423
PHUM204940-RA	TGA	68
PHUM074550-RA	TAA	113
PHUM601540-RA	TGA	268
PHUM607620-RA	TGA	57
PHUM537430-RA	TAA	116
PHUM128310-RA	TAA	223
PHUM604730-RA	TGA	208
PHUM167450-RA	TAG	83
PHUM214100-RA	TAA	16
PHUM538010-RA	TAG	298
PHUM604500-RA	TAA	322
PHUM537350-RA	TAG	99
PHUM624880-RA	TGA	19
PHUM602340-RA	TAA	138
PHUM373360-RA	TGA	164
PHUM537630-RA	TGA	26
PHUM594430-RA	TAA	58
PHUM465850-RA	TAA	36
PHUM607270-RA	TAA	38
PHUM515150-RA	TAA	46
PHUM605160-RA	TAA	52
PHUM604560-RA	TGA	297
PHUM146220-RA	TAA	155
PHUM605140-RA	TGA	133
PHUM537390-RA	TAA	277
PHUM607030-RA	TAA	179
PHUM046700-RA	TAA	36
PHUM407840-RA	TGA	130
PHUM425180-RA	TAA	63
PHUM268620-RA	TGA	45
PHUM602510-RA	TAA	125
PHUM274850-RA	TGA	180
PHUM604210-RA	TAA	63
PHUM455370-RA	TAA	176
PHUM607820-RA	TAA	61
PHUM104940-RA	TAA	112
PHUM537110-RA	TAA	199
PHUM244160-RA	TGA	26
PHUM514030-RA	TGA	29
PHUM604580-RA	TGA	12
PHUM607610-RA	TAA	99
PHUM146600-RA	TGA	119
PHUM513970-RA	TAA	5
PHUM601610-RA	TAG	76
PHUM389840-RA	TGA	156
PHUM437880-RA	TAA	48
PHUM365950-RA	TAA	89
PHUM206420-RA	TGA	50
PHUM237760-RA	TAA	97
PHUM222160-RA	TAA	38
PHUM145870-RA	TAA	173
PHUM120210-RA	TAA	382
PHUM514150-RA	TAA	74
PHUM310980-RA	TGA	99
PHUM319290-RA	TGA	57
PHUM538540-RA	TGA	20
PHUM361430-RA	TAA	38
PHUM128420-RA	TAA	33
PHUM576040-RA	TGA	10
PHUM414590-RA	TAA	22
PHUM018370-RA	TAA	146
PHUM596000-RA	TAA	75
PHUM521060-RA	TAA	135
PHUM537170-RA	TAG	87
PHUM514110-RA	TAA	118
PHUM607990-RA	TAA	48
PHUM602250-RA	TAA	128
PHUM535940-RA	TAA	10
PHUM537490-RA	TGA	95
PHUM603330-RA	TAA	73
PHUM609400-RA	TAA	947
PHUM222900-RA	TAA	105
PHUM607020-RA	TAA	126
PHUM595880-RA	TAA	32
PHUM513110-RA	TAG	5
PHUM407560-RA	TAA	59
PHUM602270-RA	TAG	126
PHUM047010-RA	TGA	23
PHUM538080-RA	TGA	499
PHUM064140-RA	TAA	81
PHUM608010-RA	TAA	163
PHUM080470-RA	TAA	123
PHUM514810-RA	TGA	430
PHUM365700-RA	TGA	187
PHUM537440-RA	TAA	114
PHUM628097-RA	TGA	129
PHUM628092-RA	TGA	15
PHUM628091-RA	TGA	45
PHUM628090-RA	TGA	230
PHUM628099-RA	TAA	91
PHUM601560-RA	TAA	534
PHUM404820-RA	TAG	272
PHUM538040-RA	TGA	271
PHUM515120-RA	TAA	190
PHUM380950-RA	TAA	124
PHUM544540-RA	TAA	25
PHUM361800-RA	TAA	234
PHUM259570-RA	TAA	232
PHUM606390-RA	TAA	130
