MGP_NODShiLtJ_T0089713	TAG	348
MGP_NODShiLtJ_T0057656	TGA	3070
MGP_NODShiLtJ_T0057663	TGA	572
MGP_NODShiLtJ_T0056627	TGA	4624
MGP_NODShiLtJ_T0056628	TGA	2788
MGP_NODShiLtJ_T0056629	TGA	4624
MGP_NODShiLtJ_T0056626	TGA	4624
MGP_NODShiLtJ_T0019418	TGA	294
MGP_NODShiLtJ_T0032053	TGA	21
MGP_NODShiLtJ_T0028172	TAG	158
MGP_NODShiLtJ_T0021952	TAG	321
MGP_NODShiLtJ_T0021955	TAG	97
MGP_NODShiLtJ_T0025444	TAG	760
MGP_NODShiLtJ_T0080181	TAG	28
MGP_NODShiLtJ_T0063226	TGA	515
MGP_NODShiLtJ_T0066511	TAA	49
MGP_NODShiLtJ_T0066510	TAA	122
MGP_NODShiLtJ_T0066512	TAA	8
MGP_NODShiLtJ_T0067564	TAA	703
MGP_NODShiLtJ_T0091985	TAG	241
MGP_NODShiLtJ_T0023311	TAA	1727
MGP_NODShiLtJ_T0071111	TGA	619
MGP_NODShiLtJ_T0071114	TGA	314
MGP_NODShiLtJ_T0053335	TAG	1756
MGP_NODShiLtJ_T0026678	TAG	1499
MGP_NODShiLtJ_T0024500	TGA	279
MGP_NODShiLtJ_T0025824	TGA	49
MGP_NODShiLtJ_T0071756	TAG	136
MGP_NODShiLtJ_T0071618	TAG	483
MGP_NODShiLtJ_T0080419	TAG	1837
MGP_NODShiLtJ_T0080404	TAA	334
MGP_NODShiLtJ_T0080403	TAA	227
MGP_NODShiLtJ_T0092797	TAA	1143
MGP_NODShiLtJ_T0092798	TAA	1141
MGP_NODShiLtJ_T0097347	TAA	219
MGP_NODShiLtJ_T0057048	TGA	1204
MGP_NODShiLtJ_T0087614	TGA	491
MGP_NODShiLtJ_T0094536	TGA	3623
MGP_NODShiLtJ_T0036151	TGA	763
MGP_NODShiLtJ_T0036152	TGA	763
MGP_NODShiLtJ_T0047189	TAG	330
MGP_NODShiLtJ_T0032981	TAG	2204
MGP_NODShiLtJ_T0073587	TAA	307
MGP_NODShiLtJ_T0023453	TAA	407
MGP_NODShiLtJ_T0055420	TAA	46
MGP_NODShiLtJ_T0039921	TGA	445
MGP_NODShiLtJ_T0092466	TAA	279
MGP_NODShiLtJ_T0092459	TAA	283
MGP_NODShiLtJ_T0080140	TGA	353
MGP_NODShiLtJ_T0080139	TAA	428
MGP_NODShiLtJ_T0080138	TAA	262
MGP_NODShiLtJ_T0041243	TAA	826
MGP_NODShiLtJ_T0034228	TGA	30
MGP_NODShiLtJ_T0033070	TGA	1991
MGP_NODShiLtJ_T0045281	TAA	1201
MGP_NODShiLtJ_T0077015	TAG	1189
MGP_NODShiLtJ_T0029089	TGA	172
MGP_NODShiLtJ_T0037759	TAG	2354
MGP_NODShiLtJ_T0031642	TGA	111
MGP_NODShiLtJ_T0031641	TGA	114
MGP_NODShiLtJ_T0031639	TGA	4267
MGP_NODShiLtJ_T0031640	TGA	4252
MGP_NODShiLtJ_T0060140	TGA	1889
MGP_NODShiLtJ_T0011696	TAA	331
MGP_NODShiLtJ_T0069637	TAA	433
MGP_NODShiLtJ_T0022907	TAA	270
MGP_NODShiLtJ_T0038874	TGA	558
MGP_NODShiLtJ_T0019190	TAG	881
MGP_NODShiLtJ_T0045772	TGA	41
MGP_NODShiLtJ_T0011704	TGA	358
MGP_NODShiLtJ_T0011705	TAA	87
MGP_NODShiLtJ_T0026715	TAA	22
MGP_NODShiLtJ_T0020456	TAA	229
MGP_NODShiLtJ_T0050295	TGA	86
MGP_NODShiLtJ_T0089953	TAA	114
MGP_NODShiLtJ_T0091309	TGA	85
MGP_NODShiLtJ_T0072262	TGA	38
MGP_NODShiLtJ_T0011682	TGA	310
MGP_NODShiLtJ_T0011685	TAA	122
MGP_NODShiLtJ_T0084462	TAA	718
MGP_NODShiLtJ_T0065127	TGA	237
MGP_NODShiLtJ_T0065126	TGA	237
MGP_NODShiLtJ_T0064402	TAA	315
MGP_NODShiLtJ_T0029488	TAA	585
MGP_NODShiLtJ_T0029489	TAA	585
MGP_NODShiLtJ_T0041190	TAG	411
MGP_NODShiLtJ_T0061886	TAA	268
MGP_NODShiLtJ_T0091742	TGA	290
MGP_NODShiLtJ_T0018668	TAA	1130
MGP_NODShiLtJ_T0028208	TAA	1569
MGP_NODShiLtJ_T0096872	TAA	1695
MGP_NODShiLtJ_T0086380	TAG	111
MGP_NODShiLtJ_T0034325	TAA	108
MGP_NODShiLtJ_T0034322	TAA	914
MGP_NODShiLtJ_T0030139	TGA	1198
MGP_NODShiLtJ_T0097400	TAA	1245
MGP_NODShiLtJ_T0046027	TGA	87
MGP_NODShiLtJ_T0046028	TGA	73
MGP_NODShiLtJ_T0025932	TGA	20
MGP_NODShiLtJ_T0023718	TGA	164
MGP_NODShiLtJ_T0021180	TGA	38
MGP_NODShiLtJ_T0069723	TAA	418
MGP_NODShiLtJ_T0069728	TGA	454
MGP_NODShiLtJ_T0085076	TAA	4
MGP_NODShiLtJ_T0020801	TGA	1104
MGP_NODShiLtJ_T0020802	TGA	504
MGP_NODShiLtJ_T0094940	TAA	2084
MGP_NODShiLtJ_T0096923	TGA	48
MGP_NODShiLtJ_T0037213	TAA	2403
MGP_NODShiLtJ_T0037926	TGA	1072
MGP_NODShiLtJ_T0086755	TGA	2883
MGP_NODShiLtJ_T0074557	TAA	204
MGP_NODShiLtJ_T0032636	TGA	452
MGP_NODShiLtJ_T0032629	TGA	1263
