PPAI009123-RA	TAA	499
PPAI009124-RA	TAG	43
PPAI009126-RA	TAA	803
PPAI009128-RA	TGA	192
PPAI001357-RA	TAA	22
PPAI001356-RA	TGA	183
PPAI001354-RA	TAG	207
PPAI001352-RA	TAA	91
PPAI001350-RA	TAG	398
PPAI010162-RA	TGA	15
PPAI010160-RA	TAG	262
PPAI010161-RA	TAA	83
PPAI010167-RA	TAA	410
PPAI010164-RA	TAA	24
PPAI004097-RA	TAG	76
PPAI004724-RA	TAG	142
PPAI004095-RA	TGA	58
PPAI004094-RA	TAA	482
PPAI004729-RA	TAA	142
PPAI004728-RA	TGA	362
PPAI008651-RA	TGA	358
PPAI000401-RA	TAA	71
PPAI006838-RA	TAA	167
PPAI000409-RA	TAA	636
PPAI004892-RA	TGA	136
PPAI004890-RA	TAG	370
PPAI004895-RA	TAA	22
PPAI008383-RA	TAG	114
PPAI008382-RA	TAG	233
PPAI008380-RA	TGA	187
PPAI007217-RA	TAA	51
PPAI006768-RA	TGA	196
PPAI006761-RA	TAA	56
PPAI006767-RA	TAA	60
PPAI002006-RA	TAG	510
PPAI002007-RA	TAA	153
PPAI013223-RA	TAA	515
PPAI007011-RA	TGA	13
PPAI007016-RA	TAA	84
PPAI007015-RA	TGA	91
PPAI006498-RA	TAA	113
PPAI006493-RA	TAA	578
PPAI006492-RA	TGA	395
PPAI008421-RA	TAA	66
PPAI008898-RA	TAG	113
PPAI008896-RA	TAG	727
PPAI008893-RA	TAG	77
PPAI008892-RA	TAA	359
PPAI008890-RA	TAA	15
PPAI010752-RA	TGA	24
PPAI010759-RA	TGA	100
PPAI003712-RA	TAA	371
PPAI005713-RA	TAA	40
PPAI005712-RA	TAG	65
PPAI005711-RA	TAA	127
PPAI005710-RA	TAA	46
PPAI005716-RA	TAA	173
PPAI010283-RA	TAA	459
PPAI010282-RA	TGA	2
PPAI010281-RA	TAA	1248
PPAI005998-RA	TAG	84
PPAI004000-RA	TAA	65
PPAI011159-RA	TAG	61
PPAI011155-RA	TAA	181
PPAI011156-RA	TAG	121
PPAI011157-RA	TAA	64
PPAI001728-RA	TGA	32
PPAI001729-RA	TAA	18
PPAI001726-RA	TGA	266
PPAI001727-RA	TAG	135
PPAI001725-RA	TAA	297
PPAI002576-RA	TAA	45
PPAI000099-RA	TGA	1846
PPAI000097-RA	TGA	52
PPAI000096-RA	TAG	43
PPAI002570-RA	TGA	153
PPAI009719-RA	TAA	139
PPAI009718-RA	TGA	326
PPAI009211-RA	TAA	611
PPAI005832-RA	TAA	221
PPAI004391-RA	TAA	68
PPAI004392-RA	TAA	2823
PPAI004398-RA	TAA	176
PPAI000896-RA	TAA	55
PPAI000894-RA	TAA	68
PPAI000893-RA	TGA	251
PPAI000892-RA	TAA	218
PPAI000679-RA	TAA	73
PPAI000678-RA	TAA	44
PPAI002578-RA	TAA	97
PPAI010999-RA	TGA	236
PPAI010995-RA	TAA	45
PPAI003270-RA	TAA	79
PPAI003271-RA	TGA	62
PPAI003276-RA	TGA	1597
PPAI004976-RA	TAG	82
PPAI004971-RA	TGA	274
PPAI004972-RA	TGA	150
PPAI008040-RA	TAA	111
PPAI004096-RA	TAA	644
PPAI004726-RA	TAG	33
PPAI003012-RA	TAA	223
PPAI003010-RA	TAG	206
PPAI006029-RA	TGA	124
PPAI005197-RA	TGA	64
PPAI005830-RA	TGA	320
PPAI002632-RA	TAG	130
PPAI003352-RA	TAG	277
PPAI005944-RA	TAG	64
PPAI009804-RA	TAA	124
PPAI009803-RA	TAA	68
PPAI009802-RA	TAA	97
PPAI002857-RA	TAA	211
PPAI007818-RA	TAA	175
PPAI000884-RA	TAG	198
PPAI005574-RA	TAG	879
PPAI005362-RA	TAA	35
PPAI005366-RA	TAA	283
PPAI005367-RA	TAA	225
PPAI005365-RA	TAA	454
PPAI000888-RA	TAG	453
PPAI004123-RA	TAA	112
PPAI010140-RA	TAA	394
PPAI005203-RA	TAA	1033
PPAI004122-RA	TAA	38
PPAI004121-RA	TGA	408
PPAI007577-RA	TGA	2379
PPAI004701-RA	TAA	33
PPAI008672-RA	TAA	59
PPAI008671-RA	TAA	299
PPAI008675-RA	TAA	216
PPAI008674-RA	TGA	44
PPAI000462-RA	TAA	26
PPAI006854-RA	TAA	180
PPAI006856-RA	TAG	131
PPAI006851-RA	TGA	95
PPAI004563-RA	TAA	113
PPAI004560-RA	TGA	60
PPAI005202-RA	TGA	26
PPAI000288-RA	TGA	155
PPAI000289-RA	TAA	45
PPAI000284-RA	TAG	423
PPAI000285-RA	TAA	94
PPAI009508-RA	TGA	189
PPAI006705-RA	TGA	95
PPAI009503-RA	TGA	211
PPAI009505-RA	TAA	30
PPAI002024-RA	TAA	54
PPAI002025-RA	TAA	298
PPAI004140-RA	TAA	624
PPAI007030-RA	TGA	176
PPAI007032-RA	TAG	154
PPAI002284-RA	TGA	1
PPAI002286-RA	TGA	102
PPAI004142-RA	TAA	98
PPAI003488-RA	TAA	148
PPAI003481-RA	TGA	50
PPAI003480-RA	TAG	338
PPAI003482-RA	TAG	293
PPAI003437-RA	TAA	128
PPAI003638-RA	TAA	299
PPAI005883-RA	TAA	843
PPAI005881-RA	TAA	142
PPAI005888-RA	TAA	223
PPAI010776-RA	TGA	409
PPAI003730-RA	TGA	97
PPAI005089-RA	TAG	43
PPAI005083-RA	TGA	317
PPAI005082-RA	TAA	477
PPAI005770-RA	TGA	1489
PPAI005773-RA	TAA	394
PPAI005772-RA	TGA	396
PPAI005778-RA	TGA	59
PPAI005233-RA	TAA	7
PPAI001873-RA	TAG	111
PPAI004023-RA	TAA	484
PPAI007427-RA	TAA	6
PPAI001256-RA	TAG	328
PPAI001257-RA	TAA	29
PPAI001255-RA	TAA	505
PPAI001708-RA	TAA	579
PPAI001258-RA	TAA	173
PPAI001259-RA	TAA	55
PPAI004021-RA	TGA	101
PPAI000078-RA	TAG	396
PPAI005238-RA	TAA	311
PPAI007424-RA	TGA	67
PPAI005239-RA	TGA	244
PPAI000617-RA	TAA	171
PPAI000611-RA	TAA	114
PPAI000612-RA	TAA	146
PPAI000619-RA	TAA	87
PPAI010971-RA	TGA	423
PPAI010974-RA	TAA	32
PPAI005677-RA	TAG	62
PPAI007422-RA	TGA	46
PPAI009374-RA	TGA	46
PPAI003255-RA	TAA	1126
PPAI003250-RA	TGA	119
PPAI003251-RA	TAA	92
PPAI003252-RA	TAA	77
PPAI009371-RA	TAG	195
PPAI003258-RA	TAA	58
PPAI004919-RA	TAA	57
PPAI003511-RA	TAA	72
PPAI004111-RA	TAG	77
PPAI006017-RA	TAA	104
PPAI006049-RA	TAA	411
PPAI003031-RA	TGA	342
PPAI006513-RA	TAA	259
PPAI003036-RA	TAG	366
PPAI003037-RA	TAG	62
PPAI007839-RA	TAG	19
PPAI006549-RA	TAA	183
PPAI002472-RA	TAG	7
PPAI004625-RA	TGA	9
PPAI004626-RA	TGA	68
PPAI009292-RA	TGA	39
PPAI003650-RA	TGA	90
PPAI004333-RA	TAA	400
PPAI004331-RA	TAA	345
PPAI009869-RA	TAG	141
PPAI003651-RA	TAA	84
PPAI002619-RA	TAA	75
PPAI002618-RA	TAA	82
PPAI002617-RA	TAA	146
PPAI009860-RA	TAG	50
PPAI009866-RA	TGA	336
PPAI005960-RA	TAG	64
PPAI005967-RA	TAA	39
PPAI007428-RA	TAG	764
PPAI009448-RA	TAA	32
PPAI009017-RA	TAA	76
PPAI005348-RA	TAA	126
PPAI005342-RA	TGA	49
PPAI010126-RA	TAA	464
PPAI010127-RA	TAA	63
PPAI010122-RA	TAA	495
PPAI001189-RA	TGA	152
PPAI007449-RA	TAG	81
PPAI001069-RA	TGA	40
PPAI004769-RA	TAA	19
PPAI001061-RA	TAG	73
PPAI004766-RA	TAG	44
PPAI001065-RA	TAA	91
PPAI008619-RA	TAG	21
PPAI008614-RA	TAA	154
PPAI008617-RA	TAG	96
PPAI000442-RA	TAA	194
PPAI000446-RA	TAA	34
PPAI000447-RA	TAG	177
PPAI004108-RA	TGA	410
PPAI004581-RA	TAA	533
PPAI004587-RA	TAA	465
PPAI004588-RA	TGA	165
PPAI006727-RA	TGA	34
PPAI009693-RA	TAG	217
PPAI009691-RA	TGA	182
PPAI009696-RA	TGA	113
PPAI007582-RA	TAA	54
PPAI006725-RA	TAG	208
PPAI006723-RA	TGA	782
PPAI003938-RA	TAG	161
PPAI007057-RA	TAA	151
PPAI007055-RA	TGA	272
PPAI006183-RA	TAA	96
PPAI006180-RA	TGA	79
PPAI005558-RA	TAA	492
PPAI006188-RA	TAA	473
PPAI002612-RA	TGA	21
PPAI008851-RA	TAA	10
PPAI010715-RA	TAG	235
PPAI010711-RA	TAA	673
PPAI010710-RA	TAA	105
PPAI010713-RA	TAA	370
PPAI003754-RA	TGA	124
PPAI003756-RA	TAG	465
PPAI003753-RA	TAA	122
PPAI007528-RA	TAA	33
PPAI008422-RA	TGA	101
PPAI009985-RA	TAA	506
PPAI009983-RA	TAA	30
PPAI004068-RA	TAA	69
PPAI008588-RA	TAA	28
PPAI005754-RA	TGA	199
PPAI005752-RA	TAG	95
PPAI005751-RA	TAA	172
PPAI005105-RA	TGA	90
PPAI006262-RA	TGA	21
PPAI002408-RA	TGA	299
PPAI006263-RA	TAA	399
PPAI009322-RA	TAA	220
PPAI009323-RA	TAA	78
PPAI009320-RA	TAG	122
PPAI006261-RA	TGA	914
PPAI004064-RA	TAA	166
PPAI006267-RA	TAA	182
PPAI006740-RA	TAA	111
PPAI010824-RA	TAA	62
PPAI010829-RA	TAA	221
PPAI009061-RA	TAA	28
PPAI009063-RA	TGA	38
PPAI009064-RA	TAG	96
PPAI009069-RA	TAG	178
PPAI009068-RA	TAA	392
PPAI001277-RA	TGA	728
PPAI001271-RA	TAG	171
PPAI001278-RA	TGA	133
PPAI001279-RA	TAG	322
PPAI000585-RA	TAA	23
PPAI000584-RA	TGA	291
PPAI000587-RA	TGA	93
PPAI000586-RA	TGA	222
PPAI000588-RA	TAG	47
PPAI001183-RA	TAA	38
PPAI001952-RA	TGA	205
PPAI001955-RA	TGA	76
PPAI010956-RA	TGA	73
PPAI001959-RA	TAA	345
PPAI001985-RA	TAG	16
PPAI000057-RA	TAA	171
PPAI003238-RA	TAG	60
PPAI003239-RA	TAG	589
PPAI003237-RA	TAA	557
PPAI010481-RA	TAG	347
PPAI010480-RA	TAG	338
PPAI010483-RA	TAG	373
PPAI010482-RA	TAA	62
PPAI004939-RA	TAA	291
PPAI004247-RA	TAA	103
PPAI004936-RA	TAA	43
PPAI004937-RA	TGA	326
PPAI008009-RA	TAA	85
PPAI008003-RA	TAG	314
PPAI008004-RA	TAA	98
PPAI010289-RA	TAA	23
PPAI000635-RA	TAG	463
PPAI006060-RA	TAA	131
PPAI006061-RA	TAG	320
PPAI006062-RA	TAA	282
PPAI003586-RA	TGA	394
PPAI002240-RA	TAA	147
PPAI002346-RA	TAA	433
PPAI007601-RA	TAA	84
PPAI002986-RA	TAG	62
PPAI002982-RA	TAA	23
PPAI002980-RA	TAA	73
PPAI006901-RA	TAG	135
PPAI002988-RA	TAA	83
PPAI002963-RA	TAG	293
PPAI006623-RA	TGA	111
PPAI001555-RA	TGA	1022
PPAI002187-RA	TGA	105
PPAI001553-RA	TAA	129
PPAI006621-RA	TGA	21
PPAI001552-RA	TAG	129
PPAI000971-RA	TGA	1333
PPAI000972-RA	TAA	675
PPAI009842-RA	TAA	15
PPAI002367-RA	TGA	49
PPAI000204-RA	TGA	43
PPAI000755-RA	TAG	6
PPAI006409-RA	TGA	49
PPAI000757-RA	TAG	78
PPAI006624-RA	TAA	133
PPAI007857-RA	TGA	29
PPAI007855-RA	TGA	410
PPAI001522-RA	TGA	177
PPAI004214-RA	TAA	40
PPAI006625-RA	TAA	51
PPAI002917-RA	TAA	73
PPAI004212-RA	TGA	68
PPAI005324-RA	TGA	313
PPAI005323-RA	TAA	84
PPAI010101-RA	TAA	93
PPAI010102-RA	TGA	155
PPAI010104-RA	TAG	136
PPAI003294-RA	TAA	62
PPAI003295-RA	TGA	125
PPAI003950-RA	TGA	351
PPAI004745-RA	TAA	81
PPAI004740-RA	TAA	320
PPAI001048-RA	TAA	187
PPAI004749-RA	TAA	402
PPAI003959-RA	TGA	519
PPAI006893-RA	TAG	21
PPAI000940-RA	TAA	105
PPAI000937-RA	TAG	308
PPAI000930-RA	TAG	79
PPAI003912-RA	TGA	22
PPAI003915-RA	TGA	286
PPAI009540-RA	TGA	290
PPAI007078-RA	TGA	51
PPAI010771-RA	TGA	38
PPAI005055-RA	TGA	607
PPAI007071-RA	TAA	205
PPAI007077-RA	TAG	679
PPAI002474-RA	TGA	853
PPAI003566-RA	TAA	832
PPAI006429-RA	TAA	67
PPAI005518-RA	TAA	298
PPAI005515-RA	TGA	346
PPAI008831-RA	TGA	14
PPAI005510-RA	TAA	231
PPAI005513-RA	TGA	523
PPAI003774-RA	TAA	1216
PPAI002790-RA	TAA	46
PPAI002797-RA	TAA	155
PPAI002421-RA	TAG	97
PPAI002422-RA	TAA	110
PPAI009041-RA	TAA	874
PPAI009044-RA	TGA	255
PPAI001219-RA	TAG	883
PPAI001216-RA	TAA	64
PPAI001212-RA	TAA	169
PPAI006121-RA	TGA	57
PPAI006424-RA	TGA	448
PPAI006124-RA	TAA	95
PPAI010939-RA	TAA	210
PPAI010938-RA	TAG	147
PPAI010936-RA	TAG	60
PPAI010932-RA	TAA	6
PPAI003409-RA	TAA	140
PPAI006425-RA	TAA	6
PPAI004482-RA	TAG	556
PPAI004483-RA	TGA	421
PPAI004484-RA	TAA	121
PPAI008795-RA	TAG	284
PPAI008797-RA	TAA	414
PPAI000039-RA	TAA	445
PPAI000034-RA	TAA	147
PPAI000037-RA	TAA	40
PPAI000031-RA	TGA	31
PPAI000030-RA	TGA	4
PPAI003214-RA	TAA	109
PPAI004265-RA	TAA	169
PPAI007688-RA	TGA	352
PPAI002577-RA	TAA	426
PPAI002161-RA	TGA	222
PPAI002164-RA	TAG	137
PPAI002167-RA	TAG	156
PPAI008669-RA	TAA	15
PPAI009825-RA	TAG	84
PPAI009824-RA	TAA	501
PPAI009820-RA	TAG	505
PPAI009823-RA	TGA	140
PPAI009822-RA	TAA	16
PPAI002308-RA	TAA	355
PPAI002685-RA	TAG	42
PPAI003341-RA	TGA	93
PPAI004417-RA	TAA	337
PPAI004393-RA	TAA	114
PPAI002689-RA	TAA	374
PPAI007463-RA	TAA	384
PPAI006951-RA	TAA	76
PPAI010691-RA	TAA	89
PPAI010692-RA	TAA	277
PPAI010693-RA	TAA	22
PPAI010696-RA	TAA	56
PPAI012833-RA	TGA	57
PPAI012830-RA	TAA	30
PPAI012836-RA	TAA	188
PPAI012836-RB	TAA	36
PPAI012834-RA	TAA	56
PPAI012835-RA	TAA	1
PPAI005658-RA	TGA	798
PPAI005653-RA	TGA	96
PPAI005656-RA	TAG	111
PPAI005654-RA	TAA	423
PPAI000676-RA	TAG	99
PPAI000890-RA	TAA	39
PPAI004411-RA	TAA	1144
PPAI001023-RA	TAA	149
PPAI002579-RA	TAA	54
PPAI001532-RA	TAG	139
PPAI004015-RA	TAA	100
PPAI000778-RA	TGA	74
PPAI000959-RA	TAA	404
PPAI000956-RA	TAA	121
PPAI000770-RA	TAA	137
PPAI000771-RA	TAA	451
PPAI009568-RA	TAA	165
PPAI009562-RA	TAA	250
PPAI003971-RA	TAA	134
PPAI009565-RA	TAG	48
PPAI009566-RA	TAA	262
PPAI005039-RA	TGA	67
PPAI005032-RA	TAG	92
PPAI009926-RA	TAG	175
PPAI004756-RA	TGA	300
PPAI004757-RA	TAA	238
PPAI008210-RA	TGA	372
PPAI008214-RA	TAG	70
PPAI008216-RA	TAA	266
PPAI005537-RA	TAA	369
PPAI003790-RA	TGA	1200
PPAI003794-RA	TGA	282
PPAI003796-RA	TAA	146
PPAI003799-RA	TGA	54
PPAI006328-RA	TAG	88
PPAI002446-RA	TAA	4
PPAI009362-RA	TGA	61
PPAI009368-RA	TAA	676
PPAI002449-RA	TGA	25
PPAI001043-RA	TGA	13
PPAI005793-RA	TAA	106
PPAI005797-RA	TAA	250
PPAI009028-RA	TGA	24
PPAI009026-RA	TAA	34
PPAI009021-RA	TAA	130
PPAI001230-RA	TAA	112
PPAI001233-RA	TGA	60
PPAI001235-RA	TAA	237
PPAI001239-RA	TGA	306
PPAI009790-RA	TGA	330
PPAI009799-RA	TAG	147
PPAI002468-RA	TGA	649
PPAI006712-RA	TGA	39
PPAI010311-RA	TGA	17
PPAI010316-RA	TAA	190
PPAI010916-RA	TAG	430
PPAI010915-RA	TGA	95
PPAI010914-RA	TAA	77
PPAI010913-RA	TGA	4
PPAI001046-RA	TAA	119
PPAI001942-RA	TAG	165
PPAI001943-RA	TAA	24
PPAI001941-RA	TAA	49
PPAI004466-RA	TAG	69
PPAI001944-RA	TAA	231
PPAI001945-RA	TAA	160
PPAI001491-RA	TGA	33
PPAI008771-RA	TAA	164
PPAI008775-RA	TGA	19
PPAI009344-RA	TAA	118
PPAI004654-RA	TAG	38
PPAI000016-RA	TAA	193
PPAI000015-RA	TGA	24
PPAI000019-RA	TAA	12
PPAI000018-RA	TAA	174
PPAI003896-RA	TAA	82
PPAI003890-RA	TAG	847
PPAI004207-RA	TAA	147
PPAI004200-RA	TAA	234
PPAI007110-RA	TGA	217
PPAI004209-RA	TAG	310
PPAI007009-RA	TAG	541
PPAI004656-RA	TAA	21
PPAI001461-RA	TAA	622
PPAI006020-RA	TAG	91
PPAI006021-RA	TAA	360
PPAI004651-RA	TAG	144
PPAI007453-RA	TAA	188
PPAI007102-RA	TAA	21
PPAI007456-RA	TAA	55
PPAI007108-RA	TAG	18
PPAI007109-RA	TAA	255
PPAI006539-RA	TAA	146
PPAI000338-RA	TAG	434
PPAI004653-RA	TAA	24
PPAI007459-RA	TAA	273
PPAI002142-RA	TGA	131
PPAI003096-RA	TGA	129
PPAI003094-RA	TAG	112
PPAI003095-RA	TGA	216
PPAI003093-RA	TGA	601
PPAI002858-RA	TGA	81
PPAI009809-RA	TAA	91
PPAI002324-RA	TGA	363
PPAI002323-RA	TAA	68
PPAI002322-RA	TAG	115
PPAI002321-RA	TAA	201
PPAI006528-RA	TAA	92
PPAI007253-RA	TAA	354
PPAI008127-RA	TAA	9
PPAI007254-RA	TAA	15
PPAI003824-RA	TAG	88
PPAI005493-RA	TGA	192
PPAI005494-RA	TGA	14
PPAI005497-RA	TAA	68
PPAI010670-RA	TAG	272
PPAI010671-RA	TAA	301
PPAI003632-RA	TGA	173
PPAI003636-RA	TAA	627
PPAI012818-RA	TAG	124
PPAI012819-RA	TGA	22
PPAI007256-RA	TAA	70
PPAI012815-RA	TAA	118
PPAI012817-RA	TAG	94
PPAI012812-RA	TGA	20
PPAI012813-RA	TAG	85
PPAI005679-RA	TGA	314
PPAI005674-RA	TGA	148
PPAI005676-RA	TAG	98
PPAI001322-RA	TGA	183
PPAI000743-RA	TGA	215
PPAI001004-RA	TAA	72
PPAI000203-RA	TAG	334
PPAI000206-RA	TAA	60
PPAI000207-RA	TAG	437
PPAI000976-RA	TGA	32
PPAI000741-RA	TAA	196
PPAI003955-RA	TAG	230
PPAI003953-RA	TGA	185
PPAI006214-RA	TAG	237
PPAI001601-RA	TAA	29
PPAI004698-RA	TGA	23
PPAI004690-RA	TAA	225
PPAI004692-RA	TGA	10
PPAI004694-RA	TGA	32
PPAI004696-RA	TAA	730
PPAI000745-RA	TGA	1629
PPAI003401-RA	TAG	327
PPAI006127-RA	TAA	20
PPAI006126-RA	TAA	122
PPAI006699-RA	TGA	117
PPAI010259-RA	TAA	63
PPAI008238-RA	TAA	327
PPAI005118-RA	TAA	202
PPAI001605-RA	TAA	646
PPAI006341-RA	TAA	28
PPAI006349-RA	TAA	430
PPAI001604-RA	TAA	17
PPAI008430-RA	TAA	388
PPAI005112-RA	TGA	631
PPAI005117-RA	TAA	7
PPAI007673-RA	TAA	150
PPAI005803-RA	TAA	52
PPAI005801-RA	TGA	2
PPAI005807-RA	TAG	43
PPAI005806-RA	TAA	45
PPAI009349-RA	TAA	86
PPAI009340-RA	TAG	48
PPAI002462-RA	TAA	145
PPAI002463-RA	TGA	119
PPAI002464-RA	TGA	131
PPAI010585-RA	TGA	515
PPAI006274-RA	TAG	38
PPAI009905-RA	TAA	130
PPAI010583-RA	TGA	372
PPAI009007-RA	TAA	75
PPAI003358-RA	TAA	38
PPAI006154-RA	TGA	50
PPAI009009-RA	TAA	65
PPAI009008-RA	TAA	96
PPAI009902-RA	TAA	682
PPAI007676-RA	TAA	129
PPAI010088-RA	TAA	746
PPAI010081-RA	TAA	118
PPAI010082-RA	TAG	81
PPAI006836-RA	TAG	87
PPAI005119-RA	TGA	508
PPAI008432-RA	TAA	81
PPAI008435-RA	TGA	145
PPAI010333-RA	TAA	110
PPAI010336-RA	TAA	31
PPAI010335-RA	TAA	62
PPAI010334-RA	TAG	163
PPAI009901-RA	TAG	34
PPAI001963-RA	TAA	659
PPAI004197-RA	TAA	9
PPAI004199-RA	TAA	439
PPAI000569-RA	TAG	173
PPAI001968-RA	TGA	131
PPAI000565-RA	TAA	44
PPAI001969-RA	TAA	800
PPAI006976-RA	TAG	41
PPAI006974-RA	TAA	180
PPAI006978-RA	TGA	302
PPAI004228-RA	TGA	182
PPAI004229-RA	TAA	257
PPAI004998-RA	TAG	469
PPAI004221-RA	TAA	204
PPAI004226-RA	TAA	122
PPAI000699-RA	TGA	15
PPAI000694-RA	TAA	261
PPAI000696-RA	TAA	144
PPAI000693-RA	TAA	129
PPAI000692-RA	TAG	210
PPAI000562-RA	TGA	400
PPAI005091-RA	TAG	51
PPAI008759-RA	TAA	92
PPAI002958-RA	TAA	349
PPAI000564-RA	TAA	69
PPAI002778-RA	TAA	72
PPAI004043-RA	TGA	170
PPAI002779-RA	TAA	181
PPAI001564-RA	TAA	504
PPAI002129-RA	TAG	97
PPAI002128-RA	TAA	529
PPAI013302-RA	TAA	206
PPAI007751-RA	TAA	70
PPAI003174-RA	TGA	277
PPAI006597-RA	TGA	1237
PPAI002697-RA	TAA	335
PPAI002872-RA	TAA	253
PPAI002871-RA	TGA	55
PPAI002874-RA	TAA	293
PPAI000965-RA	TAA	196
PPAI000214-RA	TAA	739
PPAI010533-RA	TAA	57
PPAI010534-RA	TGA	192
PPAI010537-RA	TGA	399
PPAI004995-RA	TGA	44
PPAI005470-RA	TGA	82
PPAI005471-RA	TAG	111
PPAI004991-RA	TGA	361
PPAI010654-RA	TGA	283
PPAI010650-RA	TAA	272
PPAI010652-RA	TGA	335
PPAI001614-RA	TAA	2
PPAI004240-RA	TAA	156
PPAI005617-RA	TAA	233
PPAI005612-RA	TAA	83
PPAI005613-RA	TGA	850
PPAI007586-RA	TGA	348
PPAI004245-RA	TAG	64
PPAI000690-RA	TAA	353
PPAI005114-RA	TAA	668
PPAI001143-RA	TAA	68
PPAI003514-RA	TAA	107
PPAI007968-RA	TGA	26
PPAI007961-RA	TAA	243
PPAI007275-RA	TAA	107
PPAI009618-RA	TGA	123
PPAI001577-RA	TAA	19
PPAI001572-RA	TAA	243
PPAI001578-RA	TGA	159
PPAI007505-RA	TGA	164
PPAI007506-RA	TGA	160
PPAI008034-RA	TAA	111
PPAI000486-RA	TAA	85
PPAI008037-RA	TAA	51
PPAI003578-RA	TGA	25
PPAI003570-RA	TAA	195
PPAI006103-RA	TGA	154
PPAI006101-RA	TAA	171
PPAI006105-RA	TAA	95
PPAI003576-RA	TAA	513
PPAI008256-RA	TAG	98
PPAI008251-RA	TGA	360
PPAI008250-RA	TAG	13
PPAI006369-RA	TAA	15
PPAI006360-RA	TAA	421
PPAI007665-RA	TAG	851
PPAI006238-RA	TGA	328
PPAI009846-RA	TAG	390
PPAI009199-RA	TGA	113
PPAI007749-RA	TAG	34
PPAI009198-RA	TAA	5
PPAI005869-RA	TAG	391
PPAI005867-RA	TAA	204
PPAI005866-RA	TGA	35
PPAI005861-RA	TAA	49
PPAI002483-RA	TAA	308
PPAI002481-RA	TAA	163
PPAI002484-RA	TAA	150
PPAI002489-RA	TAA	306
PPAI009238-RA	TAA	24
PPAI002229-RA	TGA	148
PPAI011146-RA	TAA	43
PPAI011145-RA	TAA	211
PPAI005288-RA	TAA	41
PPAI000648-RB	TAA	55
PPAI000648-RA	TAG	53
PPAI006818-RA	TGA	143
PPAI009946-RA	TAA	88
PPAI005282-RA	TAA	94
PPAI005284-RA	TGA	490
PPAI005287-RA	TAA	188
PPAI009947-RA	TGA	143
PPAI009945-RA	TGA	73
PPAI005131-RA	TAG	139
PPAI005136-RA	TGA	298
PPAI010357-RA	TAA	338
PPAI010350-RA	TAG	56
PPAI010353-RA	TAA	244
PPAI010352-RA	TAA	120
PPAI003430-RA	TAG	136
PPAI006112-RA	TAG	790
PPAI004426-RA	TAG	81
PPAI001904-RA	TGA	336
PPAI001902-RA	TGA	42
PPAI008738-RA	TAA	138
PPAI008737-RA	TAG	93
PPAI008732-RA	TAG	69
PPAI008733-RA	TAA	166
PPAI008730-RA	TAG	65
PPAI000509-RA	TGA	95
PPAI000504-RA	TAA	120
PPAI006178-RA	TAA	9
PPAI007594-RA	TAG	42
PPAI006686-RA	TAA	46
PPAI001638-RA	TAA	205
PPAI001636-RA	TAA	40
PPAI001631-RA	TGA	106
PPAI001632-RA	TAA	88
PPAI008080-RA	TAA	33
PPAI008086-RA	TAA	71
PPAI008089-RA	TAG	48
PPAI011002-RA	TAA	75
PPAI011000-RA	TAA	128
PPAI011001-RA	TAG	21
PPAI011006-RA	TGA	213
PPAI011007-RA	TAA	49
PPAI011004-RA	TGA	395
PPAI007197-RA	TAA	76
PPAI007193-RA	TAA	46
PPAI003856-RA	TAA	313
PPAI003855-RA	TGA	89
PPAI009426-RA	TGA	71
PPAI008241-RA	TGA	135
PPAI002109-RA	TGA	42
PPAI002108-RA	TAG	389
PPAI007773-RA	TAG	88
PPAI007772-RA	TAA	94
PPAI007776-RA	TAA	215
PPAI007774-RA	TAG	214
PPAI002873-RA	TAG	10
PPAI010511-RA	TGA	276
PPAI010515-RA	TGA	303
PPAI006850-RA	TAG	387
PPAI010632-RA	TAA	193
PPAI003675-RA	TAA	545
PPAI003670-RA	TAA	75
PPAI011058-RA	TAG	50
PPAI005630-RA	TGA	127
PPAI005633-RA	TAA	319
PPAI010181-RA	TAG	509
PPAI010182-RA	TAA	83
PPAI010184-RA	TAA	544
PPAI010185-RA	TAA	95
PPAI010188-RA	TAA	178
PPAI006565-RA	TAA	291
PPAI007946-RA	TAA	141
PPAI007947-RA	TGA	118
PPAI007942-RA	TAG	10
PPAI009632-RA	TAA	154
PPAI009638-RA	TAA	74
PPAI001511-RA	TAG	129
PPAI001510-RA	TAG	80
PPAI002311-RA	TGA	519
PPAI001515-RA	TAA	181
PPAI000248-RA	TGA	264
PPAI000710-RA	TAA	143
PPAI003446-RA	TGA	88
PPAI006161-RA	TAA	432
PPAI003443-RA	TGA	183
PPAI005479-RA	TAA	223
PPAI008270-RA	TAG	224
PPAI006381-RA	TAG	23
PPAI006383-RA	TAA	316
PPAI006382-RA	TGA	389
PPAI006445-RA	TAG	67
PPAI000862-RA	TAA	22
PPAI000863-RA	TAA	188
PPAI000861-RA	TGA	316
PPAI000866-RA	TAA	46
PPAI000864-RA	TAG	1504
PPAI007215-RA	TAG	57
PPAI002712-RA	TGA	242
PPAI002711-RA	TAA	74
PPAI002714-RA	TAA	314
PPAI005846-RA	TAG	141
PPAI002069-RA	TGA	592
PPAI009502-RA	TAA	70
PPAI004473-RA	TAA	55
PPAI005154-RA	TGA	58
PPAI005156-RA	TAA	324
PPAI010375-RA	TAA	56
PPAI010373-RA	TGA	72
PPAI004403-RA	TAA	286
PPAI001925-RA	TAA	138
PPAI001927-RA	TAG	451
PPAI001928-RA	TAA	103
PPAI001383-RA	TAA	136
PPAI000524-RA	TAG	452
PPAI000529-RA	TAA	65
PPAI000528-RA	TAA	191
PPAI002471-RA	TAG	141
PPAI001454-RA	TAA	367
PPAI001654-RA	TAG	21
PPAI001653-RA	TAA	172
PPAI001650-RA	TGA	142
PPAI001659-RA	TAG	117
PPAI007219-RA	TAA	187
PPAI008902-RA	TAA	187
PPAI008835-RA	TAA	89
PPAI011028-RA	TAA	109
PPAI011024-RA	TAA	785
PPAI011026-RA	TGA	54
PPAI011020-RA	TAA	703
PPAI003003-RA	TAA	200
PPAI000320-RA	TAA	373
PPAI003329-RA	TGA	449
PPAI000491-RA	TAA	556
PPAI000382-RA	TAA	172
PPAI013087-RA	TAA	138
PPAI007174-RA	TAG	454
PPAI007178-RA	TGA	37
PPAI000389-RA	TAA	35
PPAI013088-RA	TAA	60
PPAI000495-RA	TAG	81
PPAI006529-RA	TAA	84
PPAI003008-RA	TGA	31
PPAI003877-RA	TAA	63
PPAI009406-RA	TGA	111
PPAI009405-RA	TAG	303
PPAI009409-RA	TAA	238
PPAI003878-RA	TAA	89
PPAI001455-RA	TGA	87
PPAI004645-RA	TAA	70
PPAI004642-RA	TAA	549
PPAI007716-RA	TGA	56
PPAI004640-RA	TAA	1193
PPAI001775-RA	TAA	5
PPAI008159-RA	TGA	335
PPAI010575-RA	TGA	242
PPAI010574-RA	TGA	128
PPAI010576-RA	TAA	59
PPAI010578-RA	TGA	6
PPAI005438-RA	TAA	73
PPAI005437-RA	TAG	785
PPAI005435-RA	TAA	75
PPAI005433-RA	TGA	737
PPAI010612-RA	TAA	847
PPAI003123-RA	TAG	247
PPAI003120-RA	TGA	261
PPAI003127-RA	TAA	34
PPAI002389-RA	TGA	29
PPAI002839-RA	TAA	331
PPAI002836-RA	TAA	127
PPAI002380-RA	TAA	441
PPAI002382-RA	TAG	107
PPAI005380-RA	TAA	92
PPAI005381-RA	TAA	143
PPAI005384-RA	TAA	492
PPAI005387-RA	TAA	323
PPAI006114-RA	TAA	36
PPAI002521-RA	TAG	85
PPAI002520-RA	TAA	42
PPAI002522-RA	TAA	1017
PPAI009246-RA	TAG	22
PPAI010802-RA	TAA	112
PPAI000146-RA	TAG	157
PPAI010807-RA	TAG	666
PPAI009657-RA	TGA	26
PPAI009650-RA	TAA	321
PPAI007171-RA	TGA	192
PPAI001557-RA	TGA	297
PPAI004361-RA	TAA	17
PPAI004360-RA	TAA	84
PPAI004364-RA	TAA	430
PPAI004367-RA	TAG	387
PPAI000262-RA	TAA	296
PPAI000266-RA	TAA	146
PPAI000267-RA	TAA	86
PPAI000269-RA	TAA	307
PPAI006146-RA	TAA	135
PPAI003465-RA	TAA	79
PPAI003463-RA	TAG	350
PPAI003462-RA	TAA	18
PPAI006140-RA	TAG	41
PPAI006639-RA	TGA	156
PPAI003469-RA	TAA	205
PPAI013141-RA	TAA	52
PPAI013144-RA	TGA	365
PPAI013146-RA	TGA	5
PPAI000844-RA	TGA	174
PPAI005124-RA	TGA	41
PPAI010778-RA	TAG	298
PPAI005125-RA	TAA	78
PPAI005887-RA	TAA	164
PPAI005127-RA	TAG	38
PPAI005556-RA	TGA	179
PPAI002733-RA	TAA	172
PPAI002738-RA	TAA	165
PPAI002603-RA	TAA	116
PPAI002356-RA	TAA	57
PPAI002354-RA	TGA	204
PPAI006244-RA	TAA	312
PPAI010844-RA	TGA	222
PPAI006794-RA	TAG	239
PPAI006247-RA	TAA	90
PPAI006240-RA	TAA	294
PPAI010840-RA	TAA	97
PPAI009006-RA	TGA	23
PPAI010842-RA	TAG	198
PPAI001978-RA	TAA	201
PPAI007226-RA	TAG	1
PPAI010848-RA	TAA	104
PPAI001972-RA	TAA	16
PPAI001971-RA	TAA	77
PPAI008909-RA	TGA	806
PPAI001975-RA	TAA	58
PPAI005175-RA	TAA	283
PPAI005174-RA	TAA	54
PPAI005171-RA	TAA	523
PPAI010390-RA	TGA	53
PPAI010395-RA	TAA	260
PPAI004174-RA	TAA	238
PPAI004175-RA	TAA	49
PPAI004177-RA	TAG	346
PPAI001411-RA	TGA	287
PPAI004172-RA	TAA	63
PPAI004179-RA	TAA	266
PPAI008859-RA	TAA	2
PPAI006997-RA	TAA	92
PPAI006998-RA	TAA	225
PPAI004188-RA	TAA	46
PPAI011044-RA	TAA	122
PPAI011040-RA	TAA	119
PPAI002942-RA	TAA	73
PPAI007152-RA	TAA	414
PPAI002940-RA	TGA	131
PPAI007488-RA	TGA	562
PPAI003814-RA	TGA	69
PPAI001679-RA	TGA	137
PPAI009467-RA	TAA	125
PPAI009461-RA	TAA	113
PPAI004289-RA	TAA	431
PPAI001672-RA	TGA	420
PPAI001674-RA	TAA	194
PPAI001675-RA	TAG	142
PPAI001676-RA	TAA	277
PPAI007228-RA	TAG	83
PPAI004051-RA	TAA	94
PPAI007739-RA	TAG	63
PPAI000101-RA	TAA	222
PPAI000103-RA	TAA	9
PPAI000105-RA	TGA	34
PPAI006426-RA	TAA	48
PPAI001579-RA	TAG	526
PPAI006270-RA	TAA	110
PPAI007504-RA	TAA	152
PPAI000256-RA	TAA	86
PPAI006289-RA	TAA	312
PPAI010800-RA	TAA	59
PPAI004822-RA	TAA	146
PPAI004826-RA	TGA	75
PPAI004985-RA	TAA	53
PPAI008331-RA	TAA	62
PPAI008337-RA	TGA	467
PPAI008334-RA	TAA	108
PPAI005410-RA	TGA	794
PPAI005416-RA	TGA	114
PPAI003108-RA	TAA	763
PPAI003104-RA	TGA	336
PPAI003106-RA	TGA	80
PPAI003102-RA	TGA	166
PPAI003103-RA	TGA	113
PPAI008856-RA	TAA	64
PPAI009887-RA	TGA	423
PPAI009886-RA	TAA	127
PPAI009885-RA	TAA	6
PPAI009884-RA	TAA	438
PPAI009883-RA	TAA	81
PPAI009881-RA	TGA	89
PPAI009889-RA	TAG	154
PPAI009888-RA	TAA	638
PPAI002502-RA	TAG	11
PPAI009266-RA	TGA	213
PPAI007901-RA	TAA	234
PPAI007906-RA	TAG	83
PPAI009674-RA	TGA	148
PPAI009676-RA	TAA	20
PPAI001085-RA	TAA	516
PPAI001082-RA	TGA	180
PPAI010239-RA	TAA	251
PPAI010232-RA	TAA	175
PPAI010233-RA	TAA	41
PPAI010230-RA	TAA	88
PPAI010231-RA	TGA	60
PPAI010234-RA	TGA	19
PPAI006136-RA	TGA	244
PPAI001887-RA	TAA	683
PPAI001885-RA	TAA	192
PPAI001882-RA	TAG	126
PPAI004615-RA	TGA	676
PPAI004618-RA	TGA	383
PPAI008100-RA	TGA	29
PPAI008104-RA	TAG	767
PPAI013165-RA	TGA	460
PPAI007186-RA	TAA	50
PPAI000827-RA	TAA	132
PPAI000822-RA	TAA	120
PPAI000823-RA	TGA	109
PPAI000828-RA	TAA	489
PPAI006618-RA	TGA	223
PPAI006613-RA	TGA	416
PPAI006614-RA	TAG	183
PPAI002758-RA	TAA	52
PPAI002759-RA	TAA	210
PPAI002755-RA	TGA	25
PPAI002975-RA	TAA	409
PPAI002547-RA	TGA	188
PPAI009950-RA	TAA	436
PPAI005993-RA	TGA	73
PPAI005994-RA	TAA	143
PPAI005997-RA	TGA	112
PPAI005996-RA	TAG	412
PPAI010001-RA	TGA	59
PPAI010000-RA	TAA	736
PPAI010009-RA	TGA	55
PPAI008923-RA	TAA	270
PPAI008922-RA	TAG	628
PPAI008926-RA	TAA	249
PPAI005198-RA	TAA	478
PPAI008929-RA	TAA	193
PPAI007765-RA	TAA	200
PPAI004776-RA	TAG	1158
PPAI011063-RA	TAA	369
PPAI011065-RA	TGA	661
PPAI011066-RA	TGA	127
PPAI011067-RA	TAG	60
PPAI009195-RA	TAG	184
PPAI009191-RA	TAG	127
PPAI003830-RA	TAG	94
PPAI003834-RA	TAG	225
PPAI009443-RA	TAA	62
PPAI001692-RA	TGA	111
PPAI001693-RA	TAA	13
PPAI001690-RA	TAG	77
PPAI001691-RA	TAA	84
PPAI001695-RA	TAA	153
PPAI000123-RA	TAA	398
PPAI000121-RA	TAA	196
PPAI000126-RA	TGA	171
PPAI000125-RA	TAG	266
PPAI000129-RA	TGA	243
PPAI006885-RA	TAA	36
PPAI010822-RA	TAG	41
PPAI010820-RA	TGA	100
PPAI010827-RA	TAA	91
PPAI010826-RA	TAA	555
PPAI010825-RA	TAA	314
PPAI006265-RA	TAA	160
PPAI006268-RA	TAA	38
PPAI006269-RA	TAA	51
PPAI006104-RA	TAA	166
PPAI004809-RA	TAG	81
PPAI004805-RA	TGA	6
PPAI004801-RA	TAG	6
PPAI008311-RA	TAG	278
PPAI008312-RA	TAA	125
PPAI003166-RA	TAA	214
PPAI003167-RA	TAA	285
PPAI003161-RA	TAG	193
PPAI003698-RA	TAA	229
PPAI003169-RA	TAA	37
PPAI002253-RA	TAA	332
PPAI002251-RA	TAA	98
PPAI009207-RA	TAA	255
PPAI002560-RA	TGA	32
PPAI009203-RA	TAA	359
PPAI009209-RA	TGA	310
PPAI005695-RA	TAA	48
PPAI005693-RA	TGA	271
PPAI008558-RA	TAA	99
PPAI008559-RA	TAA	88
PPAI008552-RA	TAA	127
PPAI008557-RA	TGA	106
PPAI010214-RA	TAA	167
PPAI010215-RA	TAG	448
PPAI010216-RA	TAA	907
PPAI010210-RA	TAG	348
PPAI001861-RA	TAG	449
PPAI001863-RA	TGA	429
PPAI004638-RA	TGA	29
PPAI004630-RA	TGA	136
PPAI004637-RA	TAA	97
PPAI004636-RA	TAA	229
PPAI004635-RA	TAG	206
PPAI004634-RA	TGA	208
PPAI004324-RA	TAG	121
PPAI004327-RA	TAG	24
PPAI004326-RA	TAA	203
PPAI008123-RA	TAA	65
PPAI008122-RA	TAA	122
PPAI008120-RA	TGA	76
PPAI008576-RA	TAA	26
PPAI008879-RA	TAG	35
PPAI013103-RB	TAA	170
PPAI013103-RA	TGA	328
PPAI013102-RA	TGA	99
PPAI013108-RA	TAA	520
PPAI000800-RA	TGA	239
PPAI000801-RA	TAG	103
PPAI000802-RA	TAG	61
PPAI000803-RA	TAA	147
PPAI000805-RA	TGA	126
PPAI006678-RA	TAA	415
PPAI006676-RA	TAA	169
PPAI006673-RA	TAA	128
PPAI002770-RA	TGA	8
PPAI002771-RA	TAA	22
PPAI002772-RA	TAA	145
PPAI002959-RA	TGA	75
PPAI002954-RA	TAA	138
PPAI002956-RA	TAA	83
PPAI002950-RA	TAG	181
PPAI002951-RA	TAA	154
PPAI002338-RA	TAG	1088
PPAI010450-RA	TAA	67
PPAI010456-RA	TAA	61
PPAI001843-RA	TAA	199
PPAI004917-RA	TAA	313
PPAI006090-RA	TGA	139
PPAI006095-RA	TAA	117
PPAI006094-RA	TAA	453
PPAI006097-RA	TAA	153
PPAI006096-RA	TAA	548
PPAI000966-RA	TAA	337
PPAI005201-RA	TAG	66
PPAI005200-RA	TAA	38
PPAI005208-RA	TAG	171
PPAI008499-RA	TAA	513
PPAI006736-RA	TGA	1877
PPAI008492-RA	TGA	62
PPAI008491-RA	TAG	265
PPAI008490-RA	TAA	91
PPAI008497-RA	TAA	17
PPAI008494-RA	TAA	263
PPAI008945-RA	TGA	57
PPAI008947-RA	TAA	96
PPAI008946-RA	TGA	202
PPAI006518-RA	TAA	74
PPAI009236-RA	TAA	13
PPAI006519-RA	TAA	28
PPAI005836-RA	TAA	306
PPAI005943-RA	TAA	227
PPAI009237-RA	TGA	139
PPAI001330-RA	TAA	159
PPAI006510-RA	TGA	122
PPAI001332-RA	TGA	585
PPAI006511-RA	TAA	251
PPAI005834-RA	TAA	53
PPAI006514-RA	TGA	389
PPAI002332-RA	TAG	197
PPAI011082-RA	TAA	63
PPAI011081-RA	TGA	306
PPAI011086-RA	TAG	257
PPAI011087-RA	TAA	150
PPAI011084-RA	TAA	277
PPAI011085-RA	TAA	92
PPAI001321-RA	TAA	19
PPAI001326-RA	TAG	413
PPAI004139-RA	TGA	292
PPAI001328-RA	TAG	160
PPAI000321-RA	TGA	155
PPAI000322-RA	TAA	196
PPAI000324-RA	TGA	226
PPAI000498-RA	TAG	479
PPAI007470-RA	TAA	31
PPAI001153-RA	TAA	171
PPAI000144-RA	TAA	206
PPAI001152-RA	TAA	107
PPAI000141-RA	TAA	228
PPAI000142-RA	TGA	220
PPAI001155-RA	TAA	253
PPAI000148-RA	TAG	102
PPAI001926-RA	TAA	13
PPAI001157-RA	TAA	489
PPAI004798-RA	TAA	99
PPAI004797-RA	TAA	124
PPAI010598-RA	TAG	56
PPAI010593-RA	TAA	153
PPAI010597-RA	TAA	122
PPAI010596-RA	TAG	98
PPAI010595-RA	TAA	182
PPAI010843-RA	TGA	342
PPAI006248-RA	TAA	86
PPAI006799-RA	TAG	94
PPAI004867-RA	TGA	45
PPAI004868-RA	TAA	135
PPAI004869-RA	TAA	303
PPAI008376-RA	TAA	138
PPAI008377-RA	TAA	315
PPAI003141-RA	TGA	946
PPAI002899-RA	TAA	432
PPAI002895-RA	TAA	431
PPAI002890-RA	TGA	151
PPAI002096-RA	TAG	99
PPAI002092-RA	TGA	141
PPAI002099-RA	TAA	28
PPAI009377-RA	TAA	45
PPAI002549-RA	TGA	52
PPAI002548-RA	TGA	125
PPAI009951-RA	TAG	553
PPAI002545-RA	TAG	784
PPAI009952-RA	TAA	277
PPAI007255-RA	TGA	737
PPAI009373-RA	TAG	123
PPAI009372-RA	TGA	178
PPAI010274-RA	TAG	60
PPAI010278-RA	TAA	147
PPAI001849-RA	TAG	240
PPAI001842-RA	TGA	227
PPAI001841-RA	TAA	51
PPAI001847-RA	TAG	264
PPAI002271-RA	TAA	378
PPAI001159-RA	TAA	73
PPAI001158-RA	TAA	302
PPAI004659-RA	TAA	410
PPAI004308-RA	TAG	169
PPAI004307-RA	TGA	470
PPAI004305-RA	TAG	13
PPAI004304-RA	TAA	106
PPAI004303-RA	TAG	2
PPAI006413-RA	TAG	230
PPAI008144-RA	TGA	193
PPAI008146-RA	TAG	117
PPAI008141-RA	TAA	184
PPAI000791-RA	TAG	298
PPAI004062-RA	TAG	271
PPAI013123-RA	TGA	2
PPAI009769-RA	TAA	23
PPAI009762-RA	TAA	124
PPAI009760-RA	TAG	200
PPAI009761-RA	TAA	106
PPAI009764-RA	TAG	621
PPAI007650-RA	TGA	54
PPAI007651-RA	TAA	93
PPAI007653-RA	TAA	102
PPAI002348-RA	TAG	80
PPAI008025-RA	TAA	295
PPAI006655-RA	TAG	114
PPAI002937-RA	TAA	777
PPAI002933-RA	TAA	107
PPAI008843-RA	TAG	57
PPAI002939-RA	TAA	125
PPAI003378-RA	TAA	41
PPAI002340-RA	TGA	740
PPAI002343-RA	TAA	87
PPAI002342-RA	TAA	450
PPAI010477-RA	TAG	795
PPAI010472-RA	TGA	248
PPAI010872-RA	TAA	187
PPAI010873-RA	TAA	216
PPAI010874-RA	TAA	63
PPAI003376-RA	TAG	54
PPAI003375-RA	TAA	143
PPAI010877-RA	TGA	554
PPAI003553-RA	TAA	400
PPAI003554-RA	TAG	164
PPAI003558-RA	TGA	150
PPAI007655-RA	TGA	192
PPAI010044-RA	TAG	68
PPAI010042-RA	TGA	174
PPAI001908-RA	TGA	160
PPAI008968-RA	TAG	49
PPAI008961-RA	TGA	285
PPAI008365-RA	TGA	84
PPAI008363-RA	TAA	328
PPAI009155-RA	TAA	270
PPAI009159-RA	TAA	79
PPAI000174-RA	TAA	92
PPAI001300-RA	TGA	138
PPAI001308-RA	TAA	8
PPAI001309-RA	TGA	10
PPAI006954-RA	TAA	44
PPAI006956-RA	TAG	41
PPAI009483-RA	TGA	26
PPAI009484-RA	TAA	58
PPAI006439-RA	TAA	30
PPAI002931-RA	TGA	369
PPAI006434-RA	TAA	203
PPAI006432-RA	TGA	383
PPAI007833-RA	TAA	485
PPAI008682-RA	TAA	267
PPAI008683-RA	TAA	44
PPAI008681-RA	TGA	272
PPAI007460-RA	TGA	47
PPAI007467-RA	TGA	105
PPAI007466-RA	TAA	660
PPAI010868-RA	TAA	96
PPAI003307-RA	TAA	395
PPAI003305-RA	TGA	109
PPAI006222-RA	TGA	4
PPAI006221-RA	TAG	102
PPAI004848-RA	TGA	113
PPAI004512-RA	TAA	107
PPAI004516-RA	TAA	6
PPAI004514-RA	TAA	66
PPAI004515-RA	TGA	97
PPAI008354-RA	TAA	255
PPAI007798-RA	TAG	264
PPAI000166-RA	TGA	168
PPAI000165-RA	TAG	42
PPAI000161-RA	TAA	92
PPAI000160-RA	TAG	55
PPAI001909-RA	TAA	238
PPAI007758-RA	TAG	270
PPAI000942-RA	TGA	85
PPAI008088-RA	TGA	115
PPAI003322-RA	TGA	187
PPAI010473-RA	TAA	21
PPAI003324-RA	TGA	135
PPAI009973-RA	TAA	26
PPAI009972-RA	TAG	35
PPAI009974-RA	TAG	79
PPAI009979-RA	TAA	269
PPAI009978-RA	TAA	235
PPAI004035-RA	TAA	47
PPAI003327-RA	TGA	43
PPAI010785-RA	TAA	166
PPAI010783-RA	TAG	221
PPAI002684-RA	TGA	8
PPAI008516-RA	TGA	90
PPAI008514-RA	TAG	190
PPAI008511-RA	TAA	127
PPAI010250-RA	TAG	217
PPAI001829-RA	TAA	102
PPAI001794-RA	TGA	135
PPAI001793-RA	TAA	933
PPAI001823-RA	TAA	118
PPAI001172-RA	TAA	29
PPAI001176-RA	TGA	51
PPAI001175-RA	TGA	143
PPAI004670-RA	TAA	283
PPAI008163-RA	TGA	63
PPAI008161-RA	TGA	115
PPAI008169-RA	TGA	342
PPAI011128-RA	TAA	117
PPAI011124-RA	TGA	214
PPAI002318-RA	TAG	208
PPAI009748-RA	TGA	257
PPAI009745-RA	TAA	384
PPAI009747-RA	TAA	57
PPAI009742-RA	TGA	148
PPAI009743-RA	TAA	478
PPAI007324-RA	TAA	100
PPAI007637-RA	TAA	112
PPAI007321-RA	TGA	177
PPAI007631-RA	TGA	143
PPAI007328-RA	TGA	749
PPAI010416-RA	TAG	117
PPAI010415-RA	TAG	119
PPAI000231-RA	TAG	73
PPAI003534-RA	TAA	24
PPAI003537-RA	TAG	205
PPAI000230-RA	TAA	195
PPAI007517-RA	TAA	731
PPAI003539-RA	TAG	120
PPAI007515-RA	TAA	56
PPAI002912-RA	TAG	95
PPAI002913-RA	TAG	343
PPAI002916-RA	TAA	14
PPAI005244-RA	TAG	126
PPAI005247-RA	TAA	28
PPAI010067-RA	TGA	165
PPAI010066-RA	TAA	43
PPAI010064-RA	TGA	806
PPAI010069-RA	TAA	61
PPAI010068-RA	TAG	53
PPAI001717-RA	TGA	575
PPAI001715-RA	TAA	305
PPAI009961-RA	TAA	531
PPAI006176-RA	TAG	147
PPAI006174-RA	TGA	193
PPAI001712-RA	TAG	243
PPAI008983-RA	TAG	445
PPAI008982-RA	TGA	7
PPAI001711-RA	TAA	82
PPAI006172-RA	TGA	78
PPAI001710-RA	TAA	154
PPAI000592-RA	TAG	54
PPAI001063-RA	TGA	1126
PPAI001062-RA	TAA	143
PPAI009179-RA	TGA	120
PPAI009178-RA	TAA	158
PPAI004763-RA	TAA	265
PPAI001368-RA	TAA	11
PPAI001366-RA	TGA	192
PPAI001367-RA	TAA	52
PPAI001364-RA	TAA	74
PPAI001362-RA	TAA	539
PPAI005562-RA	TAA	49
PPAI008416-RA	TGA	637
PPAI001583-RA	TAA	919
PPAI001581-RA	TGA	66
PPAI006808-RA	TAA	74
PPAI000368-RA	TGA	139
PPAI000365-RA	TAA	653
PPAI000361-RA	TAA	404
PPAI000363-RA	TAA	95
PPAI010884-RA	TAG	204
PPAI006206-RA	TAA	60
PPAI003986-RA	TGA	303
PPAI003980-RA	TAA	204
PPAI003983-RA	TAA	186
PPAI004539-RA	TAG	11
PPAI004535-RA	TAG	56
PPAI004530-RA	TAG	76
PPAI002812-RA	TGA	68
PPAI000183-RA	TAA	51
PPAI000184-RA	TAA	27
PPAI000189-RA	TGA	119
PPAI000188-RA	TAA	83
PPAI003185-RA	TGA	68
PPAI003187-RA	TGA	96
PPAI003181-RA	TGA	210
PPAI003188-RA	TGA	485
PPAI002818-RA	TAA	18
PPAI000988-RA	TAA	779
PPAI000982-RA	TAA	84
PPAI000987-RA	TGA	345
PPAI008418-RA	TGA	288
PPAI002055-RA	TAA	67
PPAI002054-RA	TAA	44
PPAI002056-RA	TAA	119
PPAI003137-RA	TGA	177
PPAI002589-RA	TAA	7
PPAI002580-RA	TGA	230
PPAI002586-RA	TAA	18
PPAI002585-RA	TGA	208
PPAI009914-RA	TAG	96
PPAI009911-RA	TAA	35
PPAI009913-RA	TAA	54
PPAI009912-RA	TGA	889
PPAI009919-RA	TAA	65
PPAI007980-RA	TAA	75
PPAI007982-RA	TAG	298
PPAI005588-RA	TAG	410
PPAI005728-RA	TAG	119
PPAI001807-RA	TAA	616
PPAI001779-RA	TAG	37
PPAI001808-RA	TAA	116
PPAI001117-RA	TGA	80
PPAI001116-RA	TAA	30
PPAI002375-RA	TGA	164
PPAI001119-RA	TAA	80
PPAI001118-RA	TAG	49
PPAI011101-RA	TAA	61
PPAI011107-RA	TAA	63
PPAI011105-RA	TAA	613
PPAI008569-RA	TAA	21
PPAI009726-RA	TGA	807
PPAI009727-RA	TAA	55
PPAI009724-RA	TGA	86
PPAI009725-RA	TGA	63
PPAI009723-RA	TAG	272
PPAI009728-RA	TAA	47
PPAI007618-RA	TAA	83
PPAI003240-RA	TAA	423
PPAI000646-RA	TAA	257
PPAI000912-RA	TAA	14
PPAI010433-RA	TAA	48
PPAI005850-RA	TGA	37
PPAI001780-RA	TAG	623
PPAI005853-RA	TAA	142
PPAI001832-RA	TAG	167
PPAI003049-RA	TGA	121
PPAI001830-RA	TAA	162
PPAI003045-RA	TAG	368
PPAI003044-RA	TAG	87
PPAI009336-RA	TGA	311
PPAI003422-RA	TAG	282
PPAI005267-RA	TAA	264
PPAI005266-RA	TAA	142
PPAI005264-RA	TGA	707
PPAI005914-RA	TAA	776
PPAI005917-RA	TAA	176
PPAI005918-RA	TAA	110
PPAI006547-RA	TGA	56
PPAI008035-RA	TGA	44
PPAI003930-RA	TAA	152
PPAI003933-RA	TAA	33
PPAI003932-RA	TAA	398
PPAI009529-RA	TAA	3
PPAI002235-RA	TAA	790
PPAI002648-RA	TGA	234
PPAI002644-RA	TAA	107
PPAI002646-RA	TGA	369
PPAI002642-RA	TGA	58
PPAI002643-RA	TGA	35
PPAI002496-RA	TAA	369
PPAI002237-RA	TAA	125
PPAI003029-RA	TAA	144
PPAI003028-RA	TAA	189
PPAI003424-RA	TAG	100
PPAI009114-RA	TGA	50
PPAI001342-RA	TGA	412
PPAI001343-RA	TAA	141
PPAI001346-RA	TAA	33
PPAI008438-RA	TAA	64
PPAI004736-RA	TGA	52
PPAI004739-RA	TAA	175
PPAI004083-RA	TAA	107
PPAI008645-RA	TAA	653
PPAI000347-RA	TGA	48
PPAI000346-RA	TAA	14
PPAI000434-RA	TGA	393
PPAI000439-RA	TGA	70
PPAI006821-RA	TGA	77
PPAI000348-RA	TAA	394
PPAI004556-RA	TGA	152
PPAI004554-RA	TAG	256
PPAI008396-RA	TAA	99
PPAI008391-RA	TAG	125
PPAI008392-RA	TAA	295
PPAI008398-RA	TAA	17
PPAI007283-RA	TAA	213
PPAI007282-RA	TAA	58
PPAI007285-RA	TAA	108
PPAI002077-RA	TGA	217
PPAI013217-RA	TGA	317
PPAI006487-RA	TAA	78
PPAI006484-RA	TAA	542
PPAI006483-RA	TAA	67
PPAI009289-RA	TAA	15
PPAI009939-RA	TGA	52
PPAI009938-RA	TAA	24
PPAI009937-RA	TAA	44
PPAI009936-RA	TGA	158
PPAI009934-RA	TGA	238
PPAI009931-RA	TGA	274
PPAI003242-RA	TAA	333
PPAI008884-RA	TAA	427
PPAI010742-RA	TAG	148
PPAI010740-RA	TAA	120
PPAI010741-RA	TAA	254
PPAI010744-RA	TAA	1169
PPAI010745-RA	TAA	18
PPAI010748-RA	TGA	186
PPAI003704-RA	TGA	179
PPAI005731-RA	TAA	529
PPAI005708-RA	TAA	54
PPAI005709-RA	TGA	16
PPAI005702-RA	TAA	71
PPAI005703-RA	TAA	12
PPAI010295-RA	TGA	76
PPAI010291-RA	TAG	286
PPAI010292-RA	TGA	85
PPAI010293-RA	TAA	108
PPAI010299-RA	TAA	581
PPAI002359-RA	TAA	58
PPAI001287-RA	TAA	487
PPAI001281-RA	TAG	238
PPAI005735-RA	TAA	84
PPAI009256-RA	TAA	59
PPAI005734-RA	TAA	587
PPAI001759-RA	TAA	17
PPAI011161-RA	TAA	134
PPAI011163-RA	TGA	94
PPAI001754-RA	TAA	294
PPAI000088-RA	TGA	35
PPAI000080-RA	TAA	49
PPAI000084-RA	TAG	93
PPAI000085-RA	TAA	147
PPAI000087-RA	TAA	294
PPAI009708-RA	TGA	169
PPAI009709-RA	TAG	81
PPAI002353-RA	TAA	63
PPAI009703-RA	TAA	328
PPAI001139-RA	TAA	660
PPAI001137-RA	TAG	358
PPAI001136-RA	TAG	342
PPAI001135-RA	TAA	33
PPAI001133-RA	TGA	99
PPAI001131-RA	TAA	44
PPAI000880-RA	TAA	92
PPAI000887-RA	TGA	283
PPAI000664-RA	TGA	145
PPAI010989-RA	TGA	14
PPAI000302-RA	TAA	51
PPAI010982-RA	TAG	118
PPAI010983-RA	TGA	266
PPAI000300-RA	TAA	21
PPAI008460-RA	TAG	41
PPAI008689-RA	TGA	211
PPAI002379-RA	TAA	123
PPAI003287-RA	TGA	90
PPAI003285-RA	TAA	92
PPAI003284-RA	TAA	281
PPAI003283-RA	TAG	243
PPAI003281-RA	TAA	33
PPAI004949-RA	TAA	89
PPAI004948-RA	TAG	69
PPAI003308-RA	TAA	122
PPAI004943-RA	TAG	604
PPAI004942-RA	TAA	436
PPAI008079-RA	TAA	262
PPAI002373-RA	TGA	87
PPAI010865-RA	TAG	101
PPAI006010-RA	TGA	8
PPAI003061-RA	TAA	218
PPAI003301-RA	TGA	862
PPAI007644-RA	TGA	349
PPAI004842-RA	TAA	84
PPAI004435-RA	TAA	205
PPAI004437-RA	TGA	117
PPAI004431-RA	TAG	292
PPAI004433-RA	TGA	193
PPAI002625-RA	TAA	30
PPAI002622-RA	TAA	194
PPAI002623-RA	TAG	890
PPAI002620-RA	TGA	238
PPAI002628-RA	TAA	14
PPAI002629-RA	TAG	23
PPAI005939-RA	TAA	95
PPAI005936-RA	TGA	112
PPAI005935-RA	TAA	301
PPAI003362-RA	TAA	195
PPAI005757-RA	TAG	170
PPAI008586-RA	TGA	34
PPAI009134-RA	TAA	230
PPAI009131-RA	TGA	273
PPAI007791-RA	TAG	148
PPAI010179-RA	TGA	307
PPAI010173-RA	TGA	68
PPAI010175-RA	TAG	429
PPAI010177-RA	TAA	160
PPAI004714-RA	TGA	8
PPAI004715-RA	TAG	453
PPAI004713-RA	TAA	204
PPAI008662-RA	TAA	210
PPAI000412-RA	TGA	625
PPAI000411-RA	TAA	78
PPAI000410-RA	TGA	158
PPAI000417-RA	TGA	60
PPAI000414-RA	TGA	315
PPAI006845-RA	TAA	1
PPAI004571-RA	TAG	248
PPAI004573-RA	TAA	136
PPAI008369-RA	TAA	51
PPAI006719-RA	TAA	39
PPAI003406-RA	TGA	501
PPAI010060-RA	TGA	463
PPAI002013-RA	TAG	9
PPAI002012-RA	TAG	376
PPAI013230-RA	TGA	472
PPAI007001-RA	TGA	113
PPAI007003-RA	TAA	260
PPAI004050-RA	TGA	215
PPAI002350-RA	TGA	1151
PPAI003493-RA	TGA	208
PPAI003491-RA	TGA	212
PPAI003497-RA	TAA	82
PPAI004167-RA	TGA	106
PPAI005545-RA	TGA	130
PPAI005894-RA	TAA	30
PPAI005548-RA	TAA	105
PPAI010765-RA	TAG	432
PPAI010761-RA	TGA	61
PPAI010763-RA	TAA	148
PPAI006013-RA	TAA	32
PPAI005766-RA	TGA	1905
PPAI005767-RA	TGA	1248
PPAI005093-RA	TAA	45
PPAI005098-RA	TAA	373
PPAI005099-RA	TAA	1445
PPAI002404-RA	TAA	82
PPAI011149-RA	TGA	57
PPAI009090-RA	TAG	83
PPAI009091-RA	TGA	187
PPAI009093-RA	TAA	387
PPAI011140-RA	TAA	444
PPAI001739-RA	TAA	147
PPAI001735-RA	TAA	27
PPAI001733-RA	TAA	113
PPAI001732-RA	TAG	500
PPAI000062-RA	TGA	158
PPAI000066-RA	TGA	341
PPAI000069-RA	TAA	17
PPAI004380-RA	TAA	88
PPAI000606-RA	TAA	35
PPAI000603-RA	TAA	177
PPAI010961-RA	TAA	36
PPAI010967-RA	TAG	144
PPAI010965-RA	TGA	148
PPAI003261-RA	TAA	225
PPAI003260-RA	TGA	199
PPAI003263-RA	TAA	9
PPAI003264-RA	TAA	175
PPAI003267-RA	TGA	336
PPAI004962-RA	TGA	880
PPAI004961-RA	TAG	353
PPAI004960-RA	TAA	4
PPAI004969-RA	TAA	18
PPAI008052-RA	TAA	109
PPAI008050-RA	TAA	82
PPAI008054-RA	TGA	423
PPAI006039-RA	TAA	783
PPAI007568-RA	TAA	158
PPAI006033-RA	TGA	473
PPAI006035-RA	TGA	29
PPAI006524-RA	TAG	505
PPAI006526-RA	TAA	174
PPAI003848-RA	TAA	332
PPAI000244-RA	TGA	550
PPAI000243-RA	TAG	137
PPAI002216-RA	TGA	45
PPAI003647-RA	TAA	884
PPAI002214-RA	TGA	420
PPAI003441-RA	TAG	20
PPAI002608-RA	TAA	54
PPAI009878-RA	TGA	181
PPAI009879-RA	TAA	99
PPAI002600-RA	TAA	31
PPAI002602-RA	TAA	141
PPAI009877-RA	TAA	201
PPAI009874-RA	TAG	7
PPAI005958-RA	TAG	193
PPAI005955-RA	TAA	138
PPAI004750-RA	TAA	173
PPAI001503-RA	TGA	1365
PPAI004752-RA	TGA	104
PPAI004026-RA	TAA	30
PPAI003642-RA	TAG	152
PPAI007803-RA	TAA	34
PPAI007802-RA	TGA	226
PPAI007805-RA	TAA	107
PPAI007807-RA	TAA	538
PPAI007806-RA	TAA	332
PPAI001505-RA	TAA	49
PPAI003641-RA	TAA	168
PPAI003346-RA	TAA	941
PPAI005374-RA	TAG	369
PPAI010150-RA	TAG	180
PPAI010157-RA	TGA	509
PPAI010155-RA	TAA	110
PPAI010154-RA	TAA	100
PPAI008624-RA	TGA	196
PPAI010158-RA	TAA	606
PPAI003344-RA	TGA	151
PPAI004134-RA	TAA	97
PPAI004135-RA	TGA	176
PPAI001071-RA	TGA	269
PPAI004773-RA	TGA	404
PPAI008607-RA	TAA	131
PPAI008600-RA	TAA	258
PPAI006887-RA	TGA	360
PPAI000479-RA	TAA	152
PPAI000473-RA	TAA	277
PPAI004593-RA	TGA	86
PPAI004591-RA	TAG	132
PPAI004594-RA	TAG	245
PPAI006389-RA	TGA	61
PPAI007535-RA	TAG	77
PPAI000290-RA	TAG	145
PPAI000294-RA	TGA	78
PPAI007534-RA	TGA	531
PPAI003920-RA	TGA	33
PPAI003927-RA	TAA	35
PPAI009511-RA	TAA	148
PPAI009512-RA	TAG	136
PPAI002035-RA	TAG	431
PPAI002033-RA	TGA	37
PPAI002031-RA	TAG	318
PPAI002030-RA	TGA	122
PPAI002039-RA	TAA	181
PPAI007023-RA	TAA	76
PPAI007020-RA	TAA	145
PPAI007026-RA	TAG	139
PPAI007024-RA	TGA	800
PPAI007536-RA	TAG	155
PPAI007388-RA	TGA	544
PPAI005563-RA	TAA	120
PPAI010707-RA	TAA	304
PPAI010704-RA	TAG	83
PPAI003748-RA	TGA	67
PPAI002293-RA	TAG	48
PPAI002291-RA	TAA	524
PPAI002290-RA	TGA	73
PPAI002294-RA	TAG	678
PPAI005749-RA	TAA	2067
PPAI008598-RA	TAG	109
PPAI005742-RA	TAA	107
PPAI005743-RA	TGA	72
PPAI005747-RA	TAA	105
PPAI004075-RA	TAG	63
PPAI004155-RA	TAA	411
PPAI004074-RB	TAA	53
PPAI004074-RA	TGA	169
PPAI002544-RA	TGA	75
PPAI005074-RA	TAA	353
PPAI005446-RA	TGA	500
PPAI005073-RA	TAA	147
PPAI009072-RA	TAA	88
PPAI009070-RA	TAA	111
PPAI001242-RA	TGA	395
PPAI001247-RA	TAG	722
PPAI001249-RA	TAA	59
PPAI001718-RA	TAA	384
PPAI000040-RA	TGA	502
PPAI000041-RA	TGA	113
PPAI000048-RA	TAA	911
PPAI000049-RA	TAA	299
PPAI000598-RA	TGA	270
PPAI002541-RA	TGA	26
PPAI002540-RA	TAA	174
PPAI010484-RA	TAA	104
PPAI003501-RA	TAA	162
PPAI003233-RA	TAG	383
PPAI010940-RA	TAA	332
PPAI010942-RA	TAG	60
PPAI010949-RA	TGA	181
PPAI003663-RA	TAG	193
PPAI003662-RA	TAA	44
PPAI007434-RA	TAA	40
PPAI003248-RA	TAA	574
PPAI010498-RA	TAA	158
PPAI010499-RA	TAA	222
PPAI010496-RA	TAA	60
PPAI003246-RA	TAA	321
PPAI010490-RA	TAA	446
PPAI007792-RA	TGA	131
PPAI004904-RA	TAG	27
PPAI004907-RA	TAG	425
PPAI004900-RA	TGA	361
PPAI004903-RA	TGA	483
PPAI004908-RA	TAG	115
PPAI004244-RA	TGA	65
PPAI001796-RA	TAA	81
PPAI000623-RA	TAG	158
PPAI000625-RA	TAA	113
PPAI006059-RA	TGA	82
PPAI006058-RA	TAG	41
PPAI006509-RA	TAG	726
PPAI006506-RA	TAA	72
PPAI006505-RA	TAA	432
PPAI006503-RA	TAG	313
PPAI001791-RA	TGA	163
PPAI003506-RA	TGA	261
PPAI002992-RA	TAA	17
PPAI002826-RA	TAA	64
PPAI007438-RA	TGA	253
PPAI008005-RA	TAG	10
PPAI002192-RA	TGA	378
PPAI002196-RA	TGA	424
PPAI009533-RA	TAA	278
PPAI003900-RA	TAA	304
PPAI009855-RA	TGA	84
PPAI009856-RA	TGA	994
PPAI005979-RA	TGA	164
PPAI006636-RA	TAA	108
PPAI005146-RA	TGA	257
PPAI007823-RA	TAG	96
PPAI007820-RA	TAA	397
PPAI006065-RA	TAG	86
PPAI003587-RA	TAA	168
PPAI007450-RA	TAA	147
PPAI007579-RA	TGA	52
PPAI008601-RA	TAA	244
PPAI005352-RA	TAA	153
PPAI005351-RA	TGA	30
PPAI005350-RA	TGA	131
PPAI010134-RA	TGA	104
PPAI010139-RA	TAA	79
PPAI004677-RA	TGA	131
PPAI004675-RA	TAA	54
PPAI004673-RA	TAG	75
PPAI004672-RA	TGA	28
PPAI003356-RA	TAA	68
PPAI004751-RA	TAA	64
PPAI001501-RA	TAA	18
PPAI004758-RA	TGA	83
PPAI001051-RA	TAA	18
PPAI001053-RA	TAG	255
PPAI008621-RA	TAA	1221
PPAI008623-RA	TGA	46
PPAI008627-RA	TAA	172
PPAI008629-RA	TAG	13
PPAI000453-RA	TAA	17
PPAI000450-RA	TGA	71
PPAI000458-RA	TAA	151
PPAI007116-RA	TGA	66
PPAI007571-RA	TAG	54
PPAI009683-RA	TAA	69
PPAI009686-RA	TAG	72
PPAI000901-RA	TAG	174
PPAI000903-RA	TAA	27
PPAI007598-RA	TAG	379
PPAI003905-RA	TAA	59
PPAI003902-RA	TGA	64
PPAI007044-RA	TGA	73
PPAI010702-RA	TAA	832
PPAI007040-RA	TAA	521
PPAI007043-RA	TGA	29
PPAI004114-RA	TAA	343
PPAI004115-RA	TAA	30
PPAI009259-RA	TAA	36
PPAI008833-RA	TAA	64
PPAI002604-RA	TAA	212
PPAI005508-RA	TAA	450
PPAI008820-RA	TAA	483
PPAI002605-RA	TAA	40
PPAI009999-RA	TGA	97
PPAI009998-RA	TGA	14
PPAI009996-RA	TAA	54
PPAI006739-RA	TGA	45
PPAI009338-RA	TAA	405
PPAI002411-RA	TAG	727
PPAI002410-RA	TAA	837
PPAI002413-RA	TGA	246
PPAI002412-RA	TAA	176
PPAI002414-RA	TAA	12
PPAI001268-RA	TAG	70
PPAI009053-RA	TAG	7
PPAI001263-RA	TGA	109
PPAI001261-RA	TAA	59
PPAI001260-RA	TAG	869
PPAI001267-RA	TAA	17
PPAI001265-RA	TAG	247
PPAI001193-RA	TGA	487
PPAI006751-RA	TAA	13
PPAI008827-RA	TAA	135
PPAI010928-RA	TAG	82
PPAI008474-RA	TGA	48
PPAI010926-RA	TAA	87
PPAI010922-RA	TGA	206
PPAI010923-RA	TGA	790
PPAI010921-RA	TAA	576
PPAI001991-RA	TAA	912
PPAI007412-RA	TAG	63
PPAI000026-RA	TGA	113
PPAI000021-RA	TGA	54
PPAI003225-RA	TAA	38
PPAI002364-RA	TGA	19
PPAI004259-RA	TAA	6
PPAI003760-RA	TGA	523
PPAI004926-RA	TGA	115
PPAI004924-RA	TAA	88
PPAI004922-RA	TGA	215
PPAI002999-RA	TGA	149
PPAI008012-RA	TGA	63
PPAI003314-RA	TAG	72
PPAI003597-RA	TAA	224
PPAI003592-RA	TAA	78
PPAI003311-RA	TGA	79
PPAI003313-RA	TAA	834
PPAI006232-RA	TGA	352
PPAI001431-RA	TAG	228
PPAI002176-RA	TAA	177
PPAI002178-RA	TAG	255
PPAI004855-RA	TAA	178
PPAI004853-RA	TAG	92
PPAI001435-RA	TAA	203
PPAI004852-RA	TGA	119
PPAI004408-RA	TGA	43
PPAI006947-RA	TAG	178
PPAI004850-RA	TAA	604
PPAI001386-RA	TGA	803
PPAI001387-RA	TGA	33
PPAI009839-RA	TGA	20
PPAI009607-RA	TAA	9
PPAI005334-RA	TAA	100
PPAI005337-RA	TGA	67
PPAI005330-RA	TAA	135
PPAI010114-RA	TGA	52
PPAI002569-RA	TAG	218
PPAI001036-RA	TGA	60
PPAI004005-RA	TGA	90
PPAI001033-RA	TGA	550
PPAI004008-RA	TAG	29
PPAI006459-RA	TAA	107
PPAI006560-RA	TGA	2775
PPAI000929-RA	TAA	151
PPAI000923-RA	TAA	273
PPAI000921-RA	TAA	26
PPAI003968-RA	TGA	48
PPAI003960-RA	TAA	212
PPAI009554-RA	TAA	960
PPAI009557-RA	TGA	621
PPAI009556-RA	TAA	188
PPAI009552-RA	TAA	213
PPAI007066-RA	TAG	424
PPAI007061-RA	TAA	60
PPAI006867-RA	TGA	340
PPAI008205-RA	TAG	36
PPAI005522-RA	TGA	798
PPAI005525-RA	TAA	103
PPAI008808-RA	TGA	8
PPAI003782-RA	TAA	317
PPAI006339-RA	TGA	108
PPAI003788-RA	TAG	149
PPAI003789-RA	TAA	402
PPAI006332-RA	TAA	106
PPAI005787-RA	TAA	462
PPAI005780-RA	TAA	905
PPAI005781-RA	TGA	46
PPAI005782-RA	TAG	52
PPAI005789-RA	TAG	218
PPAI002789-RA	TGA	44
PPAI002781-RA	TGA	83
PPAI002787-RA	TAA	33
PPAI009334-RA	TAA	73
PPAI002434-RA	TAA	193
PPAI005954-RA	TAA	682
PPAI003385-RA	TGA	118
PPAI009036-RA	TGA	313
PPAI009037-RA	TAA	101
PPAI009032-RA	TGA	5563
PPAI009033-RA	TGA	143
PPAI009031-RA	TAA	444
PPAI013084-RA	TAA	1
PPAI001204-RA	TGA	253
PPAI001201-RA	TAA	29
PPAI001200-RA	TGA	109
PPAI007176-RA	TAA	765
PPAI009781-RA	TGA	31
PPAI009782-RA	TAA	65
PPAI009785-RA	TAA	158
PPAI009788-RA	TAA	66
PPAI010302-RA	TAA	1212
PPAI010303-RA	TAA	509
PPAI010300-RA	TGA	27
PPAI010301-RA	TAA	156
PPAI010307-RA	TAA	31
PPAI010904-RA	TGA	646
PPAI004495-RA	TAA	108
PPAI004494-RA	TGA	66
PPAI005147-RA	TAA	263
PPAI008789-RA	TAA	45
PPAI008784-RA	TAA	389
PPAI008783-RA	TAA	66
PPAI008781-RA	TGA	31
PPAI000556-RA	TGA	427
PPAI000555-RA	TGA	92
PPAI000008-RA	TGA	210
PPAI000009-RA	TAA	192
PPAI006922-RA	TGA	210
PPAI006924-RA	TGA	32
PPAI006926-RA	TGA	176
PPAI003202-RA	TAA	263
PPAI004272-RA	TGA	63
PPAI004277-RA	TAA	270
PPAI004275-RA	TGA	1012
PPAI003875-RA	TGA	79
PPAI003870-RA	TAG	110
PPAI003872-RA	TAA	81
PPAI000707-RA	TAA	71
PPAI002266-RA	TAG	283
PPAI000704-RA	TAA	38
PPAI002267-RA	TAG	505
PPAI000703-RA	TAG	130
PPAI002264-RA	TAA	15
PPAI002265-RA	TAA	76
PPAI009900-RA	TGA	7
PPAI006151-RA	TAG	343
PPAI002154-RA	TAA	428
PPAI002155-RA	TGA	246
PPAI002151-RA	TGA	613
PPAI002152-RA	TAG	61
PPAI002153-RA	TAG	120
PPAI002158-RA	TGA	64
PPAI006155-RA	TAG	90
PPAI006158-RA	TAG	97
PPAI009908-RA	TAA	85
PPAI002849-RA	TAA	386
PPAI002842-RA	TAA	195
PPAI002843-RA	TAG	246
PPAI002841-RA	TAG	110
PPAI002846-RA	TGA	216
PPAI002845-RA	TGA	606
PPAI004195-RA	TGA	192
PPAI007867-RA	TAA	192
PPAI007864-RA	TAA	100
PPAI010685-RA	TGA	54
PPAI010684-RA	TAA	307
PPAI012829-RA	TAA	40
PPAI012828-RA	TAG	70
PPAI012821-RA	TAA	238
PPAI012820-RA	TAA	70
PPAI012823-RA	TAA	34
PPAI012822-RA	TAA	224
PPAI012824-RA	TGA	32
PPAI012826-RA	TAG	10
PPAI004981-RA	TGA	100
PPAI005643-RA	TAA	200
PPAI013150-RA	TGA	428
PPAI004404-RA	TAG	357
PPAI013086-RA	TAA	192
PPAI007249-RA	TGA	102
PPAI001019-RA	TGA	217
PPAI001011-RA	TGA	132
PPAI004061-RA	TAG	83
PPAI000768-RA	TAA	98
PPAI000949-RA	TAG	273
PPAI000765-RA	TAA	1033
PPAI000764-RA	TGA	245
PPAI000767-RA	TAA	382
PPAI005327-RA	TAA	134
PPAI000732-RA	TGA	159
PPAI003941-RA	TGA	7
PPAI003944-RA	TAG	31
PPAI009577-RA	TAA	10
PPAI009575-RA	TAA	150
PPAI009574-RA	TGA	112
PPAI009571-RA	TAG	512
PPAI000733-RA	TGA	19
PPAI007080-RA	TAA	705
PPAI007085-RA	TAA	528
PPAI007084-RA	TGA	167
PPAI007089-RA	TAA	18
PPAI000730-RA	TGA	13
PPAI004682-RA	TAA	88
PPAI008198-RA	TGA	403
PPAI008192-RA	TGA	41
PPAI008190-RA	TGA	51
PPAI008196-RA	TGA	8
PPAI008194-RA	TGA	255
PPAI003386-RA	TAG	84
PPAI006130-RA	TAG	617
PPAI006681-RA	TAA	859
PPAI008227-RA	TAA	114
PPAI008220-RA	TAG	238
PPAI008222-RA	TAA	301
PPAI005810-RA	TAG	289
PPAI005811-RA	TAA	464
PPAI007395-RA	TGA	46
PPAI006357-RA	TGA	46
PPAI006355-RA	TAA	310
PPAI006352-RA	TAA	265
PPAI000673-RA	TAG	877
PPAI001990-RA	TAG	84
PPAI001395-RA	TGA	59
PPAI006308-RA	TAA	75
PPAI006144-RA	TAA	380
PPAI001998-RA	TAA	56
PPAI000677-RA	TAA	154
PPAI002451-RA	TGA	53
PPAI002453-RA	TGA	1062
PPAI002452-RA	TAG	275
PPAI002458-RA	TGA	130
PPAI009014-RA	TGA	138
PPAI008500-RA	TAG	96
PPAI001226-RA	TGA	65
PPAI001225-RA	TAA	209
PPAI001224-RA	TAA	241
PPAI008503-RA	TGA	72
PPAI008502-RA	TAG	157
PPAI003128-RA	TAG	280
PPAI001228-RA	TAA	93
PPAI010098-RA	TGA	131
PPAI010093-RA	TAA	151
PPAI010094-RA	TGA	70
PPAI008509-RA	TAA	214
PPAI004762-RA	TAA	129
PPAI005104-RA	TGA	178
PPAI006447-RA	TGA	355
PPAI000430-RA	TGA	1026
PPAI010324-RA	TAA	172
PPAI010320-RA	TAG	554
PPAI010321-RA	TAG	85
PPAI010322-RA	TAG	794
PPAI010323-RA	TAA	19
PPAI001951-RA	TAA	108
PPAI001953-RA	TAA	521
PPAI004478-RA	TGA	269
PPAI001489-RA	TAG	237
PPAI008767-RA	TAG	72
PPAI004258-RA	TGA	99
PPAI000575-RA	TGA	185
PPAI000577-RA	TGA	144
PPAI007211-RA	TAA	121
PPAI001762-RA	TAA	119
PPAI003880-RA	TAA	93
PPAI004928-RA	TAA	330
PPAI001760-RA	TAA	69
PPAI007105-RA	TGA	628
PPAI004215-RA	TGA	717
PPAI004647-RA	TAA	297
PPAI001814-RA	TAG	84
PPAI001816-RA	TGA	36
PPAI000686-RA	TAA	425
PPAI004255-RA	TAA	326
PPAI000684-RA	TAA	47
PPAI000683-RA	TAG	150
PPAI000680-RA	TGA	42
PPAI002385-RA	TAG	402
PPAI002384-RA	TAA	284
PPAI002833-RA	TGA	19
PPAI008017-RA	TGA	163
PPAI002136-RA	TAG	186
PPAI013314-RA	TAA	4
PPAI013319-RA	TGA	1308
PPAI007740-RA	TAA	328
PPAI007744-RA	TAA	22
PPAI003080-RA	TAG	87
PPAI002680-RA	TGA	75
PPAI002681-RA	TAA	18
PPAI002864-RA	TAA	24
PPAI002866-RA	TAA	54
PPAI002861-RA	TGA	195
PPAI002863-RA	TAA	326
PPAI010529-RA	TAA	18
PPAI006069-RA	TAA	92
PPAI006077-RA	TAA	88
PPAI004253-RA	TAA	20
PPAI005487-RA	TAA	672
PPAI010660-RA	TAA	441
PPAI010666-RA	TAA	53
PPAI003623-RA	TGA	10
PPAI003624-RA	TAG	267
PPAI003627-RA	TAA	162
PPAI009462-RA	TAA	170
PPAI005663-RA	TAA	245
PPAI005660-RA	TAA	1556
PPAI005667-RA	TGA	38
PPAI005664-RA	TAA	279
PPAI004254-RA	TGA	95
PPAI007264-RA	TAA	139
PPAI001108-RA	TAG	363
PPAI007267-RA	TAA	48
PPAI007266-RA	TAA	116
PPAI006797-RA	TAG	139
PPAI007261-RA	TAG	144
PPAI001561-RA	TAG	279
PPAI001563-RA	TAA	73
PPAI004048-RA	TAA	73
PPAI000211-RA	TGA	133
PPAI000210-RA	TGA	257
PPAI000963-RA	TGA	708
PPAI000217-RA	TGA	8
PPAI000969-RA	TAA	57
PPAI000968-RA	TAA	213
PPAI002525-RA	TAG	248
PPAI007263-RA	TAA	142
PPAI006200-RA	TAG	70
PPAI002524-RA	TAA	311
PPAI007262-RA	TAG	16
PPAI006201-RA	TAA	86
PPAI003879-RA	TAA	71
PPAI006204-RA	TAA	62
PPAI003434-RA	TAA	527
PPAI003431-RA	TAG	899
PPAI003439-RA	TAA	652
PPAI007347-RA	TAA	268
PPAI006378-RA	TAA	181
PPAI006379-RA	TGA	15
PPAI006370-RA	TAA	191
PPAI006376-RA	TAA	281
PPAI006377-RA	TAA	68
PPAI002526-RA	TAA	179
PPAI001616-RA	TAA	57
PPAI005876-RA	TAA	692
PPAI005872-RA	TAG	32
PPAI005870-RA	TAG	396
PPAI005871-RA	TGA	75
PPAI007340-RA	TAA	118
PPAI001615-RA	TAG	345
PPAI009356-RA	TGA	114
PPAI009353-RA	TAA	223
PPAI009350-RA	TAA	75
PPAI006696-RA	TAA	69
PPAI005298-RA	TAG	508
PPAI005293-RA	TAA	18
PPAI005294-RA	TGA	144
PPAI005295-RA	TAG	77
PPAI008839-RA	TAA	62
PPAI005163-RA	TAA	11
PPAI008406-RA	TGA	117
PPAI005121-RA	TAG	12
PPAI005123-RA	TAA	134
PPAI010344-RA	TAG	50
PPAI010345-RA	TGA	83
PPAI010343-RA	TAA	28
PPAI010340-RA	TAA	195
PPAI010341-RA	TAA	198
PPAI010348-RA	TAA	338
PPAI004458-RA	TAG	84
PPAI004453-RA	TGA	144
PPAI004451-RA	TAA	49
PPAI001970-RA	TAG	141
PPAI001977-RA	TAA	56
PPAI001976-RA	TAA	28
PPAI004454-RA	TAG	40
PPAI004184-RA	TAA	65
PPAI004181-RA	TAA	431
PPAI004183-RA	TGA	5
PPAI004182-RA	TAA	667
PPAI008747-RA	TAA	65
PPAI008744-RA	TAA	22
PPAI006801-RA	TAA	15
PPAI000518-RA	TAA	301
PPAI000513-RA	TAG	237
PPAI000511-RA	TAA	138
PPAI006960-RA	TGA	151
PPAI006963-RA	TAG	90
PPAI002312-RA	TAA	92
PPAI001609-RA	TAA	197
PPAI001608-RA	TGA	1449
PPAI004239-RA	TAA	116
PPAI003989-RA	TAA	140
PPAI006208-RA	TAA	442
PPAI005023-RA	TAA	116
PPAI009433-RA	TAA	91
PPAI009436-RA	TGA	369
PPAI009437-RA	TAA	60
PPAI009434-RA	TAA	116
PPAI004415-RA	TAA	213
PPAI007768-RA	TAG	114
PPAI007766-RA	TAA	76
PPAI007767-RA	TAA	102
PPAI007760-RA	TAA	236
PPAI006587-RA	TGA	38
PPAI006583-RA	TGA	264
PPAI006533-RA	TAA	42
PPAI009286-RA	TAA	136
PPAI005024-RA	TAA	9
PPAI004418-RA	TGA	477
PPAI007127-RA	TAG	315
PPAI010504-RA	TAA	94
PPAI010505-RA	TGA	172
PPAI010506-RA	TAA	305
PPAI010507-RA	TAA	19
PPAI010500-RA	TAA	155
PPAI005466-RA	TAA	364
PPAI010641-RA	TAA	144
PPAI003603-RA	TAG	191
PPAI003606-RA	TAA	71
PPAI003605-RA	TGA	215
PPAI003604-RA	TAG	122
PPAI006458-RA	TAG	16
PPAI005605-RA	TAA	56
PPAI005607-RA	TAG	146
PPAI005601-RA	TGA	203
PPAI006044-RA	TGA	393
PPAI006553-RA	TAG	376
PPAI007979-RA	TAA	33
PPAI007971-RA	TAG	401
PPAI006081-RA	TAG	4
PPAI007973-RA	TAG	165
PPAI007975-RA	TGA	203
PPAI009604-RA	TAG	692
PPAI001525-RA	TAA	231
PPAI001642-RA	TAA	381
PPAI000725-RA	TAA	203
PPAI000727-RA	TAA	40
PPAI000721-RA	TAA	455
PPAI007200-RA	TGA	165
PPAI007511-RA	TAA	579
PPAI007510-RA	TAA	53
PPAI003458-RA	TAG	480
PPAI003454-RA	TAA	45
PPAI003453-RA	TGA	410
PPAI003451-RA	TAA	27
PPAI005021-RA	TGA	263
PPAI006456-RA	TAA	119
PPAI001523-RA	TAG	56
PPAI008266-RA	TAA	192
PPAI008023-RA	TGA	170
PPAI006393-RA	TGA	62
PPAI006390-RA	TAG	152
PPAI006399-RA	TGA	288
PPAI002428-RA	TAA	20
PPAI002051-RA	TGA	239
PPAI005333-RA	TAA	76
PPAI002053-RA	TAG	710
PPAI005851-RA	TAA	159
PPAI002052-RA	TAA	98
PPAI005854-RA	TAA	80
PPAI005857-RA	TAA	678
PPAI009301-RA	TAA	171
PPAI002491-RA	TAA	538
PPAI002493-RA	TAA	149
PPAI002498-RA	TAG	37
PPAI006226-RA	TAA	263
PPAI006227-RA	TGA	356
PPAI006920-RA	TGA	122
PPAI004445-RA	TGA	24
PPAI007145-RA	TAA	145
PPAI007146-RA	TGA	246
PPAI007492-RA	TGA	528
PPAI006225-RA	TAG	417
PPAI007493-RA	TAA	193
PPAI005140-RA	TGA	438
PPAI005141-RA	TAG	113
PPAI010363-RA	TAA	149
PPAI010365-RA	TAA	42
PPAI010366-RA	TGA	355
PPAI001447-RA	TAA	809
PPAI001918-RA	TAA	13
PPAI001915-RA	TGA	443
PPAI001914-RA	TAA	29
PPAI001916-RA	TAA	337
PPAI001912-RA	TAG	1115
PPAI008725-RA	TAG	941
PPAI007384-RA	TAA	256
PPAI000532-RA	TGA	679
PPAI006944-RA	TAG	1015
PPAI006943-RA	TAA	84
PPAI006940-RA	TAA	195
PPAI001627-RA	TAA	68
PPAI001626-RA	TAA	144
PPAI002834-RA	TAG	121
PPAI008097-RA	TAG	137
PPAI008092-RA	TGA	698
PPAI005906-RA	TGA	17
PPAI011019-RA	TAA	139
PPAI007543-RA	TAG	95
PPAI007164-RA	TAA	65
PPAI007165-RA	TAA	409
PPAI000396-RA	TGA	140
PPAI000397-RA	TGA	123
PPAI002274-RA	TAA	54
PPAI003841-RA	TAA	573
PPAI003843-RA	TAA	110
PPAI002276-RA	TAG	51
PPAI003846-RA	TAA	301
PPAI009414-RA	TAA	861
PPAI009416-RA	TAA	130
PPAI009417-RA	TAA	66
PPAI009410-RA	TAG	69
PPAI009411-RA	TAA	178
PPAI009412-RA	TAA	415
PPAI002272-RA	TAA	31
PPAI006142-RA	TGA	214
PPAI002279-RA	TGA	85
PPAI007720-RA	TAG	35
PPAI007724-RA	TAA	16
PPAI010566-RA	TGA	115
PPAI010565-RA	TAG	84
PPAI010561-RA	TAA	14
PPAI001037-RA	TGA	244
PPAI005440-RA	TAA	68
PPAI004006-RA	TGA	59
PPAI010628-RA	TAA	30
PPAI010621-RA	TAG	240
PPAI012840-RA	TAG	200
PPAI002829-RA	TAG	666
PPAI002394-RA	TGA	87
PPAI002393-RA	TGA	148
PPAI005626-RA	TAA	244
PPAI005625-RA	TAA	71
PPAI005624-RA	TAA	291
PPAI010197-RA	TAG	553
PPAI010193-RA	TAG	129
PPAI010192-RA	TAG	99
PPAI010198-RA	TGA	561
PPAI006570-RA	TGA	538
PPAI002855-RA	TAA	618
PPAI002532-RA	TGA	40
PPAI002533-RA	TAA	75
PPAI002536-RA	TAA	303
PPAI002534-RA	TAG	58
PPAI000229-RA	TAA	94
PPAI007952-RA	TAA	16
PPAI009620-RA	TAA	215
PPAI009627-RA	TAA	88
PPAI009625-RA	TAA	78
PPAI004378-RA	TGA	486
PPAI004379-RA	TGA	254
PPAI010541-RA	TAA	55
PPAI010542-RA	TGA	288
PPAI000259-RA	TAA	153
PPAI000708-RA	TAA	752
PPAI000255-RA	TAG	173
PPAI000257-RA	TGA	71
PPAI003471-RA	TAA	398
PPAI003472-RA	TAA	68
PPAI003473-RA	TGA	185
PPAI003475-RA	TAA	313
PPAI003477-RA	TAG	43
PPAI003478-RA	TAG	318
PPAI006628-RA	TAA	61
PPAI001506-RA	TAG	97
PPAI008282-RA	TAA	425
PPAI008286-RA	TAG	83
PPAI008287-RA	TAA	399
PPAI000879-RA	TAA	264
PPAI000878-RA	TAA	62
PPAI000870-RA	TAA	538
PPAI007221-RA	TAA	337
PPAI002700-RA	TGA	248
PPAI002703-RA	TGA	426
PPAI002702-RA	TAA	13
PPAI009399-RA	TGA	20
PPAI009398-RA	TGA	85
PPAI009393-RA	TAA	150
PPAI009392-RA	TAG	315
PPAI009394-RA	TAA	39
PPAI001508-RA	TAA	136
PPAI008530-RA	TGA	60
PPAI007224-RA	TAA	120
PPAI006931-RA	TAG	53
PPAI006936-RA	TAA	645
PPAI006935-RA	TAG	266
PPAI008918-RA	TAA	103
PPAI008913-RA	TAA	310
PPAI008911-RA	TGA	553
PPAI008914-RA	TGA	106
PPAI008915-RA	TAG	574
PPAI010383-RA	TAA	300
PPAI010380-RA	TAG	297
PPAI010387-RA	TGA	146
PPAI010384-RA	TGA	1066
PPAI007202-RA	TAG	62
PPAI010608-RA	TAA	260
PPAI001937-RA	TAA	12
PPAI001930-RA	TAA	447
PPAI001938-RA	TAA	216
PPAI008706-RA	TAA	317
PPAI008703-RA	TAG	351
PPAI008700-RA	TGA	66
PPAI001647-RA	TAG	23
PPAI001646-RA	TAG	75
PPAI001649-RA	TGA	91
PPAI001772-RA	TGA	532
PPAI001774-RA	TAA	256
PPAI011034-RA	TAG	41
PPAI013097-RA	TGA	87
PPAI007142-RA	TAA	208
PPAI007143-RA	TAG	91
PPAI003863-RA	TAG	105
PPAI003867-RA	TAA	14
PPAI009476-RA	TAG	79
PPAI009475-RA	TAA	26
PPAI009472-RA	TAA	210
PPAI009473-RA	TAG	104
PPAI000119-RA	TAA	748
PPAI000110-RA	TAA	706
PPAI000117-RA	TGA	431
PPAI002362-RA	TAG	225
PPAI010819-RA	TGA	60
PPAI003395-RA	TAG	65
PPAI003396-RA	TAG	776
PPAI003391-RA	TAA	99
PPAI003390-RA	TAG	267
PPAI003393-RA	TGA	81
PPAI005429-RA	TAG	151
PPAI010600-RA	TAA	31
PPAI003130-RA	TAA	69
PPAI003133-RA	TAG	209
PPAI009890-RA	TGA	441
PPAI009891-RA	TGA	103
PPAI009892-RA	TAG	13
PPAI009896-RA	TAA	60
PPAI009897-RA	TGA	7
PPAI009898-RA	TAA	68
PPAI009899-RA	TAA	36
PPAI006243-RA	TAA	240
PPAI005395-RA	TAG	55
PPAI005390-RA	TGA	311
PPAI000205-RA	TAA	262
PPAI002514-RA	TGA	71
PPAI002511-RA	TAG	22
PPAI006829-RA	TAG	176
PPAI007935-RA	TAA	133
PPAI007937-RA	TAA	292
PPAI007939-RA	TGA	25
PPAI009647-RA	TAG	91
PPAI009646-RA	TAG	476
PPAI009641-RA	TGA	57
PPAI009642-RA	TAA	39
PPAI001090-RA	TAA	189
PPAI005785-RA	TAA	162
PPAI001899-RA	TAA	37
PPAI001893-RA	TAA	68
PPAI001897-RA	TAA	64
PPAI004657-RA	TAA	71
PPAI004603-RA	TAA	46
PPAI004605-RA	TAA	256
PPAI008112-RA	TGA	49
PPAI006606-RA	TGA	74
PPAI006609-RA	TGA	50
PPAI001540-RA	TGA	146
PPAI009272-RA	TAA	175
PPAI000858-RA	TAA	118
PPAI002729-RA	TAG	81
PPAI002725-RA	TAG	217
PPAI005987-RA	TGA	423
PPAI010012-RA	TAA	59
PPAI010016-RA	TGA	25
PPAI010014-RA	TAA	39
PPAI010015-RA	TAG	9
PPAI010018-RA	TGA	249
PPAI005521-RA	TAG	30
PPAI005187-RA	TAG	65
PPAI005184-RA	TAG	91
PPAI005185-RA	TAG	168
PPAI000422-RA	TAA	182
PPAI005526-RA	TAA	87
PPAI000423-RA	TAA	1495
PPAI008453-RA	TGA	295
PPAI000426-RA	TAA	197
PPAI008450-RA	TAA	64
PPAI000427-RA	TAG	43
PPAI000425-RA	TAA	230
PPAI002306-RA	TGA	168
PPAI003786-RA	TAA	19
PPAI003787-RA	TGA	80
PPAI006217-RA	TGA	225
PPAI002302-RA	TAA	55
PPAI002309-RA	TAG	151
PPAI003994-RA	TAG	482
PPAI001409-RA	TAG	30
PPAI001402-RA	TGA	68
PPAI001400-RA	TAA	227
PPAI007613-RA	TAA	309
PPAI007128-RA	TAG	54
PPAI007126-RA	TAA	151
PPAI006067-RA	TAA	92
PPAI007124-RA	TAA	72
PPAI007125-RA	TAA	77
PPAI007122-RA	TAA	73
PPAI007123-RA	TGA	23
PPAI007343-RA	TAG	115
PPAI006218-RA	TAG	174
PPAI009458-RA	TAA	369
PPAI009459-RA	TGA	99
PPAI003808-RA	TAA	242
PPAI009452-RA	TAA	131
PPAI003801-RA	TGA	850
PPAI001667-RA	TAA	472
PPAI001666-RA	TAG	370
PPAI001665-RA	TGA	93
PPAI001664-RA	TAA	148
PPAI001414-RA	TAA	165
PPAI000139-RA	TAA	86
PPAI000134-RA	TAA	41
PPAI001416-RA	TAG	395
PPAI004170-RA	TGA	843
PPAI001412-RA	TAG	57
PPAI010838-RA	TGA	789
PPAI010839-RA	TAG	181
PPAI010835-RA	TAG	127
PPAI010831-RA	TGA	119
PPAI010832-RA	TAA	962
PPAI010833-RA	TGA	261
PPAI004831-RA	TAA	73
PPAI008329-RA	TGA	144
PPAI008328-RA	TAA	99
PPAI005405-RA	TAG	55
PPAI005403-RA	TGA	137
PPAI005402-RA	TAA	82
PPAI003112-RA	TGA	99
PPAI003111-RA	TAG	935
PPAI003116-RA	TAG	353
PPAI003115-RA	TAA	191
PPAI006478-RA	TGA	2434
PPAI003025-RA	TAG	233
PPAI008845-RA	TAA	13
PPAI007918-RA	TGA	136
PPAI007915-RA	TGA	72
PPAI007912-RA	TAG	169
PPAI009665-RA	TAA	22
PPAI009661-RA	TAA	290
PPAI010229-RA	TGA	99
PPAI010220-RA	TAA	97
PPAI010225-RA	TAA	9
PPAI010227-RA	TAA	422
PPAI010226-RA	TAG	158
PPAI001872-RA	TAA	295
PPAI001875-RA	TAG	139
PPAI004335-RA	TAA	1150
PPAI004621-RA	TAA	38
PPAI008135-RA	TAG	33
PPAI008130-RA	TGA	197
PPAI008138-RA	TAG	187
PPAI013113-RA	TAG	443
PPAI013110-RA	TAG	101
PPAI005300-RA	TAA	7
PPAI008848-RA	TGA	62
PPAI000831-RA	TAA	515
PPAI000833-RA	TAG	199
PPAI000838-RA	TAA	82
PPAI004987-RA	TAA	223
PPAI006666-RA	TAA	77
PPAI005655-RA	TGA	40
PPAI006662-RA	TAA	63
PPAI002749-RA	TAG	107
PPAI002960-RA	TAA	253
PPAI002746-RA	TGA	309
PPAI002741-RA	TAA	273
PPAI002743-RA	TAG	334
PPAI002966-RA	TGA	120
PPAI002430-RA	TGA	6
PPAI002437-RA	TAG	301
PPAI009314-RA	TAA	109
PPAI002062-RA	TAA	125
PPAI000309-RA	TGA	200
PPAI003516-RA	TAG	236
PPAI006088-RA	TAA	15
PPAI006089-RA	TAA	118
PPAI003562-RA	TGA	123
PPAI002068-RA	TGA	128
PPAI006087-RA	TAA	368
PPAI006084-RA	TGA	73
PPAI003047-RA	TAA	461
PPAI005820-RA	TGA	64
PPAI005215-RA	TAG	349
PPAI010034-RA	TGA	267
PPAI010035-RA	TGA	428
PPAI010037-RA	TAA	92
PPAI010030-RA	TAA	138
PPAI010031-RA	TAG	204
PPAI010038-RA	TGA	702
PPAI010039-RA	TAA	272
PPAI004606-RA	TAA	33
PPAI004607-RA	TGA	300
PPAI008489-RA	TAA	82
PPAI008958-RA	TGA	26
PPAI004609-RA	TAG	111
PPAI000303-RA	TAA	27
PPAI001936-RA	TGA	324
PPAI001934-RA	TAA	103
PPAI005265-RA	TAA	102
PPAI001933-RA	TAA	12
PPAI011079-RA	TAA	169
PPAI011077-RA	TGA	72
PPAI011070-RA	TAA	148
PPAI001468-RA	TAG	62
PPAI004100-RA	TAA	96
PPAI001463-RA	TAA	125
PPAI000488-RA	TAA	55
PPAI000485-RA	TAA	269
PPAI000487-RA	TGA	308
PPAI000481-RA	TGA	272
PPAI000482-RA	TGA	160
PPAI009342-RA	TAA	50
PPAI009927-RA	TGA	307
PPAI003826-RA	TAA	176
PPAI003825-RA	TAA	14
PPAI003822-RA	TAA	241
PPAI009469-RA	TAA	98
PPAI003829-RA	TGA	17
PPAI009468-RA	TAA	147
PPAI001683-RA	TGA	379
PPAI001682-RA	TAA	253
PPAI001685-RA	TAA	462
PPAI001689-RA	TAA	43
PPAI001688-RA	TAA	61
PPAI004281-RA	TAA	209
PPAI000157-RA	TAG	593
PPAI000154-RA	TAA	59
PPAI000155-RA	TGA	32
PPAI000153-RA	TAG	111
PPAI000151-RA	TAA	211
PPAI000158-RA	TAA	183
PPAI000159-RA	TAA	1332
PPAI007733-RA	TAA	71
PPAI007732-RA	TAG	91
PPAI003351-RA	TAG	126
PPAI006277-RA	TAA	339
PPAI006276-RA	TAA	230
PPAI010589-RA	TAA	329
PPAI004812-RA	TAG	40
PPAI004811-RA	TAA	308
PPAI004810-RA	TAA	403
PPAI004818-RA	TAA	367
PPAI008306-RA	TAA	289
PPAI003689-RA	TGA	167
PPAI003683-RA	TAA	1216
PPAI003681-RA	TAA	59
PPAI006415-RA	TAA	367
PPAI003171-RA	TGA	515
PPAI003178-RA	TGA	175
PPAI002889-RA	TGA	671
PPAI002887-RA	TAA	193
PPAI002880-RA	TAA	309
PPAI002082-RA	TAA	58
PPAI009943-RA	TAA	98
PPAI005684-RA	TAA	145
PPAI005687-RA	TAG	218
PPAI005680-RA	TGA	59
PPAI005683-RA	TGA	187
PPAI008526-RA	TAA	63
PPAI008540-RA	TAG	583
PPAI010206-RA	TGA	77
PPAI010204-RA	TAA	10
PPAI010208-RA	TAA	15
PPAI001851-RA	TAG	21
PPAI004649-RA	TGA	136
PPAI001146-RA	TGA	247
PPAI001147-RA	TAA	91
PPAI001144-RA	TAA	475
PPAI001145-RA	TAG	212
PPAI008154-RA	TGA	581
PPAI008151-RA	TAA	553
PPAI010552-RA	TGA	162
PPAI013130-RA	TAA	355
PPAI013133-RA	TAA	349
PPAI013135-RA	TAG	17
PPAI006245-RA	TAA	587
PPAI004498-RA	TAA	537
PPAI006640-RA	TAG	175
PPAI006645-RA	TGA	368
PPAI002766-RA	TAA	485
PPAI002762-RA	TAA	4
PPAI002760-RA	TGA	438
PPAI002768-RA	TGA	66
PPAI008443-RA	TAG	295
PPAI005620-RA	TGA	233
PPAI010449-RA	TGA	156
PPAI010440-RA	TAG	71
PPAI010443-RA	TAG	80
PPAI010444-RA	TAG	174
PPAI008528-RA	TGA	345
PPAI005412-RA	TAA	98
PPAI001813-RA	TAA	692
PPAI003547-RA	TAA	165
PPAI003540-RA	TAG	88
PPAI008520-RA	TAG	1219
PPAI010058-RA	TAA	74
PPAI010052-RA	TAA	60
PPAI004016-RA	TAA	153
PPAI006469-RA	TAA	276
PPAI008979-RA	TAA	65
PPAI006463-RA	TAA	161
PPAI000955-RA	TAA	212
PPAI000777-RA	TAA	13
PPAI007271-RA	TAA	627
PPAI007898-RA	TAA	1004
PPAI007893-RA	TAA	278
PPAI007891-RA	TGA	660
PPAI007897-RA	TAA	106
PPAI007895-RA	TAG	176
PPAI001487-RA	TGA	202
PPAI001740-RA	TAA	99
PPAI009141-RA	TGA	210
PPAI011099-RA	TGA	46
PPAI001743-RA	TAA	500
PPAI001442-RA	TGA	614
PPAI001440-RA	TGA	182
PPAI000314-RA	TGA	75
PPAI000316-RA	TAA	7
PPAI000317-RA	TAA	30
PPAI009494-RA	TAG	188
PPAI009497-RA	TAA	72
PPAI009492-RA	TGA	281
PPAI003977-RA	TAG	273
PPAI004787-RA	TAA	113
PPAI004784-RA	TAA	243
PPAI006258-RA	TAA	61
PPAI010875-RA	TAG	127
PPAI006784-RA	TAA	144
PPAI006786-RA	TAA	93
PPAI006782-RA	TGA	80
PPAI006788-RA	TAA	87
PPAI004876-RA	TAA	1028
PPAI004871-RA	TAA	355
PPAI004873-RA	TAA	154
PPAI008367-RA	TAA	46
PPAI008360-RA	TAG	71
PPAI007787-RA	TGA	386
PPAI007782-RA	TGA	55
PPAI007780-RA	TAG	110
PPAI003159-RA	TAA	373
PPAI003158-RA	TAG	49
PPAI003155-RA	TAA	122
PPAI003151-RA	TAA	177
PPAI009300-RA	TGA	41
PPAI002300-RA	TAG	828
PPAI009965-RA	TAA	23
PPAI009967-RA	TAA	15
PPAI002201-RA	TAA	216
PPAI009963-RA	TAA	568
PPAI006535-RA	TAG	228
PPAI003330-RA	TAA	90
PPAI002691-RA	TAA	135
PPAI005002-RA	TAG	116
PPAI010264-RA	TAA	249
PPAI010262-RA	TAA	173
PPAI001788-RA	TAG	103
PPAI001833-RA	TAA	71
PPAI001165-RA	TAA	417
PPAI001166-RA	TAA	343
PPAI001167-RA	TGA	37
PPAI001160-RA	TGA	969
PPAI008173-RA	TAG	635
PPAI008174-RA	TGA	80
PPAI008175-RA	TAA	39
PPAI008176-RA	TAG	32
PPAI008179-RA	TAA	99
PPAI000785-RA	TAA	40
PPAI000783-RA	TAA	123
PPAI011132-RA	TAG	770
PPAI011130-RA	TGA	408
PPAI009262-RA	TAA	280
PPAI009267-RA	TAA	745
PPAI009772-RA	TGA	102
PPAI002509-RA	TGA	83
PPAI009776-RA	TGA	269
PPAI007643-RA	TAA	57
PPAI007642-RA	TAA	8
PPAI007319-RA	TGA	45
PPAI007649-RA	TAA	19
PPAI009369-RA	TGA	99
PPAI000385-RA	TAA	97
PPAI002924-RA	TGA	79
PPAI002926-RA	TAA	77
PPAI002920-RA	TAA	20
PPAI002923-RA	TAG	464
PPAI002928-RA	TAA	99
PPAI010463-RA	TAA	471
PPAI010468-RA	TGA	151
PPAI006530-RA	TAA	91
PPAI008501-RA	TGA	11
PPAI004086-RA	TAA	163
PPAI003526-RA	TAA	44
PPAI003527-RA	TAA	206
PPAI003524-RA	TGA	225
PPAI003520-RA	TAA	14
PPAI005258-RA	TAG	365
PPAI005259-RA	TAA	93
PPAI005256-RA	TGA	136
PPAI005254-RA	TAG	134
PPAI005255-RA	TAA	498
PPAI005253-RA	TAA	23
PPAI005251-RA	TGA	158
PPAI010070-RA	TAA	538
PPAI010072-RA	TAA	1080
PPAI010074-RA	TAA	554
PPAI010077-RA	TAG	96
PPAI010079-RA	TGA	360
PPAI009735-RA	TGA	202
PPAI000432-RA	TAG	1075
PPAI009811-RA	TAG	34
PPAI005397-RA	TAA	46
PPAI006323-RA	TGA	74
PPAI003793-RA	TAA	300
PPAI006320-RA	TGA	89
PPAI001127-RA	TAA	63
PPAI008508-RA	TAA	350
PPAI009165-RA	TGA	118
PPAI001318-RA	TAA	15
PPAI009162-RA	TGA	381
PPAI001310-RA	TGA	220
PPAI007356-RA	TGA	4
PPAI004886-RA	TAA	7
PPAI004887-RA	TAA	171
PPAI004552-RA	TAA	272
PPAI004550-RA	TAA	45
PPAI004551-RA	TAG	255
PPAI008696-RA	TGA	150
PPAI008691-RA	TAA	233
PPAI000375-RA	TAG	298
PPAI010892-RA	TGA	27
PPAI010891-RA	TAA	29
PPAI003319-RA	TGA	122
PPAI003318-RA	TGA	74
PPAI010894-RA	TGA	399
PPAI010895-RA	TGA	48
PPAI006234-RA	TAA	61
PPAI006237-RA	TAA	23
PPAI006231-RA	TAA	72
PPAI006230-RA	TAA	36
PPAI006233-RA	TAG	967
PPAI003312-RA	TAA	278
PPAI004501-RA	TGA	138
PPAI004500-RA	TAA	171
PPAI004502-RA	TGA	395
PPAI004507-RA	TAG	131
PPAI008349-RA	TAA	49
PPAI008346-RA	TAG	446
PPAI008344-RA	TGA	87
PPAI008342-RA	TAA	176
PPAI000196-RA	TAG	27
PPAI000195-RA	TAA	96
PPAI000198-RA	TAG	121
PPAI000998-RA	TAA	16
PPAI000999-RA	TGA	298
PPAI000990-RA	TAA	106
PPAI002363-RA	TAA	32
PPAI002042-RA	TAA	22
PPAI002046-RA	TAA	595
PPAI002047-RA	TAG	812
PPAI002048-RA	TGA	39
PPAI002361-RA	TAG	50
PPAI002594-RA	TAA	21
PPAI002595-RA	TAG	188
PPAI002597-RA	TGA	80
PPAI002263-RA	TAA	636
PPAI006746-RA	TGA	82
PPAI003290-RA	TAA	68
PPAI010426-RA	TGA	19
PPAI008504-RA	TGA	77
PPAI008507-RA	TAA	474
PPAI008506-RA	TAA	50
PPAI005061-RA	TAA	13
PPAI010249-RA	TGA	109
PPAI010245-RA	TAA	99
PPAI010244-RA	TAG	247
PPAI003296-RA	TGA	211
PPAI003297-RA	TAA	303
PPAI001812-RA	TAA	252
PPAI001767-RA	TAA	225
PPAI001765-RA	TGA	2
PPAI001769-RA	TAA	120
PPAI001103-RA	TAA	178
PPAI001100-RA	TAA	120
PPAI001101-RA	TAA	394
PPAI001109-RA	TAA	73
PPAI011113-RA	TGA	240
PPAI007331-RA	TAA	90
PPAI007627-RA	TAA	94
PPAI007620-RA	TGA	183
PPAI005642-RA	TAA	6
PPAI005644-RA	TAG	70
PPAI005647-RA	TAA	78
PPAI005646-RA	TGA	19
PPAI009180-RA	TAA	13
PPAI002444-RA	TAA	161
PPAI002442-RA	TAA	31
PPAI002443-RA	TGA	636
PPAI010404-RA	TAA	73
PPAI010401-RA	TAA	274
PPAI010403-RA	TAG	346
PPAI010402-RA	TAA	162
PPAI011059-RA	TAA	440
PPAI004164-RA	TAA	179
PPAI003508-RA	TGA	76
PPAI006555-RA	TGA	57
PPAI006556-RA	TGA	101
PPAI003072-RA	TAG	138
PPAI002908-RA	TAA	641
PPAI002907-RA	TAG	363
PPAI002905-RA	TGA	214
PPAI002904-RA	TAG	79
PPAI002903-RA	TGA	155
PPAI002902-RA	TGA	318
PPAI002901-RA	TGA	437
PPAI005271-RA	TAG	152
PPAI005277-RA	TGA	77
PPAI004610-RA	TGA	81
PPAI002679-RA	TAA	277
PPAI002673-RA	TAA	388
PPAI002674-RA	TGA	115
PPAI009454-RA	TAG	199
PPAI009107-RA	TAA	55
PPAI001378-RA	TAG	82
PPAI001375-RA	TAA	128
PPAI002256-RA	TGA	36
PPAI009281-RA	TAG	150
PPAI009932-RA	TAG	883
PPAI003129-RA	TAA	205
PPAI001593-RA	TAA	387
PPAI001592-RA	TAA	209
PPAI001594-RA	TAA	48
PPAI000354-RA	TGA	597
PPAI000355-RA	TGA	91
PPAI000356-RA	TAA	73
PPAI000359-RA	TGA	38
PPAI003999-RA	TAA	30
PPAI000131-RA	TAG	70
PPAI004529-RA	TAA	7
PPAI007298-RA	TAA	104
PPAI007299-RA	TAA	48
PPAI007295-RA	TGA	451
PPAI007297-RA	TAA	131
PPAI002064-RA	TAA	35
PPAI002065-RA	TAA	99
PPAI002066-RA	TGA	236
PPAI002061-RA	TAG	74
PPAI003198-RA	TAA	284
PPAI003192-RA	TAA	201
PPAI003191-RA	TGA	100
PPAI003197-RA	TAA	228
PPAI003196-RA	TGA	219
PPAI002248-RA	TAA	16
PPAI009299-RA	TAG	809
PPAI009921-RA	TGA	94
PPAI009290-RA	TGA	243
PPAI007994-RA	TAG	175
PPAI007992-RA	TAA	323
PPAI005595-RA	TAA	358
PPAI005598-RA	TGA	147
PPAI003230-RA	TAA	67
PPAI005049-RA	TGA	105
PPAI005046-RA	TAA	864
PPAI005045-RA	TAA	232
PPAI001295-RA	TAA	937
PPAI001290-RA	TAA	10
PPAI001748-RA	TAG	49
PPAI001749-RA	TGA	318
PPAI001299-RA	TAA	55
PPAI006216-RA	TAA	72
PPAI006291-RA	TGA	910
PPAI001940-RA	TAA	51
PPAI009737-RA	TGA	92
PPAI009736-RA	TAA	51
PPAI009733-RA	TAG	62
PPAI009732-RA	TAA	560
PPAI001122-RA	TGA	232
PPAI009738-RA	TAA	102
PPAI000650-RA	TAG	13
PPAI010424-RA	TAG	735
PPAI010420-RA	TGA	1573
PPAI004952-RA	TAA	351
PPAI004950-RA	TAA	317
PPAI004956-RA	TGA	57
PPAI008063-RA	TGA	242
PPAI006002-RA	TGA	946
PPAI006000-RA	TAG	24
PPAI006001-RA	TAA	346
PPAI006558-RA	TAA	352
PPAI003079-RA	TAA	60
PPAI003071-RA	TAG	226
PPAI000540-RA	TAA	777
PPAI000543-RA	TAA	58
PPAI000544-RA	TAA	175
PPAI005924-RA	TGA	71
PPAI005926-RA	TAA	16
PPAI005927-RA	TAA	458
PPAI002751-RA	TGA	595
PPAI006471-RA	TGA	279
PPAI006470-RA	TAA	224
PPAI001974-RA	TAA	91
PPAI001541-RA	TGA	231
PPAI006475-RA	TAA	695
PPAI002652-RA	TAA	425
PPAI002651-RA	TAA	76
PPAI002657-RA	TAA	226
PPAI002656-RA	TGA	605
PPAI002659-RA	TAA	354
PPAI002658-RA	TAA	116
PPAI000945-RA	TGA	75
PPAI000943-RA	TAA	124
