ENSMLUT00000007229	TGA	170
ENSMLUT00000016886	TAA	273
ENSMLUT00000027248	TAG	44
ENSMLUT00000025129	TGA	3
ENSMLUT00000013641	TGA	167
ENSMLUT00000015286	TAG	135
ENSMLUT00000027871	TAG	162
ENSMLUT00000012132	TGA	236
ENSMLUT00000017335	TAA	13
ENSMLUT00000007135	TGA	123
ENSMLUT00000027504	TAG	540
ENSMLUT00000007149	TAG	540
ENSMLUT00000010377	TGA	67
ENSMLUT00000004781	TAA	469
ENSMLUT00000004791	TAA	80
ENSMLUT00000000490	TGA	23
ENSMLUT00000005781	TAA	408
ENSMLUT00000003123	TGA	21
ENSMLUT00000008868	TAA	48
ENSMLUT00000025234	TAA	12
ENSMLUT00000016270	TAG	16
ENSMLUT00000029509	TAA	19
ENSMLUT00000028193	TAA	98
ENSMLUT00000011483	TAA	413
ENSMLUT00000011725	TGA	47
ENSMLUT00000017639	TAA	18
ENSMLUT00000010464	TAG	1153
ENSMLUT00000010480	TAA	34
ENSMLUT00000002440	TGA	141
ENSMLUT00000012911	TGA	178
ENSMLUT00000012902	TAG	152
ENSMLUT00000007494	TAG	85
ENSMLUT00000007472	TGA	68
ENSMLUT00000000282	TGA	345
ENSMLUT00000004597	TAA	8
ENSMLUT00000004601	TAA	166
ENSMLUT00000010499	TGA	346
ENSMLUT00000003748	TAA	121
ENSMLUT00000006996	TAG	302
ENSMLUT00000012469	TAA	834
ENSMLUT00000013503	TAA	59
ENSMLUT00000017481	TAA	504
ENSMLUT00000028948	TAA	21
ENSMLUT00000010091	TGA	9
ENSMLUT00000010079	TGA	162
ENSMLUT00000012332	TGA	44
ENSMLUT00000012329	TGA	704
ENSMLUT00000028275	TAA	370
ENSMLUT00000006653	TGA	3
ENSMLUT00000009545	TAG	218
ENSMLUT00000005677	TGA	123
ENSMLUT00000005672	TGA	12
ENSMLUT00000005679	TAA	264
ENSMLUT00000005671	TGA	23
ENSMLUT00000007446	TAA	848
ENSMLUT00000008632	TAG	7
ENSMLUT00000025765	TAA	63
ENSMLUT00000008072	TAG	73
ENSMLUT00000009984	TGA	118
ENSMLUT00000014166	TAA	132
ENSMLUT00000013308	TAG	9
ENSMLUT00000004705	TGA	557
ENSMLUT00000005073	TAA	172
ENSMLUT00000006696	TAG	24
ENSMLUT00000006036	TAG	436
ENSMLUT00000006039	TAA	432
ENSMLUT00000007361	TGA	298
ENSMLUT00000000403	TGA	20
ENSMLUT00000002842	TAA	156
ENSMLUT00000003876	TAA	233
ENSMLUT00000003877	TAG	210
ENSMLUT00000003874	TAA	55
ENSMLUT00000001587	TGA	39
ENSMLUT00000001583	TGA	36
ENSMLUT00000002584	TAG	2
ENSMLUT00000002587	TGA	102
ENSMLUT00000002057	TAA	172
ENSMLUT00000002050	TAA	878
ENSMLUT00000002049	TAG	60
ENSMLUT00000024012	TAA	185
ENSMLUT00000001800	TAA	697
ENSMLUT00000012028	TGA	217
ENSMLUT00000026960	TGA	14
ENSMLUT00000030092	TGA	17
ENSMLUT00000011405	TGA	17
ENSMLUT00000014478	TGA	24
ENSMLUT00000013126	TGA	358
ENSMLUT00000012463	TGA	117
ENSMLUT00000007773	TAA	15
ENSMLUT00000007771	TGA	64
ENSMLUT00000012988	TGA	657
ENSMLUT00000012986	TGA	677
ENSMLUT00000008434	TGA	270
ENSMLUT00000029657	TAA	104
ENSMLUT00000002117	TAA	25
ENSMLUT00000004878	TGA	2
ENSMLUT00000016344	TAA	408
ENSMLUT00000016337	TAA	527
ENSMLUT00000024118	TAG	69
ENSMLUT00000008235	TGA	120
ENSMLUT00000017290	TAA	240
ENSMLUT00000015679	TGA	760
ENSMLUT00000015661	TGA	97
ENSMLUT00000025501	TGA	163
ENSMLUT00000029625	TAG	275
ENSMLUT00000014540	TAA	25
ENSMLUT00000016662	TGA	140
ENSMLUT00000000789	TAA	145
ENSMLUT00000000788	TAA	34
ENSMLUT00000004243	TAG	28
ENSMLUT00000010527	TAA	13
ENSMLUT00000005549	TGA	302
ENSMLUT00000005850	TGA	97
ENSMLUT00000000076	TGA	20
ENSMLUT00000001667	TAG	404
ENSMLUT00000005717	TAG	52
ENSMLUT00000007870	TAG	423
ENSMLUT00000007849	TAA	284
ENSMLUT00000005716	TAA	5
ENSMLUT00000017739	TAA	329
ENSMLUT00000029193	TGA	1
ENSMLUT00000014091	TGA	95
ENSMLUT00000026138	TAA	184
ENSMLUT00000011807	TAA	65
ENSMLUT00000012598	TAA	233
ENSMLUT00000022965	TGA	184
ENSMLUT00000009222	TAA	275
ENSMLUT00000007642	TAG	151
ENSMLUT00000009238	TGA	16
ENSMLUT00000003366	TGA	465
ENSMLUT00000003378	TGA	58
ENSMLUT00000001737	TAA	283
ENSMLUT00000001883	TGA	136
ENSMLUT00000001880	TGA	47
ENSMLUT00000013974	TGA	1
ENSMLUT00000014748	TAG	58
ENSMLUT00000010027	TAA	15
ENSMLUT00000006211	TAA	204
ENSMLUT00000012249	TAG	59
ENSMLUT00000012258	TGA	130
ENSMLUT00000006500	TGA	1723
ENSMLUT00000006493	TAA	69
ENSMLUT00000009391	TAA	313
ENSMLUT00000006720	TGA	115
ENSMLUT00000004968	TGA	171
ENSMLUT00000003440	TAG	1
ENSMLUT00000001966	TGA	14
ENSMLUT00000001970	TGA	15
ENSMLUT00000023802	TGA	156
ENSMLUT00000015365	TAA	45
ENSMLUT00000000056	TGA	13
ENSMLUT00000016554	TAG	78
ENSMLUT00000030929	TGA	158
ENSMLUT00000007035	TGA	202
ENSMLUT00000012662	TGA	131
ENSMLUT00000012665	TAG	592
ENSMLUT00000004402	TAG	15
ENSMLUT00000006123	TGA	7
ENSMLUT00000006102	TAA	122
ENSMLUT00000022967	TAG	716
ENSMLUT00000003050	TGA	189
ENSMLUT00000003052	TAA	125
ENSMLUT00000002901	TAG	64
ENSMLUT00000002910	TGA	323
ENSMLUT00000001368	TGA	345
ENSMLUT00000015087	TGA	151
ENSMLUT00000008523	TGA	518
ENSMLUT00000013662	TAG	62
ENSMLUT00000029308	TAG	622
ENSMLUT00000015510	TAG	622
ENSMLUT00000015512	TAA	19
ENSMLUT00000012058	TGA	104
ENSMLUT00000027495	TGA	14
ENSMLUT00000014674	TGA	63
ENSMLUT00000014682	TGA	1541
ENSMLUT00000011533	TGA	3
ENSMLUT00000016759	TAG	17
ENSMLUT00000011461	TGA	540
ENSMLUT00000006611	TAA	33
ENSMLUT00000006603	TAA	213
ENSMLUT00000010396	TAA	236
ENSMLUT00000002208	TGA	38
ENSMLUT00000002205	TAA	387
ENSMLUT00000027514	TAA	743
ENSMLUT00000010752	TGA	3
ENSMLUT00000015745	TAA	258
ENSMLUT00000012430	TGA	6
ENSMLUT00000011034	TGA	3
ENSMLUT00000016254	TGA	12
ENSMLUT00000015725	TGA	331
ENSMLUT00000023588	TAA	236
ENSMLUT00000005944	TGA	150
ENSMLUT00000016100	TGA	58
ENSMLUT00000004308	TAA	418
ENSMLUT00000002474	TGA	8
ENSMLUT00000007459	TAA	62
ENSMLUT00000000239	TGA	26
ENSMLUT00000000100	TAG	114
ENSMLUT00000001474	TAA	14
ENSMLUT00000009839	TAA	88
ENSMLUT00000013560	TGA	253
ENSMLUT00000013090	TAG	14
ENSMLUT00000015880	TGA	558
ENSMLUT00000015143	TGA	198
ENSMLUT00000015142	TAA	11
ENSMLUT00000015141	TGA	302
ENSMLUT00000027970	TAA	104
ENSMLUT00000010055	TGA	17
ENSMLUT00000011950	TAG	1
ENSMLUT00000012355	TGA	65
ENSMLUT00000007275	TAA	8
ENSMLUT00000003004	TAG	386
ENSMLUT00000000722	TAA	645
ENSMLUT00000000725	TGA	7
ENSMLUT00000004116	TAG	8
ENSMLUT00000009529	TGA	241
ENSMLUT00000005646	TAA	700
ENSMLUT00000008622	TAG	94
ENSMLUT00000024912	TGA	20
ENSMLUT00000015230	TAA	91
ENSMLUT00000015234	TGA	1
ENSMLUT00000004677	TGA	3
ENSMLUT00000014193	TGA	6
ENSMLUT00000010655	TGA	10
ENSMLUT00000004753	TGA	1058
ENSMLUT00000004748	TGA	48
ENSMLUT00000004773	TAA	46
ENSMLUT00000011206	TGA	208
ENSMLUT00000011202	TAA	206
ENSMLUT00000005090	TAA	14
ENSMLUT00000005099	TGA	99
ENSMLUT00000006068	TAA	32
ENSMLUT00000005874	TAA	497
ENSMLUT00000005883	TGA	48
ENSMLUT00000005877	TGA	41
ENSMLUT00000008904	TAA	104
ENSMLUT00000017014	TGA	25
ENSMLUT00000008422	TAA	74
ENSMLUT00000016958	TAG	79
ENSMLUT00000027796	TGA	66
ENSMLUT00000014450	TAA	78
ENSMLUT00000016177	TAA	16
ENSMLUT00000010777	TAA	147
ENSMLUT00000003738	TGA	38
ENSMLUT00000000187	TGA	121
ENSMLUT00000022309	TGA	181
ENSMLUT00000000178	TGA	181
ENSMLUT00000002130	TGA	308
ENSMLUT00000003290	TGA	51
ENSMLUT00000008181	TAA	149
ENSMLUT00000006510	TAA	34
ENSMLUT00000012547	TGA	288
ENSMLUT00000014269	TAG	4
ENSMLUT00000022191	TAA	588
ENSMLUT00000029070	TAA	588
ENSMLUT00000030867	TGA	7
ENSMLUT00000026736	TGA	1
ENSMLUT00000028387	TAG	30
ENSMLUT00000006351	TAG	276
ENSMLUT00000006359	TGA	13
ENSMLUT00000006683	TAA	349
ENSMLUT00000010562	TAG	60
ENSMLUT00000007566	TAA	26
ENSMLUT00000001647	TGA	348
ENSMLUT00000003173	TAA	51
ENSMLUT00000014112	TGA	39
ENSMLUT00000009067	TGA	12
ENSMLUT00000009083	TGA	2
ENSMLUT00000017749	TAA	271
ENSMLUT00000017747	TAG	56
ENSMLUT00000023148	TGA	141
ENSMLUT00000015077	TGA	115
ENSMLUT00000004832	TAA	92
ENSMLUT00000004835	TAA	773
ENSMLUT00000000644	TAA	719
ENSMLUT00000003690	TGA	56
ENSMLUT00000028557	TGA	1
ENSMLUT00000013949	TGA	734
ENSMLUT00000013943	TGA	44
ENSMLUT00000027784	TAA	331
ENSMLUT00000030677	TGA	157
ENSMLUT00000015484	TGA	816
ENSMLUT00000015472	TAA	51
ENSMLUT00000000505	TAG	25
ENSMLUT00000029035	TAG	28
ENSMLUT00000016476	TGA	14
ENSMLUT00000011148	TGA	148
ENSMLUT00000011147	TAA	27
ENSMLUT00000028125	TAA	292
ENSMLUT00000027066	TAG	11
ENSMLUT00000005228	TGA	890
ENSMLUT00000004599	TAA	35
ENSMLUT00000010535	TAG	528
ENSMLUT00000002769	TAA	596
ENSMLUT00000009907	TAG	39
ENSMLUT00000013762	TGA	58
ENSMLUT00000015346	TGA	172
ENSMLUT00000023190	TAA	31
ENSMLUT00000017281	TGA	561
ENSMLUT00000017190	TGA	84
ENSMLUT00000017192	TAA	51
ENSMLUT00000017191	TAA	62
ENSMLUT00000016634	TGA	343
ENSMLUT00000013035	TAG	427
ENSMLUT00000012644	TGA	32
ENSMLUT00000005540	TGA	6
ENSMLUT00000006864	TAG	13
ENSMLUT00000006847	TAA	252
ENSMLUT00000006840	TAA	126
ENSMLUT00000006836	TGA	172
ENSMLUT00000028162	TGA	32
ENSMLUT00000005406	TGA	73
ENSMLUT00000010086	TGA	20
ENSMLUT00000007831	TAG	5
ENSMLUT00000007834	TAG	269
ENSMLUT00000007826	TAA	16
ENSMLUT00000002952	TAA	17
ENSMLUT00000008960	TAA	440
ENSMLUT00000001365	TGA	11
ENSMLUT00000001375	TGA	72
ENSMLUT00000009612	TGA	233
ENSMLUT00000028346	TAA	160
ENSMLUT00000014313	TAA	6
ENSMLUT00000015565	TGA	6
ENSMLUT00000022709	TAA	15
ENSMLUT00000006262	TAA	77
ENSMLUT00000012137	TGA	243
ENSMLUT00000004094	TAG	71
ENSMLUT00000010331	TAG	63
ENSMLUT00000010328	TGA	227
ENSMLUT00000010316	TGA	30
ENSMLUT00000012852	TGA	99
ENSMLUT00000000345	TGA	48
ENSMLUT00000000341	TGA	76
ENSMLUT00000002248	TAG	77
ENSMLUT00000029294	TAA	144
ENSMLUT00000009128	TAG	342
ENSMLUT00000017562	TAG	193
ENSMLUT00000016219	TGA	11
ENSMLUT00000006478	TAA	786
ENSMLUT00000006468	TAG	30
ENSMLUT00000026505	TAA	94
ENSMLUT00000010215	TAA	204
ENSMLUT00000024636	TGA	91
ENSMLUT00000024713	TGA	36
ENSMLUT00000016985	TAG	56
ENSMLUT00000016990	TGA	52
ENSMLUT00000012198	TGA	64
ENSMLUT00000012204	TAA	16
ENSMLUT00000017615	TGA	11
ENSMLUT00000027971	TGA	1
ENSMLUT00000011749	TAA	127
ENSMLUT00000011748	TAA	104
ENSMLUT00000006800	TGA	136
ENSMLUT00000006767	TAA	146
ENSMLUT00000012232	TGA	10
ENSMLUT00000009325	TGA	80
ENSMLUT00000023733	TGA	1
ENSMLUT00000012496	TGA	53
ENSMLUT00000003410	TAA	77
ENSMLUT00000013870	TGA	16
ENSMLUT00000027512	TAA	13
ENSMLUT00000016506	TGA	9
ENSMLUT00000016514	TAA	45
ENSMLUT00000028939	TAG	44
ENSMLUT00000000533	TAG	3
ENSMLUT00000014820	TGA	12
ENSMLUT00000000534	TAA	210
ENSMLUT00000004439	TAA	414
ENSMLUT00000011937	TGA	29
ENSMLUT00000006164	TAA	15
ENSMLUT00000028513	TAG	104
ENSMLUT00000004941	TGA	15
ENSMLUT00000004950	TAA	8
ENSMLUT00000004946	TGA	27
ENSMLUT00000007211	TAG	74
ENSMLUT00000007206	TAG	22
ENSMLUT00000009320	TGA	3
ENSMLUT00000009330	TAG	443
ENSMLUT00000006639	TAA	172
ENSMLUT00000006636	TAA	163
ENSMLUT00000004158	TAA	424
ENSMLUT00000002446	TGA	209
ENSMLUT00000001691	TGA	156
ENSMLUT00000013609	TGA	227
ENSMLUT00000029362	TGA	23
ENSMLUT00000009990	TAA	1194
ENSMLUT00000015261	TAA	45
ENSMLUT00000014615	TGA	8
ENSMLUT00000013379	TAA	92
ENSMLUT00000013378	TGA	89
ENSMLUT00000007692	TAA	11
ENSMLUT00000027206	TAA	12
ENSMLUT00000004761	TGA	65
ENSMLUT00000000466	TAA	134
ENSMLUT00000000481	TGA	779
ENSMLUT00000007931	TAA	78
ENSMLUT00000007925	TGA	106
ENSMLUT00000006060	TGA	326
ENSMLUT00000006065	TAA	120
ENSMLUT00000000411	TGA	14
ENSMLUT00000000409	TGA	1
ENSMLUT00000025902	TGA	49
ENSMLUT00000001519	TAG	63
ENSMLUT00000001514	TGA	32
ENSMLUT00000001522	TAG	125
ENSMLUT00000030358	TGA	295
ENSMLUT00000013996	TGA	80
ENSMLUT00000000055	TAA	54
ENSMLUT00000025634	TAA	73
ENSMLUT00000015779	TGA	35
ENSMLUT00000004349	TAA	19
ENSMLUT00000005401	TGA	77
ENSMLUT00000012933	TGA	351
ENSMLUT00000012925	TGA	140
ENSMLUT00000012934	TAG	207
ENSMLUT00000003768	TGA	7
ENSMLUT00000003764	TAG	6
ENSMLUT00000000154	TAA	12
ENSMLUT00000002177	TAA	39
ENSMLUT00000013530	TAG	107
ENSMLUT00000031161	TAA	265
ENSMLUT00000025289	TAG	20
ENSMLUT00000013523	TAG	20
ENSMLUT00000023457	TAA	19
ENSMLUT00000017457	TAA	19
ENSMLUT00000016335	TGA	903
ENSMLUT00000015148	TGA	49
ENSMLUT00000023734	TAA	63
ENSMLUT00000012305	TAA	1058
ENSMLUT00000025529	TAA	271
ENSMLUT00000030172	TAA	31
ENSMLUT00000011661	TAG	33
ENSMLUT00000017610	TGA	113
ENSMLUT00000004255	TGA	238
ENSMLUT00000004254	TAG	47
ENSMLUT00000012680	TAA	14
ENSMLUT00000007509	TAA	325
ENSMLUT00000009550	TAA	10
ENSMLUT00000001619	TGA	448
ENSMLUT00000022321	TAA	14
ENSMLUT00000014141	TGA	177
ENSMLUT00000026526	TGA	356
ENSMLUT00000030437	TGA	18
ENSMLUT00000014143	TGA	11
ENSMLUT00000008991	TGA	135
ENSMLUT00000017797	TGA	32
ENSMLUT00000011232	TGA	397
ENSMLUT00000005057	TAA	286
ENSMLUT00000010130	TGA	1080
ENSMLUT00000023395	TGA	177
ENSMLUT00000010794	TAA	103
ENSMLUT00000007360	TAA	37
ENSMLUT00000003143	TGA	23
ENSMLUT00000002854	TGA	833
ENSMLUT00000002851	TAA	68
ENSMLUT00000002850	TAA	58
ENSMLUT00000006573	TAA	62
ENSMLUT00000004046	TGA	18
ENSMLUT00000009241	TAA	146
ENSMLUT00000003897	TAA	458
ENSMLUT00000003895	TAA	527
ENSMLUT00000002077	TAA	104
ENSMLUT00000001809	TAA	66
ENSMLUT00000001792	TAG	404
ENSMLUT00000001863	TAA	31
ENSMLUT00000028965	TAA	38
ENSMLUT00000013915	TGA	94
ENSMLUT00000013919	TGA	32
ENSMLUT00000013046	TGA	21
ENSMLUT00000015463	TAG	18
ENSMLUT00000017344	TGA	176
ENSMLUT00000017349	TGA	21
ENSMLUT00000022274	TAA	1
ENSMLUT00000023892	TAA	30
ENSMLUT00000010771	TAA	434
ENSMLUT00000012433	TAG	25
ENSMLUT00000010477	TGA	291
ENSMLUT00000010532	TGA	55
ENSMLUT00000000227	TGA	418
ENSMLUT00000004532	TAG	20
ENSMLUT00000004534	TGA	4
ENSMLUT00000008270	TAG	253
ENSMLUT00000030923	TGA	384
ENSMLUT00000013893	TGA	48
ENSMLUT00000013890	TAA	32
ENSMLUT00000015418	TAA	98
ENSMLUT00000015392	TAA	175
ENSMLUT00000013769	TAA	91
ENSMLUT00000013763	TAA	469
ENSMLUT00000015649	TAA	14
ENSMLUT00000014526	TGA	364
ENSMLUT00000006328	TGA	78
ENSMLUT00000012373	TGA	16
ENSMLUT00000007580	TAG	679
ENSMLUT00000007575	TGA	20
ENSMLUT00000012600	TAA	112
ENSMLUT00000012603	TAA	227
ENSMLUT00000012614	TGA	460
ENSMLUT00000005569	TAA	112
ENSMLUT00000000583	TAA	51
ENSMLUT00000002355	TAA	390
ENSMLUT00000002344	TAA	144
ENSMLUT00000022489	TAA	175
ENSMLUT00000002962	TAG	168
ENSMLUT00000002966	TAG	83
ENSMLUT00000030851	TGA	1217
ENSMLUT00000008937	TGA	249
ENSMLUT00000013407	TGA	82
ENSMLUT00000017719	TGA	16
ENSMLUT00000015042	TGA	4
ENSMLUT00000014994	TGA	9
ENSMLUT00000008539	TAA	482
ENSMLUT00000008545	TGA	84
ENSMLUT00000015570	TGA	114
ENSMLUT00000006281	TGA	10
ENSMLUT00000027105	TGA	1
ENSMLUT00000011046	TAG	104
ENSMLUT00000011032	TAA	1909
ENSMLUT00000005712	TAA	824
ENSMLUT00000003377	TGA	533
ENSMLUT00000001724	TGA	588
ENSMLUT00000009188	TAG	395
ENSMLUT00000017532	TAA	1580
ENSMLUT00000013231	TAA	59
ENSMLUT00000013249	TAG	74
ENSMLUT00000028704	TAG	242
ENSMLUT00000025332	TGA	55
ENSMLUT00000005976	TAA	372
ENSMLUT00000005268	TAG	542
ENSMLUT00000026423	TAA	47
ENSMLUT00000010942	TAA	215
ENSMLUT00000016119	TGA	463
ENSMLUT00000016118	TAA	511
ENSMLUT00000001284	TGA	110
ENSMLUT00000011240	TAA	17
ENSMLUT00000002480	TGA	31
ENSMLUT00000014120	TGA	493
ENSMLUT00000031288	TGA	169
ENSMLUT00000028053	TAA	30
ENSMLUT00000001916	TGA	18
ENSMLUT00000008796	TAA	218
ENSMLUT00000025620	TAA	218
ENSMLUT00000008777	TAA	768
ENSMLUT00000008193	TAG	26
ENSMLUT00000009820	TAG	15
ENSMLUT00000017231	TAA	14
ENSMLUT00000014050	TGA	5
ENSMLUT00000014053	TGA	179
ENSMLUT00000014044	TGA	148
ENSMLUT00000016578	TAA	82
ENSMLUT00000017486	TAG	65
ENSMLUT00000015898	TGA	14
ENSMLUT00000011333	TAG	38
ENSMLUT00000004993	TAG	15
ENSMLUT00000004986	TGA	47
ENSMLUT00000006174	TGA	137
ENSMLUT00000003086	TGA	18
ENSMLUT00000001322	TGA	14
ENSMLUT00000009640	TAA	82
ENSMLUT00000009654	TGA	93
ENSMLUT00000002671	TAG	95
ENSMLUT00000002680	TGA	98
ENSMLUT00000026529	TAA	93
ENSMLUT00000015298	TGA	129
ENSMLUT00000016737	TAG	48
ENSMLUT00000023791	TAA	609
ENSMLUT00000009479	TAA	609
ENSMLUT00000007141	TAA	433
ENSMLUT00000012897	TGA	19
ENSMLUT00000005806	TAA	477
ENSMLUT00000003652	TAA	145
ENSMLUT00000002880	TGA	453
ENSMLUT00000002885	TGA	103
ENSMLUT00000003144	TGA	695
ENSMLUT00000003130	TGA	167
ENSMLUT00000016258	TGA	137
ENSMLUT00000025961	TAA	208
ENSMLUT00000024454	TGA	162
ENSMLUT00000006437	TGA	677
ENSMLUT00000006449	TAA	162
ENSMLUT00000004363	TGA	24
ENSMLUT00000004359	TGA	12
ENSMLUT00000002406	TAA	115
ENSMLUT00000012919	TGA	21
ENSMLUT00000012913	TAA	131
ENSMLUT00000007474	TGA	25
ENSMLUT00000007475	TGA	44
ENSMLUT00000005191	TGA	319
ENSMLUT00000000520	TAG	61
ENSMLUT00000005185	TAG	211
ENSMLUT00000005203	TAA	349
ENSMLUT00000006985	TGA	42
ENSMLUT00000006986	TGA	518
ENSMLUT00000001987	TGA	17
ENSMLUT00000002187	TAG	544
ENSMLUT00000013579	TAG	56
ENSMLUT00000015113	TGA	520
ENSMLUT00000005351	TAA	1509
ENSMLUT00000005347	TGA	450
ENSMLUT00000010069	TAG	26
ENSMLUT00000028962	TAA	63
ENSMLUT00000007265	TAA	137
ENSMLUT00000000702	TAG	24
ENSMLUT00000004292	TGA	34
ENSMLUT00000007563	TAG	13
ENSMLUT00000009559	TGA	70
ENSMLUT00000005668	TGA	575
ENSMLUT00000005660	TAG	38
ENSMLUT00000005669	TAA	104
ENSMLUT00000008625	TAG	102
ENSMLUT00000008156	TAA	13
ENSMLUT00000008110	TAA	362
ENSMLUT00000015215	TGA	40
ENSMLUT00000014948	TAA	626
ENSMLUT00000011267	TGA	29
ENSMLUT00000011888	TGA	28
ENSMLUT00000004907	TAG	179
ENSMLUT00000024806	TAG	179
ENSMLUT00000006001	TGA	306
ENSMLUT00000006003	TAA	316
ENSMLUT00000007358	TGA	180
ENSMLUT00000007344	TGA	218
ENSMLUT00000005867	TGA	38
ENSMLUT00000002808	TAG	12
ENSMLUT00000015668	TAA	468
ENSMLUT00000009296	TAA	16
ENSMLUT00000004073	TGA	65
ENSMLUT00000003863	TGA	53
ENSMLUT00000001592	TGA	37
ENSMLUT00000002029	TAA	106
ENSMLUT00000031236	TGA	28
ENSMLUT00000025939	TAG	316
ENSMLUT00000016981	TGA	399
ENSMLUT00000008358	TAA	164
ENSMLUT00000015398	TGA	5
ENSMLUT00000011434	TGA	65
ENSMLUT00000000975	TGA	361
ENSMLUT00000014462	TGA	30
ENSMLUT00000016201	TGA	8
ENSMLUT00000012449	TAA	45
ENSMLUT00000012460	TAA	16
ENSMLUT00000012999	TAA	48
ENSMLUT00000004500	TGA	2
ENSMLUT00000004507	TAA	12
ENSMLUT00000005456	TAA	24
ENSMLUT00000000218	TAG	208
ENSMLUT00000000211	TAA	510
ENSMLUT00000000221	TGA	132
ENSMLUT00000002106	TAG	317
ENSMLUT00000003274	TAA	61
ENSMLUT00000009471	TAA	26
ENSMLUT00000016356	TGA	246
ENSMLUT00000029854	TAA	39
ENSMLUT00000012338	TGA	37
ENSMLUT00000008787	TAG	83
ENSMLUT00000014247	TAG	6
ENSMLUT00000026572	TAG	89
ENSMLUT00000024565	TAG	63
ENSMLUT00000031055	TGA	388
ENSMLUT00000028525	TGA	13
ENSMLUT00000017299	TGA	64
ENSMLUT00000017300	TAA	17
ENSMLUT00000015685	TGA	226
ENSMLUT00000015671	TGA	34
ENSMLUT00000017127	TAA	627
ENSMLUT00000000841	TAG	76
ENSMLUT00000010548	TAA	61
ENSMLUT00000005557	TAG	12
ENSMLUT00000011404	TGA	12
ENSMLUT00000000003	TAA	241
ENSMLUT00000016208	TGA	68
ENSMLUT00000001662	TGA	226
ENSMLUT00000007855	TGA	213
ENSMLUT00000002327	TGA	105
ENSMLUT00000002311	TAA	13
ENSMLUT00000002317	TAA	239
ENSMLUT00000002313	TAA	60
ENSMLUT00000008024	TAG	6
ENSMLUT00000009050	TGA	203
ENSMLUT00000013443	TGA	151
ENSMLUT00000023977	TGA	151
ENSMLUT00000013433	TAA	29
ENSMLUT00000013394	TGA	8
ENSMLUT00000013392	TGA	30
ENSMLUT00000016096	TGA	58
ENSMLUT00000023124	TGA	60
ENSMLUT00000016847	TAG	753
ENSMLUT00000004820	TAG	14
ENSMLUT00000029358	TGA	145
ENSMLUT00000012569	TAG	59
ENSMLUT00000012559	TAA	14
ENSMLUT00000029560	TAG	12
ENSMLUT00000011036	TGA	171
ENSMLUT00000002534	TGA	341
ENSMLUT00000012824	TAA	144
ENSMLUT00000012834	TGA	76
ENSMLUT00000002295	TGA	130
ENSMLUT00000009136	TAA	14
ENSMLUT00000011158	TAG	28
ENSMLUT00000005243	TAG	30
ENSMLUT00000028073	TGA	269
ENSMLUT00000012254	TAG	17
ENSMLUT00000030392	TAG	194
ENSMLUT00000004625	TAA	396
ENSMLUT00000004623	TAA	159
ENSMLUT00000001969	TAA	65
ENSMLUT00000001978	TGA	77
ENSMLUT00000028212	TGA	12
ENSMLUT00000008713	TGA	42
ENSMLUT00000029681	TAA	428
ENSMLUT00000029936	TAA	128
ENSMLUT00000014542	TAA	156
ENSMLUT00000025356	TAA	156
ENSMLUT00000011687	TGA	56
ENSMLUT00000000548	TGA	32
ENSMLUT00000000549	TGA	142
ENSMLUT00000000083	TAA	67
ENSMLUT00000000080	TAA	22
ENSMLUT00000011294	TAG	48
ENSMLUT00000006861	TGA	30
ENSMLUT00000008543	TAA	21
ENSMLUT00000002933	TGA	64
ENSMLUT00000008972	TAA	223
ENSMLUT00000009641	TAG	299
ENSMLUT00000016026	TAG	107
ENSMLUT00000016010	TGA	94
ENSMLUT00000015102	TAG	267
ENSMLUT00000014322	TAA	13
ENSMLUT00000025579	TAA	407
ENSMLUT00000013684	TAA	118
ENSMLUT00000016755	TGA	739
ENSMLUT00000007174	TAA	121
ENSMLUT00000012076	TAG	353
ENSMLUT00000010338	TGA	344
ENSMLUT00000010332	TGA	56
ENSMLUT00000000319	TAA	3
ENSMLUT00000001747	TAA	249
ENSMLUT00000003429	TGA	19
ENSMLUT00000016865	TAA	169
ENSMLUT00000016857	TAA	599
ENSMLUT00000008816	TAA	172
ENSMLUT00000008830	TGA	52
ENSMLUT00000013275	TGA	15
ENSMLUT00000015703	TAG	91
ENSMLUT00000017643	TAG	89
ENSMLUT00000004346	TGA	68
ENSMLUT00000009305	TGA	605
ENSMLUT00000009318	TAA	5
ENSMLUT00000002478	TAG	9
ENSMLUT00000012956	TGA	347
ENSMLUT00000002780	TAA	39
ENSMLUT00000003788	TGA	73
ENSMLUT00000003786	TAG	305
ENSMLUT00000001464	TAG	16
ENSMLUT00000001467	TAA	15
ENSMLUT00000027349	TGA	43
ENSMLUT00000009871	TGA	102
ENSMLUT00000009882	TGA	18
ENSMLUT00000017438	TGA	124
ENSMLUT00000013559	TAG	173
ENSMLUT00000013545	TAG	199
ENSMLUT00000013088	TAG	7
ENSMLUT00000013094	TGA	4
ENSMLUT00000006513	TAG	17
ENSMLUT00000005376	TGA	118
ENSMLUT00000005369	TAA	593
ENSMLUT00000005386	TGA	143
ENSMLUT00000004967	TAA	32
ENSMLUT00000012371	TGA	389
ENSMLUT00000007278	TGA	17
ENSMLUT00000007252	TAG	29
ENSMLUT00000027557	TAA	23
ENSMLUT00000006619	TAG	9
ENSMLUT00000004104	TAA	2
ENSMLUT00000009534	TGA	9
ENSMLUT00000002618	TGA	8
ENSMLUT00000003575	TGA	541
ENSMLUT00000003577	TGA	329
ENSMLUT00000008678	TAA	226
ENSMLUT00000008663	TAG	76
ENSMLUT00000029599	TAA	12
ENSMLUT00000024845	TAA	181
ENSMLUT00000015245	TGA	204
ENSMLUT00000015249	TGA	2
ENSMLUT00000017253	TAG	27
ENSMLUT00000013363	TGA	260
ENSMLUT00000013352	TAA	553
ENSMLUT00000007098	TAA	108
ENSMLUT00000007099	TAG	55
ENSMLUT00000010638	TGA	189
ENSMLUT00000030849	TGA	437
ENSMLUT00000004079	TGA	260
ENSMLUT00000004078	TGA	108
ENSMLUT00000011244	TAA	13
ENSMLUT00000004077	TAA	69
ENSMLUT00000006096	TGA	150
ENSMLUT00000006076	TGA	155
ENSMLUT00000001096	TGA	19
ENSMLUT00000001086	TAA	35
ENSMLUT00000028013	TGA	15
ENSMLUT00000001538	TGA	180
ENSMLUT00000024591	TAA	319
ENSMLUT00000008538	TGA	380
ENSMLUT00000016926	TAA	150
ENSMLUT00000016930	TAA	133
ENSMLUT00000023576	TAG	1064
ENSMLUT00000017326	TAA	61
ENSMLUT00000015778	TAA	785
ENSMLUT00000014788	TAA	26
ENSMLUT00000011432	TGA	7
ENSMLUT00000000948	TAG	6
ENSMLUT00000000941	TGA	7
ENSMLUT00000016160	TAA	765
ENSMLUT00000016152	TGA	147
ENSMLUT00000010414	TGA	43
ENSMLUT00000010439	TAA	352
ENSMLUT00000010419	TAA	456
ENSMLUT00000012219	TAA	35
ENSMLUT00000000177	TAA	15
ENSMLUT00000000174	TGA	23
ENSMLUT00000005280	TAG	3
ENSMLUT00000010022	TGA	181
ENSMLUT00000002150	TAG	14
ENSMLUT00000008178	TAA	56
ENSMLUT00000016310	TAA	770
ENSMLUT00000025710	TGA	72
ENSMLUT00000008197	TGA	13
ENSMLUT00000017181	TGA	213
ENSMLUT00000027112	TAA	97
ENSMLUT00000000760	TAA	71
ENSMLUT00000011643	TAG	44
ENSMLUT00000011626	TAA	119
ENSMLUT00000004282	TAG	448
ENSMLUT00000012419	TGA	32
ENSMLUT00000006708	TAA	261
ENSMLUT00000006687	TGA	133
ENSMLUT00000006692	TAA	259
ENSMLUT00000004182	TAA	226
ENSMLUT00000004187	TGA	202
ENSMLUT00000005640	TAA	465
ENSMLUT00000005632	TAG	126
ENSMLUT00000000030	TAG	45
ENSMLUT00000007570	TGA	489
ENSMLUT00000009966	TAA	324
ENSMLUT00000022820	TGA	18
ENSMLUT00000014115	TGA	30
ENSMLUT00000013480	TGA	476
ENSMLUT00000013468	TAA	196
ENSMLUT00000015046	TAG	10
ENSMLUT00000005036	TAA	760
ENSMLUT00000022988	TGA	187
ENSMLUT00000010171	TAA	6
ENSMLUT00000010186	TGA	86
ENSMLUT00000004846	TAA	19
ENSMLUT00000012091	TAA	358
ENSMLUT00000012093	TGA	72
ENSMLUT00000012556	TAA	76
ENSMLUT00000000649	TAA	138
ENSMLUT00000004023	TAA	226
ENSMLUT00000001008	TGA	15
ENSMLUT00000024239	TAA	93
ENSMLUT00000029273	TAG	44
ENSMLUT00000003324	TGA	134
ENSMLUT00000003323	TAG	94
ENSMLUT00000023323	TAG	13
ENSMLUT00000013940	TAG	15
ENSMLUT00000013942	TAA	122
ENSMLUT00000024724	TAA	173
ENSMLUT00000014712	TAG	54
ENSMLUT00000014711	TAA	30
ENSMLUT00000024129	TAA	97
ENSMLUT00000027287	TAG	163
ENSMLUT00000016416	TGA	185
ENSMLUT00000022278	TGA	69
ENSMLUT00000012423	TAA	99
ENSMLUT00000004562	TAA	16
ENSMLUT00000011199	TAG	13
ENSMLUT00000023758	TGA	350
ENSMLUT00000005200	TAA	35
ENSMLUT00000003981	TGA	137
ENSMLUT00000003979	TAA	257
ENSMLUT00000004618	TAG	755
ENSMLUT00000009465	TAA	579
ENSMLUT00000009432	TAA	130
ENSMLUT00000002754	TAG	12
ENSMLUT00000026562	TAG	190
ENSMLUT00000014295	TGA	5
ENSMLUT00000014294	TAA	478
ENSMLUT00000014302	TGA	36
ENSMLUT00000009866	TGA	690
ENSMLUT00000013751	TAA	73
ENSMLUT00000023024	TAA	178
ENSMLUT00000025802	TGA	486
ENSMLUT00000016600	TAA	41
ENSMLUT00000000870	TAA	13
ENSMLUT00000016624	TAA	57
ENSMLUT00000016630	TGA	277
ENSMLUT00000012631	TAA	163
ENSMLUT00000005509	TAA	22
ENSMLUT00000005507	TAA	28
ENSMLUT00000006862	TGA	123
ENSMLUT00000007818	TGA	15
ENSMLUT00000003012	TGA	361
ENSMLUT00000008994	TAA	17
ENSMLUT00000008973	TAG	33
ENSMLUT00000008958	TAG	16
ENSMLUT00000008954	TAA	9
ENSMLUT00000009613	TGA	13
ENSMLUT00000016022	TGA	438
ENSMLUT00000016030	TAA	141
ENSMLUT00000014326	TGA	19
ENSMLUT00000016811	TAG	17
ENSMLUT00000031000	TAG	16
ENSMLUT00000015543	TAG	240
ENSMLUT00000025492	TGA	26
ENSMLUT00000016820	TAG	60
ENSMLUT00000011059	TGA	846
ENSMLUT00000012492	TAG	115
ENSMLUT00000012796	TGA	220
ENSMLUT00000012879	TGA	114
ENSMLUT00000003638	TAA	45
ENSMLUT00000001779	TAA	76
ENSMLUT00000003201	TGA	19
ENSMLUT00000003199	TGA	38
ENSMLUT00000008370	TAA	245
ENSMLUT00000008371	TAA	461
ENSMLUT00000010634	TGA	2
ENSMLUT00000027635	TAA	31
ENSMLUT00000013262	TAA	184
ENSMLUT00000015960	TAA	86
ENSMLUT00000029735	TAA	63
ENSMLUT00000010922	TGA	16
ENSMLUT00000012221	TAA	45
ENSMLUT00000005912	TGA	113
ENSMLUT00000000998	TAA	36
ENSMLUT00000006773	TAA	365
ENSMLUT00000006750	TAA	169
ENSMLUT00000006764	TGA	48
ENSMLUT00000003407	TGA	205
ENSMLUT00000029451	TAA	392
ENSMLUT00000026837	TAG	246
ENSMLUT00000010597	TAA	37
ENSMLUT00000014809	TGA	47
ENSMLUT00000014808	TAA	123
ENSMLUT00000004454	TAA	486
ENSMLUT00000004457	TGA	171
ENSMLUT00000004458	TAG	9
ENSMLUT00000001133	TGA	23
ENSMLUT00000005820	TAG	165
ENSMLUT00000005815	TAA	71
ENSMLUT00000024100	TAA	27
ENSMLUT00000006147	TAA	561
ENSMLUT00000006143	TAG	31
ENSMLUT00000001324	TAA	21
ENSMLUT00000009669	TAA	62
ENSMLUT00000009683	TAG	119
ENSMLUT00000002658	TGA	97
ENSMLUT00000001682	TGA	877
ENSMLUT00000008647	TGA	10
ENSMLUT00000008650	TGA	9
ENSMLUT00000014401	TAA	21
ENSMLUT00000024830	TAG	160
ENSMLUT00000016899	TAG	14
ENSMLUT00000013631	TAA	62
ENSMLUT00000013624	TGA	30
ENSMLUT00000023350	TGA	473
ENSMLUT00000015268	TAG	114
ENSMLUT00000028669	TGA	672
ENSMLUT00000022839	TAA	3
ENSMLUT00000013374	TGA	231
ENSMLUT00000013366	TGA	98
ENSMLUT00000010619	TAA	69
ENSMLUT00000007684	TAA	14
ENSMLUT00000007713	TAA	308
ENSMLUT00000007681	TGA	106
ENSMLUT00000004798	TGA	55
ENSMLUT00000007918	TGA	194
ENSMLUT00000002246	TAA	141
ENSMLUT00000003837	TGA	39
ENSMLUT00000008857	TAA	582
ENSMLUT00000008872	TGA	27
ENSMLUT00000009192	TAA	112
ENSMLUT00000009709	TGA	2
ENSMLUT00000001536	TAG	549
ENSMLUT00000028970	TAG	25
ENSMLUT00000023715	TGA	1
ENSMLUT00000008389	TGA	3
ENSMLUT00000012159	TGA	6
ENSMLUT00000014407	TGA	7
ENSMLUT00000016141	TAA	145
ENSMLUT00000016148	TAA	156
ENSMLUT00000016142	TGA	14
ENSMLUT00000010476	TAG	17
ENSMLUT00000012935	TAA	20
ENSMLUT00000012943	TGA	231
ENSMLUT00000012941	TGA	848
ENSMLUT00000007485	TAA	4
ENSMLUT00000007498	TGA	41
ENSMLUT00000003776	TGA	220
ENSMLUT00000009095	TAA	1
ENSMLUT00000003482	TAA	477
ENSMLUT00000026602	TGA	599
ENSMLUT00000017466	TGA	13
ENSMLUT00000015843	TAG	66
ENSMLUT00000015832	TAA	81
ENSMLUT00000030972	TGA	224
ENSMLUT00000014227	TAA	97
ENSMLUT00000004939	TAA	361
ENSMLUT00000006403	TGA	80
ENSMLUT00000006394	TGA	2
ENSMLUT00000006389	TGA	989
ENSMLUT00000000756	TAA	57
ENSMLUT00000006649	TAA	7
ENSMLUT00000001392	TAG	410
ENSMLUT00000001380	TGA	102
ENSMLUT00000001379	TGA	61
ENSMLUT00000007506	TGA	162
ENSMLUT00000005608	TGA	11
ENSMLUT00000003529	TAA	1039
ENSMLUT00000031239	TGA	40
ENSMLUT00000014150	TGA	14
ENSMLUT00000022504	TAG	564
ENSMLUT00000013508	TGA	781
ENSMLUT00000015531	TAA	378
ENSMLUT00000005042	TAG	27
ENSMLUT00000005653	TGA	1
ENSMLUT00000006021	TAG	61
ENSMLUT00000006030	TGA	70
ENSMLUT00000007978	TAA	98
ENSMLUT00000030159	TGA	397
ENSMLUT00000004867	TAA	355
ENSMLUT00000012505	TAG	288
ENSMLUT00000012114	TAA	11
ENSMLUT00000003880	TGA	57
ENSMLUT00000003882	TAG	481
ENSMLUT00000003890	TGA	140
ENSMLUT00000028441	TGA	72
ENSMLUT00000024045	TGA	72
ENSMLUT00000002047	TGA	72
ENSMLUT00000001811	TAA	807
ENSMLUT00000027709	TAG	403
ENSMLUT00000015441	TGA	229
ENSMLUT00000017376	TGA	283
ENSMLUT00000011436	TAG	15
ENSMLUT00000016430	TGA	16
ENSMLUT00000017595	TGA	205
ENSMLUT00000012438	TAG	426
ENSMLUT00000004524	TAG	13
ENSMLUT00000004523	TAA	41
ENSMLUT00000011175	TAA	85
ENSMLUT00000024491	TGA	769
ENSMLUT00000006959	TAG	51
ENSMLUT00000001280	TGA	289
ENSMLUT00000010397	TAA	345
ENSMLUT00000005905	TAG	63
ENSMLUT00000012215	TAG	1134
ENSMLUT00000026862	TAG	1134
ENSMLUT00000024266	TAG	21
ENSMLUT00000028865	TAA	144
ENSMLUT00000013725	TAA	49
ENSMLUT00000015667	TGA	79
ENSMLUT00000015666	TAG	29
ENSMLUT00000030668	TGA	109
ENSMLUT00000000815	TGA	267
ENSMLUT00000016672	TAA	60
ENSMLUT00000016677	TAG	50
ENSMLUT00000022768	TAG	8
ENSMLUT00000007034	TAG	678
ENSMLUT00000005588	TGA	5
ENSMLUT00000007593	TAA	107
ENSMLUT00000004483	TAG	50
ENSMLUT00000029596	TAG	50
ENSMLUT00000005683	TAA	609
ENSMLUT00000031188	TGA	273
ENSMLUT00000008905	TGA	66
ENSMLUT00000017707	TGA	42
ENSMLUT00000017710	TAA	821
ENSMLUT00000027939	TGA	777
ENSMLUT00000026731	TAA	31
ENSMLUT00000014351	TGA	373
ENSMLUT00000011842	TAA	113
ENSMLUT00000017064	TAA	32
ENSMLUT00000029704	TAG	126
ENSMLUT00000006308	TGA	271
ENSMLUT00000011049	TGA	1187
ENSMLUT00000007656	TAG	77
ENSMLUT00000009258	TAA	25
ENSMLUT00000002521	TGA	311
ENSMLUT00000012811	TGA	209
ENSMLUT00000012808	TGA	107
ENSMLUT00000003392	TGA	27
ENSMLUT00000003391	TAG	8
ENSMLUT00000003394	TGA	311
ENSMLUT00000003390	TGA	190
ENSMLUT00000014956	TGA	115
ENSMLUT00000014781	TGA	1
ENSMLUT00000013210	TAA	207
ENSMLUT00000022916	TAA	277
ENSMLUT00000029569	TGA	43
ENSMLUT00000005252	TAA	255
ENSMLUT00000010253	TGA	29
ENSMLUT00000010245	TAG	26
ENSMLUT00000026344	TGA	29
ENSMLUT00000010938	TGA	4
ENSMLUT00000024562	TGA	19
ENSMLUT00000006490	TGA	60
ENSMLUT00000001148	TAG	144
ENSMLUT00000004401	TAG	116
ENSMLUT00000006721	TAG	1128
ENSMLUT00000006743	TGA	22
ENSMLUT00000006758	TGA	28
ENSMLUT00000006728	TAG	9
ENSMLUT00000004645	TGA	178
ENSMLUT00000004646	TGA	212
ENSMLUT00000002506	TGA	262
ENSMLUT00000002498	TAA	194
ENSMLUT00000001919	TAG	104
ENSMLUT00000008773	TAA	256
ENSMLUT00000015332	TAG	7
ENSMLUT00000025967	TGA	223
ENSMLUT00000013827	TAA	147
ENSMLUT00000008179	TAG	12
ENSMLUT00000013798	TAA	13
ENSMLUT00000022595	TAA	3
ENSMLUT00000025109	TAA	65
ENSMLUT00000017237	TGA	290
ENSMLUT00000017494	TAA	5
ENSMLUT00000017495	TAA	947
ENSMLUT00000004403	TGA	52
ENSMLUT00000011325	TGA	609
ENSMLUT00000011044	TGA	78
ENSMLUT00000004999	TGA	424
ENSMLUT00000004985	TAA	46
ENSMLUT00000008291	TAG	13
ENSMLUT00000025685	TAA	29
ENSMLUT00000007680	TAA	138
ENSMLUT00000012385	TAA	39
ENSMLUT00000016519	TAG	19
ENSMLUT00000008697	TAA	16
ENSMLUT00000008692	TGA	84
ENSMLUT00000026684	TGA	6
ENSMLUT00000014653	TGA	286
ENSMLUT00000006218	TAA	187
ENSMLUT00000028188	TAG	56
ENSMLUT00000010358	TGA	3
ENSMLUT00000000305	TAA	119
ENSMLUT00000003653	TGA	910
ENSMLUT00000007983	TGA	25
ENSMLUT00000002285	TAA	171
ENSMLUT00000008334	TGA	15
ENSMLUT00000008315	TAG	139
ENSMLUT00000022456	TAA	6
ENSMLUT00000006333	TAA	231
ENSMLUT00000016255	TAG	233
ENSMLUT00000006215	TAA	12
ENSMLUT00000015491	TGA	193
ENSMLUT00000015492	TAA	64
ENSMLUT00000012165	TGA	134
ENSMLUT00000017390	TAA	125
ENSMLUT00000012160	TAG	22
ENSMLUT00000012156	TGA	199
ENSMLUT00000017659	TGA	283
ENSMLUT00000012306	TAA	171
ENSMLUT00000004312	TAG	13
ENSMLUT00000004316	TAA	42
ENSMLUT00000010450	TAA	152
ENSMLUT00000010441	TGA	155
ENSMLUT00000002412	TGA	35
ENSMLUT00000012965	TAA	18
ENSMLUT00000005186	TAA	35
ENSMLUT00000001441	TGA	546
ENSMLUT00000001993	TGA	116
ENSMLUT00000009859	TAA	70
ENSMLUT00000008111	TAA	564
ENSMLUT00000014042	TGA	30
ENSMLUT00000014040	TAA	18
ENSMLUT00000014039	TGA	256
ENSMLUT00000014041	TAA	14
ENSMLUT00000013584	TGA	238
ENSMLUT00000015114	TAA	70
ENSMLUT00000005361	TGA	523
ENSMLUT00000029217	TAA	41
ENSMLUT00000010051	TAG	12
ENSMLUT00000029655	TAA	13
ENSMLUT00000006190	TGA	146
ENSMLUT00000006188	TGA	176
ENSMLUT00000007246	TGA	299
ENSMLUT00000000733	TGA	12
ENSMLUT00000004300	TAA	166
ENSMLUT00000006686	TAG	273
ENSMLUT00000002602	TAA	405
ENSMLUT00000005663	TGA	2
ENSMLUT00000012686	TGA	329
ENSMLUT00000003553	TAG	7
ENSMLUT00000003554	TGA	129
ENSMLUT00000003560	TAA	27
ENSMLUT00000008597	TGA	19
ENSMLUT00000002380	TAA	210
ENSMLUT00000002385	TAA	228
ENSMLUT00000002386	TGA	153
ENSMLUT00000015231	TGA	14
ENSMLUT00000028145	TGA	91
ENSMLUT00000025211	TGA	243
ENSMLUT00000013333	TAA	185
ENSMLUT00000024865	TAG	315
ENSMLUT00000011200	TGA	83
ENSMLUT00000029093	TGA	24
ENSMLUT00000005856	TAG	33
ENSMLUT00000022349	TGA	40
ENSMLUT00000009290	TGA	40
ENSMLUT00000009279	TAA	96
ENSMLUT00000001566	TAA	31
ENSMLUT00000009748	TAA	38
ENSMLUT00000001828	TGA	51
ENSMLUT00000016959	TGA	22
ENSMLUT00000023351	TGA	91
ENSMLUT00000011473	TGA	7
ENSMLUT00000000968	TAA	65
ENSMLUT00000011812	TAA	10
ENSMLUT00000013107	TAG	127
ENSMLUT00000013123	TGA	3
ENSMLUT00000005955	TAA	24
ENSMLUT00000005444	TAG	36
ENSMLUT00000030814	TAG	36
ENSMLUT00000003724	TGA	18
ENSMLUT00000003736	TAG	252
ENSMLUT00000000193	TAG	105
ENSMLUT00000002143	TAG	18
ENSMLUT00000022554	TGA	446
ENSMLUT00000011717	TAA	91
ENSMLUT00000030918	TGA	119
ENSMLUT00000014275	TGA	60
ENSMLUT00000023862	TAA	6
ENSMLUT00000011994	TGA	959
ENSMLUT00000015604	TAG	6
ENSMLUT00000029194	TGA	20
ENSMLUT00000017119	TGA	12
ENSMLUT00000016648	TAG	77
ENSMLUT00000006371	TGA	69
ENSMLUT00000006360	TGA	99
ENSMLUT00000004217	TAG	965
ENSMLUT00000001653	TAA	121
ENSMLUT00000002309	TAG	26
ENSMLUT00000005167	TAA	205
ENSMLUT00000026226	TAA	65
ENSMLUT00000013446	TGA	363
ENSMLUT00000017756	TGA	24
ENSMLUT00000016082	TGA	106
ENSMLUT00000016091	TAA	166
ENSMLUT00000010191	TGA	105
ENSMLUT00000016877	TAG	50
ENSMLUT00000006093	TAA	73
ENSMLUT00000010847	TAA	206
ENSMLUT00000025940	TAA	37
ENSMLUT00000012578	TAG	157
ENSMLUT00000012591	TGA	145
ENSMLUT00000011018	TGA	263
ENSMLUT00000011003	TAA	51
ENSMLUT00000003697	TAA	443
ENSMLUT00000003345	TAA	23
ENSMLUT00000003342	TGA	108
ENSMLUT00000014733	TGA	31
ENSMLUT00000029113	TAA	19
ENSMLUT00000015929	TAA	1141
ENSMLUT00000025359	TGA	139
ENSMLUT00000015939	TGA	139
ENSMLUT00000000269	TAA	206
ENSMLUT00000004575	TGA	33
ENSMLUT00000022621	TAA	11
ENSMLUT00000009411	TGA	11
ENSMLUT00000001944	TGA	45
ENSMLUT00000008737	TAG	59
ENSMLUT00000008743	TAG	29
ENSMLUT00000015351	TAG	2
ENSMLUT00000015362	TGA	66
ENSMLUT00000014090	TGA	26
ENSMLUT00000028935	TGA	124
ENSMLUT00000017198	TGA	631
ENSMLUT00000011694	TAA	121
ENSMLUT00000004442	TAA	117
ENSMLUT00000000547	TGA	15
ENSMLUT00000000095	TGA	105
ENSMLUT00000005393	TGA	433
ENSMLUT00000005382	TGA	103
ENSMLUT00000002582	TGA	21
ENSMLUT00000006126	TAG	106
ENSMLUT00000006133	TAA	241
ENSMLUT00000003034	TGA	90
ENSMLUT00000009587	TAA	15
ENSMLUT00000009609	TGA	77
ENSMLUT00000009615	TGA	734
ENSMLUT00000016007	TGA	3
ENSMLUT00000004036	TAA	39
ENSMLUT00000014339	TGA	17
ENSMLUT00000014097	TAA	130
ENSMLUT00000011855	TGA	104
ENSMLUT00000011852	TGA	141
ENSMLUT00000030412	TAA	1
ENSMLUT00000013646	TAG	28
ENSMLUT00000013649	TAA	118
ENSMLUT00000015526	TAG	50
ENSMLUT00000012071	TAG	322
ENSMLUT00000006250	TGA	33
ENSMLUT00000011085	TAA	13
ENSMLUT00000010357	TAA	255
ENSMLUT00000010382	TAG	26
ENSMLUT00000010341	TGA	75
ENSMLUT00000000351	TAA	57
ENSMLUT00000001754	TGA	255
ENSMLUT00000008854	TAG	31
ENSMLUT00000008881	TGA	100
ENSMLUT00000022900	TGA	17
ENSMLUT00000025283	TAA	30
ENSMLUT00000013279	TGA	42
ENSMLUT00000013280	TGA	27
ENSMLUT00000010214	TAA	33
ENSMLUT00000010230	TGA	445
ENSMLUT00000028288	TGA	4
ENSMLUT00000012239	TAG	153
ENSMLUT00000005931	TGA	3
ENSMLUT00000011764	TGA	157
ENSMLUT00000006797	TAA	67
ENSMLUT00000007793	TGA	32
ENSMLUT00000002442	TAG	140
ENSMLUT00000009508	TAA	307
ENSMLUT00000003422	TGA	10
ENSMLUT00000014006	TAG	19
ENSMLUT00000016392	TAA	640
ENSMLUT00000016422	TAA	62
ENSMLUT00000005304	TAA	69
ENSMLUT00000010034	TAA	155
ENSMLUT00000028147	TAA	61
ENSMLUT00000012380	TGA	308
ENSMLUT00000006616	TGA	47
ENSMLUT00000009538	TGA	11
ENSMLUT00000009514	TGA	545
ENSMLUT00000028124	TGA	545
ENSMLUT00000002638	TGA	174
ENSMLUT00000022565	TAA	35
ENSMLUT00000008592	TAA	248
ENSMLUT00000017345	TGA	1
ENSMLUT00000017095	TGA	116
ENSMLUT00000025431	TGA	116
ENSMLUT00000011551	TGA	24
ENSMLUT00000011552	TAG	40
ENSMLUT00000012776	TAA	162
ENSMLUT00000004780	TGA	16
ENSMLUT00000004774	TAA	39
ENSMLUT00000000476	TGA	230
ENSMLUT00000000469	TAA	551
ENSMLUT00000000461	TAA	1
ENSMLUT00000005644	TGA	50
ENSMLUT00000006044	TGA	105
ENSMLUT00000026984	TGA	105
ENSMLUT00000026690	TAA	37
ENSMLUT00000012182	TGA	104
ENSMLUT00000010220	TAA	121
ENSMLUT00000001072	TGA	16
ENSMLUT00000001556	TAA	14
ENSMLUT00000009700	TAA	14
ENSMLUT00000009724	TGA	53
ENSMLUT00000001559	TAA	43
ENSMLUT00000012294	TGA	132
ENSMLUT00000023015	TGA	160
ENSMLUT00000011485	TAG	24
ENSMLUT00000000933	TAA	248
ENSMLUT00000014427	TAA	350
ENSMLUT00000014425	TGA	12
ENSMLUT00000014431	TGA	35
ENSMLUT00000006472	TAA	159
ENSMLUT00000006459	TGA	60
ENSMLUT00000007691	TAG	32
ENSMLUT00000007703	TGA	65
ENSMLUT00000028953	TGA	65
ENSMLUT00000005417	TAA	42
ENSMLUT00000011162	TAG	254
ENSMLUT00000003709	TAA	329
ENSMLUT00000003710	TGA	439
ENSMLUT00000002151	TGA	94
ENSMLUT00000002144	TAA	323
ENSMLUT00000008142	TAA	26
ENSMLUT00000013537	TGA	293
ENSMLUT00000017452	TGA	12
ENSMLUT00000016325	TAA	271
ENSMLUT00000030974	TGA	44
ENSMLUT00000005918	TAA	390
ENSMLUT00000008228	TAA	635
ENSMLUT00000007480	TGA	82
ENSMLUT00000015632	TGA	68
ENSMLUT00000017166	TAA	80
ENSMLUT00000011650	TAA	234
ENSMLUT00000025141	TAA	234
ENSMLUT00000011647	TGA	80
ENSMLUT00000025461	TGA	912
ENSMLUT00000003507	TAA	29
ENSMLUT00000003502	TGA	38
ENSMLUT00000003509	TAG	24
ENSMLUT00000001165	TAA	110
ENSMLUT00000009898	TGA	33
ENSMLUT00000004668	TAA	48
ENSMLUT00000004662	TAG	21
ENSMLUT00000013484	TGA	172
ENSMLUT00000027563	TAA	387
ENSMLUT00000005024	TGA	57
ENSMLUT00000010102	TGA	66
ENSMLUT00000010800	TAG	11
ENSMLUT00000005019	TGA	179
ENSMLUT00000005812	TAA	334
ENSMLUT00000002844	TGA	9
ENSMLUT00000009266	TAA	13
ENSMLUT00000012079	TAA	16
ENSMLUT00000002065	TAA	166
ENSMLUT00000002068	TGA	125
ENSMLUT00000028447	TAG	173
ENSMLUT00000022486	TGA	196
ENSMLUT00000028349	TGA	65
ENSMLUT00000015444	TAA	573
ENSMLUT00000015451	TAA	18
ENSMLUT00000011524	TGA	40
ENSMLUT00000011516	TAG	584
ENSMLUT00000010755	TAA	442
ENSMLUT00000013158	TAA	310
ENSMLUT00000000266	TAG	927
ENSMLUT00000000253	TAG	394
ENSMLUT00000005999	TAA	12
ENSMLUT00000009424	TAA	48
ENSMLUT00000009436	TAG	6
ENSMLUT00000009420	TGA	32
ENSMLUT00000024836	TGA	8
ENSMLUT00000029974	TGA	204
ENSMLUT00000013904	TGA	15
ENSMLUT00000013790	TAA	333
ENSMLUT00000017260	TGA	640
ENSMLUT00000024866	TGA	16
ENSMLUT00000016622	TAG	9
ENSMLUT00000012619	TGA	397
ENSMLUT00000005516	TGA	95
ENSMLUT00000005513	TAA	60
ENSMLUT00000000049	TAA	171
ENSMLUT00000003590	TAA	50
ENSMLUT00000003588	TAG	886
ENSMLUT00000007805	TGA	350
ENSMLUT00000004005	TAG	89
ENSMLUT00000002351	TGA	199
ENSMLUT00000002970	TGA	20
ENSMLUT00000008139	TAG	1022
ENSMLUT00000008959	TGA	27
ENSMLUT00000008947	TGA	139
ENSMLUT00000009088	TGA	44
ENSMLUT00000014369	TGA	101
ENSMLUT00000016809	TAA	10
ENSMLUT00000015576	TGA	22
ENSMLUT00000017056	TGA	349
ENSMLUT00000010884	TGA	20
ENSMLUT00000005897	TAG	18
ENSMLUT00000002212	TGA	4
ENSMLUT00000023547	TGA	42
ENSMLUT00000023968	TGA	10
ENSMLUT00000002574	TAA	1
ENSMLUT00000009769	TGA	43
ENSMLUT00000016607	TAA	1259
ENSMLUT00000013241	TGA	2
ENSMLUT00000015976	TAA	52
ENSMLUT00000015973	TGA	116
ENSMLUT00000015980	TGA	228
ENSMLUT00000005272	TGA	52
ENSMLUT00000027383	TGA	279
ENSMLUT00000010914	TGA	28
ENSMLUT00000012213	TGA	405
ENSMLUT00000000987	TGA	107
ENSMLUT00000012316	TGA	39
ENSMLUT00000001162	TAA	13
ENSMLUT00000006749	TAG	50
ENSMLUT00000003982	TGA	30
ENSMLUT00000003984	TGA	110
ENSMLUT00000007053	TAA	662
ENSMLUT00000001933	TAG	471
ENSMLUT00000026966	TAA	31
ENSMLUT00000013810	TAA	50
ENSMLUT00000015335	TAG	8
ENSMLUT00000014054	TGA	14
ENSMLUT00000027424	TAA	11
ENSMLUT00000024787	TAA	7
ENSMLUT00000016690	TAA	10
ENSMLUT00000013056	TGA	184
ENSMLUT00000013059	TGA	459
ENSMLUT00000023187	TAA	17
ENSMLUT00000014881	TGA	327
ENSMLUT00000004460	TGA	50
ENSMLUT00000005331	TAA	365
ENSMLUT00000024605	TAA	365
ENSMLUT00000006880	TAA	11
ENSMLUT00000011967	TAA	164
