Gene	Codon	Length
ENSG00000006059	UAG	27
ENSG00000008988	UAA	36
ENSG00000023734	UGA	36
ENSG00000042317	UAA	33
ENSG00000063177	UAA	41
ENSG00000129437	UGA	37
ENSG00000088002	UAA	17
ENSG00000089009	UAA	35
ENSG00000094914	UAA	29
ENSG00000095380	UAA	22
ENSG00000100079	UAA	15
ENSG00000100218	UGA	47
ENSG00000100629	UAA	20
ENSG00000100739	UAA	19
ENSG00000100908	UGA	45
ENSG00000100911	UGA	44
ENSG00000101443	UGA	21
ENSG00000102195	UGA	28
ENSG00000102316	UGA	12
ENSG00000102891	UGA	25
ENSG00000103254	UGA	16
ENSG00000104371	UAA	37
ENSG00000104804	UAG	44
ENSG00000104808	UGA	36
ENSG00000104907	UGA	28
ENSG00000105143	UGA	16
ENSG00000105258	UGA	46
ENSG00000105372	UAG	39
ENSG00000081051	UAA	29
ENSG00000110700	UAA	19
ENSG00000112306	UGA	22
ENSG00000115268	UAA	32
ENSG00000187545	UAG	20
ENSG00000114942	UAA	45
ENSG00000119632	UAA	18
ENSG00000119705	UGA	37
ENSG00000120903	UGA	26
ENSG00000121381	UAG	43
ENSG00000007372	UAA	21
ENSG00000123104	UAA	35
ENSG00000123415	UGA	48
ENSG00000124143	UGA	48
ENSG00000125787	UGA	11
ENSG00000126249	UAG	48
ENSG00000126467	UAA	16
ENSG00000127530	UAA	28
ENSG00000178982	UAA	34
ENSG00000128159	UGA	42
ENSG00000128310	UAA	15
ENSG00000025708	UAA	18
ENSG00000130385	UGA	34
ENSG00000284194	UGA	15
ENSG00000131469	UAG	39
ENSG00000179532	UGA	34
ENSG00000135587	UAA	14
ENSG00000135679	UAG	18
ENSG00000137434	UGA	34
ENSG00000158486	UGA	43
ENSG00000087299	UAA	33
ENSG00000176406	UAG	39
ENSG00000161016	UAG	34
ENSG00000079462	UAA	43
ENSG00000103226	UAG	41
ENSG00000053501	UAA	16
ENSG00000117298	UAA	18
ENSG00000084710	UGA	21
ENSG00000005471	UGA	47
ENSG00000129158	UGA	37
ENSG00000100191	UGA	50
ENSG00000139637	UAG	28
ENSG00000139914	UGA	24
ENSG00000142538	UGA	49
ENSG00000122026	UAA	43
ENSG00000144410	UAA	38
ENSG00000144713	UAG	47
ENSG00000145425	UAA	49
ENSG00000145604	UAA	30
ENSG00000145779	UGA	13
ENSG00000146385	UAA	35
ENSG00000095637	UAA	34
ENSG00000197748	UAA	24
ENSG00000026508	UGA	46
ENSG00000149506	UGA	31
ENSG00000133316	UGA	41
ENSG00000149761	UGA	26
ENSG00000151090	UAG	46
ENSG00000151093	UAG	37
ENSG00000154309	UAA	23
ENSG00000154589	UAG	25
ENSG00000156885	UGA	43
ENSG00000157343	UAA	38
ENSG00000157637	UAA	19
ENSG00000159231	UAA	50
ENSG00000160185	UGA	49
ENSG00000160318	UGA	44
ENSG00000160472	UAG	43
ENSG00000170848	UGA	38
ENSG00000162068	UGA	40
ENSG00000162227	UGA	46
ENSG00000163273	UAG	40
ENSG00000163440	UAG	38
ENSG00000163463	UGA	32
ENSG00000144724	UGA	22
ENSG00000163655	UAA	18
ENSG00000163660	UGA	30
ENSG00000163702	UAA	27
ENSG00000164113	UGA	45
ENSG00000164175	UAG	25
ENSG00000164708	UGA	37
ENSG00000165807	UAA	43
ENSG00000166224	UGA	49
ENSG00000166451	UAG	47
ENSG00000159063	UGA	18
ENSG00000166930	UGA	33
ENSG00000267796	UGA	45
ENSG00000250799	UAG	48
ENSG00000167644	UGA	42
ENSG00000167700	UGA	49
ENSG00000267631	UAG	41
ENSG00000189052	UAA	17
ENSG00000167748	UGA	48
ENSG00000080298	UGA	33
ENSG00000171806	UAA	48
ENSG00000171202	UGA	41
ENSG00000087884	UAG	28
ENSG00000171561	UGA	38
ENSG00000169627	UGA	40
ENSG00000168454	UAA	12
ENSG00000170667	UGA	30
ENSG00000075429	UGA	38
ENSG00000168412	UAA	34
ENSG00000169154	UAG	12
ENSG00000169249	UAA	18
ENSG00000149016	UGA	49
ENSG00000121440	UGA	38
ENSG00000174667	UGA	49
ENSG00000173905	UAG	34
ENSG00000138658	UGA	32
ENSG00000095713	UAA	32
ENSG00000105379	UGA	42
ENSG00000150347	UAG	34
ENSG00000173175	UAG	30
ENSG00000087191	UGA	50
ENSG00000171806	UAA	48
ENSG00000174276	UGA	39
ENSG00000167851	UAG	41
ENSG00000173389	UGA	14
ENSG00000066294	UAG	11
ENSG00000105221	UGA	31
ENSG00000122026	UAA	43
ENSG00000133316	UGA	41
ENSG00000175213	UGA	49
ENSG00000101916	UAA	36
ENSG00000164587	UGA	48
ENSG00000175514	UGA	11
ENSG00000104973	UGA	35
ENSG00000180316	UGA	38
ENSG00000151687	UAA	22
ENSG00000176782	UGA	48
ENSG00000177692	UGA	19
ENSG00000179044	UAA	15
ENSG00000178750	UAA	20
ENSG00000114544	UAG	34
ENSG00000141499	UAA	16
ENSG00000183785	UAA	18
ENSG00000178896	UGA	47
ENSG00000168256	UGA	47
ENSG00000177023	UGA	48
ENSG00000180475	UGA	34
ENSG00000181009	UGA	26
ENSG00000181029	UGA	36
ENSG00000177938	UAA	20
ENSG00000180383	UAG	35
ENSG00000179172	UAA	31
ENSG00000167861	UGA	14
ENSG00000197309	UAG	37
ENSG00000114861	UGA	22
ENSG00000121749	UGA	19
ENSG00000124787	UAA	31
ENSG00000179363	UGA	34
ENSG00000049618	UAA	15
ENSG00000122026	UAA	43
ENSG00000176547	UAA	25
ENSG00000158710	UGA	23
ENSG00000175877	UAA	17
ENSG00000179841	UGA	29
ENSG00000177600	UAA	40
ENSG00000179580	UAG	50
ENSG00000177684	UGA	43
ENSG00000176925	UAA	42
ENSG00000198755	UAA	30
ENSG00000039650	UGA	44
ENSG00000081138	UAG	45
ENSG00000088002	UAA	19
ENSG00000181323	UGA	27
ENSG00000100503	UAA	39
ENSG00000181392	UGA	30
ENSG00000177558	UAA	25
ENSG00000122026	UAA	43
ENSG00000172155	UGA	42
ENSG00000179046	UAA	36
ENSG00000156787	UAG	15
ENSG00000129197	UGA	45
ENSG00000112701	UAA	44
ENSG00000184611	UAA	23
ENSG00000197125	UGA	24
ENSG00000183426	UAA	31
ENSG00000184647	UGA	26
ENSG00000183318	UAG	32
ENSG00000185829	UAG	29
ENSG00000184330	UGA	46
ENSG00000205409	UAA	28
ENSG00000183559	UAA	24
ENSG00000183397	UAA	20
ENSG00000174876	UAA	34
ENSG00000183336	UGA	40
ENSG00000184260	UAA	47
ENSG00000172116	UAG	50
ENSG00000183598	UAA	46
ENSG00000184361	UGA	33
ENSG00000140479	UAG	32
ENSG00000183313	UGA	49
ENSG00000185798	UAA	34
ENSG00000182974	UGA	44
ENSG00000126756	UGA	44
ENSG00000185614	UGA	43
ENSG00000183495	UAA	33
ENSG00000183011	UGA	46
ENSG00000186967	UGA	32
ENSG00000186868	UGA	12
ENSG00000185982	UAA	33
ENSG00000186599	UGA	42
ENSG00000165617	UGA	36
ENSG00000126756	UGA	46
ENSG00000188372	UAA	15
ENSG00000010704	UGA	31
ENSG00000167380	UGA	11
ENSG00000185499	UAG	12
ENSG00000089250	UAA	50
ENSG00000091879	UAA	21
ENSG00000187821	UGA	24
ENSG00000142546	UGA	40
ENSG00000158113	UAG	29
ENSG00000187616	UGA	50
ENSG00000181392	UGA	27
ENSG00000129214	UAA	30
ENSG00000248333	UGA	26
ENSG00000122136	UGA	12
ENSG00000161031	UAA	18
ENSG00000104951	UAA	16
ENSG00000165953	UAA	20
ENSG00000188747	UAA	46
ENSG00000125952	UAA	30
ENSG00000159363	UAG	27
ENSG00000196131	UGA	39
ENSG00000278889	UGA	31
ENSG00000185499	UAG	12
ENSG00000189181	UAG	47
ENSG00000189195	UGA	39
ENSG00000010438	UAA	50
ENSG00000091106	UAA	18
ENSG00000189046	UAA	17
ENSG00000185499	UAG	12
ENSG00000140988	UAG	40
ENSG00000187837	UAG	47
ENSG00000100095	UAA	39
ENSG00000165416	UAA	37
ENSG00000106477	UAA	47
ENSG00000143502	UAA	37
ENSG00000078699	UGA	22
ENSG00000165972	UGA	28
ENSG00000185271	UGA	38
ENSG00000187959	UAA	45
ENSG00000186431	UAA	27
ENSG00000163297	UGA	42
ENSG00000114544	UAG	50
ENSG00000115211	UGA	48
ENSG00000129455	UGA	50
ENSG00000110628	UGA	49
ENSG00000029534	UGA	41
ENSG00000121940	UAG	12
ENSG00000136942	UGA	35
ENSG00000104055	UAA	33
ENSG00000176083	UAA	17
ENSG00000173662	UGA	42
ENSG00000172062	UAA	15
ENSG00000078618	UAA	26
ENSG00000143224	UGA	42
ENSG00000126432	UGA	49
ENSG00000125354	UAA	21
ENSG00000105379	UGA	42
ENSG00000116885	UAA	21
ENSG00000100578	UAA	47
ENSG00000103145	UGA	22
ENSG00000174748	UAA	50
ENSG00000078618	UAA	45
ENSG00000105518	UAG	37
ENSG00000197238	UGA	44
ENSG00000084623	UAA	42
ENSG00000133107	UGA	38
ENSG00000186153	UAG	40
ENSG00000204977	UAA	16
ENSG00000189409	UGA	29
ENSG00000164144	UAA	25
ENSG00000166035	UGA	46
ENSG00000167098	UAA	19
ENSG00000277224	UAA	49
ENSG00000042317	UAA	36
ENSG00000141447	UAA	45
ENSG00000158062	UAA	15
ENSG00000196900	UAA	43
ENSG00000104827	UAA	17
ENSG00000013364	UAA	32
ENSG00000104907	UGA	28
ENSG00000196517	UGA	17
ENSG00000008128	UGA	26
ENSG00000137818	UAA	40
ENSG00000196341	UGA	28
ENSG00000170364	UAA	19
ENSG00000138375	UAA	40
ENSG00000157578	UAA	22
ENSG00000133107	UGA	38
ENSG00000143603	UAA	24
ENSG00000188687	UGA	33
ENSG00000180479	UGA	29
ENSG00000008128	UGA	26
ENSG00000126467	UAA	19
ENSG00000100197	UAG	18
ENSG00000125787	UGA	11
ENSG00000005471	UGA	37
ENSG00000104818	UAA	17
ENSG00000144362	UAA	11
ENSG00000168071	UAA	37
ENSG00000148204	UAA	37
ENSG00000183793	UAA	31
ENSG00000087589	UGA	33
ENSG00000112038	UAA	49
ENSG00000139117	UGA	48
ENSG00000196748	UGA	22
ENSG00000160087	UGA	39
ENSG00000196517	UGA	17
ENSG00000198547	UAG	42
ENSG00000091106	UAA	20
ENSG00000112531	UAA	37
ENSG00000151914	UAG	37
ENSG00000240038	UAA	29
ENSG00000197958	UAA	47
ENSG00000198723	UAA	20
ENSG00000167851	UAG	41
ENSG00000095637	UAA	34
ENSG00000126522	UAG	43
ENSG00000187080	UGA	47
ENSG00000162852	UGA	30
ENSG00000173728	UAA	22
ENSG00000117020	UAA	24
ENSG00000116996	UAA	18
ENSG00000143776	UGA	31
ENSG00000163041	UAA	44
ENSG00000058673	UGA	31
ENSG00000058673	UGA	21
ENSG00000122188	UGA	41
ENSG00000131018	UAA	11
ENSG00000203722	UGA	34
ENSG00000151414	UAA	42
ENSG00000135824	UAG	49
ENSG00000185278	UAG	14
ENSG00000007908	UAA	15
ENSG00000213064	UGA	34
ENSG00000028839	UGA	41
ENSG00000143257	UGA	25
ENSG00000143257	UGA	25
ENSG00000143224	UGA	44
ENSG00000066294	UAG	11
ENSG00000162739	UAA	14
ENSG00000213088	UAG	50
ENSG00000213088	UAG	50
ENSG00000163564	UAA	33
ENSG00000163467	UGA	13
ENSG00000163467	UGA	13
ENSG00000163467	UGA	13
ENSG00000163467	UGA	13
ENSG00000185499	UAG	12
ENSG00000185499	UAG	12
ENSG00000185499	UAG	12
ENSG00000185499	UAG	12
ENSG00000163354	UAA	17
ENSG00000163348	UGA	39
ENSG00000173612	UGA	30
ENSG00000171811	UGA	29
ENSG00000068383	UGA	20
ENSG00000203780	UGA	16
ENSG00000186226	UGA	46
ENSG00000143382	UAG	24
ENSG00000057657	UAA	22
ENSG00000118292	UAA	14
ENSG00000178096	UGA	18
ENSG00000121634	UGA	12
ENSG00000135355	UAA	20
ENSG00000185973	UAA	30
ENSG00000116824	UAA	50
ENSG00000116748	UAA	13
ENSG00000197323	UAA	40
ENSG00000163349	UGA	35
ENSG00000155366	UGA	20
ENSG00000148834	UGA	50
ENSG00000083123	UAG	39
ENSG00000143105	UGA	35
ENSG00000183260	UAA	38
ENSG00000187733	UAA	32
ENSG00000174876	UAA	34
ENSG00000237763	UAA	34
ENSG00000055950	UAG	44
ENSG00000119906	UAA	19
ENSG00000203910	UAG	41
ENSG00000122417	UAA	12
ENSG00000142875	UGA	35
ENSG00000101928	UGA	38
ENSG00000137955	UAA	12
ENSG00000137251	UAA	48
ENSG00000171311	UAA	39
ENSG00000152763	UAA	50
ENSG00000116678	UGA	17
ENSG00000096006	UAA	22
ENSG00000132819	UGA	14
ENSG00000095637	UAA	34
ENSG00000232119	UGA	48
ENSG00000116205	UGA	20
ENSG00000196284	UGA	44
ENSG00000146221	UAA	16
ENSG00000148291	UAA	19
ENSG00000085998	UAA	36
ENSG00000112715	UGA	47
ENSG00000189129	UAG	36
ENSG00000196517	UGA	46
ENSG00000185303	UGA	22
ENSG00000117407	UGA	42
ENSG00000126091	UGA	38
ENSG00000147224	UGA	22
ENSG00000156113	UGA	14
ENSG00000148335	UGA	28
ENSG00000149634	UAG	26
ENSG00000204071	UAA	20
ENSG00000007952	UAA	12
ENSG00000148346	UGA	20
ENSG00000148346	UGA	14
ENSG00000134697	UAA	39
ENSG00000096264	UGA	25
ENSG00000136856	UGA	42
ENSG00000156639	UAG	38
ENSG00000176261	UAA	32
ENSG00000173611	UAA	19
ENSG00000136931	UGA	30
ENSG00000173744	UAG	50
ENSG00000138347	UAA	26
ENSG00000147162	UAA	22
ENSG00000159023	UGA	42
ENSG00000157343	UAA	41
ENSG00000095397	UAA	31
ENSG00000158062	UAA	15
ENSG00000158062	UAA	15
ENSG00000158062	UAA	17
ENSG00000158062	UAA	17
ENSG00000117602	UGA	34
ENSG00000185436	UGA	38
ENSG00000185436	UAG	46
ENSG00000030304	UGA	36
ENSG00000112514	UGA	31
ENSG00000142676	UAA	44
ENSG00000204220	UGA	17
ENSG00000099250	UAA	18
ENSG00000099250	UAA	18
ENSG00000131089	UGA	46
ENSG00000102316	UGA	12
ENSG00000204315	UGA	24
ENSG00000149609	UAA	41
ENSG00000204348	UAG	33
ENSG00000126012	UGA	38
ENSG00000126012	UGA	38
ENSG00000204351	UGA	36
ENSG00000167098	UAA	21
ENSG00000126218	UGA	12
ENSG00000204403	UAA	24
ENSG00000204420	UGA	31
ENSG00000176601	UGA	40
ENSG00000142621	UGA	22
ENSG00000187753	UAA	22
ENSG00000204475	UAG	15
ENSG00000204475	UAG	38
ENSG00000204595	UGA	26
ENSG00000102145	UGA	43
ENSG00000116670	UGA	27
ENSG00000106772	UAG	50
ENSG00000132879	UGA	44
ENSG00000204628	UAG	40
ENSG00000204640	UGA	16
ENSG00000204644	UAA	17
ENSG00000204659	UGA	23
ENSG00000175550	UAG	13
ENSG00000185130	UAA	47
ENSG00000274997	UAA	47
ENSG00000186334	UAA	42
ENSG00000278705	UAA	45
ENSG00000137103	UGA	41
ENSG00000112308	UAG	41
ENSG00000204962	UAG	36
ENSG00000204969	UAG	38
ENSG00000076928	UGA	41
ENSG00000116198	UAA	46
ENSG00000078900	UGA	12
ENSG00000157916	UGA	30
ENSG00000008128	UGA	26
ENSG00000008128	UGA	26
ENSG00000106331	UAG	41
ENSG00000172724	UGA	34
ENSG00000151465	UGA	22
ENSG00000065665	UGA	38
ENSG00000105672	UAA	19
ENSG00000105672	UAA	19
ENSG00000105185	UAA	26
ENSG00000106384	UGA	26
ENSG00000137434	UGA	34
ENSG00000133107	UGA	38
ENSG00000170782	UGA	24
ENSG00000141977	UGA	50
ENSG00000242715	UGA	31
ENSG00000147894	UAA	32
ENSG00000205436	UAG	48
ENSG00000134461	UAA	43
ENSG00000171843	UGA	37
ENSG00000138613	UAA	20
ENSG00000125787	UGA	11
ENSG00000125787	UGA	11
ENSG00000137154	UAA	23
ENSG00000129214	UAA	20
ENSG00000110628	UGA	49
ENSG00000157578	UAA	38
ENSG00000205571	UAA	15
ENSG00000101365	UAG	47
ENSG00000110651	UGA	50
ENSG00000122033	UAA	32
ENSG00000122033	UAA	32
ENSG00000205669	UAA	49
ENSG00000103248	UGA	39
ENSG00000196433	UAA	13
ENSG00000185736	UAG	42
ENSG00000185164	UAG	41
ENSG00000141480	UAG	22
ENSG00000183889	UAA	31
ENSG00000132382	UAA	43
ENSG00000120210	UAA	45
ENSG00000100129	UGA	15
ENSG00000120158	UGA	17
ENSG00000205810	UAA	24
ENSG00000100503	UAA	32
ENSG00000100503	UAA	45
ENSG00000080503	UGA	13
ENSG00000159110	UAA	40
ENSG00000129493	UAA	31
ENSG00000206107	UGA	32
ENSG00000114904	UAA	37
ENSG00000163702	UAA	28
ENSG00000164113	UGA	45
ENSG00000197768	UGA	20
ENSG00000183977	UAA	34
ENSG00000197599	UAA	25
ENSG00000196277	UGA	31
ENSG00000144452	UAA	12
ENSG00000160221	UAA	19
ENSG00000100503	UAA	44
ENSG00000130402	UGA	15
ENSG00000211890	UGA	48
ENSG00000211895	UGA	50
ENSG00000256436	UAG	19
ENSG00000240432	UGA	14
ENSG00000186431	UAA	27
ENSG00000186431	UAA	27
ENSG00000239998	UGA	49
ENSG00000105619	UGA	30
ENSG00000105619	UGA	30
ENSG00000170906	UGA	11
ENSG00000105605	UAG	19
ENSG00000176024	UAA	15
ENSG00000161681	UGA	24
ENSG00000104951	UAA	16
ENSG00000138375	UAA	40
ENSG00000196437	UAG	42
ENSG00000114942	UAA	45
ENSG00000176155	UAA	41
ENSG00000132341	UGA	37
ENSG00000136522	UAA	41
ENSG00000188747	UAA	45
ENSG00000017427	UAG	24
ENSG00000176601	UGA	40
ENSG00000176601	UGA	40
ENSG00000106144	UGA	39
ENSG00000273213	UAA	46
ENSG00000177463	UAG	21
ENSG00000188761	UGA	43
ENSG00000115590	UGA	25
ENSG00000087884	UGA	37
ENSG00000105974	UAA	32
ENSG00000130830	UAA	24
ENSG00000042317	UAA	38
ENSG00000145103	UAG	37
ENSG00000102032	UAA	17
ENSG00000174151	UGA	13
ENSG00000170615	UAG	21
ENSG00000170615	UAG	21
ENSG00000072858	UGA	34
ENSG00000114391	UAA	44
ENSG00000170365	UAA	20
ENSG00000241468	UGA	18
ENSG00000139496	UAA	16
ENSG00000148180	UGA	43
ENSG00000094914	UAA	30
ENSG00000004948	UGA	33
ENSG00000101898	UGA	32
ENSG00000130255	UGA	46
ENSG00000085760	UAA	27
ENSG00000075142	UAA	22
ENSG00000109475	UAA	43
ENSG00000176714	UAA	34
ENSG00000188372	UAA	13
ENSG00000161016	UAG	35
ENSG00000102882	UAG	33
ENSG00000126777	UGA	28
ENSG00000126777	UGA	28
ENSG00000126522	UAG	20
ENSG00000013364	UAA	50
ENSG00000025708	UAA	14
ENSG00000025708	UAA	18
ENSG00000025708	UAA	18
ENSG00000284194	UGA	43
ENSG00000166839	UAG	50
ENSG00000204179	UAA	48
ENSG00000124225	UAG	16
ENSG00000187607	UAA	31
ENSG00000140307	UGA	23
ENSG00000134324	UAA	19
ENSG00000154678	UAA	46
ENSG00000078549	UGA	25
ENSG00000102316	UGA	12
ENSG00000092208	UGA	48
ENSG00000189013	UGA	11
ENSG00000070882	UGA	48
ENSG00000141499	UAA	16
ENSG00000181284	UAA	17
ENSG00000166478	UAA	33
ENSG00000196998	UAA	11
ENSG00000204688	UAA	13
ENSG00000144713	UAG	34
ENSG00000166619	UAA	18
ENSG00000100350	UGA	21
ENSG00000134470	UGA	44
ENSG00000196408	UGA	12
ENSG00000214026	UAA	31
ENSG00000131051	UAA	19
ENSG00000184459	UAA	45
ENSG00000177225	UGA	28
ENSG00000160310	UGA	46
ENSG00000160255	UAA	16
ENSG00000118094	UGA	20
ENSG00000160202	UAA	14
ENSG00000214415	UAA	36
ENSG00000070808	UGA	46
ENSG00000141644	UAG	32
ENSG00000196946	UGA	34
ENSG00000074621	UGA	31
ENSG00000138802	UGA	21
ENSG00000205726	UGA	33
ENSG00000205726	UGA	30
ENSG00000171495	UAA	32
ENSG00000099968	UGA	36
ENSG00000215356	UGA	22
ENSG00000215375	UGA	34
ENSG00000160087	UGA	25
ENSG00000106399	UGA	25
ENSG00000115295	UAA	38
ENSG00000136244	UGA	17
ENSG00000164850	UAG	25
ENSG00000100345	UAG	46
ENSG00000177989	UAA	33
ENSG00000186951	UGA	23
ENSG00000091106	UAA	20
ENSG00000143947	UAA	11
ENSG00000100162	UGA	32
ENSG00000244588	UAG	24
ENSG00000136560	UAA	17
ENSG00000157214	UAA	12
ENSG00000217442	UAG	48
ENSG00000105672	UAA	19
ENSG00000182150	UAA	11
ENSG00000256223	UAA	23
ENSG00000163001	UAA	16
ENSG00000128346	UAA	50
ENSG00000220201	UAA	16
ENSG00000099985	UAG	15
ENSG00000100027	UGA	26
ENSG00000171863	UAA	37
ENSG00000163702	UAA	28
ENSG00000099977	UGA	23
ENSG00000179912	UAA	17
ENSG00000176083	UAA	17
ENSG00000213923	UGA	37
ENSG00000146670	UGA	19
ENSG00000204021	UAA	20
ENSG00000115295	UAA	30
ENSG00000138028	UAG	48
ENSG00000173239	UGA	45
ENSG00000156113	UGA	14
ENSG00000071242	UAG	14
ENSG00000144455	UGA	35
ENSG00000122033	UAA	25
ENSG00000136247	UGA	21
ENSG00000113163	UAG	46
ENSG00000100109	UGA	27
ENSG00000179988	UAA	17
ENSG00000182732	UGA	48
ENSG00000101751	UAA	16
ENSG00000136560	UAA	17
ENSG00000100321	UAG	34
ENSG00000198125	UAG	25
ENSG00000069020	UGA	37
ENSG00000171863	UAA	19
ENSG00000205639	UAA	18
ENSG00000136244	UGA	29
ENSG00000091831	UGA	12
ENSG00000100351	UAA	21
ENSG00000121417	UAG	45
ENSG00000069020	UGA	37
ENSG00000213626	UAG	49
ENSG00000100142	UGA	14
ENSG00000138068	UGA	21
ENSG00000221933	UGA	43
ENSG00000221938	UGA	24
ENSG00000221937	UGA	29
ENSG00000072518	UAA	18
ENSG00000186153	UGA	50
ENSG00000152969	UGA	29
ENSG00000115718	UAG	37
ENSG00000070882	UGA	48
ENSG00000144524	UAG	50
ENSG00000108825	UGA	47
ENSG00000153234	UGA	31
ENSG00000173744	UAG	50
ENSG00000091436	UGA	33
ENSG00000158552	UGA	38
ENSG00000182600	UGA	50
ENSG00000244588	UGA	44
ENSG00000243449	UGA	38
ENSG00000152969	UGA	25
ENSG00000152056	UGA	47
ENSG00000221823	UGA	16
ENSG00000125637	UGA	43
ENSG00000135930	UGA	13
ENSG00000143954	UAG	27
ENSG00000186132	UGA	28
ENSG00000182600	UGA	50
ENSG00000135903	UAA	50
ENSG00000143933	UGA	37
ENSG00000136193	UGA	22
ENSG00000168958	UAG	34
ENSG00000197599	UAA	20
ENSG00000115541	UGA	37
ENSG00000071082	UAA	38
ENSG00000138079	UGA	28
ENSG00000105926	UGA	18
ENSG00000135932	UAA	46
ENSG00000243449	UGA	38
ENSG00000177483	UAG	36
ENSG00000186132	UGA	28
ENSG00000188064	UGA	45
ENSG00000173264	UAG	39
ENSG00000104679	UGA	24
ENSG00000161203	UAG	46
ENSG00000144452	UAA	16
ENSG00000184209	UAG	18
ENSG00000139197	UGA	33
ENSG00000115129	UAA	26
ENSG00000177463	UAA	29
ENSG00000165246	UGA	12
ENSG00000163702	UAA	23
ENSG00000112715	UGA	27
ENSG00000000460	UGA	50
ENSG00000243480	UAA	34
ENSG00000138380	UAA	18
ENSG00000117280	UAG	42
ENSG00000164049	UAA	28
ENSG00000248712	UAG	44
ENSG00000021461	UGA	44
ENSG00000105928	UAA	33
ENSG00000186118	UAG	20
ENSG00000148337	UGA	45
ENSG00000174748	UAA	46
ENSG00000102904	UAG	21
ENSG00000181896	UGA	29
ENSG00000164932	UGA	20
ENSG00000073067	UGA	23
ENSG00000197885	UAA	30
ENSG00000232263	UGA	37
ENSG00000163702	UAA	27
ENSG00000125991	UAG	42
ENSG00000136861	UGA	38
ENSG00000148158	UGA	20
ENSG00000186765	UGA	50
ENSG00000112715	UGA	16
ENSG00000080503	UGA	19
ENSG00000151092	UGA	49
ENSG00000159082	UAA	27
ENSG00000146802	UAA	22
ENSG00000213639	UGA	32
ENSG00000244395	UAA	46
ENSG00000162769	UGA	44
ENSG00000100908	UGA	45
ENSG00000075223	UAA	26
ENSG00000212123	UAA	18
ENSG00000113578	UAA	47
ENSG00000183826	UAA	26
ENSG00000226685	UAG	39
ENSG00000063660	UAA	40
ENSG00000151093	UAG	40
ENSG00000114841	UAG	46
ENSG00000117054	UAA	46
ENSG00000139197	UGA	39
ENSG00000080298	UAA	21
ENSG00000198885	UGA	25
ENSG00000204599	UGA	25
ENSG00000031003	UAA	44
ENSG00000168038	UAG	44
ENSG00000167930	UAA	35
ENSG00000073792	UGA	30
ENSG00000163701	UGA	37
ENSG00000112118	UGA	43
ENSG00000110880	UGA	23
ENSG00000090621	UAG	11
ENSG00000170788	UAG	48
ENSG00000108825	UGA	43
ENSG00000151240	UAA	36
ENSG00000182983	UGA	22
ENSG00000105976	UAA	43
ENSG00000039068	UAG	37
ENSG00000126001	UAG	14
ENSG00000008838	UGA	26
ENSG00000115694	UGA	30
ENSG00000117461	UAA	11
ENSG00000017427	UAG	48
ENSG00000152092	UAA	27
ENSG00000089009	UAA	21
ENSG00000122085	UGA	23
ENSG00000099139	UAA	48
ENSG00000128159	UGA	42
ENSG00000265972	UGA	12
ENSG00000196689	UGA	37
ENSG00000136861	UGA	35
ENSG00000158552	UAA	26
ENSG00000170364	UAA	19
ENSG00000239887	UAG	28
ENSG00000138363	UAG	19
ENSG00000180370	UAA	24
ENSG00000137434	UGA	34
ENSG00000181029	UGA	38
ENSG00000136147	UAG	43
ENSG00000128610	UGA	28
ENSG00000005436	UGA	32
ENSG00000226490	UAA	22
ENSG00000233024	UAA	26
ENSG00000185842	UAA	23
ENSG00000241370	UGA	47
ENSG00000215193	UGA	44
ENSG00000147403	UAA	16
ENSG00000168314	UGA	25
ENSG00000186318	UGA	31
ENSG00000182670	UAG	47
ENSG00000127990	UAA	26
ENSG00000140945	UGA	47
ENSG00000114062	UAA	31
ENSG00000185798	UAA	23
ENSG00000161395	UGA	27
ENSG00000179912	UAA	40
ENSG00000066468	UAA	22
ENSG00000153234	UGA	31
ENSG00000170929	UGA	27
ENSG00000189046	UAA	17
ENSG00000151779	UAA	25
ENSG00000135374	UGA	21
ENSG00000173950	UAG	38
ENSG00000107959	UAA	18
ENSG00000114279	UAG	21
ENSG00000107758	UGA	44
ENSG00000248235	UAG	49
ENSG00000061656	UAA	27
ENSG00000035115	UAA	28
ENSG00000159263	UGA	24
ENSG00000088179	UAA	36
ENSG00000075856	UGA	45
ENSG00000213923	UGA	43
ENSG00000141499	UAA	16
ENSG00000184908	UGA	23
ENSG00000053770	UAA	41
ENSG00000143252	UGA	28
ENSG00000165169	UAA	32
ENSG00000151692	UAA	11
ENSG00000164080	UAG	37
ENSG00000135164	UAG	26
ENSG00000241370	UGA	47
ENSG00000152430	UAA	21
ENSG00000185798	UAA	17
ENSG00000085276	UGA	35
ENSG00000213689	UAG	45
ENSG00000204403	UAA	24
ENSG00000180720	UAG	20
ENSG00000164398	UGA	23
ENSG00000069020	UGA	37
ENSG00000165417	UGA	14
ENSG00000166171	UAA	18
ENSG00000112038	UAA	33
ENSG00000120709	UAA	13
ENSG00000215045	UGA	47
ENSG00000181904	UGA	21
ENSG00000119383	UGA	40
ENSG00000189409	UGA	22
ENSG00000172113	UAG	11
ENSG00000174792	UAA	11
ENSG00000144713	UAG	44
ENSG00000164049	UAA	28
ENSG00000176083	UAA	16
ENSG00000176406	UAG	39
ENSG00000109113	UGA	18
ENSG00000010626	UGA	48
ENSG00000142512	UGA	50
ENSG00000184216	UGA	32
ENSG00000237700	UAG	20
ENSG00000143257	UGA	11
ENSG00000106571	UAG	29
ENSG00000095981	UGA	48
ENSG00000104907	UGA	33
ENSG00000114302	UGA	25
ENSG00000213160	UGA	28
ENSG00000136197	UAA	13
ENSG00000115310	UAA	46
ENSG00000177463	UAA	29
ENSG00000137764	UGA	42
ENSG00000112394	UGA	26
ENSG00000163832	UGA	40
ENSG00000112305	UGA	43
ENSG00000006715	UGA	24
ENSG00000189077	UGA	47
ENSG00000137103	UGA	42
ENSG00000231500	UAA	45
ENSG00000233917	UAA	19
ENSG00000182196	UGA	30
ENSG00000198822	UAG	26
ENSG00000142512	UGA	50
ENSG00000074582	UGA	18
ENSG00000135931	UGA	35
ENSG00000197008	UAA	40
ENSG00000130038	UGA	27
ENSG00000099204	UAA	22
ENSG00000141424	UAA	47
ENSG00000163818	UAA	12
ENSG00000138346	UGA	46
ENSG00000204427	UAG	26
ENSG00000075413	UAA	25
ENSG00000078618	UAA	45
ENSG00000183560	UGA	29
ENSG00000088179	UAA	13
ENSG00000047315	UAG	19
ENSG00000149761	UGA	17
ENSG00000185760	UAG	48
ENSG00000167210	UGA	22
ENSG00000177311	UGA	24
ENSG00000129214	UAA	30
ENSG00000113578	UAA	47
ENSG00000204403	UAA	24
ENSG00000186088	UGA	35
ENSG00000178035	UGA	40
ENSG00000203697	UAA	21
ENSG00000136205	UGA	46
ENSG00000138688	UAA	27
ENSG00000241370	UGA	47
ENSG00000198089	UAG	28
ENSG00000187288	UGA	39
ENSG00000128654	UAG	15
ENSG00000164088	UGA	34
ENSG00000139220	UGA	15
ENSG00000158481	UAA	11
ENSG00000185760	UGA	48
ENSG00000213689	UAG	43
ENSG00000128965	UGA	48
ENSG00000206474	UGA	23
ENSG00000134285	UAA	25
ENSG00000135316	UGA	50
ENSG00000146540	UAG	18
ENSG00000196209	UGA	27
ENSG00000215910	UGA	32
ENSG00000144642	UAA	16
ENSG00000164049	UAA	28
ENSG00000038945	UAA	39
ENSG00000141736	UGA	35
ENSG00000134109	UAG	46
ENSG00000134121	UAA	28
ENSG00000230657	UAA	12
ENSG00000186318	UGA	31
ENSG00000239605	UAA	17
ENSG00000115211	UGA	19
ENSG00000197548	UGA	17
ENSG00000160282	UAG	35
ENSG00000214681	UGA	12
ENSG00000124003	UGA	40
ENSG00000229972	UGA	30
ENSG00000091073	UGA	42
ENSG00000105928	UAA	33
ENSG00000160584	UAA	50
ENSG00000106608	UAA	22
ENSG00000090863	UGA	29
ENSG00000137575	UAA	19
ENSG00000105518	UAG	39
ENSG00000113889	UGA	20
ENSG00000146833	UGA	32
ENSG00000129646	UAA	12
ENSG00000203666	UGA	33
ENSG00000188739	UAA	46
ENSG00000197323	UAA	40
ENSG00000160746	UGA	17
ENSG00000155511	UAA	47
ENSG00000255346	UAG	37
ENSG00000213030	UAA	17
ENSG00000003400	UAG	45
ENSG00000029993	UAA	18
ENSG00000101457	UGA	20
ENSG00000215910	UAG	19
ENSG00000132600	UGA	35
ENSG00000197283	UGA	40
ENSG00000188467	UGA	44
ENSG00000234776	UGA	35
ENSG00000233816	UAA	14
ENSG00000170004	UAG	46
ENSG00000110628	UGA	30
ENSG00000239605	UAA	17
ENSG00000113916	UGA	26
ENSG00000115685	UGA	23
ENSG00000076242	UGA	47
ENSG00000114279	UAG	31
ENSG00000170469	UAA	33
ENSG00000127054	UGA	40
ENSG00000035115	UAA	14
ENSG00000169609	UAA	14
ENSG00000143633	UGA	24
ENSG00000139974	UAA	17
ENSG00000108018	UGA	22
ENSG00000182158	UAA	16
ENSG00000112038	UAA	42
ENSG00000181061	UAG	19
ENSG00000175182	UGA	16
ENSG00000062524	UGA	29
ENSG00000068745	UAA	27
ENSG00000114120	UAG	28
ENSG00000157036	UGA	14
ENSG00000084734	UAA	17
ENSG00000197181	UGA	11
ENSG00000131018	UAA	13
ENSG00000071282	UGA	23
ENSG00000160633	UGA	36
ENSG00000167380	UGA	13
ENSG00000230031	UAA	19
ENSG00000163702	UAA	24
ENSG00000214160	UGA	45
ENSG00000152082	UGA	38
ENSG00000136932	UGA	33
ENSG00000156299	UGA	11
ENSG00000174483	UGA	43
ENSG00000049768	UGA	39
ENSG00000145888	UGA	46
ENSG00000168894	UAA	48
ENSG00000213689	UAG	45
ENSG00000118705	UAA	11
ENSG00000230178	UAA	37
ENSG00000136487	UAA	15
ENSG00000244255	UAA	18
ENSG00000144642	UAA	26
ENSG00000136279	UGA	27
ENSG00000065665	UAA	30
ENSG00000163512	UAA	44
ENSG00000144031	UAA	41
ENSG00000141499	UAA	16
ENSG00000103126	UGA	26
ENSG00000188566	UGA	28
ENSG00000114439	UGA	14
ENSG00000240720	UAA	46
ENSG00000142676	UAA	45
ENSG00000137478	UGA	29
ENSG00000124333	UAG	38
ENSG00000179636	UGA	30
ENSG00000137434	UGA	38
ENSG00000112640	UGA	41
ENSG00000135976	UAG	32
ENSG00000168237	UAG	32
ENSG00000117226	UGA	46
ENSG00000163660	UGA	45
ENSG00000107736	UAA	19
ENSG00000133030	UGA	23
ENSG00000171863	UAA	37
ENSG00000143224	UGA	42
ENSG00000119943	UAG	13
ENSG00000163320	UGA	47
ENSG00000162413	UAA	27
ENSG00000147133	UAG	46
ENSG00000204130	UAA	13
ENSG00000101247	UAA	18
ENSG00000116922	UAA	12
ENSG00000148985	UGA	35
ENSG00000156313	UAG	39
ENSG00000158234	UAA	24
ENSG00000126882	UGA	33
ENSG00000073969	UAA	38
ENSG00000114757	UGA	11
ENSG00000214655	UAA	17
ENSG00000174844	UAA	32
ENSG00000103335	UAG	37
ENSG00000164076	UGA	25
ENSG00000114126	UAA	32
ENSG00000160752	UGA	38
ENSG00000102452	UAA	22
ENSG00000132334	UGA	14
ENSG00000163607	UAA	26
ENSG00000170142	UAA	48
ENSG00000142541	UGA	28
ENSG00000095794	UAG	50
ENSG00000148541	UGA	47
ENSG00000228300	UAA	35
ENSG00000145494	UGA	28
ENSG00000010704	UGA	36
ENSG00000143179	UGA	48
ENSG00000114204	UGA	44
ENSG00000064419	UAG	32
ENSG00000003400	UAA	15
ENSG00000132334	UGA	13
ENSG00000049769	UAA	18
ENSG00000174839	UGA	30
ENSG00000168386	UGA	18
ENSG00000241343	UAA	47
ENSG00000117410	UAG	16
ENSG00000112695	UGA	43
ENSG00000069424	UGA	48
ENSG00000163468	UGA	34
ENSG00000128487	UAG	23
ENSG00000163607	UAA	25
ENSG00000150403	UGA	22
ENSG00000118492	UGA	26
ENSG00000114126	UGA	36
ENSG00000172995	UGA	17
ENSG00000185842	UAA	35
ENSG00000079277	UAG	48
ENSG00000231500	UAA	44
ENSG00000036054	UAA	23
ENSG00000162244	UAG	26
ENSG00000137203	UAA	19
ENSG00000145819	UAA	16
ENSG00000026297	UGA	48
ENSG00000106302	UGA	30
ENSG00000290149	UGA	16
ENSG00000149016	UGA	42
ENSG00000106013	UAG	26
ENSG00000128604	UAA	14
ENSG00000171311	UAA	49
ENSG00000181090	UAG	43
ENSG00000114126	UAA	17
ENSG00000065809	UAG	32
ENSG00000105672	UAA	19
ENSG00000259332	UAA	15
ENSG00000134871	UGA	34
ENSG00000141034	UGA	40
ENSG00000171365	UAA	47
ENSG00000163463	UGA	31
ENSG00000097033	UAA	33
ENSG00000124508	UAG	40
ENSG00000178053	UAA	16
ENSG00000112715	UGA	30
ENSG00000185621	UAG	30
ENSG00000101901	UAA	39
ENSG00000182809	UAG	41
ENSG00000278224	UAG	36
ENSG00000144589	UAA	15
ENSG00000108176	UGA	34
ENSG00000116459	UAA	32
ENSG00000011566	UAA	50
ENSG00000114861	UGA	36
ENSG00000140307	UGA	19
ENSG00000114107	UGA	12
ENSG00000114098	UGA	41
ENSG00000163848	UAA	13
ENSG00000122417	UAA	36
ENSG00000104863	UAA	20
ENSG00000175066	UAA	26
ENSG00000158163	UAA	30
ENSG00000178922	UGA	19
ENSG00000168386	UGA	18
ENSG00000163599	UGA	37
ENSG00000025708	UAA	15
ENSG00000114209	UAA	15
ENSG00000180999	UAA	16
ENSG00000117543	UGA	50
ENSG00000126522	UAG	42
ENSG00000095794	UAA	35
ENSG00000204644	UAA	17
ENSG00000220205	UAA	36
ENSG00000114771	UAA	14
ENSG00000151418	UAA	50
ENSG00000007341	UGA	27
ENSG00000075142	UAA	40
ENSG00000102786	UAA	16
ENSG00000136068	UAA	12
ENSG00000163463	UGA	32
ENSG00000114861	UGA	16
ENSG00000184588	UAG	27
ENSG00000112294	UAG	45
ENSG00000125676	UAA	15
ENSG00000196730	UGA	18
ENSG00000213689	UAG	43
ENSG00000152804	UGA	20
ENSG00000163424	UAG	21
ENSG00000215187	UAA	37
ENSG00000152601	UAG	25
ENSG00000151576	UGA	48
ENSG00000075785	UGA	23
ENSG00000127399	UGA	31
ENSG00000023330	UGA	45
ENSG00000136068	UAA	15
ENSG00000012048	UGA	49
ENSG00000147889	UGA	47
ENSG00000156500	UAA	12
ENSG00000204403	UAA	24
ENSG00000103363	UGA	49
ENSG00000175110	UAA	32
ENSG00000158296	UGA	28
ENSG00000175854	UGA	17
ENSG00000100320	UGA	41
ENSG00000084207	UGA	11
ENSG00000106615	UGA	18
ENSG00000114850	UAG	21
ENSG00000134313	UAA	46
ENSG00000120756	UAA	48
ENSG00000125618	UAG	11
ENSG00000163463	UAA	15
ENSG00000105792	UAA	50
ENSG00000126883	UGA	46
ENSG00000136883	UGA	31
ENSG00000114861	UGA	39
ENSG00000139734	UAA	25
ENSG00000155324	UGA	49
ENSG00000118762	UGA	11
ENSG00000164466	UAA	29
ENSG00000138758	UAA	27
ENSG00000109332	UGA	16
ENSG00000125386	UGA	21
ENSG00000038427	UGA	14
ENSG00000153130	UAA	22
ENSG00000204179	UAA	48
ENSG00000269556	UAG	46
ENSG00000204628	UAG	48
ENSG00000183718	UAG	23
ENSG00000048140	UAG	34
ENSG00000109586	UAA	50
ENSG00000171566	UAA	44
ENSG00000151150	UAA	49
ENSG00000138798	UGA	46
ENSG00000006283	UGA	15
ENSG00000081189	UGA	37
ENSG00000248712	UAG	46
ENSG00000005700	UAG	22
ENSG00000232859	UGA	41
ENSG00000039560	UAA	40
ENSG00000137434	UGA	34
ENSG00000189409	UGA	22
ENSG00000112183	UAG	17
ENSG00000164342	UAA	16
ENSG00000187689	UAA	49
ENSG00000157765	UAG	20
ENSG00000204628	UAG	36
ENSG00000176406	UAG	39
ENSG00000006283	UGA	15
ENSG00000145335	UAA	12
ENSG00000109332	UGA	48
ENSG00000215375	UGA	28
ENSG00000181104	UAA	24
ENSG00000187821	UGA	32
ENSG00000168421	UAA	33
ENSG00000188153	UAA	13
ENSG00000204179	UAA	48
ENSG00000138674	UAA	30
ENSG00000204179	UAA	48
ENSG00000171495	UAA	31
ENSG00000198948	UAA	36
ENSG00000145425	UAA	30
ENSG00000164038	UAA	50
ENSG00000039560	UAA	20
ENSG00000168824	UAG	48
ENSG00000109475	UAA	40
ENSG00000163138	UAA	18
ENSG00000275740	UAG	11
ENSG00000074317	UAG	26
ENSG00000109180	UGA	28
ENSG00000215375	UGA	33
ENSG00000212126	UGA	48
ENSG00000164129	UAA	25
ENSG00000151834	UGA	19
ENSG00000006283	UGA	15
ENSG00000181904	UGA	15
ENSG00000188725	UGA	25
ENSG00000006283	UGA	15
ENSG00000197057	UAA	42
ENSG00000006283	UGA	15
ENSG00000091490	UGA	36
ENSG00000096395	UGA	38
ENSG00000249141	UGA	43
ENSG00000170469	UGA	48
ENSG00000109332	UGA	30
ENSG00000006283	UGA	15
ENSG00000114670	UAA	22
ENSG00000145216	UAG	30
ENSG00000164342	UAA	16
ENSG00000197721	UAA	18
ENSG00000109452	UAA	37
ENSG00000127419	UAG	13
ENSG00000163644	UGA	18
ENSG00000174123	UAA	30
ENSG00000138722	UAA	37
ENSG00000176979	UAA	25
ENSG00000145604	UGA	26
ENSG00000164180	UAA	15
ENSG00000250803	UAA	16
ENSG00000184349	UAG	17
ENSG00000136436	UGA	45
ENSG00000204628	UAG	40
ENSG00000145425	UAA	44
ENSG00000181789	UAA	33
ENSG00000006283	UGA	15
ENSG00000005700	UAG	13
ENSG00000006283	UGA	15
ENSG00000129187	UGA	27
ENSG00000157869	UGA	38
ENSG00000109171	UAA	42
ENSG00000168491	UAA	20
ENSG00000183580	UGA	33
ENSG00000164089	UGA	15
ENSG00000163885	UAG	35
ENSG00000058729	UAA	20
ENSG00000249581	UAA	22
ENSG00000215375	UGA	34
ENSG00000112851	UAA	16
ENSG00000091527	UGA	42
ENSG00000204628	UAG	43
ENSG00000164253	UAA	25
ENSG00000204179	UAA	48
ENSG00000204628	UAG	32
ENSG00000170180	UGA	27
ENSG00000173083	UGA	24
ENSG00000164122	UAA	27
ENSG00000143257	UGA	16
ENSG00000006283	UGA	15
ENSG00000163864	UGA	50
ENSG00000164162	UAA	48
ENSG00000170469	UAA	22
ENSG00000119715	UGA	17
ENSG00000154277	UGA	27
ENSG00000164308	UAA	44
ENSG00000204179	UAA	48
ENSG00000204179	UAA	48
ENSG00000187054	UAA	32
ENSG00000152348	UAA	50
ENSG00000164284	UGA	49
ENSG00000006283	UGA	15
ENSG00000121897	UAA	45
ENSG00000172497	UAA	43
ENSG00000186318	UGA	31
ENSG00000006283	UGA	15
ENSG00000108848	UGA	49
ENSG00000006283	UGA	15
ENSG00000068796	UAA	22
ENSG00000109205	UAA	29
ENSG00000183474	UGA	48
ENSG00000006283	UGA	15
ENSG00000123415	UGA	24
ENSG00000109265	UAA	21
ENSG00000066230	UGA	18
ENSG00000142731	UGA	38
ENSG00000157514	UAA	32
ENSG00000204628	UAG	49
ENSG00000152611	UAA	18
ENSG00000145425	UAA	44
ENSG00000006283	UGA	15
ENSG00000159199	UAA	11
ENSG00000168743	UGA	17
ENSG00000230561	UAG	39
ENSG00000006283	UGA	15
ENSG00000006283	UGA	15
ENSG00000164114	UGA	42
ENSG00000006283	UGA	15
ENSG00000145425	UAA	44
ENSG00000039560	UAA	42
ENSG00000173818	UGA	23
ENSG00000147481	UGA	38
ENSG00000170584	UAA	44
ENSG00000182183	UAA	25
ENSG00000185697	UAA	25
ENSG00000164808	UGA	17
ENSG00000155511	UAA	46
ENSG00000175806	UAA	16
ENSG00000214022	UGA	35
ENSG00000253598	UAA	25
ENSG00000070501	UAA	25
ENSG00000170271	UGA	49
ENSG00000133943	UAA	30
ENSG00000108852	UGA	45
ENSG00000112715	UGA	30
ENSG00000169154	UGA	23
ENSG00000120910	UGA	26
ENSG00000154589	UAG	20
ENSG00000151914	UAG	43
ENSG00000129295	UGA	32
ENSG00000042832	UGA	33
ENSG00000204279	UAA	28
ENSG00000186106	UAA	41
ENSG00000105483	UAA	45
ENSG00000155508	UGA	39
ENSG00000104218	UAA	18
ENSG00000135083	UGA	19
ENSG00000104447	UGA	46
ENSG00000176256	UGA	39
ENSG00000197948	UGA	15
ENSG00000205133	UAG	29
ENSG00000105483	UAA	43
ENSG00000164591	UAA	15
ENSG00000116748	UAA	16
ENSG00000175262	UGA	32
ENSG00000197467	UGA	32
ENSG00000104432	UGA	48
ENSG00000151687	UAA	17
ENSG00000055147	UGA	21
ENSG00000164611	UAA	23
ENSG00000105136	UGA	41
ENSG00000168484	UAA	22
ENSG00000008988	UAA	36
ENSG00000155508	UGA	19
ENSG00000147679	UAA	42
ENSG00000147606	UGA	23
ENSG00000164932	UAA	14
ENSG00000137055	UAA	23
ENSG00000169398	UAA	26
ENSG00000078668	UAA	26
ENSG00000008988	UAA	36
ENSG00000104231	UAG	13
ENSG00000161010	UAA	47
ENSG00000177873	UAA	18
ENSG00000147586	UAA	40
ENSG00000120992	UGA	41
ENSG00000147676	UAA	40
ENSG00000132561	UAA	21
ENSG00000237693	UAA	33
ENSG00000171530	UGA	14
ENSG00000156787	UAG	25
ENSG00000104808	UGA	30
ENSG00000177873	UAA	18
ENSG00000176256	UGA	39
ENSG00000145826	UGA	49
ENSG00000185662	UGA	48
ENSG00000167904	UGA	18
ENSG00000147475	UAG	28
ENSG00000112715	UGA	16
ENSG00000183137	UAG	34
ENSG00000145901	UGA	24
ENSG00000104808	UGA	26
ENSG00000176571	UAA	39
ENSG00000155508	UGA	17
ENSG00000083312	UAA	19
ENSG00000178852	UGA	48
ENSG00000112715	UGA	47
ENSG00000196711	UAA	48
ENSG00000113068	UGA	31
ENSG00000112038	UGA	31
ENSG00000135077	UAG	24
ENSG00000145901	UGA	45
ENSG00000143303	UGA	29
ENSG00000008988	UAA	48
ENSG00000173599	UAA	18
ENSG00000166441	UGA	41
ENSG00000158813	UAG	28
ENSG00000168958	UAG	14
ENSG00000170322	UGA	21
ENSG00000175115	UGA	38
ENSG00000100926	UGA	14
ENSG00000087884	UGA	37
ENSG00000214063	UAG	46
ENSG00000188487	UAG	36
ENSG00000133316	UGA	40
ENSG00000177947	UAA	38
ENSG00000149806	UAA	50
ENSG00000087884	UGA	37
ENSG00000214940	UAA	49
ENSG00000168807	UAG	48
ENSG00000110700	UAA	45
ENSG00000278615	UAG	14
ENSG00000159063	UGA	28
ENSG00000134242	UAA	22
ENSG00000160703	UGA	36
ENSG00000170325	UGA	28
ENSG00000109971	UAA	33
ENSG00000251247	UAA	35
ENSG00000143294	UAG	37
ENSG00000173020	UGA	12
ENSG00000087884	UGA	37
ENSG00000140988	UAG	38
ENSG00000166441	UGA	42
ENSG00000149311	UGA	33
ENSG00000110768	UGA	29
ENSG00000177225	UGA	22
ENSG00000159176	UGA	36
ENSG00000168060	UGA	45
ENSG00000159063	UGA	18
ENSG00000117640	UGA	47
ENSG00000168056	UGA	28
ENSG00000159063	UGA	28
ENSG00000203499	UAG	37
ENSG00000149480	UGA	33
ENSG00000175376	UGA	32
ENSG00000134909	UGA	38
ENSG00000110651	UGA	42
ENSG00000149806	UAA	50
ENSG00000172922	UGA	48
ENSG00000118181	UGA	46
ENSG00000166471	UAG	23
ENSG00000184937	UGA	16
ENSG00000161016	UAG	35
ENSG00000101146	UGA	11
ENSG00000204979	UAA	46
ENSG00000171202	UGA	41
ENSG00000137720	UAA	20
ENSG00000213619	UGA	23
ENSG00000196655	UAG	22
ENSG00000177225	UAA	21
ENSG00000126091	UGA	38
ENSG00000070985	UGA	28
ENSG00000110717	UGA	46
ENSG00000141971	UGA	32
ENSG00000120451	UAG	29
ENSG00000166930	UGA	33
ENSG00000161016	UAG	35
ENSG00000152558	UAA	11
ENSG00000073921	UAA	23
ENSG00000133316	UGA	40
ENSG00000159063	UGA	28
ENSG00000254852	UAA	49
ENSG00000167996	UGA	15
ENSG00000139974	UAA	32
ENSG00000132744	UAA	23
ENSG00000146670	UAG	26
ENSG00000166788	UAA	26
ENSG00000166323	UAA	21
ENSG00000008517	UGA	13
ENSG00000149591	UAG	46
ENSG00000090686	UAA	50
ENSG00000132781	UGA	32
ENSG00000188997	UGA	16
ENSG00000166441	UGA	42
ENSG00000110719	UGA	34
ENSG00000188487	UAG	36
ENSG00000214967	UAA	49
ENSG00000173612	UGA	30
ENSG00000120451	UAG	29
ENSG00000177600	UAA	35
ENSG00000255346	UAG	37
ENSG00000008517	UGA	41
ENSG00000159063	UGA	18
ENSG00000177600	UAA	38
ENSG00000159063	UGA	18
ENSG00000165916	UAG	33
ENSG00000166441	UGA	42
ENSG00000170955	UGA	19
ENSG00000166444	UAA	14
ENSG00000135426	UGA	38
ENSG00000137752	UAA	33
ENSG00000185187	UGA	31
ENSG00000167257	UGA	13
ENSG00000126391	UAA	24
ENSG00000137693	UAG	23
ENSG00000152763	UAA	46
ENSG00000224712	UAA	49
ENSG00000176009	UGA	38
ENSG00000162139	UGA	44
ENSG00000255374	UAG	13
ENSG00000135373	UAG	49
ENSG00000165325	UGA	30
ENSG00000126091	UGA	38
ENSG00000147535	UAA	46
ENSG00000008517	UGA	21
ENSG00000134470	UGA	50
ENSG00000152558	UAA	43
ENSG00000171202	UGA	42
ENSG00000166441	UGA	42
ENSG00000165973	UGA	45
ENSG00000166788	UAA	50
ENSG00000129646	UGA	30
ENSG00000175513	UGA	26
ENSG00000150672	UAA	29
ENSG00000121680	UGA	49
ENSG00000136002	UAG	20
ENSG00000213563	UGA	18
ENSG00000166575	UGA	26
ENSG00000173933	UAA	44
ENSG00000118363	UAG	44
ENSG00000172500	UGA	30
ENSG00000070985	UGA	34
ENSG00000100583	UAG	24
ENSG00000140988	UAG	37
ENSG00000087884	UGA	39
ENSG00000186907	UGA	13
ENSG00000171067	UGA	36
ENSG00000134802	UAG	22
ENSG00000254402	UAG	36
ENSG00000141499	UAA	16
ENSG00000147535	UAA	11
ENSG00000137752	UAA	33
ENSG00000166452	UAG	38
ENSG00000147676	UAA	34
ENSG00000166928	UGA	32
ENSG00000166181	UGA	23
ENSG00000089597	UAA	34
ENSG00000111452	UGA	25
ENSG00000123106	UGA	49
ENSG00000103723	UGA	28
ENSG00000130035	UAA	17
ENSG00000284194	UGA	43
ENSG00000198040	UAA	26
ENSG00000123096	UGA	32
ENSG00000110917	UGA	23
ENSG00000170180	UGA	50
ENSG00000123989	UGA	11
ENSG00000123572	UAA	48
ENSG00000134545	UAA	35
ENSG00000082641	UGA	12
ENSG00000197958	UAA	44
ENSG00000140795	UAA	38
ENSG00000008323	UAA	16
ENSG00000120833	UAA	18
ENSG00000183273	UGA	19
ENSG00000151743	UGA	26
ENSG00000151062	UGA	41
ENSG00000183426	UGA	11
ENSG00000139354	UAA	15
ENSG00000256762	UAG	28
ENSG00000143224	UGA	42
ENSG00000166037	UGA	11
ENSG00000229183	UAA	35
ENSG00000135090	UGA	40
ENSG00000132000	UAA	37
ENSG00000104973	UGA	18
ENSG00000079462	UAA	45
ENSG00000140853	UGA	11
ENSG00000256525	UAG	38
ENSG00000216937	UGA	37
ENSG00000140694	UAA	49
ENSG00000173239	UGA	45
ENSG00000139354	UAA	13
ENSG00000078618	UAA	40
ENSG00000110090	UAA	31
ENSG00000168876	UGA	48
ENSG00000278139	UAA	12
ENSG00000110107	UAA	31
ENSG00000182670	UAA	17
ENSG00000043514	UAA	30
ENSG00000090612	UGA	33
ENSG00000111348	UGA	14
ENSG00000002016	UAA	37
ENSG00000214940	UAA	21
ENSG00000048540	UGA	40
ENSG00000134287	UGA	22
ENSG00000169231	UGA	50
ENSG00000182870	UGA	34
ENSG00000141127	UGA	36
ENSG00000110583	UGA	40
ENSG00000187790	UAA	20
ENSG00000148516	UAA	30
ENSG00000169246	UGA	47
ENSG00000151491	UAA	43
ENSG00000112530	UAA	32
ENSG00000139146	UGA	24
ENSG00000070018	UGA	33
ENSG00000156076	UGA	42
ENSG00000159842	UAG	19
ENSG00000103248	UGA	39
ENSG00000185164	UAG	34
ENSG00000140563	UGA	39
ENSG00000130640	UGA	37
ENSG00000100485	UGA	34
ENSG00000168439	UAA	24
ENSG00000284194	UGA	38
ENSG00000139192	UAA	37
ENSG00000108528	UGA	17
ENSG00000076053	UAA	23
ENSG00000143224	UGA	44
ENSG00000002016	UAA	44
ENSG00000002330	UGA	50
ENSG00000139116	UAA	37
ENSG00000189186	UGA	30
ENSG00000125888	UAG	49
ENSG00000157399	UAA	21
ENSG00000126746	UAG	22
ENSG00000149743	UAA	23
ENSG00000149743	UAA	46
ENSG00000107186	UGA	22
ENSG00000197046	UGA	37
ENSG00000159459	UAA	28
ENSG00000196531	UAA	34
ENSG00000063177	UAA	39
ENSG00000166183	UGA	43
ENSG00000161996	UAA	48
ENSG00000211584	UGA	26
ENSG00000151135	UGA	50
ENSG00000175183	UAA	19
ENSG00000075415	UAA	26
ENSG00000258289	UAA	39
ENSG00000139637	UAG	22
ENSG00000135457	UAG	19
ENSG00000088986	UAA	27
ENSG00000139220	UGA	21
ENSG00000139637	UAG	22
ENSG00000079337	UGA	27
ENSG00000161800	UAA	27
ENSG00000135451	UGA	22
ENSG00000139637	UAG	28
ENSG00000092841	UGA	50
ENSG00000063177	UAA	41
ENSG00000205352	UGA	35
ENSG00000125954	UAG	49
ENSG00000012504	UGA	22
ENSG00000106799	UAA	36
ENSG00000094914	UAA	29
ENSG00000185664	UGA	14
ENSG00000134291	UAA	27
ENSG00000166183	UAA	44
ENSG00000063177	UAA	41
ENSG00000127328	UAA	30
ENSG00000134285	UAA	21
ENSG00000135404	UAG	15
ENSG00000065361	UAA	20
ENSG00000139218	UAA	50
ENSG00000111596	UAA	22
ENSG00000008517	UGA	13
ENSG00000086159	UGA	24
ENSG00000111780	UGA	47
ENSG00000120805	UAA	48
ENSG00000135441	UAG	42
ENSG00000015475	UGA	28
ENSG00000076108	UGA	16
ENSG00000224712	UAA	49
ENSG00000072041	UAG	38
ENSG00000182050	UAA	19
ENSG00000063177	UAA	41
ENSG00000135404	UAG	26
ENSG00000134283	UAG	34
ENSG00000170515	UGA	29
ENSG00000008517	UGA	20
ENSG00000139220	UGA	15
ENSG00000111481	UAG	31
ENSG00000136866	UGA	31
ENSG00000092036	UGA	30
ENSG00000054654	UAA	29
ENSG00000172590	UAA	24
ENSG00000100902	UAA	41
ENSG00000100968	UGA	23
ENSG00000174373	UAA	19
ENSG00000100462	UAG	28
ENSG00000075413	UAA	18
ENSG00000100577	UAG	32
ENSG00000155465	UAA	37
ENSG00000133961	UAA	29
ENSG00000256053	UAA	30
ENSG00000119723	UAA	21
ENSG00000205476	UAG	46
ENSG00000179627	UGA	20
ENSG00000171723	UAG	49
ENSG00000156127	UAA	16
ENSG00000133961	UAA	29
ENSG00000165410	UAA	13
ENSG00000134001	UAA	25
ENSG00000100888	UGA	12
ENSG00000185559	UAA	19
ENSG00000198604	UAA	17
ENSG00000165959	UGA	33
ENSG00000125952	UAG	29
ENSG00000129460	UGA	48
ENSG00000042317	UAA	38
ENSG00000087303	UAA	31
ENSG00000129473	UGA	46
ENSG00000182175	UAG	42
ENSG00000100836	UAA	12
ENSG00000172590	UAA	26
ENSG00000165953	UAA	29
ENSG00000129566	UGA	43
ENSG00000119688	UGA	20
ENSG00000258643	UAA	43
ENSG00000100722	UAA	16
ENSG00000100577	UAG	16
ENSG00000179476	UAA	19
ENSG00000125952	UAA	14
ENSG00000165914	UGA	50
ENSG00000119705	UGA	37
ENSG00000139990	UGA	32
ENSG00000129473	UGA	46
ENSG00000125952	UGA	27
ENSG00000100612	UAA	48
ENSG00000140153	UGA	28
ENSG00000104047	UAG	32
ENSG00000140481	UGA	15
ENSG00000128891	UAA	29
ENSG00000187630	UGA	22
ENSG00000140548	UAA	27
ENSG00000100938	UAG	22
ENSG00000067141	UGA	22
ENSG00000139914	UGA	26
ENSG00000133961	UAA	29
ENSG00000140548	UAA	31
ENSG00000140416	UGA	18
ENSG00000108107	UGA	41
ENSG00000128918	UAA	30
ENSG00000140416	UGA	50
ENSG00000248905	UAG	50
ENSG00000137869	UAA	43
ENSG00000092295	UGA	25
ENSG00000128891	UGA	17
ENSG00000128951	UAA	11
ENSG00000067141	UGA	22
ENSG00000137818	UAA	26
ENSG00000205436	UAA	20
ENSG00000133961	UAA	29
ENSG00000140575	UAG	26
ENSG00000187446	UAA	13
ENSG00000100908	UGA	45
ENSG00000100911	UGA	44
ENSG00000137815	UAA	36
ENSG00000255302	UAG	45
ENSG00000137821	UAA	22
ENSG00000148516	UAA	30
ENSG00000100949	UAA	47
ENSG00000157823	UGA	16
ENSG00000086666	UGA	50
ENSG00000103855	UGA	42
ENSG00000101544	UAA	44
ENSG00000181019	UAA	14
ENSG00000062524	UGA	45
ENSG00000169410	UGA	20
ENSG00000067365	UGA	48
ENSG00000140905	UGA	46
ENSG00000169189	UGA	23
ENSG00000067365	UGA	24
ENSG00000104164	UGA	13
ENSG00000179588	UGA	34
ENSG00000135709	UAG	22
ENSG00000178802	UAG	37
ENSG00000103528	UGA	31
ENSG00000140943	UGA	26
ENSG00000196800	UGA	13
ENSG00000260836	UGA	13
ENSG00000166548	UAG	14
ENSG00000175267	UGA	34
ENSG00000229809	UAA	19
ENSG00000103042	UAA	23
ENSG00000181019	UGA	14
ENSG00000087253	UAA	50
ENSG00000172775	UAG	11
ENSG00000103121	UAA	33
ENSG00000167977	UGA	24
ENSG00000186118	UAG	38
ENSG00000103494	UAA	21
ENSG00000103769	UAA	19
ENSG00000103121	UAA	43
ENSG00000095906	UAG	45
ENSG00000205250	UGA	13
ENSG00000129636	UGA	47
ENSG00000077238	UAA	22
ENSG00000141002	UAA	37
ENSG00000134419	UAG	40
ENSG00000205923	UGA	28
ENSG00000174442	UGA	26
ENSG00000260325	UAA	22
ENSG00000132600	UGA	19
ENSG00000072736	UAG	25
ENSG00000095906	UGA	12
ENSG00000196408	UGA	12
ENSG00000182685	UGA	21
ENSG00000114062	UAA	31
ENSG00000174943	UAA	19
ENSG00000121281	UAA	25
ENSG00000102900	UGA	45
ENSG00000167522	UGA	48
ENSG00000140650	UAA	43
ENSG00000205937	UAG	41
ENSG00000213614	UAA	31
ENSG00000257017	UAA	38
ENSG00000169592	UGA	36
ENSG00000103495	UAA	26
ENSG00000167526	UAA	38
ENSG00000140525	UGA	40
ENSG00000103528	UGA	42
ENSG00000067225	UGA	21
ENSG00000140474	UGA	15
ENSG00000130731	UGA	11
ENSG00000178741	UAA	40
ENSG00000187535	UGA	36
ENSG00000103227	UAG	20
ENSG00000103254	UGA	33
ENSG00000167186	UAA	36
ENSG00000079616	UGA	43
ENSG00000103254	UGA	33
ENSG00000149925	UAA	45
ENSG00000179580	UAG	24
ENSG00000260220	UAA	19
ENSG00000087258	UGA	42
ENSG00000167969	UAA	39
ENSG00000213398	UGA	26
ENSG00000167291	UGA	48
ENSG00000185813	UAA	21
ENSG00000154914	UGA	47
ENSG00000262874	UAG	47
ENSG00000141252	UGA	21
ENSG00000262246	UAG	32
ENSG00000219200	UAG	44
ENSG00000215644	UAG	22
ENSG00000184544	UAA	50
ENSG00000171861	UAG	40
ENSG00000142494	UGA	44
ENSG00000176108	UGA	30
ENSG00000181885	UAA	12
ENSG00000174231	UAA	30
ENSG00000162076	UGA	12
ENSG00000189067	UAG	35
ENSG00000159842	UAG	40
ENSG00000121057	UAA	24
ENSG00000182446	UGA	41
ENSG00000132382	UAA	38
ENSG00000184939	UAA	40
ENSG00000133393	UAA	20
ENSG00000122390	UGA	17
ENSG00000170291	UAA	20
ENSG00000141837	UAA	11
ENSG00000167740	UGA	26
ENSG00000038358	UAG	17
ENSG00000103310	UAA	28
ENSG00000103310	UAA	30
ENSG00000179314	UGA	49
ENSG00000170291	UAA	27
ENSG00000102967	UGA	26
ENSG00000141258	UAA	29
ENSG00000189067	UAG	11
ENSG00000162073	UGA	34
ENSG00000121057	UAA	30
ENSG00000183011	UGA	46
ENSG00000183011	UGA	46
ENSG00000205629	UGA	33
ENSG00000183011	UGA	46
ENSG00000129214	UAA	20
ENSG00000189067	UAG	24
ENSG00000100997	UGA	35
ENSG00000183011	UGA	32
ENSG00000120068	UAG	14
ENSG00000133392	UGA	19
ENSG00000183011	UGA	45
ENSG00000129244	UGA	39
ENSG00000073350	UGA	28
ENSG00000130255	UGA	12
ENSG00000177728	UGA	34
ENSG00000169738	UGA	42
ENSG00000169718	UAA	15
ENSG00000160392	UAG	44
ENSG00000108375	UGA	16
ENSG00000180891	UAA	17
ENSG00000185862	UAA	29
ENSG00000141447	UAA	22
ENSG00000188612	UGA	41
ENSG00000108262	UGA	21
ENSG00000187824	UAA	31
ENSG00000153976	UAA	27
ENSG00000173933	UGA	40
ENSG00000109065	UGA	29
ENSG00000177885	UGA	41
ENSG00000265681	UAA	35
ENSG00000125450	UGA	12
ENSG00000265681	UAA	35
ENSG00000266200	UAA	46
ENSG00000130255	UGA	46
ENSG00000132470	UGA	49
ENSG00000263528	UAA	37
ENSG00000265681	UAA	38
ENSG00000154096	UGA	33
ENSG00000087191	UGA	50
ENSG00000213246	UAG	34
ENSG00000141668	UAA	26
ENSG00000265681	UAA	35
ENSG00000187323	UGA	21
ENSG00000108587	UGA	38
ENSG00000087191	UGA	17
ENSG00000187824	UAA	23
ENSG00000135164	UAA	50
ENSG00000266202	UGA	35
ENSG00000161970	UGA	36
ENSG00000109065	UGA	42
ENSG00000161970	UAA	15
ENSG00000125447	UGA	41
ENSG00000206052	UAA	36
ENSG00000161970	UAA	41
ENSG00000141526	UAG	34
ENSG00000108557	UAG	20
ENSG00000176390	UAA	22
ENSG00000161526	UGA	24
ENSG00000179094	UAA	16
ENSG00000108465	UAG	34
ENSG00000011260	UAA	43
ENSG00000161970	UAA	43
ENSG00000185158	UGA	32
ENSG00000172809	UGA	49
ENSG00000243156	UAA	18
ENSG00000108395	UGA	34
ENSG00000125449	UGA	31
ENSG00000178999	UGA	12
ENSG00000243156	UGA	39
ENSG00000166579	UAG	32
ENSG00000187607	UGA	28
ENSG00000105048	UGA	50
ENSG00000105261	UGA	50
ENSG00000132481	UAG	44
ENSG00000127452	UAA	35
ENSG00000160469	UAA	50
ENSG00000178386	UGA	48
ENSG00000115268	UAA	32
ENSG00000141837	UAA	47
ENSG00000141458	UGA	45
ENSG00000151062	UGA	34
ENSG00000105518	UAG	39
ENSG00000131469	UAG	26
ENSG00000065717	UAA	12
ENSG00000127452	UGA	44
ENSG00000153391	UGA	27
ENSG00000126581	UGA	42
ENSG00000105518	UAG	37
ENSG00000132475	UAA	19
ENSG00000105048	UGA	27
ENSG00000115268	UAA	32
ENSG00000167880	UGA	22
ENSG00000175832	UAG	20
ENSG00000126247	UGA	27
ENSG00000105518	UAG	37
ENSG00000126249	UAG	48
ENSG00000188227	UGA	32
ENSG00000105063	UAG	38
ENSG00000104915	UAA	19
ENSG00000099860	UGA	23
ENSG00000179115	UAG	36
ENSG00000132475	UAA	28
ENSG00000088256	UGA	23
ENSG00000189114	UAG	49
ENSG00000130158	UAA	15
ENSG00000105518	UAG	36
ENSG00000105576	UAG	19
ENSG00000099622	UAA	34
ENSG00000130287	UGA	18
ENSG00000004777	UAA	17
ENSG00000105518	UAG	30
ENSG00000267795	UGA	50
ENSG00000267360	UGA	27
ENSG00000153885	UAG	22
ENSG00000167468	UAA	22
ENSG00000130176	UAA	14
ENSG00000183742	UAG	29
ENSG00000131469	UAG	29
ENSG00000161091	UGA	47
ENSG00000161544	UAG	44
ENSG00000129657	UAA	13
ENSG00000266964	UAG	30
ENSG00000267140	UAA	17
ENSG00000267795	UGA	50
ENSG00000161544	UGA	24
ENSG00000065000	UGA	37
ENSG00000055483	UGA	46
ENSG00000105518	UAG	36
ENSG00000132475	UAA	21
ENSG00000105401	UGA	33
ENSG00000115268	UAA	26
ENSG00000267795	UGA	50
ENSG00000166377	UGA	24
ENSG00000179846	UAA	35
ENSG00000072958	UAG	49
ENSG00000125746	UAA	15
ENSG00000131469	UAG	39
ENSG00000186185	UAG	40
ENSG00000161914	UGA	22
ENSG00000130733	UAG	19
ENSG00000092931	UGA	49
ENSG00000188283	UAA	21
ENSG00000176014	UGA	42
ENSG00000115268	UAA	28
ENSG00000267796	UGA	41
ENSG00000167641	UAA	28
ENSG00000172009	UGA	26
ENSG00000181666	UAG	13
ENSG00000119541	UAA	33
ENSG00000105278	UGA	15
ENSG00000142252	UAA	27
ENSG00000115268	UAA	32
ENSG00000079805	UAA	28
ENSG00000267795	UGA	48
ENSG00000104814	UGA	48
ENSG00000104907	UGA	28
ENSG00000129354	UGA	24
ENSG00000041353	UAA	29
ENSG00000126246	UAA	26
ENSG00000178982	UAA	33
ENSG00000115268	UAA	33
ENSG00000115268	UAA	32
ENSG00000065989	UGA	28
ENSG00000168096	UAG	43
ENSG00000161914	UGA	26
ENSG00000115268	UAA	32
ENSG00000178982	UAA	33
ENSG00000105518	UAG	39
ENSG00000121289	UGA	30
ENSG00000161249	UAG	47
ENSG00000268790	UGA	33
ENSG00000105372	UAG	39
ENSG00000188269	UGA	11
ENSG00000105255	UAG	22
ENSG00000125734	UAA	19
ENSG00000160014	UGA	29
ENSG00000221983	UGA	12
ENSG00000167755	UGA	15
ENSG00000104894	UGA	40
ENSG00000088247	UGA	35
ENSG00000079462	UAA	42
ENSG00000105373	UGA	13
ENSG00000105499	UAA	47
ENSG00000105341	UGA	44
ENSG00000105287	UGA	15
ENSG00000104951	UAA	16
ENSG00000188868	UAA	30
ENSG00000181029	UGA	34
ENSG00000039650	UGA	17
ENSG00000104872	UGA	13
ENSG00000125656	UGA	44
ENSG00000171574	UGA	17
ENSG00000105497	UGA	15
ENSG00000126456	UAA	17
ENSG00000198131	UGA	15
ENSG00000196337	UAA	16
ENSG00000008382	UGA	36
ENSG00000196267	UAA	19
ENSG00000196267	UAA	24
ENSG00000125656	UAA	49
ENSG00000130517	UAG	32
ENSG00000074181	UAA	27
ENSG00000196337	UAA	16
ENSG00000281039	UAG	15
ENSG00000099331	UGA	19
ENSG00000083845	UGA	50
ENSG00000090554	UGA	29
ENSG00000105429	UAA	13
ENSG00000221983	UAA	20
ENSG00000126456	UGA	16
ENSG00000128000	UAA	36
ENSG00000130528	UAA	14
ENSG00000160014	UGA	37
ENSG00000170954	UAG	44
ENSG00000079385	UGA	35
ENSG00000105053	UAG	36
ENSG00000163075	UAG	46
ENSG00000105640	UAG	41
ENSG00000234289	UAA	29
ENSG00000104835	UAA	42
ENSG00000213762	UAA	19
ENSG00000105372	UAG	39
ENSG00000196214	UGA	30
ENSG00000126456	UAA	17
ENSG00000105352	UGA	23
ENSG00000268629	UGA	35
ENSG00000062822	UGA	24
ENSG00000126456	UAA	17
ENSG00000160318	UGA	42
ENSG00000008382	UAA	13
ENSG00000167578	UGA	15
ENSG00000182013	UGA	11
ENSG00000060566	UGA	15
ENSG00000213160	UAA	27
ENSG00000141404	UGA	37
ENSG00000170035	UGA	33
ENSG00000163156	UGA	48
ENSG00000159753	UGA	46
ENSG00000159761	UAG	24
ENSG00000214655	UAA	16
ENSG00000263961	UGA	32
ENSG00000187791	UGA	42
ENSG00000270806	UAA	21
ENSG00000205442	UAA	14
ENSG00000138381	UAA	31
ENSG00000050344	UGA	42
ENSG00000099804	UGA	33
ENSG00000105856	UAG	12
ENSG00000146243	UGA	17
ENSG00000177414	UAA	41
ENSG00000268629	UGA	33
ENSG00000107518	UAA	28
ENSG00000094975	UAA	20
ENSG00000269713	UAA	26
ENSG00000163746	UAA	28
ENSG00000136488	UAG	28
ENSG00000156504	UGA	38
ENSG00000197181	UGA	25
ENSG00000182348	UAA	25
ENSG00000273136	UAA	26
ENSG00000197768	UGA	18
ENSG00000088970	UAA	42
ENSG00000273136	UAA	26
ENSG00000112818	UGA	30
ENSG00000270629	UAA	26
ENSG00000273542	UGA	42
ENSG00000183378	UGA	32
ENSG00000204025	UAA	23
ENSG00000277149	UGA	28
ENSG00000064687	UGA	33
ENSG00000271254	UAA	26
ENSG00000160752	UGA	28
ENSG00000242265	UAA	16
ENSG00000275249	UGA	44
ENSG00000287080	UAA	48
ENSG00000104689	UGA	45
ENSG00000251664	UAA	38
ENSG00000275410	UGA	38
ENSG00000062822	UGA	28
ENSG00000205571	UAA	15
ENSG00000275410	UGA	38
ENSG00000276760	UAA	19
ENSG00000178982	UAA	35
ENSG00000205307	UAG	31
ENSG00000158571	UGA	16
ENSG00000274102	UGA	44
ENSG00000088832	UAA	15
ENSG00000167674	UGA	23
ENSG00000089063	UGA	29
ENSG00000105388	UAG	36
ENSG00000271605	UGA	32
ENSG00000100911	UGA	44
ENSG00000159063	UGA	48
ENSG00000125531	UGA	48
ENSG00000159618	UGA	43
ENSG00000198105	UGA	11
ENSG00000276410	UAA	50
ENSG00000188394	UGA	49
ENSG00000277630	UAA	19
ENSG00000274641	UGA	48
ENSG00000151150	UAA	19
ENSG00000120948	UGA	14
ENSG00000088970	UAA	42
ENSG00000136250	UAA	30
ENSG00000105388	UAG	36
ENSG00000151150	UAA	19
ENSG00000273136	UAA	26
ENSG00000124787	UAA	29
ENSG00000265681	UAA	38
ENSG00000142765	UAG	49
ENSG00000088970	UAA	46
ENSG00000088970	UAA	46
ENSG00000275713	UAA	44
ENSG00000142794	UAA	26
ENSG00000088970	UAA	42
ENSG00000274209	UAA	45
ENSG00000276234	UAA	17
ENSG00000273136	UAA	26
ENSG00000088970	UAA	46
ENSG00000270629	UAA	26
ENSG00000185164	UAG	45
ENSG00000088970	UAA	46
ENSG00000048162	UAA	35
ENSG00000275774	UAA	31
ENSG00000187733	UAA	34
ENSG00000206474	UGA	23
ENSG00000084093	UAA	32
ENSG00000122367	UAG	25
ENSG00000248167	UGA	44
ENSG00000232258	UGA	26
ENSG00000131089	UGA	43
ENSG00000104679	UGA	24
ENSG00000213689	UAG	45
ENSG00000136160	UAA	34
ENSG00000114062	UAA	15
ENSG00000248333	UGA	26
ENSG00000102316	UGA	12
ENSG00000158987	UAG	50
ENSG00000160953	UGA	36
ENSG00000187391	UAA	44
ENSG00000022267	UAA	42
ENSG00000248333	UGA	26
ENSG00000248333	UGA	26
ENSG00000082438	UAA	42
ENSG00000185760	UAA	40
ENSG00000108231	UGA	47
ENSG00000241322	UAA	50
ENSG00000039650	UGA	33
ENSG00000107404	UGA	22
ENSG00000124772	UGA	43
ENSG00000105261	UGA	50
ENSG00000282757	UGA	36
ENSG00000275896	UAA	50
ENSG00000103248	UGA	39
ENSG00000144036	UGA	26
ENSG00000080503	UGA	12
ENSG00000077157	UAG	17
ENSG00000206113	UGA	16
ENSG00000213689	UAG	44
ENSG00000282872	UAA	27
ENSG00000174485	UAA	36
ENSG00000141837	UAA	12
ENSG00000158445	UGA	44
ENSG00000131089	UGA	46
ENSG00000141837	UAA	12
ENSG00000131089	UAA	26
ENSG00000188603	UGA	33
ENSG00000128973	UGA	14
ENSG00000187682	UGA	44
ENSG00000169710	UGA	18
ENSG00000171877	UGA	32
ENSG00000119973	UGA	37
ENSG00000140718	UGA	47
ENSG00000188687	UAG	16
ENSG00000188603	UAG	44
ENSG00000166689	UAG	25
ENSG00000152969	UGA	25
ENSG00000182621	UAG	17
ENSG00000124140	UAG	27
ENSG00000114656	UGA	26
ENSG00000128973	UGA	24
ENSG00000169554	UGA	36
ENSG00000141837	UAG	27
ENSG00000283516	UGA	36
ENSG00000283434	UGA	32
ENSG00000141837	UAA	39
ENSG00000048740	UGA	25
ENSG00000266173	UAA	27
ENSG00000156113	UGA	14
ENSG00000156113	UGA	39
ENSG00000156113	UGA	14
ENSG00000156113	UGA	14
ENSG00000112425	UAG	30
ENSG00000187730	UGA	16
ENSG00000156113	UGA	14
ENSG00000149311	UGA	32
ENSG00000156113	UGA	29
ENSG00000156113	UGA	14
ENSG00000156113	UGA	29
ENSG00000149311	UGA	31
ENSG00000283980	UGA	50
ENSG00000284484	UAA	27
ENSG00000156113	UGA	14
ENSG00000178445	UGA	18
ENSG00000003989	UAA	16
ENSG00000117322	UAA	31
ENSG00000149311	UGA	32
ENSG00000156113	UGA	14
ENSG00000165731	UAA	34
ENSG00000007372	UGA	17
ENSG00000070748	UGA	21
ENSG00000156113	UGA	31
ENSG00000204246	UAA	21
ENSG00000196248	UAG	35
ENSG00000198601	UAA	38
ENSG00000170605	UGA	26
ENSG00000226288	UGA	40
ENSG00000176925	UAA	42
ENSG00000177000	UGA	38
ENSG00000198601	UAA	38
ENSG00000180433	UAG	44
ENSG00000284730	UAA	19
ENSG00000147481	UGA	33
ENSG00000148019	UGA	40
ENSG00000103197	UGA	44
ENSG00000143376	UAG	17
ENSG00000113163	UAG	45
ENSG00000204311	UAA	18
ENSG00000235169	UAA	35
ENSG00000170180	UGA	39
ENSG00000100150	UAG	33
ENSG00000165699	UAA	37
ENSG00000170180	UGA	44
ENSG00000132170	UAG	17
ENSG00000158321	UAG	46
ENSG00000136631	UGA	38
ENSG00000226490	UAA	14
ENSG00000132170	UAG	17
ENSG00000124614	UAA	39
ENSG00000062822	UGA	40
ENSG00000132170	UAG	17
ENSG00000285480	UGA	34
ENSG00000174748	UAA	36
ENSG00000185532	UAA	38
ENSG00000090534	UAA	28
ENSG00000171863	UAA	38
ENSG00000157765	UAG	20
ENSG00000204311	UAA	13
ENSG00000198860	UAA	18
ENSG00000205669	UAA	49
ENSG00000101251	UAG	48
ENSG00000110436	UAG	45
ENSG00000125257	UGA	21
ENSG00000170180	UGA	50
ENSG00000233276	UGA	29
ENSG00000171863	UAA	37
ENSG00000079335	UAA	49
ENSG00000095637	UAA	34
ENSG00000285708	UGA	21
ENSG00000174776	UAA	26
ENSG00000145191	UGA	23
ENSG00000132535	UAG	26
ENSG00000114861	UGA	16
ENSG00000114861	UGA	43
ENSG00000161970	UAA	48
ENSG00000132535	UGA	33
ENSG00000110628	UGA	49
ENSG00000151611	UAA	22
ENSG00000187753	UAG	21
ENSG00000095637	UAA	34
ENSG00000114861	UGA	22
ENSG00000114861	UGA	16
ENSG00000114861	UGA	41
ENSG00000151611	UAA	27
ENSG00000141298	UGA	41
ENSG00000080910	UAG	26
ENSG00000264006	UGA	25
ENSG00000177106	UGA	36
ENSG00000114861	UGA	36
ENSG00000140694	UGA	43
ENSG00000025708	UAA	18
ENSG00000119950	UAG	30
ENSG00000102103	UGA	21
ENSG00000169627	UGA	43
ENSG00000132170	UAG	17
ENSG00000143224	UGA	38
ENSG00000091106	UAA	20
ENSG00000233232	UAG	32
ENSG00000102125	UAG	49
ENSG00000132170	UAG	16
ENSG00000250799	UAG	50
ENSG00000069424	UGA	49
ENSG00000118194	UAA	18
ENSG00000198668	UGA	43
ENSG00000186409	UAA	37
ENSG00000124193	UAA	44
ENSG00000163041	UAA	42
ENSG00000164022	UAA	12
ENSG00000164022	UAA	19
ENSG00000163632	UAA	32
ENSG00000126522	UAG	41
ENSG00000206190	UGA	24
ENSG00000206190	UAG	18
ENSG00000185988	UAG	36
ENSG00000139154	UGA	29
ENSG00000054654	UAA	29
ENSG00000185988	UAG	46
ENSG00000197467	UGA	31
ENSG00000044090	UAG	26
ENSG00000044090	UAG	46
ENSG00000140157	UAA	29
ENSG00000072501	UAG	49
ENSG00000156709	UGA	22
ENSG00000140525	UAA	12
ENSG00000106105	UGA	22
ENSG00000106477	UAA	23
ENSG00000133424	UAG	42
ENSG00000121940	UAG	48
ENSG00000106477	UAA	44
ENSG00000106105	UGA	24
ENSG00000112367	UGA	47
ENSG00000133816	UGA	17
ENSG00000112367	UAA	31
ENSG00000154309	UAA	23
ENSG00000106477	UAA	47
ENSG00000166548	UGA	49
ENSG00000107862	UAA	47
ENSG00000178035	UGA	40
ENSG00000165953	UAA	24
ENSG00000145907	UGA	30
ENSG00000105723	UGA	36
ENSG00000135486	UGA	36
ENSG00000135486	UGA	36
ENSG00000001497	UGA	13
ENSG00000162923	UGA	22
ENSG00000108298	UAA	38
ENSG00000135316	UAG	28
ENSG00000107959	UAA	17
ENSG00000104408	UGA	15
ENSG00000135486	UAG	29
ENSG00000213995	UGA	30
ENSG00000159063	UGA	18
ENSG00000159063	UGA	18
ENSG00000159063	UGA	50
ENSG00000055609	UGA	30
ENSG00000168014	UGA	50
ENSG00000159063	UGA	18
ENSG00000159063	UGA	18
ENSG00000075702	UAA	22
ENSG00000134259	UGA	45
ENSG00000159063	UGA	18
ENSG00000134259	UGA	45
ENSG00000159063	UGA	28
ENSG00000129646	UGA	30
ENSG00000058056	UGA	37
ENSG00000159063	UGA	18
ENSG00000058056	UGA	25
ENSG00000159063	UGA	18
ENSG00000018510	UAA	48
ENSG00000159063	UGA	28
ENSG00000176256	UGA	39
ENSG00000159063	UGA	18
ENSG00000159063	UGA	18
ENSG00000159063	UGA	18
ENSG00000110446	UGA	41
ENSG00000183397	UAA	20
ENSG00000132170	UAG	16
ENSG00000185842	UAA	17
ENSG00000274570	UAG	45
ENSG00000149311	UGA	35
ENSG00000170075	UGA	42
ENSG00000149311	UGA	30
ENSG00000081052	UAA	40
ENSG00000126583	UAA	20
ENSG00000188747	UAA	46
ENSG00000151067	UAG	30
ENSG00000149311	UGA	35
ENSG00000151067	UAG	30
ENSG00000151687	UAA	20
ENSG00000151892	UAG	43
ENSG00000182923	UAG	45
ENSG00000165731	UAA	34
ENSG00000196337	UAA	17
ENSG00000240038	UAA	34
ENSG00000099246	UAG	43
ENSG00000116127	UGA	29
ENSG00000055609	UAA	35
ENSG00000158486	UGA	43
ENSG00000065534	UGA	43
ENSG00000065534	UGA	38
ENSG00000264343	UAG	43
ENSG00000062822	UGA	50
ENSG00000065534	UGA	19
ENSG00000120699	UAA	41
ENSG00000136485	UAA	17
ENSG00000132155	UAA	39
ENSG00000166220	UGA	28
ENSG00000163913	UGA	28
ENSG00000118873	UAG	42
ENSG00000065534	UGA	50
ENSG00000107669	UGA	38
ENSG00000103363	UGA	20
ENSG00000264343	UAG	43
ENSG00000166220	UGA	28
ENSG00000085998	UAA	32
ENSG00000196436	UAA	35
ENSG00000197535	UGA	20
ENSG00000132600	UGA	21
ENSG00000196890	UGA	48
ENSG00000008441	UGA	38
ENSG00000110888	UGA	32
ENSG00000182600	UGA	15
ENSG00000140545	UAA	18
ENSG00000010671	UGA	32
ENSG00000102977	UGA	26
ENSG00000125730	UGA	36
ENSG00000125730	UGA	35
ENSG00000102977	UGA	32
ENSG00000125730	UAA	15
ENSG00000102977	UGA	13
ENSG00000051523	UAA	16
ENSG00000169474	UAA	34
ENSG00000122417	UAA	30
ENSG00000176406	UAG	31
ENSG00000162594	UAA	27
ENSG00000162594	UAA	27
ENSG00000134460	UAG	27
ENSG00000204351	UGA	23
ENSG00000158486	UGA	43
ENSG00000229833	UGA	49
ENSG00000076770	UAA	32
ENSG00000141499	UAA	13
ENSG00000141499	UAA	16
ENSG00000164185	UAA	16
ENSG00000164185	UAA	16
ENSG00000101311	UGA	40
ENSG00000130475	UGA	21
ENSG00000130475	UGA	21
ENSG00000116062	UAG	46
ENSG00000151779	UAG	31
ENSG00000058404	UGA	32
ENSG00000108559	UAA	43
ENSG00000173068	UGA	15
