MGP_FVBNJ_T0025443	TAG	760
MGP_FVBNJ_T0019223	TAG	881
MGP_FVBNJ_T0061845	TGA	207
MGP_FVBNJ_T0020489	TAG	229
MGP_FVBNJ_T0067566	TAA	703
MGP_FVBNJ_T0042155	TAA	88
MGP_FVBNJ_T0057982	TGA	1938
MGP_FVBNJ_T0084416	TAA	718
MGP_FVBNJ_T0032979	TAG	2204
MGP_FVBNJ_T0028224	TAA	1569
MGP_FVBNJ_T0027786	TGA	7312
MGP_FVBNJ_T0011726	TAA	122
MGP_FVBNJ_T0011736	TAA	331
MGP_FVBNJ_T0087574	TGA	491
MGP_FVBNJ_T0085029	TAA	4
MGP_FVBNJ_T0072260	TGA	38
MGP_FVBNJ_T0021980	TAG	97
MGP_FVBNJ_T0021977	TAG	321
MGP_FVBNJ_T0071080	TGA	314
MGP_FVBNJ_T0071076	TGA	619
MGP_FVBNJ_T0050296	TGA	86
MGP_FVBNJ_T0045595	TAG	251
MGP_FVBNJ_T0045592	TAA	785
MGP_FVBNJ_T0094566	TGA	3623
MGP_FVBNJ_T0075229	TGA	3412
MGP_FVBNJ_T0075232	TGA	1019
MGP_FVBNJ_T0046055	TGA	73
MGP_FVBNJ_T0046054	TGA	87
MGP_FVBNJ_T0091994	TGA	777
MGP_FVBNJ_T0091991	TGA	779
MGP_FVBNJ_T0037219	TAA	2445
MGP_FVBNJ_T0034445	TAG	346
MGP_FVBNJ_T0092514	TAA	547
MGP_FVBNJ_T0026684	TAG	1499
MGP_FVBNJ_T0068518	TGA	221
MGP_FVBNJ_T0068519	TGA	211
MGP_FVBNJ_T0029502	TAA	585
MGP_FVBNJ_T0029503	TAA	585
MGP_FVBNJ_T0039924	TGA	445
MGP_FVBNJ_T0053168	TAA	840
MGP_FVBNJ_T0033066	TGA	1991
MGP_FVBNJ_T0074555	TAA	204
MGP_FVBNJ_T0019447	TGA	294
MGP_FVBNJ_T0088849	TAG	721
MGP_FVBNJ_T0088844	TGA	1314
MGP_FVBNJ_T0042798	TAG	2354
MGP_FVBNJ_T0089691	TAG	348
MGP_FVBNJ_T0097467	TAA	1245
MGP_FVBNJ_T0094973	TAA	2083
MGP_FVBNJ_T0053348	TAG	1756
MGP_FVBNJ_T0041263	TAA	830
MGP_FVBNJ_T0011723	TGA	310
MGP_FVBNJ_T0082009	TAA	71
MGP_FVBNJ_T0024511	TGA	279
MGP_FVBNJ_T0047190	TAG	330
MGP_FVBNJ_T0070426	TAG	145
MGP_FVBNJ_T0060219	TGA	323
MGP_FVBNJ_T0025936	TGA	20
MGP_FVBNJ_T0029101	TGA	172
MGP_FVBNJ_T0038886	TGA	558
MGP_FVBNJ_T0026724	TAA	22
MGP_FVBNJ_T0072441	TAG	1174
MGP_FVBNJ_T0037992	TGA	931
MGP_FVBNJ_T0091291	TGA	85
MGP_FVBNJ_T0022539	TAG	349
MGP_FVBNJ_T0047052	TAA	380
MGP_FVBNJ_T0037940	TGA	1072
MGP_FVBNJ_T0037932	TAA	1805
MGP_FVBNJ_T0080359	TAG	255
MGP_FVBNJ_T0020849	TAG	127
MGP_FVBNJ_T0020854	TAG	128
MGP_FVBNJ_T0086343	TAG	111
MGP_FVBNJ_T0011762	TGA	1221
MGP_FVBNJ_T0011746	TGA	358
MGP_FVBNJ_T0011747	TAA	87
MGP_FVBNJ_T0011753	TGA	294
MGP_FVBNJ_T0023347	TAA	1725
MGP_FVBNJ_T0040340	TGA	2858
MGP_FVBNJ_T0042543	TAA	311
MGP_FVBNJ_T0023732	TGA	164
MGP_FVBNJ_T0085952	TAA	920
MGP_FVBNJ_T0089928	TAA	114
MGP_FVBNJ_T0024789	TAA	1704
MGP_FVBNJ_T0024790	TAA	1704
MGP_FVBNJ_T0039933	TGA	301
MGP_FVBNJ_T0039934	TGA	299
MGP_FVBNJ_T0071731	TAG	798
MGP_FVBNJ_T0036470	TGA	463
MGP_FVBNJ_T0032639	TGA	452
MGP_FVBNJ_T0032632	TGA	1263
MGP_FVBNJ_T0019190	TAA	49
MGP_FVBNJ_T0077013	TAG	1189
MGP_FVBNJ_T0037244	TGA	252
MGP_FVBNJ_T0025829	TGA	49
MGP_FVBNJ_T0018699	TAA	1130
MGP_FVBNJ_T0002467	TAA	409
MGP_FVBNJ_T0045798	TGA	41
MGP_FVBNJ_T0096981	TGA	249
