MGP_129S1SvImJ_T0023922	TGA	164
MGP_129S1SvImJ_T0037490	TAA	2408
MGP_129S1SvImJ_T0091742	TGA	85
MGP_129S1SvImJ_T0011817	TAA	122
MGP_129S1SvImJ_T0049559	TAG	286
MGP_129S1SvImJ_T0058682	TAG	155
MGP_129S1SvImJ_T0066054	TAG	733
MGP_129S1SvImJ_T0042006	TAA	1484
MGP_129S1SvImJ_T0019393	TAG	881
MGP_129S1SvImJ_T0070787	TAG	145
MGP_129S1SvImJ_T0038210	TGA	1072
MGP_129S1SvImJ_T0025649	TAG	760
MGP_129S1SvImJ_T0026931	TAA	22
MGP_129S1SvImJ_T0046655	TGA	493
MGP_129S1SvImJ_T0050038	TAG	539
MGP_129S1SvImJ_T0033213	TAG	2204
MGP_129S1SvImJ_T0029036	TAG	1469
MGP_129S1SvImJ_T0040193	TGA	445
MGP_129S1SvImJ_T0011851	TGA	1239
MGP_129S1SvImJ_T0011842	TGA	294
MGP_129S1SvImJ_T0011836	TAA	87
MGP_129S1SvImJ_T0011835	TGA	358
MGP_129S1SvImJ_T0060467	TGA	1889
MGP_129S1SvImJ_T0011814	TGA	310
MGP_129S1SvImJ_T0074902	TAA	204
MGP_129S1SvImJ_T0097957	TAA	1245
MGP_129S1SvImJ_T0087997	TGA	1122
MGP_129S1SvImJ_T0087993	TGA	467
MGP_129S1SvImJ_T0063553	TGA	659
MGP_129S1SvImJ_T0042358	TGA	624
MGP_129S1SvImJ_T0040815	TAA	1006
MGP_129S1SvImJ_T0040814	TAA	1141
MGP_129S1SvImJ_T0040813	TAA	1934
MGP_129S1SvImJ_T0053641	TAG	1756
MGP_129S1SvImJ_T0038956	TAG	413
MGP_129S1SvImJ_T0084817	TAA	718
MGP_129S1SvImJ_T0040066	TAG	425
MGP_129S1SvImJ_T0040071	TAG	1318
MGP_129S1SvImJ_T0042603	TAA	11
MGP_129S1SvImJ_T0032861	TGA	1263
MGP_129S1SvImJ_T0032868	TGA	452
MGP_129S1SvImJ_T0030379	TGA	1198
MGP_129S1SvImJ_T0082282	TGA	1159
MGP_129S1SvImJ_T0036790	TAG	1391
MGP_129S1SvImJ_T0024712	TGA	279
MGP_129S1SvImJ_T0079586	TGA	1203
MGP_129S1SvImJ_T0048964	TAG	700
MGP_129S1SvImJ_T0058804	TAG	427
MGP_129S1SvImJ_T0022153	TAG	97
MGP_129S1SvImJ_T0022150	TAG	321
MGP_129S1SvImJ_T0093362	TAA	305
MGP_129S1SvImJ_T0046108	TGA	41
MGP_129S1SvImJ_T0026892	TAG	1499
MGP_129S1SvImJ_T0029327	TGA	172
MGP_129S1SvImJ_T0083531	TGA	619
MGP_129S1SvImJ_T0026029	TGA	49
MGP_129S1SvImJ_T0092897	TAA	283
MGP_129S1SvImJ_T0092904	TAA	279
MGP_129S1SvImJ_T0089279	TAG	721
MGP_129S1SvImJ_T0089274	TGA	1314
MGP_129S1SvImJ_T0055037	TGA	3439
MGP_129S1SvImJ_T0055038	TGA	2294
MGP_129S1SvImJ_T0088607	TAA	3870
MGP_129S1SvImJ_T0029726	TAA	585
MGP_129S1SvImJ_T0029727	TAA	585
MGP_129S1SvImJ_T0032736	TAG	253
MGP_129S1SvImJ_T0020661	TAG	229
MGP_129S1SvImJ_T0023522	TAA	1716
MGP_129S1SvImJ_T0080729	TAG	218
MGP_129S1SvImJ_T0032298	TAA	341
MGP_129S1SvImJ_T0072620	TGA	38
MGP_129S1SvImJ_T0070687	TAG	751
MGP_129S1SvImJ_T0070693	TAG	799
MGP_129S1SvImJ_T0046369	TGA	87
MGP_129S1SvImJ_T0046370	TGA	73
MGP_129S1SvImJ_T0085438	TAA	4
MGP_129S1SvImJ_T0090369	TAA	114
MGP_129S1SvImJ_T0070179	TGA	2836
MGP_129S1SvImJ_T0070177	TGA	2787
MGP_129S1SvImJ_T0080771	TAG	1837
MGP_129S1SvImJ_T0082220	TAA	613
MGP_129S1SvImJ_T0097473	TGA	48
MGP_129S1SvImJ_T0021023	TAG	128
MGP_129S1SvImJ_T0021020	TAG	127
MGP_129S1SvImJ_T0071434	TGA	619
MGP_129S1SvImJ_T0071437	TGA	314
MGP_129S1SvImJ_T0047515	TAG	330
MGP_129S1SvImJ_T0040202	TGA	301
MGP_129S1SvImJ_T0040203	TGA	299
MGP_129S1SvImJ_T0092044	TAG	944
MGP_129S1SvImJ_T0093336	TAG	484
MGP_129S1SvImJ_T0086756	TAG	111
MGP_129S1SvImJ_T0045593	TAA	1201
MGP_129S1SvImJ_T0060520	TGA	323
MGP_129S1SvImJ_T0056946	TGA	4624
MGP_129S1SvImJ_T0056948	TGA	4624
MGP_129S1SvImJ_T0056949	TGA	2788
MGP_129S1SvImJ_T0056947	TGA	4624
MGP_129S1SvImJ_T0036222	TGA	2097
MGP_129S1SvImJ_T0023740	TGA	521
MGP_129S1SvImJ_T0087940	TGA	120
MGP_129S1SvImJ_T0039146	TGA	558
MGP_129S1SvImJ_T0037512	TGA	252
MGP_129S1SvImJ_T0026135	TGA	20
MGP_129S1SvImJ_T0090121	TAG	348
MGP_129S1SvImJ_T0037752	TAA	2439
MGP_129S1SvImJ_T0094997	TGA	3605
