MGP_CBAJ_T0071555	TAG	483
MGP_CBAJ_T0076966	TAG	1189
MGP_CBAJ_T0039813	TGA	445
MGP_CBAJ_T0072226	TGA	38
MGP_CBAJ_T0072125	TGA	158
MGP_CBAJ_T0080126	TAG	38
MGP_CBAJ_T0031519	TGA	98
MGP_CBAJ_T0031521	TGA	98
MGP_CBAJ_T0053278	TAG	1756
MGP_CBAJ_T0030021	TGA	1198
MGP_CBAJ_T0044524	TAA	1352
MGP_CBAJ_T0084486	TGA	497
MGP_CBAJ_T0089882	TAA	114
MGP_CBAJ_T0096959	TGA	296
MGP_CBAJ_T0096960	TGA	48
MGP_CBAJ_T0036404	TAG	1413
MGP_CBAJ_T0037127	TGA	252
MGP_CBAJ_T0095825	TGA	394
MGP_CBAJ_T0095824	TGA	401
MGP_CBAJ_T0095826	TGA	856
MGP_CBAJ_T0023215	TAA	1724
MGP_CBAJ_T0080359	TAG	1837
MGP_CBAJ_T0060132	TGA	323
MGP_CBAJ_T0089645	TAG	348
MGP_CBAJ_T0028108	TAA	1569
MGP_CBAJ_T0055355	TAA	46
MGP_CBAJ_T0062880	TGA	1112
MGP_CBAJ_T0092840	TAG	483
MGP_CBAJ_T0011671	TAA	122
MGP_CBAJ_T0011668	TGA	312
MGP_CBAJ_T0025693	TAA	45
MGP_CBAJ_T0019101	TAG	881
MGP_CBAJ_T0037102	TAA	2450
MGP_CBAJ_T0046262	TGA	493
MGP_CBAJ_T0046794	TGA	469
MGP_CBAJ_T0024384	TGA	279
MGP_CBAJ_T0061508	TGA	654
MGP_CBAJ_T0032845	TAG	2204
MGP_CBAJ_T0020368	TAG	229
MGP_CBAJ_T0029387	TAA	585
MGP_CBAJ_T0029388	TAA	585
MGP_CBAJ_T0094506	TGA	3605
MGP_CBAJ_T0038769	TGA	558
MGP_CBAJ_T0097416	TAA	1245
MGP_CBAJ_T0068111	TGA	277
MGP_CBAJ_T0056576	TGA	4576
MGP_CBAJ_T0056577	TGA	4576
MGP_CBAJ_T0056574	TGA	4576
MGP_CBAJ_T0056575	TGA	2788
MGP_CBAJ_T0072573	TAA	799
MGP_CBAJ_T0088815	TGA	1314
MGP_CBAJ_T0091247	TGA	85
MGP_CBAJ_T0032500	TGA	452
MGP_CBAJ_T0032492	TGA	1263
MGP_CBAJ_T0094909	TAA	2083
MGP_CBAJ_T0060062	TGA	354
MGP_CBAJ_T0031576	TAA	111
MGP_CBAJ_T0031555	TGA	392
MGP_CBAJ_T0070377	TAG	145
MGP_CBAJ_T0039823	TGA	299
MGP_CBAJ_T0039822	TGA	301
MGP_CBAJ_T0049165	TAG	286
MGP_CBAJ_T0028990	TGA	172
MGP_CBAJ_T0054276	TGA	2527
MGP_CBAJ_T0063155	TGA	705
MGP_CBAJ_T0072405	TAG	1174
MGP_CBAJ_T0025333	TAG	760
MGP_CBAJ_T0088820	TAG	721
MGP_CBAJ_T0020698	TGA	1104
MGP_CBAJ_T0020699	TGA	504
MGP_CBAJ_T0026435	TGA	70
MGP_CBAJ_T0045711	TGA	41
MGP_CBAJ_T0057000	TGA	1204
MGP_CBAJ_T0071035	TGA	314
MGP_CBAJ_T0071031	TGA	619
MGP_CBAJ_T0023610	TGA	164
MGP_CBAJ_T0049905	TGA	202
MGP_CBAJ_T0074507	TAA	204
MGP_CBAJ_T0021841	TAG	97
MGP_CBAJ_T0021837	TAG	321
MGP_CBAJ_T0034311	TAG	340
MGP_CBAJ_T0034325	TGA	790
MGP_CBAJ_T0041137	TAA	830
MGP_CBAJ_T0050098	TAG	2557
MGP_CBAJ_T0073050	TAA	268
MGP_CBAJ_T0026566	TAG	1499
MGP_CBAJ_T0033361	TGA	461
MGP_CBAJ_T0022576	TGA	3908
MGP_CBAJ_T0084980	TAA	4
MGP_CBAJ_T0031304	TAA	634
MGP_CBAJ_T0018570	TAA	1130
MGP_CBAJ_T0034924	TGA	103
MGP_CBAJ_T0087541	TGA	491
MGP_CBAJ_T0025814	TGA	20
MGP_CBAJ_T0045969	TGA	73
MGP_CBAJ_T0045968	TGA	87
MGP_CBAJ_T0025704	TGA	49
MGP_CBAJ_T0041083	TAG	411
MGP_CBAJ_T0011702	TGA	1221
MGP_CBAJ_T0011686	TGA	358
MGP_CBAJ_T0011687	TAA	87
MGP_CBAJ_T0011693	TGA	294
MGP_CBAJ_T0084367	TAA	718
MGP_CBAJ_T0086303	TAG	111
MGP_CBAJ_T0037827	TGA	1072
MGP_CBAJ_T0094732	TGA	371
MGP_CBAJ_T0034361	TAA	719
MGP_CBAJ_T0034360	TAA	723
MGP_CBAJ_T0030736	TAA	6
MGP_CBAJ_T0002447	TGA	202
MGP_CBAJ_T0066702	TAA	1480
MGP_CBAJ_T0011704	TGA	749
MGP_CBAJ_T0036029	TAG	771
MGP_CBAJ_T0026607	TAA	22
