MGP_AKRJ_T0064706	TAA	316
MGP_AKRJ_T0023860	TGA	164
MGP_AKRJ_T0024645	TGA	279
MGP_AKRJ_T0072793	TAG	1174
MGP_AKRJ_T0037394	TAA	2412
MGP_AKRJ_T0011786	TAA	122
MGP_AKRJ_T0064112	TAA	82
MGP_AKRJ_T0020595	TAA	229
MGP_AKRJ_T0054612	TGA	2527
MGP_AKRJ_T0080782	TAG	1837
MGP_AKRJ_T0090384	TAA	114
MGP_AKRJ_T0050559	TGA	86
MGP_AKRJ_T0074888	TAA	204
MGP_AKRJ_T0029254	TGA	172
MGP_AKRJ_T0055695	TAA	46
MGP_AKRJ_T0070684	TAG	799
MGP_AKRJ_T0070679	TAG	751
MGP_AKRJ_T0020351	TAA	614
MGP_AKRJ_T0071945	TAG	483
MGP_AKRJ_T0025588	TAG	760
MGP_AKRJ_T0084839	TAA	718
MGP_AKRJ_T0031838	TGA	392
MGP_AKRJ_T0040248	TAA	794
MGP_AKRJ_T0091757	TGA	85
MGP_AKRJ_T0082421	TGA	376
MGP_AKRJ_T0090146	TAG	348
MGP_AKRJ_T0025969	TGA	49
MGP_AKRJ_T0025338	TAG	248
MGP_AKRJ_T0095043	TGA	3623
MGP_AKRJ_T0031803	TGA	98
MGP_AKRJ_T0031805	TGA	98
MGP_AKRJ_T0036415	TAA	77
MGP_AKRJ_T0042404	TGA	240
MGP_AKRJ_T0020933	TGA	504
MGP_AKRJ_T0020932	TGA	1104
MGP_AKRJ_T0066821	TAA	122
MGP_AKRJ_T0066823	TAA	8
MGP_AKRJ_T0066822	TAA	49
MGP_AKRJ_T0011801	TGA	358
MGP_AKRJ_T0011802	TAA	87
MGP_AKRJ_T0037421	TGA	252
MGP_AKRJ_T0033367	TGA	59
MGP_AKRJ_T0033368	TGA	59
MGP_AKRJ_T0033369	TGA	59
MGP_AKRJ_T0065434	TGA	237
MGP_AKRJ_T0065432	TGA	237
MGP_AKRJ_T0082406	TAA	71
MGP_AKRJ_T0044230	TAA	273
MGP_AKRJ_T0053608	TAG	1756
MGP_AKRJ_T0031588	TAA	634
MGP_AKRJ_T0029652	TAA	585
MGP_AKRJ_T0029651	TAA	585
MGP_AKRJ_T0018796	TAA	1130
MGP_AKRJ_T0019552	TGA	294
MGP_AKRJ_T0068852	TGA	221
MGP_AKRJ_T0068853	TGA	211
MGP_AKRJ_T0060473	TGA	323
MGP_AKRJ_T0036363	TAA	376
MGP_AKRJ_T0022088	TAG	321
MGP_AKRJ_T0022092	TAG	97
MGP_AKRJ_T0026908	TAA	643
MGP_AKRJ_T0070778	TAG	145
MGP_AKRJ_T0072612	TGA	38
MGP_AKRJ_T0038118	TGA	1072
MGP_AKRJ_T0047449	TAG	330
MGP_AKRJ_T0031860	TAA	111
MGP_AKRJ_T0080549	TAG	38
MGP_AKRJ_T0088013	TGA	491
MGP_AKRJ_T0019516	TGA	4507
MGP_AKRJ_T0095275	TGA	371
MGP_AKRJ_T0031018	TAA	6
MGP_AKRJ_T0077353	TAG	1189
MGP_AKRJ_T0085454	TAA	4
MGP_AKRJ_T0046293	TGA	87
MGP_AKRJ_T0046294	TGA	73
MGP_AKRJ_T0026829	TAG	1499
MGP_AKRJ_T0039070	TGA	558
MGP_AKRJ_T0026078	TGA	20
MGP_AKRJ_T0011783	TGA	310
MGP_AKRJ_T0040431	TAG	232
MGP_AKRJ_T0036321	TAG	771
MGP_AKRJ_T0089298	TAG	721
MGP_AKRJ_T0033147	TAG	2204
MGP_AKRJ_T0032795	TGA	452
MGP_AKRJ_T0032788	TGA	1263
MGP_AKRJ_T0092906	TAG	451
MGP_AKRJ_T0011817	TGA	1221
MGP_AKRJ_T0011808	TGA	294
MGP_AKRJ_T0071426	TGA	619
MGP_AKRJ_T0071430	TGA	314
MGP_AKRJ_T0032662	TAG	253
MGP_AKRJ_T0023455	TAA	1734
MGP_AKRJ_T0026870	TAA	22
MGP_AKRJ_T0089293	TGA	1314
MGP_AKRJ_T0086776	TAG	111
MGP_AKRJ_T0060419	TGA	1889
MGP_AKRJ_T0040116	TGA	445
MGP_AKRJ_T0081232	TGA	263
MGP_AKRJ_T0046585	TGA	493
MGP_AKRJ_T0097979	TAA	1245
MGP_AKRJ_T0023157	TGA	2
MGP_AKRJ_T0019328	TAG	881
MGP_AKRJ_T0035150	TAA	475
MGP_AKRJ_T0035147	TAA	475
MGP_AKRJ_T0035145	TAA	479
MGP_AKRJ_T0035149	TAA	475
MGP_AKRJ_T0035155	TAA	475
MGP_AKRJ_T0036692	TAG	1401
MGP_AKRJ_T0046037	TGA	41
MGP_AKRJ_T0022818	TGA	3894
MGP_AKRJ_T0063517	TGA	580
MGP_AKRJ_T0028369	TAA	1569
MGP_AKRJ_T0090367	TGA	2407
MGP_AKRJ_T0090365	TGA	2438
MGP_AKRJ_T0090370	TGA	180
MGP_AKRJ_T0090369	TGA	257
MGP_AKRJ_T0040125	TGA	301
MGP_AKRJ_T0040126	TGA	299
MGP_AKRJ_T0030295	TGA	1198
MGP_AKRJ_T0092978	TAA	3852
