MGP_CASTEiJ_T0070907	TGA	381
MGP_CASTEiJ_T0034412	TAA	2887
MGP_CASTEiJ_T0092043	TAA	39
MGP_CASTEiJ_T0018119	TAA	1129
MGP_CASTEiJ_T0089410	TAG	721
MGP_CASTEiJ_T0044734	TAA	1352
MGP_CASTEiJ_T0031818	TGA	434
MGP_CASTEiJ_T0063917	TGA	478
MGP_CASTEiJ_T0043910	TAA	235
MGP_CASTEiJ_T0092988	TAA	297
MGP_CASTEiJ_T0088948	TGA	1584
MGP_CASTEiJ_T0011460	TGA	316
MGP_CASTEiJ_T0011463	TAA	122
MGP_CASTEiJ_T0029347	TAG	695
MGP_CASTEiJ_T0046426	TGA	494
MGP_CASTEiJ_T0028235	TAG	109
MGP_CASTEiJ_T0096876	TAG	37
MGP_CASTEiJ_T0021240	TGA	1512
MGP_CASTEiJ_T0041317	TAA	878
MGP_CASTEiJ_T0041312	TAA	906
MGP_CASTEiJ_T0041311	TAA	906
MGP_CASTEiJ_T0052165	TAG	2157
MGP_CASTEiJ_T0052164	TAG	5177
MGP_CASTEiJ_T0052169	TAG	2149
MGP_CASTEiJ_T0076935	TAG	206
MGP_CASTEiJ_T0076931	TAG	300
MGP_CASTEiJ_T0076932	TAG	296
MGP_CASTEiJ_T0062667	TAA	1267
MGP_CASTEiJ_T0070090	TGA	88
MGP_CASTEiJ_T0095435	TAG	1010
MGP_CASTEiJ_T0051006	TGA	729
MGP_CASTEiJ_T0051002	TGA	729
MGP_CASTEiJ_T0051075	TAG	94
MGP_CASTEiJ_T0025343	TGA	49
MGP_CASTEiJ_T0022788	TAG	110
MGP_CASTEiJ_T0084358	TAG	887
MGP_CASTEiJ_T0084357	TAG	887
MGP_CASTEiJ_T0047268	TAG	149
MGP_CASTEiJ_T0047269	TAG	135
MGP_CASTEiJ_T0082715	TAG	1406
MGP_CASTEiJ_T0035425	TAG	388
MGP_CASTEiJ_T0067049	TAA	2379
MGP_CASTEiJ_T0091904	TGA	85
MGP_CASTEiJ_T0023054	TGA	1434
MGP_CASTEiJ_T0092215	TAG	943
MGP_CASTEiJ_T0024000	TGA	279
MGP_CASTEiJ_T0025450	TGA	20
MGP_CASTEiJ_T0093805	TAG	345
MGP_CASTEiJ_T0093804	TAG	528
MGP_CASTEiJ_T0090496	TAA	113
MGP_CASTEiJ_T0045534	TGA	464
MGP_CASTEiJ_T0076723	TAG	371
MGP_CASTEiJ_T0030387	TGA	508
MGP_CASTEiJ_T0037718	TAG	2347
MGP_CASTEiJ_T0070243	TAA	418
MGP_CASTEiJ_T0070248	TGA	454
MGP_CASTEiJ_T0050877	TAA	150
MGP_CASTEiJ_T0041843	TAG	3420
MGP_CASTEiJ_T0051378	TAA	1508
MGP_CASTEiJ_T0074381	TAG	85
MGP_CASTEiJ_T0074380	TAG	85
MGP_CASTEiJ_T0074382	TAG	83
MGP_CASTEiJ_T0074378	TAG	346
MGP_CASTEiJ_T0074384	TAG	75
MGP_CASTEiJ_T0039910	TGA	445
MGP_CASTEiJ_T0070756	TGA	1232
MGP_CASTEiJ_T0070755	TGA	1540
MGP_CASTEiJ_T0098089	TAA	1247
MGP_CASTEiJ_T0066049	TAG	731
MGP_CASTEiJ_T0086217	TGA	151
MGP_CASTEiJ_T0020266	TGA	506
MGP_CASTEiJ_T0020265	TGA	1108
MGP_CASTEiJ_T0041294	TAA	825
MGP_CASTEiJ_T0081592	TGA	12
MGP_CASTEiJ_T0047469	TAG	838
MGP_CASTEiJ_T0096522	TGA	90
MGP_CASTEiJ_T0064864	TGA	286
MGP_CASTEiJ_T0035488	TGA	564
MGP_CASTEiJ_T0033308	TGA	453
MGP_CASTEiJ_T0067274	TGA	2327
MGP_CASTEiJ_T0077058	TAA	630
MGP_CASTEiJ_T0033411	TAG	491
MGP_CASTEiJ_T0027091	TAG	403
MGP_CASTEiJ_T0051040	TAG	243
MGP_CASTEiJ_T0060456	TGA	323
MGP_CASTEiJ_T0088244	TAG	2593
MGP_CASTEiJ_T0035853	TGA	2119
MGP_CASTEiJ_T0021426	TAG	321
MGP_CASTEiJ_T0021430	TAG	97
MGP_CASTEiJ_T0071632	TGA	314
MGP_CASTEiJ_T0071627	TGA	619
MGP_CASTEiJ_T0088124	TGA	1122
MGP_CASTEiJ_T0088120	TGA	491
MGP_CASTEiJ_T0067727	TGA	404
MGP_CASTEiJ_T0019477	TGA	518
MGP_CASTEiJ_T0039784	TAG	1279
MGP_CASTEiJ_T0089405	TGA	1314
MGP_CASTEiJ_T0075109	TAA	204
MGP_CASTEiJ_T0037352	TAA	129
MGP_CASTEiJ_T0032414	TGA	452
MGP_CASTEiJ_T0032406	TGA	1263
MGP_CASTEiJ_T0027826	TAA	1555
MGP_CASTEiJ_T0051544	TAA	33
MGP_CASTEiJ_T0063763	TAG	447
MGP_CASTEiJ_T0063762	TAG	2366
MGP_CASTEiJ_T0063752	TGA	130
MGP_CASTEiJ_T0083525	TAA	371
MGP_CASTEiJ_T0085569	TAA	4
MGP_CASTEiJ_T0011480	TGA	356
MGP_CASTEiJ_T0033435	TAG	688
MGP_CASTEiJ_T0037894	TGA	1076
MGP_CASTEiJ_T0072816	TGA	38
MGP_CASTEiJ_T0034318	TAG	346
MGP_CASTEiJ_T0034508	TAA	13
MGP_CASTEiJ_T0070124	TAA	740
MGP_CASTEiJ_T0080951	TAA	332
MGP_CASTEiJ_T0080950	TAA	225
MGP_CASTEiJ_T0037151	TAA	2437
MGP_CASTEiJ_T0037207	TAG	264
MGP_CASTEiJ_T0046242	TGA	136
MGP_CASTEiJ_T0065453	TGA	237
MGP_CASTEiJ_T0065451	TGA	237
MGP_CASTEiJ_T0082964	TAG	1965
MGP_CASTEiJ_T0086879	TAG	111
MGP_CASTEiJ_T0065998	TGA	330
MGP_CASTEiJ_T0062090	TGA	194
MGP_CASTEiJ_T0062089	TGA	220
MGP_CASTEiJ_T0039651	TAG	1531
MGP_CASTEiJ_T0039649	TAA	953
MGP_CASTEiJ_T0070709	TGA	3
MGP_CASTEiJ_T0047261	TAG	330
MGP_CASTEiJ_T0031628	TAA	560
MGP_CASTEiJ_T0019922	TAG	221
MGP_CASTEiJ_T0038857	TGA	558
MGP_CASTEiJ_T0030673	TGA	167
MGP_CASTEiJ_T0018651	TAG	881
MGP_CASTEiJ_T0096875	TAG	33
MGP_CASTEiJ_T0023211	TGA	164
MGP_CASTEiJ_T0045402	TAA	1201
MGP_CASTEiJ_T0083199	TAG	2812
MGP_CASTEiJ_T0074748	TAA	29
MGP_CASTEiJ_T0095182	TGA	3615
MGP_CASTEiJ_T0026282	TAG	3633
MGP_CASTEiJ_T0049947	TGA	401
MGP_CASTEiJ_T0020290	TAG	128
MGP_CASTEiJ_T0020285	TAG	127
MGP_CASTEiJ_T0025242	TGA	240
MGP_CASTEiJ_T0024961	TAG	757
MGP_CASTEiJ_T0036421	TAG	1378
MGP_CASTEiJ_T0090882	TAG	137
MGP_CASTEiJ_T0030564	TAA	6
MGP_CASTEiJ_T0020809	TGA	38848
MGP_CASTEiJ_T0042132	TGA	1055
MGP_CASTEiJ_T0075294	TGA	94
MGP_CASTEiJ_T0087029	TAG	165
MGP_CASTEiJ_T0087027	TAA	1988
MGP_CASTEiJ_T0046139	TGA	87
MGP_CASTEiJ_T0046140	TGA	73
MGP_CASTEiJ_T0031422	TGA	389
MGP_CASTEiJ_T0058608	TAG	154
MGP_CASTEiJ_T0072011	TAG	1867
MGP_CASTEiJ_T0077602	TAG	159
MGP_CASTEiJ_T0074903	TGA	548
MGP_CASTEiJ_T0062071	TAA	247
MGP_CASTEiJ_T0023739	TAA	417
MGP_CASTEiJ_T0011496	TGA	1231
MGP_CASTEiJ_T0011487	TGA	294
MGP_CASTEiJ_T0011481	TAA	87
MGP_CASTEiJ_T0085061	TGA	497
MGP_CASTEiJ_T0064699	TAA	312
MGP_CASTEiJ_T0059648	TAG	1501
MGP_CASTEiJ_T0078112	TGA	6551
MGP_CASTEiJ_T0032317	TGA	188
MGP_CASTEiJ_T0024575	TGA	498
MGP_CASTEiJ_T0040710	TGA	54
MGP_CASTEiJ_T0053290	TGA	229
MGP_CASTEiJ_T0047126	TAA	380
MGP_CASTEiJ_T0070156	TAA	433
MGP_CASTEiJ_T0027997	TAG	443
MGP_CASTEiJ_T0077622	TAA	343
MGP_CASTEiJ_T0093342	TAA	591
MGP_CASTEiJ_T0066151	TGA	135
MGP_CASTEiJ_T0040236	TAG	232
MGP_CASTEiJ_T0042763	TGA	1712
MGP_CASTEiJ_T0050505	TAG	439
MGP_CASTEiJ_T0039673	TAA	1111
MGP_CASTEiJ_T0063494	TGA	665
MGP_CASTEiJ_T0059764	TGA	116
MGP_CASTEiJ_T0023946	TAG	51
MGP_CASTEiJ_T0049924	TGA	1183
MGP_CASTEiJ_T0049927	TGA	1183
MGP_CASTEiJ_T0029575	TAG	150
