EDO35716	TGA	465
EDO47433	TAA	837
EDO47437	TGA	971
EDO40339	TAG	1270
EDO42462	TAA	584
EDO43776	TAG	2680
EDO47308	TGA	1500
EDO44085	TGA	695
EDO44032	TGA	1933
EDO44033	TGA	351
EDO33289	TAG	314
EDO33263	TGA	686
EDO32998	TAG	940
EDO31824	TAG	322
EDO49286	TAA	478
EDO47994	TAA	749
EDO30464	TGA	107
EDO48976	TAG	1115
EDO41936	TAG	473
EDO31607	TAA	166
EDO31604	TAA	464
EDO31597	TAA	462
EDO45084	TGA	678
EDO41568	TGA	1300
EDO41023	TGA	677
EDO28575	TAG	490
EDO30392	TGA	626
EDO30387	TAA	603
EDO34171	TAG	342
EDO45625	TAA	303
EDO40199	TGA	432
EDO40153	TAA	374
EDO31539	TAG	168
EDO31476	TAA	410
EDO37460	TGA	180
EDO40525	TGA	377
EDO44582	TGA	444
EDO44620	TAA	48
EDO44880	TAG	58
EDO42340	TGA	990
EDO39012	TGA	710
EDO30578	TAG	158
EDO40640	TGA	362
EDO41860	TAA	121
EDO41861	TAA	443
EDO41907	TGA	619
EDO41967	TAG	197
EDO48923	TAA	185
EDO29880	TGA	181
EDO39176	TAA	1060
EDO39200	TAA	43
EDO45117	TGA	586
EDO39745	TAA	823
EDO39737	TAA	1135
EDO39705	TAG	1200
EDO39732	TGA	612
EDO33748	TAG	663
EDO38288	TAA	366
EDO38289	TGA	699
EDO37179	TAG	688
EDO45796	TAA	878
EDO45795	TAA	191
EDO43024	TAG	147
EDO38911	TGA	455
EDO38877	TAG	656
EDO48264	TAA	38
EDO42758	TGA	255
EDO36651	TAA	210
EDO45458	TGA	259
EDO45457	TAG	469
EDO36671	TGA	86
EDO35203	TGA	133
EDO41297	TGA	398
EDO31512	TAG	288
EDO38525	TGA	980
EDO35226	TAA	55
EDO35209	TGA	171
EDO42588	TAA	708
EDO49586	TGA	264
EDO49456	TAG	714
EDO26029	TGA	229
EDO26135	TGA	606
EDO47567	TAG	153
EDO47557	TGA	629
EDO30767	TAG	369
EDO47965	TAA	158
EDO33705	TAG	843
EDO33718	TAA	129
EDO42210	TAA	172
EDO33694	TGA	10
EDO33693	TAG	645
EDO37819	TGA	79
EDO36748	TAA	180
EDO36757	TAG	2502
EDO43326	TGA	1887
EDO45158	TAG	526
EDO42769	TAA	504
EDO33973	TAA	1566
EDO41444	TAA	187
EDO33468	TAG	2265
EDO37703	TAA	795
EDO38520	TAA	297
EDO36759	TAA	161
EDO46574	TAA	1005
EDO46634	TAG	281
EDO47360	TAG	642
EDO30224	TAA	756
EDO41184	TAA	445
EDO48340	TAA	150
EDO48431	TAA	437
EDO48433	TGA	779
EDO48434	TAA	1133
EDO32101	TAG	610
EDO32038	TGA	140
EDO39991	TGA	375
EDO29493	TGA	423
EDO29464	TAG	166
EDO31092	TGA	390
EDO41136	TAA	570
EDO31651	TAG	529
EDO42774	TAG	291
EDO36183	TAG	642
EDO36189	TGA	133
EDO34355	TAA	592
EDO47473	TAA	448
EDO47470	TAA	216
EDO32238	TAG	910
EDO40400	TGA	325
EDO40403	TGA	242
EDO33084	TGA	414
EDO39313	TAG	523
EDO29852	TGA	386
EDO29995	TAG	130
EDO49249	TAG	392
EDO33408	TAA	460
EDO35844	TAA	392
EDO46377	TAG	207
EDO46304	TGA	632
EDO44426	TGA	255
EDO39595	TAG	355
EDO47212	TAA	772
EDO39909	TGA	246
EDO39047	TGA	1405
EDO40157	TGA	1268
EDO35938	TGA	731
EDO47590	TGA	208
EDO44247	TGA	206
EDO32884	TAA	654
EDO39506	TGA	180
EDO39505	TAG	173
EDO39466	TAA	341
EDO44762	TAA	211
EDO44824	TAG	324
EDO27971	TAG	378
EDO31608	TAA	1983
EDO42990	TAG	1025
EDO49036	TAA	295
EDO43062	TAA	789
EDO41849	TAA	1325
EDO49731	TAG	40
EDO40595	TAG	2316
EDO47970	TAG	932
EDO48051	TAG	17
EDO35244	TAA	36
EDO47973	TAA	544
EDO47752	TGA	318
EDO48591	TGA	46
EDO37212	TAA	129
EDO37197	TAA	638
EDO45761	TAA	650
EDO45757	TGA	645
EDO45753	TAG	1468
EDO31100	TGA	267
EDO31107	TAA	240
EDO30228	TGA	4247
EDO30232	TGA	160
EDO35993	TAA	605
EDO35989	TGA	394
EDO31987	TAG	462
EDO26755	TGA	50
EDO31993	TGA	733
EDO47585	TAG	585
EDO33988	TAG	238
EDO42860	TGA	4438
EDO35762	TAA	1170
EDO32753	TAA	423
EDO32745	TAA	255
EDO49523	TGA	989
EDO48376	TAG	7
EDO35196	TAA	491
EDO35262	TAA	1124
EDO35032	TAA	342
EDO36070	TGA	730
EDO49015	TAA	999
EDO43209	TGA	394
EDO36224	TAA	627
EDO42117	TAG	865
EDO39288	TGA	101
EDO37753	TGA	721
EDO38693	TAA	152
EDO28860	TAG	225
EDO41495	TGA	575
EDO47741	TAA	399
EDO47653	TGA	245
EDO37522	TGA	477
EDO40350	TAG	325
EDO46662	TAA	579
EDO46711	TAG	370
EDO43789	TAA	94
EDO39094	TGA	600
EDO43865	TAG	727
EDO43867	TGA	708
EDO33159	TAA	114
EDO41555	TAA	124
EDO42739	TGA	622
EDO42740	TAA	2518
EDO42741	TGA	834
EDO42742	TAA	850
EDO42687	TAG	516
EDO40613	TGA	237
EDO40609	TAG	75
EDO48579	TAG	758
EDO34619	TAA	711
EDO34601	TAA	217
EDO48828	TAG	62
EDO46117	TAA	258
EDO46121	TGA	734
EDO46122	TGA	30
EDO31776	TAG	523
EDO47320	TGA	275
EDO28723	TAG	405
EDO34306	TGA	354
EDO34291	TAA	734
EDO49691	TAA	268
EDO49688	TAG	81
EDO49810	TAG	390
EDO39999	TAG	86
EDO39946	TGA	369
EDO43637	TGA	1149
EDO43626	TGA	186
EDO43581	TGA	1288
EDO42448	TGA	1039
EDO32544	TAG	140
EDO26931	TGA	15
EDO38810	TGA	250
EDO42249	TAA	665
EDO35953	TAG	1117
EDO42197	TAG	106
EDO42247	TGA	420
EDO40962	TAA	219
EDO40931	TAG	246
EDO40966	TAG	244
EDO48214	TAA	1215
EDO48207	TAA	332
EDO48210	TGA	377
EDO48135	TAG	418
EDO48134	TAG	195
EDO44721	TGA	324
EDO47874	TAA	667
EDO45314	TAG	220
EDO46008	TGA	697
EDO38071	TAG	199
EDO38092	TAA	852
EDO38067	TAA	414
EDO39114	TAA	378
EDO39116	TAA	382
EDO39119	TAG	569
EDO36680	TAA	620
EDO44980	TAG	956
EDO45047	TGA	480
EDO44976	TGA	5
EDO47405	TAG	1227
EDO41277	TAG	410
EDO33767	TAA	122
EDO33770	TAA	666
EDO35466	TGA	374
EDO35488	TGA	883
EDO34763	TGA	484
EDO34783	TAG	995
EDO34764	TGA	951
EDO30294	TAA	640
EDO42653	TGA	451
EDO42613	TGA	26
EDO42657	TAG	239
EDO33595	TAA	160
EDO33590	TAA	722
EDO48885	TGA	68
EDO31005	TAG	191
EDO49213	TAG	838
EDO46510	TAA	598
EDO46342	TGA	461
EDO49757	TGA	207
EDO49711	TAG	75
EDO36595	TAA	1338
EDO48694	TAA	539
EDO37224	TAG	206
EDO37221	TAA	27
EDO31867	TAG	184
EDO43558	TAG	85
EDO36348	TAG	565
EDO46152	TGA	740
EDO37192	TAG	1138
EDO37196	TAG	705
EDO29867	TAG	142
EDO42893	TAG	606
EDO42891	TGA	777
EDO35894	TAA	37
EDO30752	TAG	600
EDO42320	TGA	277
EDO42314	TAA	177
EDO42277	TAA	53
EDO42894	TGA	140
EDO48231	TGA	125
EDO48227	TGA	521
EDO44392	TAA	2291
EDO37496	TAA	105
EDO37530	TAG	163
EDO37500	TAG	512
EDO45329	TAG	891
EDO48484	TAA	366
EDO38492	TAG	123
EDO38455	TAG	274
EDO31302	TAA	283
EDO47858	TGA	820
EDO43610	TAG	272
EDO43611	TGA	235
EDO43615	TGA	333
EDO43618	TAA	495
EDO43210	TAG	361
EDO47533	TAA	381
EDO47434	TAG	711
EDO47432	TAA	70
EDO47527	TGA	226
EDO43970	TAA	450
EDO43900	TAA	1253
EDO43966	TAA	253
EDO43907	TAA	548
EDO48840	TAA	1024
EDO48834	TGA	784
EDO32175	TAG	233
EDO32163	TAG	445
EDO32160	TAG	1051
EDO32177	TAG	311
EDO32167	TAA	347
EDO47646	TAG	30
EDO47737	TAG	495
EDO32961	TAG	691
EDO32959	TGA	307
EDO48535	TAA	217
EDO48474	TGA	1101
EDO48587	TAG	292
EDO48590	TGA	103
EDO48588	TGA	1348
EDO36023	TAG	308
EDO38524	TGA	4507
EDO38542	TGA	697
EDO34520	TAA	606
EDO49738	TGA	261
EDO49737	TGA	86
EDO39721	TGA	297
EDO47471	TAA	946
EDO45080	TAG	331
EDO38394	TAA	439
EDO31960	TAA	865
EDO37565	TAG	1147
EDO47182	TGA	267
EDO42016	TAG	159
EDO42013	TGA	203
EDO39987	TAA	209
EDO42952	TAA	813
EDO42954	TAG	1403
EDO42901	TGA	265
EDO42951	TAG	247
EDO42899	TGA	149
EDO42103	TAA	200
EDO36589	TAG	201
EDO49481	TAA	645
EDO49375	TAA	1041
EDO49485	TAG	4507
EDO43130	TAG	1791
EDO41485	TAA	641
EDO41483	TAG	177
EDO41481	TGA	332
EDO37781	TAG	127
EDO40236	TGA	690
EDO47875	TAG	324
EDO34101	TAG	720
EDO45904	TAG	955
EDO45905	TAG	147
EDO45903	TGA	508
EDO31307	TAA	251
EDO31306	TAG	195
EDO43543	TAA	510
EDO43483	TGA	170
EDO45959	TAG	609
EDO45966	TGA	489
EDO45967	TGA	1593
EDO48389	TAG	373
EDO35700	TGA	826
EDO47770	TGA	702
EDO43381	TAA	1230
EDO43422	TAG	982
EDO43382	TAA	231
EDO43423	TGA	551
EDO34244	TGA	709
EDO49390	TAG	1634
EDO48393	TAA	280
EDO48394	TGA	678
EDO48395	TGA	1251
EDO50050	TAA	1783
EDO27509	TAG	288
EDO27514	TAA	2066
EDO27532	TAG	428
EDO27529	TGA	227
EDO45935	TGA	129
EDO45943	TAA	753
EDO41275	TAG	413
EDO46589	TGA	806
EDO46590	TGA	215
EDO30959	TGA	80
EDO31330	TGA	2556
EDO49775	TGA	203
EDO31341	TAA	778
EDO35565	TAA	465
EDO44203	TAG	648
EDO39894	TAG	484
EDO44348	TAG	561
EDO38227	TGA	180
EDO38231	TAA	290
EDO38233	TAG	46
EDO40877	TAA	526
EDO34786	TGA	1010
EDO40593	TGA	255
EDO46881	TGA	914
EDO33899	TAA	318
EDO29770	TGA	155
EDO38831	TGA	165
EDO44501	TGA	703
EDO44506	TAG	433
EDO44504	TAG	715
EDO36169	TGA	874
EDO32854	TAG	982
EDO47034	TGA	382
EDO47113	TAG	419
EDO47116	TAG	1995
EDO49279	TAG	453
EDO49276	TAA	68
EDO49145	TAA	685
EDO49100	TGA	81
EDO40557	TGA	792
EDO48667	TAA	393
EDO48676	TAA	319
EDO33820	TAG	5
EDO33808	TAA	314
EDO33816	TGA	864
EDO33806	TGA	23
EDO42549	TAA	208
EDO37971	TAG	7
EDO37973	TAA	414
EDO37999	TGA	1445
EDO38001	TGA	538
EDO35001	TAA	753
EDO40800	TAG	288
EDO31534	TGA	251
EDO46162	TAA	58
EDO46218	TGA	1245
EDO46168	TAG	530
EDO41749	TAG	904
EDO47951	TAG	245
EDO37370	TGA	1418
EDO37373	TAG	368
EDO41818	TGA	779
EDO29996	TAG	424
EDO29997	TGA	212
EDO35327	TAG	555
EDO40309	TGA	973
EDO43751	TGA	153
EDO43942	TGA	695
EDO46947	TAA	745
EDO45415	TAA	184
EDO46874	TGA	875
EDO46875	TGA	630
EDO38406	TGA	60
EDO32973	TAA	518
EDO37946	TAA	380
EDO49992	TAG	164
EDO37239	TAA	1433
EDO36372	TAG	752
EDO47068	TAA	247
EDO47614	TAA	556
EDO36687	TAA	710
EDO47084	TAG	197
EDO40759	TGA	212
EDO36536	TAG	737
EDO48031	TAG	337
EDO38293	TAA	1180
EDO34480	TAG	84
EDO48452	TGA	135
EDO46857	TGA	263
EDO38240	TAA	982
EDO47559	TAA	642
EDO33704	TGA	552
EDO37479	TGA	1138
EDO45254	TAG	270
EDO28892	TAG	1122
EDO28923	TAA	448
EDO45198	TAA	570
EDO34932	TGA	276
EDO34970	TAG	239
EDO44197	TGA	164
EDO43393	TGA	335
EDO34362	TAG	1040
EDO41055	TAA	26
EDO41053	TGA	217
EDO41086	TAA	452
EDO48797	TAA	304
EDO33322	TAA	336
EDO33366	TAA	95
EDO46467	TAA	684
EDO49061	TAG	488
EDO30554	TAG	1101
EDO30552	TAA	5
EDO48778	TGA	530
EDO40486	TAG	35
EDO37071	TAA	67
EDO28779	TAA	714
EDO31552	TGA	133
EDO45133	TAG	850
EDO45071	TAG	526
EDO37020	TAG	389
EDO45136	TAG	543
EDO45137	TGA	847
EDO36947	TAA	604
EDO34076	TAG	1026
EDO34075	TGA	674
EDO32493	TAG	443
EDO32257	TAG	249
EDO45806	TAG	341
EDO46810	TAG	3191
EDO45645	TAA	698
EDO45577	TAG	155
EDO45320	TAG	695
EDO45327	TAG	229
EDO35758	TAA	337
EDO46323	TGA	363
EDO46324	TAA	293
EDO46322	TAA	583
EDO46320	TAG	145
EDO46318	TGA	185
EDO46317	TGA	487
EDO47505	TAA	206
EDO47503	TAG	44
EDO37510	TGA	856
EDO39509	TAG	1984
EDO43950	TAG	587
EDO42027	TGA	412
EDO43891	TGA	58
EDO42028	TGA	350
EDO37584	TGA	268
EDO37593	TGA	681
EDO45653	TAG	448
EDO40212	TAG	728
EDO49812	TGA	646
EDO38592	TAA	9
EDO37788	TAA	63
EDO49340	TAG	1607
EDO37222	TAG	419
EDO38955	TGA	889
EDO38924	TGA	213
EDO38948	TAG	23
EDO38945	TGA	198
EDO43737	TAA	123
EDO36652	TAG	81
EDO36620	TAG	301
EDO31335	TAA	586
EDO43655	TAA	1077
EDO31551	TGA	774
EDO35127	TGA	521
EDO35105	TAG	153
EDO41211	TAA	1086
EDO41210	TAA	6
EDO41254	TAG	184
EDO39525	TGA	295
EDO39530	TAA	1742
EDO49845	TGA	316
EDO40923	TGA	327
EDO47592	TGA	928
EDO47887	TAA	3
EDO40963	TAG	37
EDO37796	TGA	469
EDO37713	TGA	127
EDO43262	TGA	530
EDO39836	TGA	1369
EDO40906	TGA	249
EDO40569	TAG	1653
EDO40596	TAG	219
EDO33664	TGA	594
EDO37706	TAG	1139
EDO37709	TAG	4624
EDO37687	TAG	383
EDO37409	TAG	1335
EDO44532	TGA	242
EDO44603	TAG	543
EDO44531	TGA	81
EDO36761	TGA	887
EDO49828	TAA	807
EDO36119	TAA	598
EDO46411	TAG	1420
EDO38824	TGA	643
EDO39662	TGA	861
EDO42146	TAA	311
EDO42105	TAG	460
EDO41546	TGA	172
EDO41691	TAG	931
EDO48952	TAA	43
EDO40332	TGA	501
EDO34943	TAA	99
EDO31424	TAA	500
EDO48436	TGA	565
EDO48344	TGA	265
EDO48442	TAG	185
EDO46197	TGA	157
EDO40073	TAA	4354
EDO40072	TGA	211
EDO40026	TAG	1064
EDO40025	TGA	600
EDO40064	TAG	757
EDO40033	TGA	533
EDO32537	TAG	174
EDO33588	TAG	1023
EDO33609	TAA	171
EDO29524	TAA	38
EDO48554	TAG	2280
EDO28444	TGA	834
EDO34472	TGA	605
EDO34461	TAA	727
EDO34466	TGA	204
EDO32518	TAG	125
EDO46231	TAA	170
EDO43705	TAG	425
EDO46780	TAG	442
EDO42061	TGA	1765
EDO42036	TGA	289
EDO49585	TAG	371
EDO49584	TAA	523
EDO49583	TGA	203
EDO49575	TAA	346
EDO49578	TAA	930
EDO46756	TAG	519
EDO44258	TAA	395
EDO41594	TGA	559
EDO37128	TAG	68
EDO40832	TGA	671
EDO38369	TAG	354
EDO37139	TAG	797
EDO30505	TAA	444
EDO46072	TAA	229
EDO46754	TAA	305
EDO45108	TGA	267
EDO30312	TAA	209
EDO30320	TAG	360
EDO44709	TAG	306
EDO44678	TAA	465
EDO43899	TGA	539
EDO36050	TAG	1364
EDO47169	TAG	292
EDO47211	TAA	256
EDO47209	TAG	692
EDO47158	TAG	1369
EDO48876	TAA	1436
EDO48875	TGA	232
EDO48999	TAG	316
EDO42998	TAG	74
EDO42993	TAG	1315
EDO43041	TAG	619
EDO43043	TAA	451
EDO48571	TAA	252
EDO37418	TAG	1056
EDO37416	TAA	1447
EDO37393	TAG	501
EDO48048	TGA	512
EDO49659	TGA	226
EDO37843	TGA	2070
EDO47754	TAA	1650
EDO41884	TAG	630
EDO30935	TAA	654
EDO30948	TAG	787
EDO30947	TGA	496
EDO41600	TGA	213
EDO44935	TAA	160
EDO34799	TGA	774
EDO44221	TAG	518
EDO44265	TGA	583
EDO44261	TGA	162
EDO31673	TAA	81
EDO47714	TGA	350
EDO47626	TGA	505
EDO47709	TGA	426
EDO32653	TGA	45
EDO35920	TGA	427
EDO35926	TGA	910
EDO35949	TGA	112
EDO35927	TGA	84
EDO43102	TAG	646
EDO41170	TGA	314
EDO41071	TAG	1028
EDO35781	TAG	164
EDO35841	TGA	1445
EDO35763	TAG	620
EDO45960	TAG	454
EDO44509	TGA	771
EDO44422	TGA	178
EDO44585	TAA	1082
EDO42377	TGA	341
EDO36137	TGA	2400
EDO36139	TAA	338
EDO47542	TGA	186
EDO30054	TAA	337
EDO30084	TAG	347
EDO38807	TGA	246
EDO38778	TAG	4710
EDO38801	TAA	74
EDO38796	TAA	583
EDO38094	TAA	310
EDO47106	TGA	138
EDO35978	TGA	271
EDO38414	TAG	50
EDO45356	TGA	127
EDO45300	TGA	1754
EDO45532	TGA	1778
EDO43940	TAA	162
EDO35270	TAA	967
EDO43934	TAA	681
EDO43933	TGA	204
EDO35242	TGA	178
EDO33668	TAG	707
EDO46522	TAG	605
EDO46587	TGA	458
EDO32885	TAA	52
EDO33042	TAG	540
EDO49159	TAG	51
EDO42676	TAG	79
EDO42519	TGA	726
EDO42566	TGA	165
EDO42560	TGA	859
EDO34950	TAA	665
EDO42597	TGA	662
EDO30881	TAG	302
EDO30868	TAG	689
EDO30853	TGA	691
EDO48483	TAA	600
EDO49080	TGA	106
EDO49082	TGA	618
EDO29436	TGA	567
EDO46005	TGA	1004
EDO45939	TAG	185
EDO46001	TGA	916
EDO35372	TAG	536
EDO35374	TGA	183
EDO29465	TAG	398
EDO33966	TAA	124
EDO28592	TGA	68
EDO28581	TAA	36
EDO34271	TAA	195
EDO34234	TGA	227
EDO49695	TAA	1331
EDO49694	TGA	319
EDO45893	TAA	1059
EDO43823	TAG	449
EDO45950	TGA	617
EDO43306	TGA	773
EDO43394	TAA	420
EDO43416	TAG	45
EDO43372	TGA	349
EDO46593	TAG	680
EDO46592	TGA	297
EDO46595	TGA	573
EDO42225	TGA	4229
EDO34891	TAG	383
EDO40482	TAG	713
EDO33660	TGA	374
EDO37001	TAA	139
EDO48505	TGA	3089
EDO39059	TAA	81
EDO39025	TGA	215
EDO42641	TAA	648
EDO44916	TAG	1151
EDO35108	TAG	473
EDO35120	TGA	594
EDO36102	TGA	702
EDO36101	TAA	48
EDO49073	TGA	513
EDO42495	TAG	1047
EDO43137	TAA	320
EDO34838	TAA	815
EDO33124	TAA	282
EDO49071	TAA	80
EDO30954	TAA	422
EDO47920	TAA	412
EDO39358	TAA	698
EDO39328	TAA	255
EDO46368	TAG	617
EDO46369	TAA	301
EDO45784	TAA	638
EDO45965	TGA	3526
EDO45947	TAA	801
EDO34588	TGA	61
EDO34590	TAG	577
EDO31982	TAG	554
EDO46256	TAA	112
EDO30245	TGA	2824
EDO47238	TGA	353
EDO47235	TAA	52
EDO43565	TGA	1125
EDO33511	TGA	702
EDO46134	TGA	241
EDO36389	TAG	855
EDO36412	TAG	485
EDO36394	TAA	118
EDO44409	TAG	113
EDO44407	TGA	757
EDO38272	TAA	317
EDO34345	TGA	100
EDO44881	TAA	251
EDO44924	TAA	573
EDO31493	TGA	1582
EDO31784	TGA	1295
EDO41896	TAA	2398
EDO42932	TGA	744
EDO40995	TGA	236
EDO37511	TAG	626
EDO37477	TGA	498
EDO33413	TAA	836
EDO39932	TAG	106
EDO39891	TAA	213
EDO39896	TGA	481
EDO39933	TAG	552
EDO41924	TAA	763
EDO41701	TGA	213
EDO32622	TAA	518
EDO31191	TAA	761
EDO31184	TAA	772
EDO31192	TGA	156
EDO31185	TAA	93
EDO45701	TAG	422
EDO45762	TAA	1866
EDO34905	TAG	604
EDO48392	TGA	1144
EDO43758	TGA	191
EDO36049	TGA	604
EDO36038	TAA	443
EDO36035	TGA	271
EDO43692	TAG	958
EDO34657	TAA	280
EDO43682	TAG	70
EDO35773	TAG	215
EDO35769	TAA	214
EDO35786	TGA	459
EDO32017	TAG	107
EDO32000	TGA	383
EDO49440	TAA	470
EDO34128	TAG	545
EDO40549	TAG	408
EDO44119	TGA	506
EDO44241	TAG	73
EDO48453	TAG	6248
EDO48454	TAA	641
EDO41631	TAA	159
EDO48563	TGA	320
EDO32646	TGA	119
EDO32633	TAA	141
EDO40160	TAG	537
EDO48540	TAA	854
EDO34762	TGA	494
EDO35939	TAG	570
EDO46612	TAG	720
EDO46551	TAA	633
EDO31545	TAA	1266
EDO34485	TGA	66
EDO50000	TAG	724
EDO47568	TAA	178
EDO40804	TAG	1176
EDO46795	TGA	1096
EDO49930	TAA	642
EDO49932	TAA	2587
EDO49929	TGA	399
EDO45213	TAG	741
EDO48688	TAA	1871
EDO38126	TGA	342
EDO33964	TAG	932
EDO31635	TAG	454
EDO37574	TAA	871
EDO37552	TAG	414
EDO42363	TGA	379
EDO46852	TAG	457
EDO43434	TGA	384
EDO46806	TAG	681
EDO46804	TGA	158
EDO39985	TGA	291
EDO49384	TAG	104
EDO49490	TAA	137
EDO38225	TAA	184
EDO31703	TAG	169
EDO35267	TGA	1358
EDO41872	TAA	861
EDO41915	TGA	451
EDO35280	TAG	370
EDO41874	TGA	86
EDO37553	TAG	415
EDO37571	TAG	346
EDO45620	TGA	516
EDO41524	TGA	3451
EDO37752	TGA	3188
EDO41764	TAA	268
EDO36726	TAA	2390
EDO43352	TAG	927
EDO49763	TAA	465
EDO49637	TGA	1418
EDO47873	TAA	498
EDO35583	TAA	431
EDO35581	TAG	251
EDO35613	TAG	1060
EDO32549	TAA	50
EDO32548	TAG	1629
EDO36441	TAA	1394
EDO41228	TAG	504
EDO26629	TGA	337
EDO49963	TAG	749
EDO36396	TAG	683
EDO42479	TAG	617
EDO46784	TAG	218
EDO40100	TAG	661
EDO49678	TAA	746
EDO41002	TAG	278
EDO41041	TGA	133
EDO44592	TGA	1511
EDO45441	TAA	942
EDO38141	TGA	112
EDO38173	TAG	314
EDO38138	TGA	458
EDO40635	TGA	1566
EDO40663	TAA	368
EDO40634	TGA	331
EDO45402	TAG	570
EDO35533	TAA	94
EDO36641	TAG	762
EDO49572	TGA	217
EDO32078	TAA	423
EDO32067	TAA	498
EDO47413	TAA	36
EDO44946	TAA	228
EDO45019	TAA	574
EDO45021	TAA	110
EDO44515	TAA	471
EDO44446	TAG	117
EDO44448	TGA	147
EDO38843	TGA	819
EDO42551	TAA	479
EDO47014	TAG	158
EDO47008	TAG	601
EDO47073	TAA	483
EDO47079	TAG	210
EDO32785	TAG	454
EDO32797	TAG	189
EDO33466	TAG	250
EDO39245	TAA	557
EDO39242	TGA	629
EDO39323	TAG	294
EDO32225	TGA	86
EDO40328	TAG	302
EDO40395	TGA	646
EDO40308	TGA	717
EDO48687	TAG	980
EDO33917	TGA	1442
EDO33922	TGA	608
EDO36546	TAA	148
EDO30428	TGA	1078
EDO40907	TAA	606
EDO34119	TGA	773
EDO46022	TAA	29
EDO46082	TGA	1082
EDO37380	TGA	718
EDO37378	TGA	1171
EDO37356	TAG	575
EDO35999	TAG	405
EDO48009	TGA	1351
EDO29280	TAG	1502
EDO29302	TAA	80
EDO41757	TAA	806
EDO34324	TGA	955
EDO34370	TAG	2225
EDO30125	TAG	55
EDO30135	TAG	550
EDO30122	TAA	1291
EDO30142	TAG	288
EDO35371	TGA	71
EDO35420	TAA	256
EDO35406	TGA	636
EDO35404	TAG	5268
EDO35421	TAG	1174
EDO45763	TAG	3970
EDO33018	TGA	679
EDO36190	TAA	1857
EDO50020	TAA	298
EDO41110	TGA	222
EDO42348	TGA	212
EDO35811	TAA	184
EDO42931	TGA	313
EDO41768	TAA	159
EDO41761	TGA	975
EDO47998	TGA	245
EDO47926	TGA	78
EDO47803	TAG	669
EDO38139	TAG	110
EDO37174	TAA	307
EDO38558	TGA	538
EDO32714	TAA	305
EDO38546	TAA	343
EDO49163	TAG	389
EDO48068	TGA	187
EDO45430	TAG	165
EDO45431	TAA	429
EDO43918	TGA	553
EDO35400	TAG	202
EDO35385	TAA	641
EDO47397	TGA	351
EDO47488	TAG	87
EDO35087	TGA	37
EDO35083	TGA	56
EDO41087	TAA	390
EDO41088	TAG	423
EDO41089	TAA	278
EDO41092	TAA	981
EDO47240	TGA	856
EDO36849	TAG	840
EDO48826	TAA	1879
EDO33315	TAA	247
EDO48529	TAG	173
EDO32439	TAA	696
EDO49028	TAG	101
EDO48221	TAG	321
EDO48931	TAA	447
EDO41828	TAG	985
EDO41832	TAG	935
EDO31649	TAA	789
EDO43489	TGA	451
EDO44541	TAG	705
EDO42814	TAG	3406
EDO38378	TAG	260
EDO36697	TAA	376
EDO31955	TGA	796
EDO42370	TGA	180
EDO42921	TAA	237
EDO47522	TGA	403
EDO47515	TGA	1161
EDO42007	TGA	257
EDO42051	TAG	875
EDO37536	TAG	478
EDO46370	TAG	135
EDO42021	TAG	212
EDO42017	TAA	798
EDO42989	TAA	291
EDO43595	TAA	1186
EDO43658	TAA	228
EDO44289	TAA	678
EDO40610	TGA	42
EDO38338	TAA	738
EDO38337	TAG	1165
EDO46431	TGA	635
EDO34643	TAA	322
EDO40198	TAA	832
EDO40193	TAA	388
EDO40149	TAG	151
EDO31455	TAG	425
EDO41698	TAG	503
EDO45828	TAG	918
EDO45869	TGA	313
EDO35207	TAA	835
EDO47897	TAA	222
EDO39009	TGA	1257
EDO39005	TGA	540
EDO38987	TGA	173
EDO36499	TGA	2353
EDO36498	TAG	1279
EDO36567	TAA	64
EDO36542	TAG	339
EDO41072	TAA	583
EDO41116	TGA	281
EDO43477	TAA	77
EDO43468	TAG	513
EDO43532	TAA	26
EDO41231	TGA	110
EDO41279	TAG	333
EDO34642	TAG	330
EDO34641	TAA	152
EDO34664	TAA	448
EDO43323	TAA	428
EDO43333	TGA	376
EDO43334	TAA	1043
EDO30487	TAG	106
EDO43529	TGA	44
EDO32533	TGA	58
EDO48245	TAG	66
EDO48240	TGA	360
EDO48242	TAG	506
EDO49237	TAG	320
EDO50010	TAA	500
EDO49997	TGA	430
EDO47193	TAA	219
EDO47245	TAA	533
EDO41033	TAG	309
EDO43231	TAA	371
EDO42264	TAA	635
EDO42305	TAG	323
EDO47386	TAA	401
EDO47306	TGA	227
EDO27281	TGA	76
EDO45165	TAG	4861
EDO43162	TGA	480
EDO45663	TAG	944
EDO45659	TAG	735
EDO38569	TAG	318
EDO44644	TAA	706
EDO44645	TGA	194
EDO44584	TGA	991
EDO36844	TAG	2288
EDO36831	TGA	615
EDO47295	TAG	527
EDO49178	TAA	995
EDO34948	TGA	1090
EDO41771	TAA	191
EDO41723	TAA	292
EDO39839	TAG	578
EDO48115	TAA	634
EDO48111	TAA	332
EDO48194	TGA	411
EDO47750	TAA	327
EDO48912	TGA	375
EDO45759	TGA	158
EDO49424	TAA	833
EDO41443	TAA	783
EDO43203	TAA	375
EDO47289	TGA	396
EDO42242	TAA	516
EDO42198	TAA	162
EDO43862	TAG	100
EDO40382	TAA	4237
EDO46980	TAG	563
EDO46901	TAA	92
EDO40408	TAG	807
EDO46979	TAA	963
EDO45949	TGA	173
EDO49841	TAG	423
EDO32863	TAG	1057
EDO32832	TGA	182
EDO48859	TAG	261
EDO42207	TAA	251
EDO49569	TGA	237
EDO49448	TAG	956
EDO38360	TAG	2397
EDO49574	TAA	547
EDO39972	TAA	300
EDO49851	TAA	141
EDO49854	TGA	531
EDO41167	TAG	1086
EDO48224	TAA	769
EDO48140	TAA	1064
EDO49865	TAA	269
EDO36318	TGA	357
EDO44484	TGA	408
EDO39669	TAA	256
EDO39622	TGA	808
EDO36404	TAA	810
EDO30327	TGA	654
EDO47090	TAG	706
EDO47087	TGA	2437
EDO47022	TGA	153
EDO47023	TAA	1181
EDO39329	TGA	1020
EDO39826	TAA	184
EDO38333	TGA	1172
EDO40932	TAA	1080
EDO40765	TAG	560
EDO33981	TAG	411
EDO32923	TGA	876
EDO41365	TGA	362
EDO30985	TGA	329
EDO37544	TAA	162
EDO38942	TAG	455
EDO31763	TGA	366
EDO42506	TAG	1732
EDO42458	TGA	251
EDO43894	TAA	183
EDO44111	TGA	763
EDO44062	TGA	529
EDO33306	TAA	1731
EDO33301	TAA	272
EDO47377	TGA	136
EDO47300	TAG	55
EDO47375	TGA	150
EDO42876	TAG	795
EDO42879	TAA	700
EDO45023	TAA	1313
EDO45022	TGA	487
EDO45024	TAG	400
EDO30443	TAG	2370
EDO30449	TAG	450
EDO35192	TAA	790
EDO49641	TAA	3773
EDO45638	TGA	878
EDO37170	TGA	1219
EDO45562	TAA	145
EDO45635	TAA	673
EDO35659	TAA	321
EDO45101	TAA	786
EDO34521	TGA	386
EDO34535	TGA	917
EDO30281	TAA	39
EDO44214	TGA	36
EDO44215	TAA	687
EDO32661	TAA	279
EDO45550	TAG	642
EDO45549	TAA	1331
EDO26160	TAG	51
EDO32705	TGA	374
EDO43482	TGA	752
EDO49565	TAG	41
EDO44947	TAG	244
EDO44844	TAG	3020
EDO44883	TAG	466
EDO44862	TAG	739
EDO44794	TAA	398
EDO44746	TGA	256
EDO36098	TGA	286
EDO37326	TAG	422
EDO49186	TAG	405
EDO29577	TGA	128
EDO49983	TAA	3019
EDO29932	TGA	189
EDO45112	TGA	1037
EDO39682	TAG	330
EDO45132	TGA	557
EDO39675	TGA	296
EDO39644	TGA	22
EDO39676	TGA	401
EDO33772	TAA	503
EDO38649	TAG	690
EDO37669	TAA	56
EDO38650	TGA	472
EDO37697	TAA	152
EDO49378	TAG	397
EDO49486	TAA	255
EDO46287	TGA	108
EDO38829	TAA	286
EDO38828	TGA	89
EDO38854	TAG	1970
EDO47117	TAA	644
EDO47042	TGA	154
EDO47703	TGA	418
EDO35258	TGA	311
EDO33700	TAG	449
EDO41295	TAA	475
EDO42574	TAG	176
EDO49577	TAA	457
EDO48401	TGA	169
EDO41263	TAA	458
EDO46582	TAA	380
EDO46523	TGA	383
EDO30874	TGA	633
EDO33752	TGA	767
EDO33739	TGA	582
EDO48718	TAG	418
EDO37974	TAA	491
EDO35422	TAA	325
EDO36739	TAG	920
EDO36807	TAG	848
EDO36808	TAA	128
EDO43319	TGA	142
EDO43318	TGA	221
EDO40983	TAG	3982
EDO38482	TGA	177
EDO40535	TAG	280
EDO34523	TGA	550
EDO34498	TAA	728
EDO43711	TGA	30
EDO41475	TAA	2585
EDO43490	TGA	272
EDO43481	TAA	466
EDO40792	TAA	596
EDO42520	TGA	382
EDO42116	TAG	935
EDO37894	TAA	1681
EDO43011	TAG	446
EDO34861	TGA	817
EDO41572	TAG	90
EDO44767	TAG	259
EDO40477	TAA	141
EDO40842	TAG	244
EDO39977	TAA	222
EDO37945	TAA	1536
EDO37918	TAG	232
EDO41853	TAG	208
EDO49457	TAG	714
EDO35037	TAA	1547
EDO35036	TGA	113
EDO47586	TAA	671
EDO29864	TAA	341
EDO42764	TGA	292
EDO29698	TGA	491
EDO36145	TGA	82
EDO31578	TAG	345
EDO31579	TAG	280
EDO39365	TAG	109
EDO32465	TAG	81
EDO32260	TAA	1054
EDO43555	TGA	144
EDO39262	TAG	236
EDO39356	TGA	128
EDO39350	TAG	940
EDO30361	TGA	558
EDO49140	TAG	142
EDO49273	TGA	383
EDO49274	TAG	598
EDO35866	TGA	662
EDO45619	TGA	558
EDO48004	TAA	539
EDO33766	TAG	308
EDO34607	TAA	406
EDO42071	TAG	338
EDO43651	TAA	635
EDO43590	TGA	506
EDO33540	TGA	583
EDO39948	TAG	87
EDO40783	TAG	798
EDO40194	TAG	73
EDO40195	TGA	623
EDO40148	TAG	199
EDO38144	TAA	51
EDO38696	TGA	343
EDO38116	TGA	169
EDO43850	TAA	762
EDO41937	TAG	2489
EDO44805	TAG	105
EDO44749	TGA	81
EDO43832	TAA	174
EDO47390	TAG	260
EDO49026	TAA	1842
EDO48896	TAG	222
EDO48893	TAA	529
EDO48895	TGA	75
EDO30828	TAA	332
EDO44892	TGA	1338
EDO41800	TGA	458
EDO45317	TAG	459
EDO46391	TAG	243
EDO41923	TGA	914
EDO31071	TAG	492
EDO48060	TAA	618
EDO37631	TAG	1264
EDO47447	TGA	233
EDO37050	TAA	100
EDO47439	TAA	259
EDO41447	TAG	343
EDO47444	TGA	587
EDO47544	TAA	977
EDO34711	TGA	525
EDO35821	TAA	658
EDO40526	TGA	498
EDO44140	TAG	726
EDO47680	TAA	1042
EDO44717	TAA	232
EDO44766	TAG	89
EDO48497	TAA	100
EDO48496	TAA	341
EDO48601	TGA	815
EDO48600	TAG	649
EDO33774	TAG	496
EDO47636	TAG	312
EDO48460	TAG	314
EDO48838	TGA	342
EDO34674	TAA	2333
EDO34865	TAA	489
EDO48727	TGA	2
EDO46626	TAG	237
EDO38728	TAG	395
EDO41428	TAG	313
EDO41437	TAA	144
EDO50066	TAA	1032
EDO49922	TAA	324
EDO49927	TAA	541
EDO30596	TAA	40
EDO37681	TGA	62
EDO38636	TAG	1200
EDO45291	TAG	1394
EDO34007	TGA	496
EDO43774	TAA	1073
EDO43771	TAA	479
EDO43767	TAA	7
EDO33226	TGA	867
EDO33225	TAG	517
EDO33212	TGA	891
EDO46637	TAG	724
EDO46692	TAA	92
EDO46694	TAA	1312
EDO49530	TAA	397
EDO49544	TAG	244
EDO29378	TAG	55
EDO44410	TGA	162
EDO40567	TGA	280
EDO30691	TGA	582
EDO30692	TGA	308
EDO40566	TGA	783
EDO30667	TAA	450
EDO48503	TAG	847
EDO33589	TGA	741
EDO33587	TGA	852
EDO33570	TAA	404
EDO33572	TGA	455
EDO37822	TAA	246
EDO47880	TGA	842
EDO47877	TAG	394
EDO37847	TGA	862
EDO37824	TAG	1298
EDO31509	TGA	808
EDO47853	TAA	344
EDO45713	TAG	35
EDO45662	TGA	153
EDO45714	TGA	175
EDO35756	TGA	870
EDO41779	TAG	162
EDO31806	TAA	288
EDO47257	TGA	257
EDO45981	TGA	390
EDO45978	TAA	389
EDO45984	TAG	741
EDO34695	TAA	983
EDO34343	TAG	879
EDO43263	TGA	245
EDO43302	TAA	439
EDO42736	TGA	1052
EDO34331	TAG	180
EDO30201	TGA	42
EDO49795	TAG	722
EDO49676	TGA	260
EDO46745	TAG	764
EDO46794	TGA	362
EDO33439	TAA	492
EDO35619	TAA	302
EDO33245	TAA	958
EDO33297	TAA	275
EDO42481	TAA	423
EDO42554	TAA	121
EDO40939	TAA	61
EDO37437	TAG	934
EDO49944	TGA	516
EDO49949	TAG	99
EDO48070	TAA	95
EDO43800	TGA	213
EDO48920	TAA	838
EDO43797	TAG	126
EDO35998	TAA	563
EDO27297	TAA	251
EDO35646	TGA	574
EDO44604	TAA	258
EDO37344	TGA	673
EDO37787	TAA	61
EDO40392	TAA	479
EDO41340	TAG	3004
EDO37917	TAA	427
EDO41020	TAA	166
EDO45398	TAG	770
EDO37280	TAA	276
EDO37077	TAA	479
EDO40680	TAA	881
EDO48629	TAG	885
EDO48626	TAA	465
EDO49541	TAG	144
EDO46906	TAG	378
EDO32135	TAA	1145
EDO47395	TAG	291
EDO44950	TAG	743
EDO45029	TAA	1298
EDO45030	TGA	499
EDO43161	TAA	792
EDO44336	TAG	449
EDO44379	TAA	656
EDO44340	TAA	186
EDO44387	TGA	688
EDO37389	TAG	763
EDO33757	TAG	2995
EDO43681	TAA	499
EDO48964	TAA	93
EDO48960	TGA	22
EDO42763	TAA	604
EDO42691	TAA	4
EDO33537	TAA	161
EDO42693	TGA	264
EDO42759	TGA	914
EDO30990	TAA	395
EDO31004	TAA	947
EDO48794	TGA	207
EDO33935	TGA	28
EDO33942	TGA	281
EDO40876	TAG	447
EDO41822	TAG	712
EDO43553	TGA	330
EDO36355	TAA	481
EDO36322	TAG	132
EDO36299	TAA	454
EDO36305	TAA	609
EDO30214	TAA	358
EDO35456	TAA	462
EDO35455	TAA	213
EDO35439	TAG	737
EDO35443	TGA	2378
EDO45670	TAG	826
EDO40021	TAG	715
EDO41387	TGA	225
EDO39515	TGA	225
EDO46236	TGA	449
EDO41610	TGA	265
EDO41545	TAA	529
EDO41730	TGA	495
EDO44977	TAG	570
EDO31189	TGA	997
EDO32178	TGA	619
EDO38685	TAA	949
EDO42372	TGA	193
EDO42262	TGA	400
EDO40700	TGA	398
EDO47654	TGA	984
EDO25561	TGA	15
EDO47997	TAG	542
EDO47992	TAA	462
EDO47990	TAG	507
EDO39866	TGA	617
EDO39914	TAG	288
EDO39868	TGA	140
EDO44212	TGA	1211
EDO37464	TGA	2005
EDO37465	TAG	248
EDO37454	TAG	124
EDO38560	TAG	857
EDO38527	TAA	861
EDO38445	TAA	860
EDO42530	TGA	425
EDO30842	TGA	846
EDO27627	TGA	252
EDO42849	TAG	1034
EDO42850	TAA	711
EDO36006	TGA	169
EDO43700	TAG	451
EDO43698	TAG	587
EDO43732	TGA	1506
EDO43694	TAA	358
EDO34448	TGA	42
EDO32378	TAA	513
EDO35014	TAG	111
EDO32118	TAA	245
EDO32099	TAG	146
EDO41135	TAG	257
EDO41171	TGA	274
EDO33267	TAG	576
EDO39197	TAG	409
EDO33247	TGA	62
EDO33265	TAA	187
EDO36010	TAA	577
EDO46506	TGA	535
EDO49377	TAA	224
EDO30618	TGA	910
EDO34495	TAA	223
EDO34496	TAA	617
EDO47463	TGA	253
EDO47465	TAA	1274
EDO36989	TGA	457
EDO36961	TAG	537
EDO36963	TAA	468
EDO36987	TAA	574
EDO36959	TAA	249
EDO36988	TAG	862
EDO44635	TGA	539
EDO48580	TAA	810
EDO32459	TAA	1012
EDO48734	TGA	978
EDO42929	TGA	223
EDO32462	TGA	3024
EDO32540	TGA	567
EDO32466	TAG	906
EDO33363	TGA	730
EDO48172	TAG	939
EDO36897	TAA	452
EDO38667	TAG	407
EDO42920	TAG	617
EDO42915	TAA	243
EDO42919	TAG	169
EDO42918	TAA	329
EDO42973	TAA	837
EDO46268	TAA	626
EDO46339	TGA	1292
EDO46335	TAA	456
EDO46337	TAA	1591
EDO46267	TAA	439
EDO49361	TAG	653
EDO49473	TAG	538
EDO43049	TAA	124
EDO43006	TAA	490
EDO39502	TAA	577
EDO41450	TAG	521
EDO41497	TGA	649
EDO41452	TAA	379
EDO47769	TGA	557
EDO39640	TAA	809
EDO40245	TGA	1373
EDO31329	TAG	1278
EDO31362	TAA	530
EDO47866	TAA	1717
EDO45856	TGA	314
EDO45790	TAA	577
EDO45792	TGA	261
EDO45793	TAG	584
EDO45860	TAA	188
EDO45862	TAG	613
EDO45863	TGA	645
EDO33451	TGA	48
EDO36472	TAA	151
EDO36508	TAA	66
EDO36501	TAG	771
EDO42859	TAG	595
EDO34180	TAG	56
EDO34220	TAG	597
EDO34233	TAG	771
EDO49392	TGA	248
EDO43669	TGA	2893
EDO49391	TAG	1629
EDO43542	TGA	60
EDO47835	TAA	506
EDO47325	TAA	109
EDO47256	TAG	151
EDO48385	TAA	666
EDO48267	TAA	587
EDO48268	TGA	1437
EDO48386	TAG	553
EDO48271	TGA	1190
EDO43058	TGA	717
EDO27679	TAA	123
EDO27762	TAG	603
EDO45924	TGA	615
EDO45995	TAG	590
EDO35496	TGA	846
EDO43294	TAA	230
EDO47382	TAG	161
EDO47379	TGA	590
EDO39748	TGA	421
EDO37371	TAA	251
EDO44142	TAA	420
EDO45142	TGA	393
EDO40561	TGA	939
EDO38203	TAA	2938
EDO38212	TAG	259
EDO38142	TAG	479
EDO38047	TAA	435
EDO45852	TAA	955
EDO32756	TAA	814
EDO38815	TAG	776
EDO44542	TGA	758
EDO44615	TAA	125
EDO44487	TAA	621
EDO36129	TAA	945
EDO47128	TGA	747
EDO47047	TGA	263
EDO47132	TGA	142
EDO47053	TAA	211
EDO49292	TGA	268
EDO49156	TAA	1236
EDO49291	TAG	866
EDO49160	TAA	128
EDO42675	TAA	377
EDO40437	TGA	259
EDO40481	TGA	341
EDO48765	TAA	511
EDO41660	TAA	76
EDO41789	TAG	43
EDO41790	TGA	135
EDO41740	TGA	284
EDO41639	TGA	156
EDO37925	TAG	1430
EDO37912	TGA	609
EDO49918	TAG	691
EDO48906	TAG	208
EDO27778	TGA	207
EDO49765	TGA	169
EDO49420	TAG	65
EDO46192	TGA	378
EDO46137	TAG	845
EDO37299	TAA	420
EDO41441	TGA	1050
EDO38588	TGA	362
EDO43140	TGA	677
EDO34494	TGA	268
EDO34478	TGA	732
EDO29937	TAG	1128
EDO40836	TAG	236
EDO36136	TGA	261
EDO32171	TGA	11
EDO32182	TAG	254
EDO32184	TGA	68
EDO32900	TGA	612
EDO32914	TAA	999
EDO32919	TGA	765
EDO38062	TGA	406
EDO49998	TGA	95
EDO49999	TAG	298
EDO42715	TAG	406
EDO42710	TGA	498
EDO42683	TAA	662
EDO44869	TAA	448
EDO47912	TGA	521
EDO35794	TGA	807
EDO37270	TAG	19
EDO39266	TGA	790
EDO48921	TAA	196
EDO36356	TGA	173
EDO36330	TAA	322
EDO44269	TGA	333
EDO47074	TAG	835
EDO47006	TGA	271
EDO40934	TAA	614
EDO40868	TAA	192
EDO39729	TAA	493
EDO41040	TGA	326
EDO39772	TAG	280
EDO45338	TGA	245
EDO45420	TAA	1081
EDO39777	TAA	670
EDO39778	TGA	1272
EDO39118	TGA	4996
EDO38300	TAG	4
EDO38281	TAA	39
EDO46076	TAG	184
EDO38228	TGA	443
EDO47452	TAG	322
EDO45114	TAG	709
EDO31002	TAA	581
EDO45267	TGA	886
EDO45219	TGA	1207
EDO45268	TAA	334
EDO45222	TGA	151
EDO48705	TAG	441
EDO48699	TGA	170
EDO48806	TGA	534
EDO33387	TGA	530
EDO33035	TAA	180
EDO48924	TGA	332
EDO48747	TGA	1437
EDO41833	TGA	973
EDO34402	TAA	282
EDO31589	TGA	349
EDO31598	TGA	48
EDO37039	TGA	306
EDO30353	TAA	850
EDO30360	TAA	552
EDO30359	TGA	527
EDO30365	TAG	98
EDO30370	TAG	1025
EDO30381	TAG	403
EDO30355	TGA	921
EDO34022	TGA	923
EDO43976	TAG	1853
EDO32648	TGA	132
EDO49293	TAA	868
EDO40227	TGA	578
EDO49672	TGA	177
EDO36980	TAA	231
EDO48428	TAG	85
EDO30486	TAG	825
EDO45046	TAG	512
EDO42042	TAA	656
EDO42076	TAG	633
EDO42047	TAG	667
EDO43495	TGA	340
EDO29891	TAA	454
EDO37935	TAG	588
EDO39722	TGA	1025
EDO39723	TAG	448
EDO39749	TGA	1300
EDO44302	TGA	415
EDO37651	TGA	510
EDO37627	TGA	618
EDO43780	TGA	291
EDO48262	TAA	406
EDO38907	TAA	167
EDO38872	TAA	689
EDO38903	TGA	396
EDO36662	TGA	323
EDO36635	TAA	542
EDO43603	TGA	510
EDO43606	TGA	12
EDO33650	TAG	517
EDO31320	TAA	976
EDO31321	TGA	546
EDO41193	TGA	1156
EDO43870	TAG	313
EDO35137	TAG	554
EDO43801	TGA	284
EDO43796	TAA	94
EDO35153	TAA	372
EDO35134	TAA	1015
EDO41223	TAG	389
EDO41267	TGA	360
EDO47896	TAA	662
EDO48270	TGA	826
EDO33252	TGA	60
EDO49986	TGA	407
EDO49860	TAA	170
EDO49864	TAG	1896
EDO49863	TAG	34
EDO42537	TGA	161
EDO39487	TAG	276
EDO39486	TAA	788
EDO39450	TGA	81
EDO41259	TGA	837
EDO46669	TGA	711
EDO30825	TGA	2650
EDO30837	TAG	831
EDO33703	TAA	512
EDO33716	TAA	214
EDO36716	TAG	872
EDO36713	TAA	6704
EDO43425	TAG	397
EDO38458	TAG	925
EDO38461	TAG	640
EDO33353	TAG	316
EDO37680	TAG	297
EDO33259	TAG	675
EDO41972	TAA	113
EDO41944	TAG	1334
EDO38486	TGA	319
EDO42545	TAG	484
EDO46458	TAG	14
EDO47334	TGA	557
EDO33530	TGA	766
EDO49079	TGA	620
EDO48427	TAG	88
EDO44478	TGA	109
EDO44417	TAG	1011
EDO40398	TGA	277
EDO33627	TAG	206
EDO33632	TAG	322
EDO40127	TGA	572
EDO33577	TAA	632
EDO49335	TAG	348
EDO48116	TAG	524
EDO31712	TAG	254
EDO36230	TAG	61
EDO36228	TGA	338
EDO36226	TGA	342
EDO42086	TAG	240
EDO42950	TGA	232
EDO47565	TAA	39
EDO46325	TAG	1013
EDO49801	TAG	628
EDO48683	TAA	459
EDO32356	TGA	87
EDO40359	TGA	202
EDO45013	TAG	203
EDO39284	TAA	83
EDO39316	TAA	146
EDO39314	TGA	605
EDO29146	TGA	464
EDO32511	TAG	102
EDO35929	TAG	127
EDO41182	TAG	372
EDO29978	TAG	313
EDO48679	TAG	687
EDO39582	TAA	586
EDO47045	TAA	287
EDO45913	TAG	547
EDO49229	TAG	922
EDO45914	TAG	452
EDO30347	TGA	815
EDO42844	TGA	1103
EDO44829	TAA	1558
EDO44826	TAG	93
EDO44825	TGA	267
EDO42467	TAG	263
EDO36061	TGA	800
EDO43133	TGA	250
EDO43127	TAA	587
EDO42981	TGA	997
EDO31056	TAG	254
EDO48984	TAA	758
EDO48852	TGA	373
EDO48856	TGA	195
EDO48987	TGA	797
EDO41705	TAA	211
EDO49627	TAG	83
EDO32381	TAA	473
EDO32380	TAG	736
EDO47972	TAG	1075
EDO45686	TAA	410
EDO45748	TGA	145
EDO45749	TAA	1045
EDO37164	TAG	205
EDO37147	TAG	512
EDO43585	TAG	1197
EDO34620	TGA	639
EDO34605	TAA	622
EDO43583	TAG	383
EDO34721	TAA	734
EDO44292	TGA	1319
EDO44287	TGA	316
EDO44233	TAG	574
EDO35916	TGA	1267
EDO31946	TGA	377
EDO42881	TAA	51
EDO47641	TAG	123
EDO40475	TAG	255
EDO47726	TAA	1556
EDO35795	TAG	612
EDO35826	TAA	39
EDO35799	TGA	1062
EDO32740	TGA	1027
EDO41373	TAA	74
EDO35411	TAG	107
EDO35415	TAA	358
EDO48373	TGA	206
EDO37672	TAG	329
EDO36088	TAA	1198
EDO45717	TAG	1442
EDO48995	TAG	370
EDO40449	TAA	1505
EDO36225	TAA	473
EDO35154	TAG	1848
EDO29379	TAA	115
EDO45275	TAG	995
EDO39283	TAA	76
EDO40732	TAA	789
EDO38727	TGA	476
EDO38751	TAG	141
EDO40723	TGA	602
EDO36525	TGA	674
EDO36510	TAG	381
EDO49477	TAG	541
EDO44492	TGA	717
EDO47059	TAG	134
EDO48996	TAA	367
EDO46736	TAA	3586
EDO46683	TGA	65
EDO46734	TGA	1226
EDO46732	TAA	494
EDO43990	TAA	394
EDO33187	TGA	225
EDO33161	TAG	609
EDO33169	TAA	434
EDO44850	TAA	291
EDO40666	TGA	309
EDO40633	TAA	332
EDO40655	TAG	599
EDO40660	TAA	344
EDO48469	TAG	768
EDO36218	TAG	452
EDO27763	TAG	22
EDO38719	TAA	688
EDO46013	TAG	61
EDO45952	TAG	745
EDO41743	TAG	339
EDO34028	TAG	919
EDO34296	TAG	555
EDO34310	TAA	368
EDO34312	TAA	773
EDO49807	TAA	994
EDO49685	TAA	237
EDO49803	TGA	607
EDO45900	TGA	1610
EDO45898	TGA	420
EDO45623	TAG	1857
EDO41453	TAG	883
EDO44022	TAG	83
EDO44202	TAG	1319
EDO34868	TGA	49
EDO36279	TGA	244
EDO42437	TGA	499
EDO36209	TAA	625
EDO36494	TGA	260
EDO45393	TAG	519
EDO50034	TGA	939
EDO42238	TGA	305
EDO44562	TAA	612
EDO37846	TGA	65
EDO40959	TGA	435
EDO40957	TGA	442
EDO40929	TAA	843
EDO40953	TAG	103
EDO40922	TAA	374
EDO48205	TGA	495
EDO48121	TGA	674
EDO48200	TAA	430
EDO49703	TAA	177
EDO40711	TGA	336
EDO39992	TAG	155
EDO38024	TAA	284
EDO39993	TGA	1302
EDO38025	TGA	302
EDO39953	TGA	405
EDO38086	TGA	1163
EDO38089	TAA	771
EDO37061	TAA	976
EDO39127	TAA	1023
EDO39159	TAA	399
EDO39120	TAG	71
EDO48641	TGA	269
EDO32531	TGA	397
EDO36653	TAA	267
EDO44896	TAG	165
EDO44888	TAA	607
EDO44887	TAG	360
EDO29391	TAG	1103
EDO35522	TGA	753
EDO43252	TAA	1215
EDO34826	TGA	3602
EDO34828	TAA	183
EDO33158	TAG	1276
EDO48946	TGA	523
EDO49067	TGA	356
EDO42785	TGA	655
EDO42718	TGA	370
EDO42784	TAG	385
EDO42786	TGA	434
EDO46028	TGA	586
EDO46139	TGA	87
EDO30857	TAA	1783
EDO34613	TAG	753
EDO30383	TAG	82
EDO39612	TAA	4507
EDO39550	TGA	440
EDO39492	TGA	634
EDO31904	TAG	211
EDO31902	TGA	5696
EDO48351	TGA	1598
EDO36376	TAA	174
EDO36377	TGA	244
EDO36351	TGA	27
EDO36352	TAA	486
EDO44495	TGA	203
EDO40244	TAA	766
EDO38262	TAA	393
EDO29133	TAA	194
EDO37209	TAA	209
EDO32277	TAG	400
EDO49882	TGA	107
EDO47642	TAA	129
EDO42332	TAA	180
EDO42156	TAA	666
EDO39170	TAA	634
EDO35910	TAA	844
EDO44323	TAG	252
EDO44390	TAG	506
EDO46094	TGA	671
EDO37521	TGA	63
EDO37489	TGA	154
EDO37518	TGA	484
EDO37520	TAG	20
EDO37525	TAA	248
EDO49717	TGA	305
EDO39916	TAG	279
EDO39878	TGA	378
EDO46410	TAG	356
EDO31170	TAG	3094
EDO31156	TGA	88
EDO31139	TAA	288
EDO49154	TAA	453
EDO34874	TAG	441
EDO47790	TAG	414
EDO42526	TGA	610
EDO49234	TAA	379
EDO36076	TGA	380
EDO36071	TGA	450
EDO36080	TAA	486
EDO36079	TAG	1183
EDO40982	TGA	2559
EDO40981	TAA	513
EDO45743	TGA	50
EDO32546	TGA	430
EDO47508	TGA	486
EDO47507	TAG	881
EDO48558	TAA	353
EDO32150	TAG	5097
EDO32134	TAA	632
EDO43418	TAG	1482
EDO32930	TAA	123
EDO36819	TAA	161
EDO40035	TGA	1066
EDO39997	TGA	514
EDO34329	TAA	1186
EDO34333	TAG	468
EDO46538	TGA	424
EDO42041	TAG	580
EDO30482	TGA	163
EDO30319	TAA	49
EDO47563	TAA	53
EDO49708	TGA	350
EDO47688	TGA	549
EDO40867	TAG	980
EDO38091	TAG	72
EDO38066	TAA	75
EDO46721	TAA	519
EDO39922	TAG	525
EDO46385	TAG	176
EDO46384	TAA	247
EDO39639	TGA	742
EDO41429	TGA	384
EDO37828	TAG	124
EDO37851	TAA	331
EDO44071	TAA	835
EDO37830	TGA	342
EDO34522	TAA	2900
EDO34534	TAA	680
EDO49070	TAG	166
EDO35692	TAA	1499
EDO45887	TAA	729
EDO45883	TGA	243
EDO43060	TAA	364
EDO45819	TAA	466
EDO34133	TAG	390
EDO31279	TGA	999
EDO43545	TAG	127
EDO43488	TGA	763
EDO43551	TGA	519
EDO47347	TGA	785
EDO43712	TAG	70
EDO33971	TAG	328
EDO33976	TGA	678
EDO47856	TAA	129
EDO47778	TAG	134
EDO43373	TGA	499
EDO43380	TAG	794
EDO35740	TAG	104
EDO34250	TGA	29
EDO32616	TGA	1161
EDO32606	TAG	133
EDO50030	TGA	285
EDO43124	TGA	932
EDO43047	TAA	130
EDO27344	TAA	387
EDO41269	TGA	1256
EDO37140	TGA	87
EDO46527	TAA	124
EDO35590	TAA	647
EDO40175	TAA	413
EDO39707	TGA	1002
EDO44524	TAG	449
EDO37259	TAA	1320
EDO38258	TAG	277
EDO40568	TAG	210
EDO40873	TGA	105
EDO45408	TAA	226
EDO34790	TAG	846
EDO38319	TAA	125
EDO33925	TAG	560
EDO33904	TAG	284
EDO45331	TAG	825
EDO29842	TGA	1235
EDO43251	TGA	464
EDO44498	TGA	26
EDO44499	TAA	487
EDO44411	TAA	485
EDO42555	TGA	683
EDO44405	TAA	2471
EDO33420	TGA	706
EDO33447	TAG	182
EDO43965	TGA	483
EDO40462	TGA	296
EDO40431	TGA	577
EDO40433	TAA	1137
EDO49098	TGA	224
EDO33930	TAA	756
EDO33869	TAG	1072
EDO48919	TGA	413
EDO48917	TAA	39
EDO36474	TGA	475
EDO48796	TAA	456
EDO46170	TAG	45
EDO37402	TAG	478
EDO46235	TGA	543
EDO37429	TAG	344
EDO31980	TAG	873
EDO41816	TGA	321
EDO41852	TAA	216
EDO41505	TAA	1026
EDO30016	TGA	339
EDO30051	TAG	21
EDO30060	TGA	417
EDO30028	TAG	46
EDO30034	TGA	395
EDO35399	TAA	223
EDO35336	TAG	604
EDO43756	TGA	82
EDO43828	TAA	605
EDO45321	TAA	66
EDO45391	TAG	633
EDO32934	TGA	94
EDO40081	TAA	510
EDO37068	TAG	199
EDO48582	TAA	486
EDO36411	TAG	170
EDO47633	TAA	456
EDO44293	TAG	29
EDO42471	TGA	93
EDO43724	TAA	357
EDO42334	TAA	16
EDO48027	TGA	548
EDO39093	TAG	804
EDO47942	TAA	693
EDO44493	TAG	161
EDO43978	TGA	23
EDO43980	TGA	354
EDO37169	TAG	475
EDO38536	TAA	1049
EDO29183	TGA	1106
EDO44647	TGA	462
EDO32838	TGA	76
EDO41322	TGA	421
EDO41317	TGA	808
EDO45194	TAG	525
EDO45251	TGA	327
EDO35390	TAA	153
EDO43279	TAA	1564
EDO34403	TGA	75
EDO41194	TAG	4148
EDO48692	TAA	269
EDO33328	TAA	337
EDO33346	TGA	627
EDO33344	TAG	125
EDO32674	TAG	377
EDO49268	TAG	446
EDO27619	TAA	78
EDO45058	TAA	466
EDO48808	TAA	336
EDO34530	TAA	543
EDO46454	TGA	692
EDO30495	TAG	845
EDO30494	TAG	1037
EDO30492	TGA	5382
EDO48783	TAA	532
EDO40240	TAG	648
EDO31667	TAA	658
EDO33900	TAG	752
EDO44538	TAG	147
EDO42805	TGA	263
EDO34062	TAA	858
EDO34050	TAA	511
EDO37794	TGA	723
EDO45655	TAA	702
EDO32320	TAA	1215
EDO32355	TGA	28
EDO34751	TAG	1007
EDO45144	TAA	742
EDO49363	TAA	344
EDO38575	TGA	205
EDO50028	TGA	811
EDO37074	TGA	771
EDO37458	TAA	558
EDO42012	TAA	44
EDO35751	TGA	2577
EDO46441	TAA	155
EDO46498	TAG	272
EDO46443	TAA	1003
EDO46314	TGA	389
EDO46445	TAG	420
EDO44939	TAG	259
EDO37599	TAG	1381
EDO40556	TGA	65
EDO37601	TAA	1268
EDO37603	TGA	284
EDO37623	TAA	1235
EDO40159	TAG	706
EDO40208	TGA	695
EDO33760	TAA	493
EDO46254	TGA	72
EDO38576	TAG	248
EDO38914	TAA	260
EDO36606	TGA	418
EDO36554	TGA	274
EDO35230	TGA	1058
EDO43662	TAA	327
EDO35554	TAA	867
EDO31559	TAG	312
EDO35121	TAG	663
EDO35102	TAA	144
EDO43457	TAA	300
EDO49752	TGA	335
EDO32421	TAA	6
EDO39520	TAA	1135
EDO39521	TAG	579
EDO39523	TAA	108
EDO39548	TGA	524
EDO48541	TGA	1394
EDO48640	TGA	332
EDO48542	TAG	61
EDO48545	TGA	1647
EDO48543	TAA	393
EDO49956	TGA	354
EDO49833	TAG	276
EDO49957	TAG	152
EDO49834	TGA	248
EDO47000	TAG	1554
EDO48118	TGA	212
EDO35612	TAG	2069
EDO40940	TGA	141
EDO41139	TGA	1117
EDO33633	TAG	101
EDO33628	TGA	247
EDO39870	TAA	482
EDO35079	TAG	113
EDO45159	TAG	219
EDO31666	TAA	684
EDO47993	TGA	437
EDO39594	TGA	1162
EDO30322	TAA	317
EDO30323	TAA	356
EDO44596	TGA	47
EDO44595	TAG	509
EDO38491	TGA	815
EDO49952	TAG	358
EDO42531	TAG	2015
EDO42575	TAG	216
EDO46483	TAA	369
EDO46417	TAA	1341
EDO46414	TAA	28
EDO46479	TGA	539
EDO46484	TAA	501
EDO46419	TAG	239
EDO36727	TAG	853
EDO49210	TAG	587
EDO49206	TGA	784
EDO49207	TAA	468
EDO49209	TAA	238
EDO49208	TGA	337
EDO40348	TAG	336
EDO41554	TGA	1328
EDO41599	TGA	306
EDO41551	TAA	694
EDO41605	TAG	184
EDO41603	TGA	357
EDO38027	TGA	97
EDO48179	TAG	299
EDO48178	TGA	223
EDO48177	TAA	195
EDO48175	TAA	995
EDO49001	TAA	569
EDO32535	TAA	262
EDO49525	TAG	376
EDO29769	TGA	764
EDO47460	TAA	187
EDO47575	TAA	413
EDO35033	TAG	151
EDO29975	TAG	515
EDO43295	TAG	1422
EDO43345	TGA	548
EDO43175	TGA	2265
EDO42084	TAA	232
EDO32317	TAA	461
EDO32349	TGA	423
EDO32351	TGA	459
EDO32346	TAA	276
EDO46993	TAG	666
EDO46811	TGA	392
EDO34714	TAG	100
EDO34679	TGA	307
EDO34676	TGA	55
EDO42087	TAG	393
EDO49105	TAA	1060
EDO33545	TAG	367
EDO27632	TGA	15
EDO49263	TAG	315
EDO46326	TGA	721
EDO44391	TAA	43
EDO33602	TAG	436
EDO39885	TAG	162
EDO38356	TGA	1282
EDO38754	TGA	2
EDO38421	TAA	377
EDO38402	TAG	152
EDO38401	TAG	25
EDO38403	TGA	927
EDO40924	TAA	364
EDO46092	TAG	491
EDO44718	TAG	815
EDO44687	TAA	1603
EDO44689	TGA	1110
EDO38694	TAA	857
EDO47215	TAG	79
EDO48883	TAG	528
EDO47213	TAA	629
EDO43064	TAG	421
EDO43061	TGA	268
EDO43063	TAA	318
EDO44834	TAG	777
EDO44998	TAA	3415
EDO37415	TGA	396
EDO35208	TAG	189
EDO49653	TAA	97
EDO31537	TAA	493
EDO35616	TAA	530
EDO41550	TAA	2544
EDO37095	TAA	98
EDO37119	TAA	66
EDO31008	TGA	298
EDO31012	TGA	376
EDO36882	TAA	112
EDO45109	TAA	128
EDO45166	TGA	784
EDO36907	TAG	94
EDO45168	TAG	510
EDO36883	TGA	597
EDO45170	TGA	135
EDO36823	TGA	656
EDO44270	TAG	680
EDO44285	TGA	85
EDO47706	TGA	604
EDO35854	TAA	845
EDO32665	TGA	177
EDO32676	TAG	437
EDO26787	TGA	15
EDO48701	TAG	353
EDO42412	TAG	642
EDO42360	TGA	1098
EDO38606	TGA	747
EDO39065	TAG	202
EDO46864	TAA	533
EDO29959	TAG	649
EDO39695	TAA	429
EDO45066	TGA	103
EDO40781	TAG	205
EDO36456	TAG	185
EDO41403	TAA	3
EDO31457	TAG	520
EDO45363	TGA	564
EDO45364	TAA	87
EDO35269	TAA	672
EDO35284	TAA	308
EDO35266	TGA	267
EDO35282	TAG	99
EDO35263	TGA	1948
EDO30656	TAA	93
EDO30648	TGA	501
EDO41321	TAG	817
EDO41354	TGA	293
EDO46576	TAA	1379
EDO46515	TAA	421
EDO46685	TGA	717
EDO32926	TGA	487
EDO46518	TAA	341
EDO33078	TAA	1449
EDO33062	TGA	373
EDO48308	TGA	846
EDO48418	TAA	256
EDO48285	TAG	170
EDO42440	TGA	195
EDO39387	TGA	361
EDO39389	TGA	39
EDO39390	TAG	459
EDO39423	TGA	3447
EDO33168	TGA	298
EDO47804	TAA	390
EDO30834	TAG	183
EDO40637	TAA	737
EDO30841	TGA	349
EDO30845	TAG	372
EDO27765	TAA	57
EDO45930	TAG	66
EDO36847	TAA	261
EDO31835	TAG	262
EDO34259	TGA	470
EDO34246	TGA	96
EDO33599	TAA	622
EDO33534	TAG	728
EDO33548	TAG	414
EDO34194	TAG	204
EDO31520	TGA	332
EDO34132	TAA	1381
EDO43818	TGA	960
EDO39940	TAA	764
EDO43228	TGA	34
EDO35150	TAG	1534
EDO38508	TAA	415
EDO37154	TAG	764
EDO42022	TGA	997
EDO42026	TGA	328
EDO46603	TGA	75
EDO46601	TGA	578
EDO46537	TAG	371
EDO39342	TGA	648
EDO35966	TAA	592
EDO42138	TGA	454
EDO42141	TGA	398
EDO42130	TAG	231
EDO34991	TAG	682
EDO30332	TAA	409
EDO38106	TAA	184
EDO34745	TGA	286
EDO50035	TAG	172
EDO28766	TGA	357
EDO39227	TAG	737
EDO39226	TGA	332
EDO39219	TAA	44
EDO42789	TGA	265
EDO44853	TGA	482
EDO44900	TGA	1505
EDO44858	TAA	302
EDO35129	TAA	97
EDO36100	TAA	418
EDO36158	TGA	134
EDO43110	TGA	473
EDO43159	TAA	1589
EDO43163	TAA	63
EDO47275	TAA	303
EDO47350	TAG	906
EDO47349	TAA	135
EDO45963	TGA	509
EDO43622	TAG	347
EDO46931	TAG	76
EDO46930	TAA	630
EDO46929	TGA	909
EDO39332	TAA	1397
EDO39331	TAG	364
EDO48953	TGA	608
EDO44061	TGA	437
EDO49068	TGA	897
EDO30561	TGA	635
EDO41783	TAG	130
EDO45820	TGA	403
EDO45800	TAG	301
EDO30960	TAG	400
EDO36469	TAA	802
EDO36468	TGA	463
EDO36490	TGA	693
EDO36417	TGA	371
EDO47850	TGA	203
EDO40303	TAA	790
EDO40189	TAG	886
EDO44783	TGA	855
EDO44782	TGA	56
EDO47660	TAG	759
EDO47657	TAA	665
EDO31779	TAA	570
EDO30803	TAG	2099
EDO41890	TAG	862
EDO41885	TAG	574
EDO41880	TGA	959
EDO49909	TAA	361
EDO37562	TAA	74
EDO37504	TGA	401
EDO37509	TAG	27
EDO37558	TGA	360
EDO37561	TAG	576
EDO30792	TAG	544
EDO39821	TAA	139
EDO39852	TGA	532
EDO40221	TAG	588
EDO46560	TAA	421
EDO41932	TAG	146
EDO31207	TGA	204
EDO31197	TAG	699
EDO31180	TAA	872
EDO45617	TAA	517
EDO28777	TAG	687
EDO31230	TGA	302
EDO42540	TAA	754
EDO45239	TAA	113
EDO34731	TGA	180
EDO34650	TAA	705
EDO43715	TGA	908
EDO43678	TGA	258
EDO34644	TAA	254
EDO43675	TAA	138
EDO32069	TAG	124
EDO41013	TGA	233
EDO41123	TAA	676
EDO32079	TAA	182
EDO32066	TAG	1042
EDO49542	TAG	887
EDO34140	TGA	1479
EDO34126	TAA	15
EDO40551	TAA	1322
EDO34930	TAA	362
EDO44491	TGA	144
EDO34893	TGA	538
EDO49898	TGA	1896
EDO48520	TGA	789
EDO48619	TAA	361
EDO48621	TAG	208
EDO48514	TAA	374
EDO48512	TAA	439
EDO40167	TAG	1298
EDO40015	TGA	580
EDO40213	TGA	961
EDO34880	TAG	32
EDO48825	TAA	934
EDO48962	TAA	42
EDO46548	TGA	576
EDO31624	TAG	489
EDO45318	TAG	209
EDO31605	TGA	166
EDO47250	TAG	167
EDO47253	TAA	178
EDO49939	TGA	510
EDO50076	TAA	363
EDO31625	TAG	168
EDO41844	TAA	102
EDO46793	TAG	994
EDO46849	TAG	646
EDO46790	TGA	419
EDO49519	TAA	148
EDO49423	TAG	1066
EDO34870	TAG	20
EDO37838	TAG	138
EDO37812	TAA	181
EDO37893	TGA	494
EDO33171	TAG	762
EDO34116	TAA	207
EDO41770	TAA	212
EDO33395	TAG	583
EDO36634	TAA	188
EDO36657	TGA	2109
EDO36655	TAG	48
EDO29113	TGA	354
EDO29076	TAA	1142
EDO43320	TGA	238
EDO43316	TAG	622
EDO43275	TAG	363
EDO30220	TAG	179
EDO47810	TGA	1101
EDO47879	TAA	137
EDO47811	TAA	397
EDO35573	TAA	691
EDO42322	TAA	591
EDO45915	TGA	206
EDO46392	TAG	292
EDO48181	TAG	34
EDO42431	TAA	584
EDO36538	TAG	538
EDO28366	TGA	15
EDO35052	TAG	477
EDO39430	TAA	16
EDO42182	TAA	298
EDO35048	TGA	315
EDO32215	TGA	367
EDO40097	TAA	50
EDO39656	TAG	489
EDO44129	TGA	1186
EDO41031	TGA	700
EDO37991	TGA	390
EDO39038	TGA	405
EDO33853	TAA	378
EDO39045	TAA	297
EDO38389	TGA	466
EDO44942	TGA	258
EDO41124	TAA	2180
EDO41127	TAA	49
EDO44320	TGA	242
EDO32793	TAG	591
EDO42583	TAG	298
EDO42548	TGA	1035
EDO47004	TGA	597
EDO47002	TGA	224
EDO47069	TGA	731
EDO44158	TAA	1729
EDO42716	TAG	422
EDO42712	TAA	205
EDO33481	TAA	71
EDO33482	TGA	97
EDO33493	TAG	53
EDO48990	TGA	358
EDO47310	TAG	285
EDO40356	TAG	214
EDO40495	TAG	724
EDO40493	TAA	499
EDO40360	TGA	438
EDO48684	TAA	2121
EDO37688	TAG	832
EDO33902	TAA	351
EDO33907	TGA	274
EDO46032	TAG	807
EDO31753	TGA	983
EDO36272	TAA	1770
EDO36286	TGA	309
EDO29231	TAG	331
EDO34375	TAA	106
EDO34365	TAA	398
EDO34378	TGA	372
EDO30174	TGA	2444
EDO30159	TAG	578
EDO35394	TGA	279
EDO35395	TAG	1136
EDO32056	TAA	495
EDO32046	TGA	359
EDO49796	TAA	60
EDO37168	TGA	9314
EDO46129	TAA	102
EDO45051	TGA	113
EDO45056	TAA	110
EDO32185	TAG	837
EDO47607	TGA	579
EDO36839	TAA	169
EDO41759	TAG	170
EDO41712	TGA	1309
EDO41929	TAG	573
EDO47927	TGA	892
EDO40958	TGA	442
EDO40956	TGA	435
EDO38083	TAA	1213
EDO44263	TAG	90
EDO44264	TAG	320
EDO48468	TAA	202
EDO38537	TAG	423
EDO32640	TAG	691
EDO38541	TGA	365
EDO32276	TAA	436
EDO45343	TAA	1705
EDO45426	TAA	451
EDO36042	TAA	1243
EDO34883	TGA	576
EDO46167	TAG	44
EDO35337	TAA	510
EDO35335	TGA	1123
EDO47409	TAA	1379
EDO47494	TGA	430
EDO47496	TAG	876
EDO35057	TGA	483
EDO46387	TAA	714
EDO41125	TGA	133
EDO48813	TAG	1151
EDO41565	TAA	875
EDO46480	TAG	34
EDO49247	TAA	290
EDO49107	TGA	2374
EDO30660	TGA	429
EDO30642	TAG	1021
EDO47454	TGA	633
EDO36933	TGA	950
EDO36934	TAG	62
EDO36855	TAG	478
EDO44613	TGA	325
EDO43484	TGA	319
EDO43548	TGA	897
EDO33202	TGA	118
EDO40813	TGA	991
EDO31631	TAG	116
EDO31615	TAG	345
EDO34426	TGA	537
EDO32729	TAA	41
EDO37559	TAG	326
EDO36889	TAA	164
EDO37083	TAA	75
EDO42109	TGA	265
EDO42417	TAG	347
EDO44612	TAA	171
EDO42804	TAG	86
EDO34933	TAG	1925
EDO46357	TGA	289
EDO46281	TAG	604
EDO46366	TAA	666
EDO46360	TAA	841
EDO41392	TAG	518
EDO41411	TGA	510
EDO41409	TAG	472
EDO38320	TAA	142
EDO46343	TAA	102
EDO37736	TAA	59
EDO31418	TAG	891
EDO31417	TGA	1078
EDO31425	TAG	375
EDO31398	TAA	71
EDO34077	TGA	2704
EDO45813	TAG	1629
EDO45807	TAA	192
EDO45870	TAG	440
EDO47404	TAG	511
EDO28106	TAG	617
EDO32521	TGA	382
EDO45403	TAG	679
EDO36561	TGA	739
EDO36555	TAA	80
EDO31276	TGA	730
EDO43449	TAA	809
EDO43446	TGA	708
EDO43443	TAA	95
EDO41237	TGA	377
EDO41240	TAA	185
EDO47205	TAA	424
EDO48360	TGA	376
EDO48363	TAA	4269
EDO40286	TAA	229
EDO33246	TGA	175
EDO49850	TGA	470
EDO27947	TGA	243
EDO39499	TGA	329
EDO39459	TAG	209
EDO27867	TGA	530
EDO39465	TAA	942
EDO49994	TAA	901
EDO47171	TAA	481
EDO36581	TAG	359
EDO46648	TAA	454
EDO47687	TGA	652
EDO39867	TAA	612
EDO47385	TGA	730
EDO37377	TGA	344
EDO50064	TAG	325
EDO50063	TAA	299
EDO38660	TAG	256
EDO42233	TGA	537
EDO32852	TGA	1042
EDO44641	TAA	241
EDO44633	TAA	69
EDO44571	TAA	385
EDO37374	TAG	593
EDO37375	TGA	570
EDO37996	TGA	720
EDO32081	TAG	89
EDO36122	TAG	462
EDO49303	TAA	507
EDO49171	TGA	462
EDO49307	TAA	650
EDO49177	TAA	1403
EDO41777	TAA	606
EDO41776	TAA	5
EDO41778	TGA	324
EDO41781	TGA	85
EDO38015	TGA	379
EDO48101	TGA	55
EDO48106	TAG	221
EDO48100	TAA	423
EDO47690	TAA	141
EDO48714	TGA	571
EDO37327	TAA	544
EDO43216	TAG	497
EDO34512	TGA	505
EDO34528	TAA	2794
EDO43250	TAG	405
EDO34541	TAA	745
EDO43214	TGA	568
EDO43253	TAG	470
EDO49984	TAA	54
EDO30015	TAA	299
EDO47354	TAA	401
EDO47355	TAA	140
EDO47359	TAG	402
EDO47281	TAG	1980
EDO46992	TAG	304
EDO46907	TAA	269
EDO40407	TGA	393
EDO46989	TGA	459
EDO40379	TAA	1132
EDO45868	TAG	1745
EDO45881	TAG	83
EDO32886	TGA	374
EDO32866	TAA	214
EDO42468	TAA	46
EDO42387	TGA	1072
EDO38420	TGA	44
EDO48235	TGA	181
EDO48159	TAA	498
EDO37354	TAA	1484
EDO39374	TGA	236
EDO36387	TGA	340
EDO37167	TGA	196
EDO47114	TAA	155
EDO40900	TGA	266
EDO40853	TAA	102
EDO45028	TAA	434
EDO37369	TGA	68
EDO46054	TAG	739
EDO45346	TAG	658
EDO39648	TAG	482
EDO39651	TAA	122
EDO27615	TAA	241
EDO47541	TAA	732
EDO49826	TGA	834
EDO43977	TAG	38
EDO44087	TAA	414
EDO33299	TAG	369
EDO33284	TAG	1050
EDO33300	TGA	329
EDO47188	TGA	131
EDO46639	TAA	341
EDO29211	TAA	352
EDO30465	TAG	191
EDO30469	TGA	913
EDO48762	TAG	318
EDO48971	TGA	992
EDO47947	TAA	521
EDO45626	TAA	153
EDO37113	TAG	439
EDO45557	TGA	299
EDO37175	TGA	1207
EDO37160	TAA	237
EDO35640	TAG	33
EDO30555	TAA	727
EDO30422	TGA	772
EDO30423	TAG	460
EDO34138	TGA	218
EDO34163	TAG	293
EDO37240	TGA	188
EDO45561	TGA	297
EDO32255	TAA	219
EDO45567	TGA	362
EDO32724	TAG	142
EDO31211	TAA	880
EDO32732	TAA	724
EDO32719	TGA	382
EDO31214	TAG	3409
EDO40156	TAA	227
EDO43441	TGA	253
EDO49305	TGA	831
EDO31906	TGA	1157
EDO48054	TGA	31
EDO45016	TGA	95
EDO44930	TAG	124
EDO45044	TAG	546
EDO37316	TAA	168
EDO35785	TAA	84
EDO39130	TAA	68
EDO44040	TAA	215
EDO41958	TGA	469
EDO41957	TAG	527
EDO46656	TGA	84
EDO39172	TAA	98
EDO37884	TGA	704
EDO39658	TAA	54
EDO39689	TGA	450
EDO39691	TAA	359
EDO39346	TAA	271
EDO33771	TGA	252
EDO45827	TGA	350
EDO38841	TAA	996
EDO38819	TGA	708
EDO36566	TGA	410
EDO45493	TGA	1006
EDO45494	TGA	552
EDO45585	TAA	350
EDO45656	TAG	356
EDO45492	TAG	1003
EDO45594	TAA	1133
EDO41301	TAG	383
EDO31471	TGA	382
EDO41309	TAG	5131
EDO35184	TAA	63
EDO35169	TGA	773
EDO41302	TAA	525
EDO41310	TAA	548
EDO41350	TAA	511
EDO42570	TGA	330
EDO42522	TAG	31
EDO42525	TGA	465
EDO26450	TGA	170
EDO26279	TGA	20
EDO48263	TAG	699
EDO48382	TAA	45
EDO48388	TAA	415
EDO41163	TAA	495
EDO36198	TAA	234
EDO33763	TGA	252
EDO38097	TAG	620
EDO35361	TGA	229
EDO36775	TAG	555
EDO36773	TGA	568
EDO42701	TGA	383
EDO42765	TGA	150
EDO42702	TAG	768
EDO42768	TGA	237
EDO33960	TAA	40
EDO44327	TGA	356
EDO34408	TAG	522
EDO33264	TAG	615
EDO33027	TGA	486
EDO42037	TGA	122
EDO47678	TAA	425
EDO35549	TAG	324
EDO37873	TAA	10
EDO46563	TGA	410
EDO42254	TGA	380
EDO37814	TGA	256
EDO38777	TGA	903
EDO31167	TAG	349
EDO41580	TGA	33
EDO41625	TAA	553
EDO37864	TAA	288
EDO37882	TGA	1384
EDO37866	TAA	683
EDO37867	TAG	638
EDO37885	TAG	676
EDO49899	TAG	1069
EDO39938	TGA	483
EDO39178	TAA	128
EDO28687	TAG	331
EDO39183	TAA	114
EDO39202	TGA	421
EDO39177	TGA	505
EDO36202	TAA	750
EDO28521	TAA	676
EDO32222	TAA	974
EDO32216	TAA	294
EDO49889	TAG	601
EDO39303	TAG	796
EDO30185	TAA	199
EDO33394	TAA	687
EDO36429	TAG	1070
EDO34606	TAA	414
EDO33153	TAG	5143
EDO41954	TGA	397
EDO33593	TAA	537
EDO33414	TAA	299
EDO34262	TAA	186
EDO39538	TGA	279
EDO44756	TGA	618
EDO36091	TAG	307
EDO30771	TGA	860
EDO45312	TGA	2264
EDO45675	TGA	117
EDO45676	TGA	331
EDO30259	TGA	850
EDO30242	TAG	533
EDO30237	TAA	471
EDO48343	TAA	373
EDO34769	TAG	175
EDO34636	TAA	906
EDO34616	TGA	325
EDO35814	TAA	306
EDO35833	TAA	1094
EDO35876	TGA	326
EDO35820	TAA	662
EDO47595	TGA	121
EDO47594	TAA	890
EDO33945	TAA	196
EDO42422	TGA	52
EDO34170	TAA	131
EDO44530	TAA	316
EDO40608	TAA	577
EDO44761	TAG	1364
EDO45855	TGA	480
EDO34951	TAG	660
EDO34906	TAA	226
EDO48918	TGA	389
EDO38363	TGA	414
EDO35705	TGA	77
EDO44765	TAG	574
EDO44823	TGA	494
EDO45232	TAG	171
EDO37272	TAA	836
EDO38683	TAA	1366
EDO41356	TGA	1433
EDO38705	TAG	40
EDO38733	TAA	328
EDO34663	TGA	228
EDO47129	TAA	314
EDO33005	TAG	311
EDO37490	TGA	172
EDO41499	TGA	341
EDO42276	TGA	938
EDO30608	TAA	222
EDO43775	TAA	286
EDO43851	TAA	76
EDO33207	TAG	346
EDO33219	TGA	695
EDO33204	TGA	125
EDO46718	TGA	106
EDO46668	TAA	1295
EDO32917	TAG	1400
EDO42497	TGA	26
EDO42732	TAA	727
EDO40504	TGA	821
EDO40587	TAG	1345
EDO40586	TAA	381
EDO40623	TGA	818
EDO40622	TAG	344
EDO33637	TAA	97
EDO36291	TGA	292
EDO37842	TAG	519
EDO37844	TAA	183
EDO37816	TGA	761
EDO44201	TGA	1299
EDO49692	TAA	985
EDO47318	TAG	689
EDO34335	TAA	11
EDO33364	TAA	421
EDO33374	TAG	915
EDO49674	TGA	528
EDO49668	TAA	257
EDO32469	TAA	419
EDO39952	TGA	319
EDO37269	TAA	755
EDO37230	TAA	359
EDO43837	TAG	165
EDO43802	TAA	1048
EDO42447	TAG	2327
EDO42492	TGA	666
EDO36106	TGA	338
EDO36103	TGA	1423
EDO37376	TGA	1049
EDO40075	TAG	532
EDO30289	TAG	402
EDO40874	TAG	413
EDO40968	TGA	231
EDO48531	TAA	1027
EDO33822	TAG	5116
EDO46978	TAG	475
EDO38327	TAG	848
EDO47490	TAG	1324
EDO45332	TAA	704
EDO44988	TAG	792
EDO44984	TAA	1421
EDO44981	TAG	823
EDO41239	TGA	1017
EDO43156	TGA	917
EDO44370	TAG	79
EDO47509	TAA	446
EDO35470	TGA	294
EDO34767	TGA	436
EDO34768	TAA	166
EDO34765	TAA	425
EDO48659	TGA	382
EDO33536	TAA	78
EDO42646	TAG	148
EDO33535	TGA	205
EDO42608	TAA	1181
EDO48874	TGA	1192
EDO49217	TAA	412
EDO46611	TAG	260
EDO46541	TAA	210
EDO46567	TAG	814
EDO31000	TAA	515
EDO45146	TAG	728
EDO49768	TGA	659
EDO48698	TAG	651
EDO39405	TAG	2960
EDO37152	TAA	425
EDO31840	TGA	371
EDO43749	TAG	801
EDO36314	TGA	481
EDO36334	TAG	196
EDO44486	TGA	647
EDO35492	TGA	336
EDO43575	TAA	297
EDO34612	TGA	169
EDO39388	TAG	128
EDO41772	TAA	337
EDO38701	TGA	478
EDO47729	TGA	606
EDO48581	TAG	311
EDO32338	TAA	68
EDO42313	TGA	355
EDO42273	TGA	271
EDO42266	TGA	784
EDO30753	TGA	1631
EDO42306	TGA	1557
EDO42943	TAA	539
EDO42889	TGA	110
EDO48225	TGA	372
EDO48218	TAG	244
EDO48216	TGA	912
EDO39904	TAG	378
EDO39971	TAA	303
EDO37503	TAG	155
EDO37502	TAG	593
EDO37501	TAG	755
EDO37434	TAG	620
EDO41869	TAA	75
EDO41916	TAG	603
EDO47839	TAG	1136
EDO48602	TAA	343
EDO46465	TGA	481
EDO32638	TAG	497
EDO46468	TGA	487
EDO38464	TAG	118
EDO38462	TAG	234
EDO38504	TGA	2171
EDO49281	TGA	38
EDO41218	TGA	189
EDO35972	TAA	131
EDO35958	TAG	188
EDO35977	TGA	311
EDO35962	TAA	310
EDO31510	TAG	40
EDO34895	TAA	537
EDO43629	TGA	204
EDO43569	TAA	456
EDO35328	TAG	3307
EDO35329	TAG	181
EDO35309	TAA	259
EDO47524	TAG	26
EDO47520	TAG	763
EDO47428	TAA	2109
EDO32064	TGA	1462
EDO32077	TAG	577
EDO32061	TGA	143
EDO41132	TAG	36
EDO41168	TAG	879
EDO47745	TAG	432
EDO47655	TGA	570
EDO47749	TGA	387
EDO41578	TAA	1370
EDO39702	TAA	275
EDO46442	TGA	115
EDO34582	TAA	192
EDO41018	TAG	1138
EDO42031	TAG	16
EDO34302	TAA	582
EDO49725	TAG	1049
EDO44398	TGA	318
EDO41548	TAA	816
EDO34361	TAG	431
EDO38084	TAA	594
EDO44469	TAG	338
EDO37955	TAA	52
EDO37484	TGA	286
EDO45461	TAG	238
EDO31665	TGA	432
EDO31660	TAG	2514
EDO42897	TGA	65
EDO42098	TAA	544
EDO49471	TAA	70
EDO49469	TAG	628
EDO30641	TGA	152
EDO30651	TAG	244
EDO38980	TAG	235
EDO41446	TAG	494
EDO41491	TAA	297
EDO41492	TGA	1102
EDO45767	TAA	40
EDO47773	TGA	74
EDO33713	TAA	335
EDO40283	TAA	529
EDO40281	TGA	186
EDO40238	TGA	1002
EDO34095	TAG	243
EDO45834	TAG	923
EDO45832	TGA	535
EDO35197	TAA	128
EDO35691	TGA	355
EDO35674	TGA	537
EDO35694	TAA	356
EDO35675	TGA	1586
EDO49596	TAG	161
EDO47841	TAG	56
EDO47837	TAG	446
EDO47759	TAA	841
EDO46898	TGA	1246
EDO48273	TGA	1290
EDO40239	TGA	747
EDO39201	TGA	121
EDO27595	TAA	1162
EDO48339	TGA	35
EDO47194	TAA	812
EDO45932	TGA	108
EDO45998	TAG	536
EDO35444	TAG	540
EDO35435	TAG	565
EDO48169	TGA	149
EDO31082	TGA	546
EDO31162	TAA	117
EDO31089	TAG	205
EDO49736	TAA	333
EDO43106	TGA	42
EDO30329	TGA	284
EDO31422	TAA	2734
EDO43288	TAA	349
EDO39925	TGA	173
EDO39884	TGA	411
EDO40288	TGA	248
EDO45093	TGA	820
EDO37927	TGA	534
EDO38236	TAG	1268
EDO33898	TAG	225
EDO32784	TAA	138
EDO29759	TAA	790
EDO44480	TAG	579
EDO44035	TAG	3498
EDO47046	TGA	378
EDO47118	TGA	586
EDO49285	TGA	423
EDO49149	TGA	813
EDO40484	TAA	1213
EDO40487	TAA	1385
EDO40488	TGA	2034
EDO33823	TGA	561
EDO33831	TAG	633
EDO33802	TGA	599
EDO37989	TAG	469
EDO35019	TAG	466
EDO35017	TAA	2687
EDO31983	TGA	24
EDO48238	TAA	432
EDO46203	TGA	680
EDO37284	TAG	462
EDO46202	TGA	330
EDO37268	TAG	186
EDO34944	TGA	1315
EDO43096	TAA	162
EDO43151	TAA	243
EDO43094	TGA	395
EDO43146	TGA	620
EDO43097	TAA	336
EDO35312	TAA	352
EDO35295	TGA	112
EDO35365	TAG	316
EDO42228	TAG	739
EDO36114	TAA	449
EDO36115	TAG	357
EDO36116	TAG	234
EDO32217	TAG	4022
EDO32195	TGA	111
EDO46871	TAG	425
EDO46937	TGA	596
EDO46873	TAG	2746
EDO32905	TAA	292
EDO37850	TAA	590
EDO49869	TAG	398
EDO49988	TGA	1445
EDO42848	TAA	410
EDO49989	TGA	171
EDO37243	TAA	1115
EDO36371	TGA	772
EDO36373	TAG	251
EDO47679	TAA	362
EDO36689	TAA	90
EDO47072	TGA	511
EDO40754	TAG	704
EDO40794	TAA	424
EDO40797	TAA	390
EDO39135	TAG	237
EDO45413	TAA	287
EDO39750	TGA	468
EDO38310	TAA	521
EDO34499	TGA	12
EDO40830	TAG	499
EDO49117	TAA	1080
EDO48567	TAA	298
EDO43083	TAG	221
EDO32240	TAA	196
EDO32229	TAA	252
EDO49309	TAG	311
EDO43057	TAA	206
EDO45210	TAG	740
EDO45208	TGA	161
EDO34999	TAA	119
EDO34984	TAG	1550
EDO34979	TGA	2149
EDO48811	TGA	156
EDO48706	TAG	598
EDO49049	TAA	241
EDO49053	TAG	630
EDO30534	TGA	207
EDO30523	TAG	1078
EDO48773	TAG	608
EDO37037	TGA	754
EDO37035	TAA	577
EDO31554	TGA	8
EDO36982	TGA	252
EDO30362	TAA	202
EDO34041	TGA	331
EDO34030	TGA	1175
EDO33998	TAA	386
EDO34000	TGA	151
EDO42841	TAA	884
EDO31427	TAA	367
EDO32681	TGA	395
EDO32666	TGA	462
EDO32758	TGA	58
EDO40161	TGA	471
EDO40163	TAA	334
EDO43846	TAG	212
EDO43777	TGA	399
EDO45333	TAA	711
EDO44785	TAA	1023
EDO38593	TAG	1116
EDO35730	TAG	530
EDO46264	TAG	1326
EDO46331	TAG	307
EDO43220	TGA	620
EDO37931	TAG	540
EDO43439	TGA	2352
EDO38878	TAG	315
EDO38874	TAG	667
EDO44662	TGA	356
EDO37657	TAA	1732
EDO37761	TAA	6064
EDO38896	TAG	723
EDO38890	TAG	642
EDO38894	TGA	1023
EDO42510	TAA	628
EDO43440	TGA	331
EDO43436	TGA	204
EDO33638	TGA	1001
EDO43804	TAA	311
EDO43803	TGA	229
EDO43880	TAG	452
EDO43805	TAA	78
EDO35198	TGA	36
EDO34153	TAA	45
EDO30397	TAG	652
EDO41334	TAA	277
EDO41333	TGA	85
EDO41330	TAA	251
EDO41369	TGA	371
EDO49617	TGA	333
EDO49856	TAG	782
EDO49852	TAA	70
EDO39570	TAG	308
EDO39534	TAG	1820
EDO39533	TAA	1078
EDO39563	TAA	315
EDO40950	TAG	781
EDO33080	TAA	286
EDO47498	TGA	399
EDO47743	TAG	288
EDO40994	TAA	1594
EDO40930	TAG	1846
EDO30796	TGA	345
EDO33653	TAG	681
EDO33640	TAA	86
EDO33648	TGA	252
EDO33676	TGA	231
EDO47148	TAA	1153
EDO40601	TAG	337
EDO37645	TAA	651
EDO44614	TAG	124
EDO44605	TAG	385
EDO32085	TGA	1238
EDO38446	TAG	915
EDO30421	TAG	1092
EDO36141	TAG	330
EDO27766	TGA	50
EDO42049	TGA	235
EDO42153	TAG	161
EDO41674	TAG	495
EDO41676	TAG	131
EDO41653	TAG	189
EDO49074	TAG	288
EDO33620	TGA	2340
EDO40017	TAA	625
EDO40062	TAG	388
EDO41804	TAG	195
EDO41840	TGA	637
EDO40854	TAA	341
EDO29665	TAG	57
EDO29626	TGA	673
EDO29644	TGA	298
EDO35021	TAG	1399
EDO46062	TAG	47
EDO31713	TAA	818
EDO47272	TGA	258
EDO33074	TAA	303
EDO36244	TAA	227
EDO36221	TAG	507
EDO36245	TAA	198
EDO36240	TGA	684
EDO36241	TGA	350
EDO34436	TGA	300
EDO34416	TGA	595
EDO34419	TAA	215
EDO34435	TGA	693
EDO34289	TAA	1010
EDO32382	TAG	649
EDO32401	TAG	585
EDO32368	TAA	348
EDO32505	TAG	740
EDO48677	TAG	342
EDO48785	TAA	59
EDO43738	TAA	166
EDO43736	TAA	322
EDO46826	TAG	223
EDO46825	TGA	1432
EDO49115	TGA	749
EDO49844	TGA	1156
EDO38340	TAA	54
EDO41960	TAG	298
EDO41998	TGA	668
EDO47227	TAA	866
EDO42413	TGA	242
EDO43377	TAA	2990
EDO38435	TGA	609
EDO40744	TAA	21
EDO37107	TGA	1108
EDO38407	TGA	660
EDO38429	TAG	309
EDO38426	TGA	224
EDO38431	TGA	516
EDO40866	TGA	485
EDO44706	TAA	403
EDO40261	TAG	519
EDO37499	TGA	907
EDO36089	TGA	473
EDO32166	TAG	225
EDO44001	TAA	494
EDO31849	TGA	930
EDO31046	TGA	519
EDO48860	TGA	406
EDO48861	TGA	565
EDO31057	TAA	1032
EDO48863	TGA	275
EDO48864	TGA	1270
EDO49058	TAA	128
EDO48943	TGA	19
EDO41274	TGA	359
EDO41746	TAA	42
EDO41821	TGA	387
EDO41824	TAA	612
EDO45472	TGA	688
EDO49744	TGA	397
EDO47830	TGA	478
EDO28560	TAG	495
EDO37253	TAG	927
EDO37258	TAA	1763
EDO41562	TAA	448
EDO34860	TAG	2757
EDO34608	TAA	410
EDO45180	TAA	848
EDO45178	TGA	26
EDO44245	TGA	52
EDO49955	TGA	262
EDO44294	TGA	499
EDO44296	TAA	762
EDO44297	TGA	649
EDO44243	TGA	168
EDO33837	TGA	196
EDO27012	TAG	47
EDO47718	TAG	290
EDO47637	TGA	596
EDO35893	TAG	671
EDO35905	TAA	564
EDO35888	TGA	560
EDO32774	TAG	67
EDO32791	TAA	418
EDO32790	TAA	772
EDO32772	TAA	1076
EDO42922	TAG	250
EDO49332	TGA	53
EDO44220	TGA	1079
EDO35742	TAA	1256
EDO45776	TAG	873
EDO42382	TAA	612
EDO31403	TGA	55
EDO29170	TAA	1171
EDO36182	TGA	77
EDO38964	TGA	417
EDO39587	TGA	302
EDO39583	TGA	92
EDO37213	TAA	1505
EDO37815	TGA	157
EDO38746	TGA	849
EDO38700	TAG	979
EDO38739	TAA	110
EDO34699	TGA	685
EDO46861	TAG	713
EDO45468	TAA	518
EDO45478	TAA	555
EDO43925	TAA	710
EDO43994	TAA	460
EDO46680	TGA	238
EDO46682	TAG	677
EDO46723	TAA	491
EDO33098	TAA	403
EDO33105	TAA	454
EDO33082	TGA	46
EDO28570	TGA	40
EDO42474	TAA	361
EDO42475	TAA	214
EDO42423	TAG	80
EDO42428	TGA	945
EDO49227	TGA	1134
EDO40747	TAA	155
EDO40630	TAG	133
EDO49083	TAA	533
EDO47569	TAA	435
EDO33948	TAA	295
EDO28552	TGA	704
EDO34277	TGA	523
EDO34320	TAG	1056
EDO34317	TAG	358
EDO34322	TAA	201
EDO34321	TGA	474
EDO34314	TGA	785
EDO43911	TAG	333
EDO33758	TGA	497
EDO49817	TAA	708
EDO49699	TGA	485
EDO42969	TAA	41
EDO42857	TAA	168
EDO39945	TAA	73
EDO39944	TAA	397
EDO31482	TAG	329
EDO46056	TAG	783
EDO46060	TAG	1295
EDO44060	TAA	742
EDO37093	TAG	912
EDO32026	TAA	202
EDO37094	TGA	165
EDO42491	TGA	450
EDO47893	TAA	3
EDO44081	TGA	328
EDO30325	TAA	310
EDO40947	TGA	57
EDO37895	TAG	238
EDO32013	TAA	565
EDO33681	TGA	845
EDO39954	TGA	515
EDO39969	TGA	603
EDO38045	TAA	1646
EDO45527	TAG	463
EDO46289	TGA	202
EDO37004	TAG	354
EDO37021	TAG	1375
EDO45737	TGA	432
EDO48498	TGA	219
EDO32529	TAG	151
EDO39140	TGA	1312
EDO39164	TGA	148
EDO39098	TAA	801
EDO39165	TAG	116
EDO44999	TAG	465
EDO32068	TGA	90
EDO47327	TAA	325
EDO49056	TAA	124
EDO48936	TAG	528
EDO31120	TAA	701
EDO39433	TAG	146
EDO46744	TAA	221
EDO46006	TGA	1296
EDO45920	TGA	972
EDO46372	TAA	462
EDO34592	TAG	777
EDO34593	TGA	124
EDO41716	TAA	87
EDO43631	TGA	4
EDO36398	TAG	623
EDO36428	TGA	621
EDO36450	TAG	761
EDO46421	TGA	326
EDO34346	TAA	1131
EDO30123	TGA	2221
EDO31800	TAG	287
EDO38753	TAG	402
EDO38749	TGA	40
EDO38726	TAG	239
EDO36846	TGA	378
EDO42214	TAA	1319
EDO42213	TAA	1030
EDO35867	TAG	55
EDO39252	TGA	6258
EDO30783	TGA	43
EDO48908	TAG	815
EDO39835	TGA	618
EDO41912	TAG	433
EDO46471	TAG	456
EDO45536	TGA	38
EDO45769	TAG	93
EDO45599	TGA	1447
EDO45775	TGA	692
EDO49152	TAA	977
EDO34913	TAA	96
EDO36043	TGA	765
EDO36083	TAA	358
EDO43819	TAA	505
EDO43882	TGA	629
EDO43883	TAA	150
EDO43820	TAA	307
EDO35726	TGA	156
EDO32419	TAA	1293
EDO49529	TAG	736
EDO49431	TAA	931
EDO34083	TAA	494
EDO43363	TAA	442
EDO49916	TAA	553
EDO48461	TGA	1379
EDO41587	TAG	203
EDO48565	TAA	221
EDO32655	TGA	1274
EDO32609	TAA	136
EDO32611	TAA	294
EDO40011	TAG	593
EDO39847	TGA	139
EDO48646	TGA	513
EDO48548	TAA	801
EDO35915	TAG	1397
EDO34457	TAG	341
EDO34366	TGA	84
EDO46598	TAG	1240
EDO42199	TAG	300
EDO39657	TAG	227
EDO49724	TGA	333
EDO49721	TAA	144
EDO39171	TAG	1433
EDO49625	TGA	141
EDO45265	TAG	793
EDO47448	TAG	1027
EDO33340	TAG	902
EDO31652	TAA	125
EDO37570	TGA	364
EDO42369	TGA	396
EDO37547	TGA	158
EDO43657	TGA	269
EDO39937	TAG	970
EDO39978	TGA	132
EDO49506	TAA	262
EDO43034	TGA	1106
EDO40512	TAA	503
EDO39565	TGA	308
EDO39562	TGA	894
EDO41913	TAA	294
EDO41866	TGA	94
EDO41862	TGA	19
EDO37567	TAG	7316
EDO37543	TAG	203
EDO37542	TGA	594
EDO41463	TAA	278
EDO41465	TGA	1318
EDO41462	TAG	106
EDO37759	TAA	107
EDO37762	TAA	859
EDO49797	TAA	356
EDO48932	TGA	581
EDO43415	TAG	146
EDO49766	TGA	671
EDO47789	TAA	118
EDO47793	TAG	642
EDO47786	TGA	100
EDO42699	TAG	1056
EDO35663	TAA	737
EDO32559	TGA	250
EDO32555	TGA	342
EDO32583	TAG	135
EDO40345	TAA	616
EDO40316	TGA	464
EDO43734	TGA	164
EDO42202	TGA	63
EDO49756	TAA	58
EDO27045	TGA	3481
EDO27174	TAG	279
EDO36871	TGA	694
EDO36841	TAG	693
EDO31705	TAA	98
EDO46073	TAA	294
EDO35013	TGA	197
EDO39401	TAA	410
EDO29578	TAG	1944
EDO44590	TGA	482
EDO44525	TAG	373
EDO45344	TAA	887
EDO38006	TAA	238
EDO38057	TGA	218
EDO38058	TGA	1083
EDO38079	TAA	1031
EDO38059	TGA	382
EDO45336	TGA	705
EDO40902	TAG	928
EDO37992	TGA	179
EDO46962	TGA	950
EDO33910	TGA	180
EDO36796	TGA	114
EDO29435	TGA	256
EDO29422	TGA	108
EDO44458	TAG	207
EDO44454	TAA	659
EDO44451	TAG	1936
EDO42590	TGA	1445
EDO44648	TAG	759
EDO31716	TGA	112
EDO44586	TGA	423
EDO44394	TGA	207
EDO44466	TGA	522
EDO32810	TAA	225
EDO32794	TAA	207
EDO33469	TGA	81
EDO47088	TAG	1204
EDO47017	TGA	689
EDO47021	TAA	334
EDO39292	TGA	226
EDO39317	TGA	432
EDO40413	TAA	224
EDO40381	TAG	506
EDO48680	TAG	2482
EDO45157	TGA	576
EDO33838	TGA	152
EDO40659	TAA	134
EDO46183	TGA	211
EDO46249	TGA	1476
EDO46180	TAG	95
EDO31685	TAA	462
EDO31708	TAA	290
EDO31706	TAG	146
EDO41813	TAA	536
EDO35342	TGA	941
EDO35358	TAG	344
EDO35339	TAG	1410
EDO35359	TAG	301
EDO38656	TAA	655
EDO45236	TAA	1166
EDO45692	TAG	428
EDO33009	TAG	141
EDO49671	TAA	161
EDO32015	TGA	277
EDO36991	TAG	3599
EDO37199	TAG	43
EDO37201	TAA	71
EDO42346	TAA	251
EDO42380	TAG	428
EDO42338	TAA	469
EDO37003	TGA	278
EDO39601	TAA	549
EDO40782	TGA	657
EDO39141	TAA	168
EDO43910	TGA	184
EDO38136	TAG	89
EDO45250	TAG	1520
EDO46169	TAG	1897
EDO43357	TGA	199
EDO38585	TAG	76
EDO38580	TGA	181
EDO32709	TGA	69
EDO32703	TGA	2094
EDO42625	TGA	370
EDO32183	TGA	74
EDO47468	TAG	895
EDO41360	TAG	413
EDO45442	TGA	496
EDO45244	TAA	207
EDO45183	TAG	414
EDO43207	TGA	1003
EDO34953	TAG	424
EDO34902	TAA	77
EDO34903	TAA	310
EDO34912	TGA	253
EDO30816	TAG	540
EDO30836	TAA	728
EDO48733	TGA	380
EDO48739	TGA	1027
EDO48630	TAG	567
EDO48632	TGA	304
EDO48637	TAA	206
EDO31161	TAG	929
EDO49219	TAG	522
EDO49339	TAA	201
EDO48869	TGA	1182
EDO49016	TAG	366
EDO46453	TAG	74
EDO40298	TAG	233
EDO31674	TGA	242
EDO31669	TAA	7
EDO37088	TAG	172
EDO37080	TAG	326
EDO37054	TAA	51
EDO44602	TGA	517
EDO42280	TGA	342
EDO45516	TAA	1030
EDO48370	TGA	276
EDO31843	TGA	1282
EDO31745	TAG	4109
EDO31804	TGA	145
EDO45225	TAA	2356
EDO37070	TAG	393
EDO37040	TAA	291
EDO42825	TAA	558
EDO42822	TGA	921
EDO42058	TAG	779
EDO35670	TAA	727
EDO46494	TAA	252
EDO49961	TAA	464
EDO42011	TAG	583
EDO43656	TAG	375
EDO38947	TGA	415
EDO44937	TGA	455
EDO44936	TAA	482
EDO44235	TAA	342
EDO37728	TGA	641
EDO37721	TAA	463
EDO37741	TAA	189
EDO40200	TAG	716
EDO40204	TAG	480
EDO47777	TAA	1065
EDO31495	TAG	157
EDO38991	TAA	189
EDO36600	TAG	356
EDO36584	TGA	302
EDO43463	TGA	265
EDO43464	TAA	354
EDO43523	TAA	152
EDO35524	TAG	627
EDO35539	TGA	523
EDO31547	TAA	1695
EDO43339	TAG	327
EDO32415	TGA	271
EDO32409	TAA	1562
EDO32425	TGA	34
EDO32422	TAA	166
EDO32424	TGA	583
EDO39421	TAG	5387
EDO49235	TGA	263
EDO39386	TGA	329
EDO39514	TAA	570
EDO48555	TAA	429
EDO49891	TAG	327
EDO48426	TAA	802
EDO50015	TAG	449
EDO36135	TGA	197
EDO40988	TAG	129
EDO46712	TAA	223
EDO33624	TAG	630
EDO33645	TAA	3392
EDO33646	TAG	464
EDO42175	TAG	387
EDO39880	TAG	703
EDO39919	TGA	283
EDO30699	TAG	503
EDO39754	TAA	1476
EDO45156	TAG	422
EDO40603	TAA	558
EDO47728	TGA	372
EDO33621	TGA	113
EDO38566	TAG	260
EDO38567	TAA	880
EDO33573	TAA	312
EDO46530	TAG	770
EDO27362	TGA	350
EDO39609	TGA	907
EDO39637	TAA	1320
EDO44697	TAG	294
EDO44523	TAA	426
EDO44589	TAA	1069
EDO31222	TAA	186
EDO43810	TAG	214
EDO37821	TAG	109
EDO28227	TAA	488
EDO49095	TGA	153
EDO41564	TAG	2116
EDO41563	TGA	274
EDO37953	TAA	580
EDO37982	TAA	182
EDO38050	TAA	187
EDO48071	TGA	476
EDO38440	TGA	128
EDO33525	TAA	652
EDO29675	TAG	264
EDO34424	TGA	713
EDO34439	TAG	802
EDO43233	TGA	416
EDO34385	TAA	849
EDO34400	TAG	2010
EDO34401	TGA	831
EDO45715	TAG	298
EDO34295	TAG	42
EDO34311	TGA	942
EDO32842	TGA	331
EDO32837	TAG	555
EDO46764	TAG	231
EDO46824	TGA	213
EDO46766	TGA	165
EDO46767	TAA	298
EDO34752	TAA	471
EDO41552	TAA	1275
EDO49443	TAA	1040
EDO49559	TGA	158
EDO49563	TGA	489
EDO41130	TAA	424
EDO41131	TGA	100
EDO48217	TAG	303
EDO49872	TAG	711
EDO36317	TAG	3082
EDO44295	TAA	241
EDO34581	TGA	508
EDO40774	TGA	480
EDO39216	TAA	969
EDO39228	TAA	173
EDO40875	TAG	65
EDO40799	TGA	214
EDO38104	TAG	694
EDO38072	TGA	30
EDO34536	TGA	442
EDO38393	TAG	52
EDO38479	TAA	710
EDO28837	TAA	507
EDO38994	TAA	188
EDO37274	TGA	56
EDO43893	TAG	903
EDO43892	TGA	101
EDO43889	TAG	300
EDO44063	TGA	377
EDO33319	TAA	1460
EDO33351	TGA	694
EDO33312	TAA	70
EDO47225	TGA	589
EDO38691	TAA	248
EDO43016	TAG	418
EDO47226	TAA	40
EDO36637	TAA	278
EDO32539	TAA	229
EDO48822	TGA	474
EDO49091	TAG	182
EDO49092	TGA	1287
EDO37138	TAG	691
EDO31530	TGA	1156
EDO31515	TAA	462
EDO31516	TAG	837
EDO47772	TGA	144
EDO34558	TGA	316
EDO36896	TGA	438
EDO36875	TGA	621
EDO36902	TGA	733
EDO36904	TAG	646
EDO32506	TGA	432
EDO33310	TAA	903
EDO34099	TGA	62
EDO44389	TAG	53
EDO30450	TAG	781
EDO32700	TAA	246
EDO35909	TAG	891
EDO35852	TAG	491
EDO32660	TAG	14
EDO32662	TGA	426
EDO40974	TAA	839
EDO44750	TAG	488
EDO37307	TAG	548
EDO49571	TAA	226
EDO42121	TGA	369
EDO44827	TGA	965
EDO44029	TAA	331
EDO47457	TAA	120
EDO39703	TGA	467
EDO39670	TAA	236
EDO39572	TAG	206
EDO39618	TAA	532
EDO39621	TGA	1017
EDO37817	TAG	1275
EDO38652	TAG	681
EDO40779	TGA	95
EDO45873	TGA	597
EDO38860	TAG	137
EDO38856	TAA	1096
EDO38398	TGA	569
EDO31445	TAG	390
EDO45389	TAA	245
EDO45390	TGA	418
EDO35202	TGA	435
EDO35222	TAG	602
EDO33708	TGA	349
EDO41324	TAA	350
EDO41357	TAA	59
EDO32906	TAA	847
EDO30336	TAG	3313
EDO33073	TGA	334
EDO48321	TAA	253
EDO48314	TAA	154
EDO48313	TAA	28
EDO42482	TGA	622
EDO42484	TAA	135
EDO42487	TAG	680
EDO42436	TAA	454
EDO32615	TAA	44
EDO40951	TAA	765
EDO48193	TAA	738
EDO30907	TAA	296
EDO30946	TGA	1203
EDO30942	TAG	1166
EDO30911	TAA	566
EDO30921	TGA	1367
EDO36260	TGA	193
EDO48736	TAA	680
EDO38261	TGA	337
EDO38256	TGA	489
EDO38308	TAA	318
EDO36821	TAA	388
EDO36798	TGA	268
EDO43313	TAA	508
EDO43314	TAA	90
EDO34266	TGA	416
EDO34309	TAA	773
EDO45824	TGA	125
EDO34327	TGA	394
EDO34330	TAA	110
EDO34054	TGA	820
EDO31289	TGA	241
EDO43653	TAA	394
EDO43460	TAA	357
EDO43514	TAA	379
EDO33253	TAA	152
EDO36720	TAG	119
EDO46609	TAA	221
EDO46545	TAA	927
EDO26929	TAA	58
EDO42092	TGA	343
EDO42120	TAG	581
EDO42090	TGA	443
EDO42122	TGA	117
EDO34958	TAG	212
EDO40852	TAA	86
EDO40846	TGA	419
EDO40898	TGA	908
EDO40849	TAA	533
EDO40089	TAA	177
EDO34735	TAG	916
EDO39255	TGA	251
EDO39258	TAG	513
EDO39230	TAG	1095
EDO39166	TAA	36
EDO39167	TAG	386
EDO35060	TGA	401
EDO36171	TAA	403
EDO36147	TAG	600
EDO36174	TAG	448
EDO36151	TAA	1029
EDO47518	TAA	444
EDO43120	TAA	505
EDO43167	TAG	409
EDO35448	TGA	131
EDO31563	TAA	117
EDO47263	TAA	407
EDO47337	TAA	216
EDO47269	TAA	553
EDO47340	TAA	1795
EDO34882	TAA	667
EDO32265	TGA	477
EDO47060	TAA	637
EDO46923	TAA	81
EDO47140	TAA	315
EDO39347	TAA	1270
EDO39345	TAA	13
EDO30500	TGA	2199
EDO41774	TGA	1455
EDO49269	TGA	1040
EDO37714	TAG	603
EDO45909	TAA	173
EDO45841	TGA	80
EDO45722	TGA	313
EDO34649	TAA	91
EDO42040	TAA	123
EDO47190	TAG	153
EDO47192	TAG	360
EDO36435	TGA	916
EDO45605	TAA	273
EDO30481	TGA	1662
EDO41346	TGA	204
EDO38147	TGA	336
EDO39494	TAG	124
EDO44788	TAG	255
EDO44787	TAG	59
EDO35545	TAA	979
EDO36993	TAG	49
EDO36995	TGA	662
EDO36968	TAG	329
EDO46633	TAG	33
EDO38782	TAG	431
EDO48890	TGA	409
EDO49013	TAG	423
EDO30809	TAG	226
EDO30793	TAG	1020
EDO41807	TAA	393
EDO41837	TGA	760
EDO41801	TAA	395
EDO27014	TAA	47
EDO39815	TAG	966
EDO39845	TGA	263
EDO39842	TAA	820
EDO39848	TAG	379
EDO39819	TGA	673
EDO33452	TAA	447
EDO31003	TGA	667
EDO31007	TAG	898
EDO44630	TGA	490
EDO45539	TAA	872
EDO45608	TAA	230
EDO31221	TAA	258
EDO46382	TGA	220
EDO45289	TAG	339
EDO45226	TGA	461
EDO47540	TAG	708
EDO34707	TAA	2100
EDO42956	TGA	632
EDO41073	TGA	122
EDO32040	TAG	720
EDO41117	TGA	59
EDO32032	TGA	491
EDO44131	TAG	987
EDO44128	TGA	121
EDO47691	TGA	43
EDO43429	TGA	490
EDO47695	TAA	397
EDO47694	TAA	600
EDO32603	TAA	57
EDO44325	TGA	765
EDO40751	TAA	284
EDO40858	TGA	1277
EDO40871	TGA	705
EDO48500	TAG	641
EDO48610	TGA	244
EDO48613	TAA	781
EDO41534	TAG	313
EDO45864	TAA	652
EDO45797	TGA	355
EDO34691	TAG	505
EDO34710	TAA	616
EDO34658	TGA	945
EDO35965	TGA	1434
EDO35964	TAG	60
EDO48738	TGA	2387
EDO31988	TAA	397
EDO38982	TAA	25
EDO50058	TAG	646
EDO43956	TAG	569
EDO43898	TAG	670
EDO37251	TGA	134
EDO37177	TAA	566
EDO49193	TGA	273
EDO38631	TAA	566
EDO38646	TAG	712
EDO38718	TGA	340
EDO40717	TGA	550
EDO40745	TAG	1473
EDO32997	TAG	1007
EDO33993	TGA	228
EDO33329	TAG	462
EDO42302	TAG	408
EDO43761	TAA	131
EDO43827	TAA	661
EDO43826	TAA	216
EDO43830	TAG	494
EDO44507	TAA	564
EDO49417	TAG	576
EDO49512	TGA	380
EDO44861	TGA	231
EDO30731	TAG	104
EDO40606	TGA	349
EDO40605	TGA	233
EDO34863	TAG	672
EDO41628	TAA	724
EDO41627	TAA	286
EDO41584	TAA	979
EDO37888	TAG	784
EDO37876	TGA	314
EDO37875	TAG	431
EDO34575	TGA	414
EDO45712	TAG	1712
EDO47578	TAA	433
EDO35736	TGA	872
EDO41725	TAA	811
EDO45987	TAG	559
EDO45986	TGA	88
EDO45991	TGA	814
EDO49770	TAA	493
EDO49660	TAG	282
EDO47816	TAA	56
EDO47819	TAG	25
EDO47813	TGA	227
EDO49601	TGA	173
EDO32520	TAG	1460
EDO32519	TAG	759
EDO37379	TAA	332
EDO40014	TAA	1452
EDO42633	TGA	564
EDO42538	TAA	212
EDO42578	TAA	110
EDO36177	TAG	88
EDO36616	TAA	321
EDO36733	TAA	278
EDO37977	TGA	630
EDO37108	TAG	601
EDO35603	TAA	88
EDO35660	TGA	284
EDO43164	TAG	660
EDO44528	TAG	690
EDO44125	TGA	1902
EDO35840	TGA	130
EDO37750	TAG	1010
EDO40389	TAA	517
EDO41024	TAG	187
EDO47722	TAG	722
EDO39434	TGA	544
EDO38117	TAG	412
EDO38146	TGA	1046
EDO46131	TGA	242
EDO39074	TAG	938
EDO38960	TGA	515
EDO49560	TAA	571
EDO44973	TAA	89
EDO44972	TGA	404
EDO45041	TAG	1100
EDO44975	TAA	1629
EDO43144	TGA	602
EDO44313	TGA	1120
EDO37440	TGA	302
EDO44464	TAA	192
EDO33791	TAG	78
EDO31926	TGA	159
EDO47611	TAG	1003
EDO46994	TGA	430
EDO44082	TAA	93
EDO48966	TGA	96
EDO44026	TAA	3771
EDO42748	TAA	621
EDO42747	TGA	933
EDO42745	TAG	52
EDO42753	TAG	223
EDO42749	TGA	225
EDO33507	TGA	426
EDO33500	TAG	1543
EDO30965	TGA	997
EDO40404	TGA	235
EDO40361	TAG	421
EDO48800	TAA	50
EDO33953	TGA	231
EDO32223	TGA	1000
EDO46041	TAG	298
EDO41750	TAG	494
EDO46042	TAG	1543
EDO31954	TAG	274
EDO36222	TAA	77
EDO31765	TAA	140
EDO36281	TAA	97
EDO36276	TGA	70
EDO36292	TAA	1399
EDO30208	TGA	266
EDO30176	TAA	166
EDO35453	TGA	426
EDO35436	TAA	476
EDO45083	TAG	192
EDO37810	TAG	827
EDO40057	TGA	1216
EDO44660	TAA	895
EDO37225	TAG	399
EDO43356	TAG	385
EDO37246	TAA	193
EDO29878	TAA	635
EDO35798	TAA	269
EDO35846	TAG	773
EDO49125	TAG	862
EDO42367	TAA	707
EDO42940	TAG	684
EDO49248	TGA	30
EDO39238	TAA	496
EDO49129	TAA	845
EDO43928	TGA	124
EDO40710	TAA	576
EDO40737	TAA	1373
EDO47987	TAA	179
EDO47913	TGA	168
EDO44262	TGA	143
EDO37407	TGA	249
EDO49936	TAA	5650
EDO37116	TGA	253
EDO45906	TGA	581
EDO49266	TGA	1067
EDO36688	TAA	461
EDO38485	TAG	591
EDO42660	TAA	129
EDO43954	TGA	182
EDO45414	TAG	1350
EDO46957	TAA	2941
EDO43609	TGA	409
EDO30763	TGA	572
EDO47656	TAA	370
EDO47394	TGA	84
EDO35010	TGA	653
EDO35023	TAA	109
EDO41283	TGA	75
EDO41249	TGA	119
EDO48730	TGA	612
EDO48726	TGA	897
EDO48722	TAA	347
EDO38895	TGA	179
EDO48553	TAG	583
EDO41620	TGA	154
EDO39426	TAA	4317
EDO39409	TGA	746
EDO29185	TGA	506
EDO32117	TAA	630
EDO49151	TAG	784
EDO47577	TGA	615
EDO30580	TAA	538
EDO30589	TAA	561
EDO30587	TAA	94
EDO30586	TAA	447
EDO49623	TGA	138
EDO49621	TAA	404
EDO47546	TGA	1127
EDO38372	TAA	202
EDO38371	TAG	734
EDO33026	TAA	633
EDO34404	TGA	1049
EDO37475	TGA	915
EDO37473	TAG	633
EDO37472	TAG	764
EDO31677	TGA	2625
EDO31709	TAA	165
EDO42147	TGA	146
EDO38637	TAA	1034
EDO37618	TAA	1294
EDO46351	TGA	365
EDO46271	TGA	182
EDO43937	TAG	1426
EDO35289	TGA	730
EDO44803	TAA	202
EDO41380	TAG	1096
EDO41377	TAA	825
EDO37624	TGA	256
EDO37646	TGA	465
EDO45538	TAA	235
EDO39604	TGA	223
EDO39634	TGA	202
EDO39608	TGA	1694
EDO46272	TAG	24
EDO40250	TAG	11
EDO40293	TAG	39
EDO31402	TGA	250
EDO31407	TGA	452
EDO31394	TGA	430
EDO31384	TAG	223
EDO47401	TAG	515
EDO28328	TAA	396
EDO44919	TGA	419
EDO36475	TGA	350
EDO36455	TAA	417
EDO36479	TGA	137
EDO36481	TAA	190
EDO36483	TGA	994
EDO41093	TGA	566
EDO46586	TGA	656
EDO43459	TGA	1460
EDO43456	TGA	1035
EDO43515	TAG	1348
EDO43512	TGA	262
EDO49482	TGA	810
EDO48372	TAG	298
EDO39456	TAG	672
EDO27853	TAA	1124
EDO27834	TGA	861
EDO27858	TAG	418
EDO49871	TAG	173
EDO49867	TAG	606
EDO35206	TAG	3682
EDO36270	TGA	989
EDO36350	TAG	33
EDO36430	TAA	760
EDO36391	TAG	809
EDO35984	TAG	452
EDO31295	TAG	458
EDO42315	TAG	857
EDO39829	TGA	324
EDO39808	TAG	691
EDO39129	TAG	604
EDO40564	TGA	172
EDO38023	TGA	307
EDO38840	TAA	788
EDO44564	TGA	1479
EDO44558	TGA	225
EDO44624	TGA	409
EDO32029	TAG	142
EDO32037	TGA	873
EDO42627	TGA	479
EDO42668	TAA	817
EDO42626	TAG	275
EDO42669	TAA	309
EDO42628	TGA	4958
EDO42630	TAG	232
EDO42671	TAG	497
EDO32435	TGA	229
EDO44259	TAA	1372
EDO49168	TGA	919
EDO41738	TAA	244
EDO41785	TAG	179
EDO41784	TGA	34
EDO41788	TAA	499
EDO49030	TAA	630
EDO49029	TAG	755
EDO49921	TAA	103
EDO35111	TAG	482
EDO49515	TGA	1422
EDO33547	TAA	40
EDO47917	TGA	508
EDO37323	TAG	652
EDO34981	TAG	2519
EDO34482	TAA	499
EDO29879	TAA	274
EDO46966	TAA	172
EDO46889	TGA	771
EDO45902	TGA	1122
EDO32882	TAG	528
EDO32868	TAG	188
EDO49643	TGA	982
EDO40979	TAG	172
EDO38105	TGA	872
EDO38095	TAG	281
EDO42485	TGA	164
EDO37361	TAG	165
EDO39296	TAA	236
EDO38324	TGA	965
EDO47070	TAA	505
EDO45425	TAG	1159
EDO40860	TAA	206
EDO40904	TGA	522
EDO47788	TGA	396
EDO40823	TAA	1214
EDO40821	TAA	475
EDO46178	TGA	1203
