MGP_DBA2J_T0028404	TAG	443
MGP_DBA2J_T0032647	TGA	452
MGP_DBA2J_T0032640	TGA	1263
MGP_DBA2J_T0023333	TAA	1724
MGP_DBA2J_T0089850	TAG	348
MGP_DBA2J_T0036288	TAA	73
MGP_DBA2J_T0067290	TGA	738
MGP_DBA2J_T0067288	TGA	738
MGP_DBA2J_T0067289	TGA	738
MGP_DBA2J_T0061917	TAA	267
MGP_DBA2J_T0093041	TAG	299
MGP_DBA2J_T0085170	TAA	4
MGP_DBA2J_T0071173	TGA	314
MGP_DBA2J_T0071170	TGA	619
MGP_DBA2J_T0046378	TGA	493
MGP_DBA2J_T0026379	TAG	649
MGP_DBA2J_T0057508	TGA	264
MGP_DBA2J_T0026693	TAG	1499
MGP_DBA2J_T0056961	TAG	794
MGP_DBA2J_T0056960	TAG	794
MGP_DBA2J_T0072358	TGA	38
MGP_DBA2J_T0097645	TAA	1245
MGP_DBA2J_T0025831	TGA	49
MGP_DBA2J_T0022698	TGA	3889
MGP_DBA2J_T0054815	TGA	2103
MGP_DBA2J_T0054814	TGA	2104
MGP_DBA2J_T0054816	TGA	2101
MGP_DBA2J_T0068894	TGA	97
MGP_DBA2J_T0087739	TGA	491
MGP_DBA2J_T0026559	TGA	72
MGP_DBA2J_T0032050	TGA	376
MGP_DBA2J_T0063269	TGA	705
MGP_DBA2J_T0032997	TAG	2204
MGP_DBA2J_T0021192	TGA	48
MGP_DBA2J_T0054381	TGA	2527
MGP_DBA2J_T0083967	TAG	873
MGP_DBA2J_T0083966	TAG	873
MGP_DBA2J_T0037254	TAA	2406
MGP_DBA2J_T0068420	TGA	1221
MGP_DBA2J_T0080286	TAG	38
MGP_DBA2J_T0071695	TAG	483
MGP_DBA2J_T0046987	TAG	373
MGP_DBA2J_T0020837	TAG	127
MGP_DBA2J_T0020842	TAG	128
MGP_DBA2J_T0097179	TGA	48
MGP_DBA2J_T0097178	TGA	297
MGP_DBA2J_T0002452	TGA	202
MGP_DBA2J_T0021967	TAG	321
MGP_DBA2J_T0021970	TAG	97
MGP_DBA2J_T0065781	TAG	730
MGP_DBA2J_T0057479	TAA	618
MGP_DBA2J_T0057482	TAA	323
MGP_DBA2J_T0084560	TAA	718
MGP_DBA2J_T0032515	TAG	253
MGP_DBA2J_T0019215	TAG	881
MGP_DBA2J_T0011734	TGA	294
MGP_DBA2J_T0011728	TAA	87
MGP_DBA2J_T0011743	TGA	1221
MGP_DBA2J_T0011727	TGA	358
MGP_DBA2J_T0029701	TAG	692
MGP_DBA2J_T0041757	TAA	1484
MGP_DBA2J_T0034997	TAA	525
MGP_DBA2J_T0034995	TAA	529
MGP_DBA2J_T0035005	TAA	525
MGP_DBA2J_T0035000	TAA	525
MGP_DBA2J_T0034999	TAA	525
MGP_DBA2J_T0049262	TAG	286
MGP_DBA2J_T0023723	TGA	164
MGP_DBA2J_T0072705	TAA	799
MGP_DBA2J_T0025449	TAG	760
MGP_DBA2J_T0053388	TAG	1756
MGP_DBA2J_T0089012	TAG	721
MGP_DBA2J_T0089007	TGA	1314
MGP_DBA2J_T0034255	TGA	1155
MGP_DBA2J_T0094939	TGA	371
MGP_DBA2J_T0024508	TGA	279
MGP_DBA2J_T0011705	TGA	310
MGP_DBA2J_T0011708	TAA	122
MGP_DBA2J_T0011718	TAA	331
MGP_DBA2J_T0057098	TGA	1204
MGP_DBA2J_T0045829	TGA	39
MGP_DBA2J_T0081942	TGA	227
MGP_DBA2J_T0042108	TGA	624
MGP_DBA2J_T0036279	TAA	76
MGP_DBA2J_T0029532	TAA	585
MGP_DBA2J_T0029533	TAA	585
MGP_DBA2J_T0074653	TAA	204
MGP_DBA2J_T0039419	TGA	212
MGP_DBA2J_T0090089	TAA	114
MGP_DBA2J_T0037281	TGA	252
MGP_DBA2J_T0091458	TGA	85
MGP_DBA2J_T0020479	TAG	229
MGP_DBA2J_T0072536	TAG	1174
MGP_DBA2J_T0039963	TGA	445
MGP_DBA2J_T0087627	TAA	3353
MGP_DBA2J_T0087631	TAA	1540
MGP_DBA2J_T0087630	TAA	3353
MGP_DBA2J_T0066523	TAA	22
MGP_DBA2J_T0026734	TAA	22
MGP_DBA2J_T0091606	TAG	1732
MGP_DBA2J_T0090303	TGA	4301
MGP_DBA2J_T0094710	TGA	3623
MGP_DBA2J_T0037970	TGA	1072
MGP_DBA2J_T0065882	TGA	135
MGP_DBA2J_T0029132	TGA	172
MGP_DBA2J_T0060181	TGA	1887
MGP_DBA2J_T0077124	TAG	1189
MGP_DBA2J_T0086500	TAG	111
MGP_DBA2J_T0025940	TGA	20
MGP_DBA2J_T0066199	TAG	588
MGP_DBA2J_T0070337	TAG	1366
MGP_DBA2J_T0084677	TGA	497
MGP_DBA2J_T0055459	TAA	46
MGP_DBA2J_T0038914	TGA	558
MGP_DBA2J_T0080518	TAG	1837
MGP_DBA2J_T0046081	TGA	87
MGP_DBA2J_T0046082	TGA	73
MGP_DBA2J_T0018685	TAA	1130
