HORVU.MOREX.r2.3HG0219680.1.mrna1	TAA	245
HORVU.MOREX.r2.7HG0586510.1.mrna1	TAA	290
HORVU.MOREX.r2.3HG0246140.1.mrna1	TGA	86
HORVU.MOREX.r2.5HG0402910.1.mrna1	TAG	390
HORVU.MOREX.r2.3HG0263970.1.mrna1	TAA	153
HORVU.MOREX.r2.2HG0080090.1.mrna1	TAG	427
HORVU.MOREX.r2.5HG0430990.1.mrna1	TGA	317
HORVU.MOREX.r2.2HG0152500.1.mrna1	TGA	357
HORVU.MOREX.r2.1HG0035070.1.mrna1	TAA	121
HORVU.MOREX.r2.UnG0628190.1.mrna1	TAA	26
HORVU.MOREX.r2.6HG0460760.1.mrna1	TGA	618
HORVU.MOREX.r2.1HG0063430.1.mrna1	TAG	208
HORVU.MOREX.r2.UnG0634810.1.mrna1	TGA	414
HORVU.MOREX.r2.3HG0247510.1.mrna1	TGA	364
HORVU.MOREX.r2.3HG0270530.1.mrna1	TAG	203
HORVU.MOREX.r2.7HG0539880.1.mrna1	TGA	862
HORVU.MOREX.r2.3HG0247590.1.mrna1	TAG	746
HORVU.MOREX.r2.6HG0506310.1.mrna1	TAG	208
HORVU.MOREX.r2.7HG0618450.1.mrna1	TAG	174
HORVU.MOREX.r2.2HG0100720.1.mrna1	TGA	264
HORVU.MOREX.r2.5HG0353630.1.mrna1	TGA	332
HORVU.MOREX.r2.5HG0414360.1.mrna1	TAA	587
HORVU.MOREX.r2.5HG0411070.1.mrna1	TGA	23
HORVU.MOREX.r2.3HG0220640.1.mrna1	TGA	79
HORVU.MOREX.r2.6HG0523300.1.mrna1	TGA	686
HORVU.MOREX.r2.6HG0495670.1.mrna1	TGA	124
HORVU.MOREX.r2.1HG0029330.1.mrna1	TGA	182
HORVU.MOREX.r2.5HG0443300.1.mrna1	TAA	382
HORVU.MOREX.r2.2HG0164320.1.mrna1	TAG	222
HORVU.MOREX.r2.6HG0456000.1.mrna1	TGA	10
HORVU.MOREX.r2.5HG0436620.1.mrna1	TGA	65
HORVU.MOREX.r2.6HG0492060.1.mrna1	TGA	763
HORVU.MOREX.r2.7HG0616840.1.mrna1	TGA	1151
HORVU.MOREX.r2.4HG0329240.1.mrna1	TAA	262
HORVU.MOREX.r2.4HG0322530.1.mrna1	TGA	115
HORVU.MOREX.r2.1HG0017720.1.mrna1	TAG	211
HORVU.MOREX.r2.3HG0264210.1.mrna1	TAA	527
HORVU.MOREX.r2.1HG0037560.1.mrna1	TAG	194
HORVU.MOREX.r2.2HG0098770.1.mrna1	TGA	82
HORVU.MOREX.r2.2HG0149710.1.mrna1	TAG	263
HORVU.MOREX.r2.UnG0626710.1.mrna1	TAG	103
HORVU.MOREX.r2.3HG0204970.1.mrna1	TAA	329
HORVU.MOREX.r2.7HG0573460.1.mrna1	TAG	407
HORVU.MOREX.r2.3HG0187700.1.mrna1	TGA	494
HORVU.MOREX.r2.5HG0441950.1.mrna1	TAG	97
HORVU.MOREX.r2.6HG0516070.1.mrna1	TGA	330
HORVU.MOREX.r2.1HG0067660.1.mrna1	TGA	724
HORVU.MOREX.r2.1HG0048560.1.mrna1	TAG	113
HORVU.MOREX.r2.5HG0445650.1.mrna1	TGA	211
HORVU.MOREX.r2.5HG0384920.1.mrna1	TGA	8
HORVU.MOREX.r2.3HG0218410.1.mrna1	TGA	211
HORVU.MOREX.r2.5HG0399700.1.mrna1	TAG	253
HORVU.MOREX.r2.3HG0236680.1.mrna1	TAA	56
HORVU.MOREX.r2.7HG0577890.1.mrna1	TGA	111
HORVU.MOREX.r2.7HG0575420.1.mrna1	TAA	65
HORVU.MOREX.r2.5HG0436540.1.mrna1	TGA	161
HORVU.MOREX.r2.7HG0571430.1.mrna1	TAA	221
HORVU.MOREX.r2.2HG0175950.1.mrna1	TGA	2014
HORVU.MOREX.r2.UnG0624920.1.mrna1	TAA	344
HORVU.MOREX.r2.2HG0169260.1.mrna1	TGA	478
HORVU.MOREX.r2.2HG0175500.1.mrna1	TAG	163
HORVU.MOREX.r2.5HG0437280.1.mrna1	TAA	615
HORVU.MOREX.r2.UnG0629040.1.mrna1	TAG	3468
HORVU.MOREX.r2.2HG0176640.1.mrna1	TAG	218
HORVU.MOREX.r2.4HG0346210.1.mrna1	TGA	584
HORVU.MOREX.r2.4HG0313950.1.mrna1	TAA	662
HORVU.MOREX.r2.2HG0172750.1.mrna1	TAG	455
HORVU.MOREX.r2.1HG0071630.1.mrna1	TGA	380
HORVU.MOREX.r2.3HG0237250.1.mrna1	TGA	272
HORVU.MOREX.r2.2HG0148990.1.mrna1	TGA	396
HORVU.MOREX.r2.2HG0172260.1.mrna1	TAA	1372
HORVU.MOREX.r2.1HG0075020.1.mrna1	TGA	317
HORVU.MOREX.r2.7HG0553580.1.mrna1	TGA	463
HORVU.MOREX.r2.5HG0447450.1.mrna1	TGA	986
HORVU.MOREX.r2.UnG0634890.1.mrna1	TGA	414
HORVU.MOREX.r2.2HG0137310.1.mrna1	TGA	184
HORVU.MOREX.r2.1HG0002120.1.mrna1	TAA	254
HORVU.MOREX.r2.5HG0388610.1.mrna1	TAA	597
HORVU.MOREX.r2.7HG0559750.1.mrna1	TGA	2560
HORVU.MOREX.r2.3HG0219040.1.mrna1	TGA	53
HORVU.MOREX.r2.7HG0571580.1.mrna1	TGA	1933
HORVU.MOREX.r2.4HG0328720.1.mrna1	TGA	103
HORVU.MOREX.r2.1HG0009710.1.mrna1	TGA	226
HORVU.MOREX.r2.1HG0078470.1.mrna1	TAA	186
HORVU.MOREX.r2.3HG0191970.1.mrna1	TAA	32
HORVU.MOREX.r2.3HG0224550.1.mrna1	TAA	195
HORVU.MOREX.r2.1HG0013300.1.mrna1	TAA	862
HORVU.MOREX.r2.3HG0238290.1.mrna1	TAG	589
HORVU.MOREX.r2.5HG0431610.1.mrna1	TAG	556
HORVU.MOREX.r2.3HG0188100.1.mrna1	TAA	88
HORVU.MOREX.r2.4HG0342610.1.mrna1	TAA	559
HORVU.MOREX.r2.2HG0173160.1.mrna1	TGA	175
HORVU.MOREX.r2.6HG0497870.1.mrna1	TAG	110
HORVU.MOREX.r2.2HG0089690.1.mrna1	TGA	74
HORVU.MOREX.r2.3HG0206700.1.mrna1	TGA	1486
HORVU.MOREX.r2.4HG0340530.1.mrna1	TGA	281
HORVU.MOREX.r2.3HG0185660.1.mrna1	TGA	389
HORVU.MOREX.r2.7HG0535000.1.mrna1	TAA	533
HORVU.MOREX.r2.4HG0300500.1.mrna1	TAA	353
HORVU.MOREX.r2.3HG0275490.1.mrna1	TGA	404
HORVU.MOREX.r2.5HG0443920.1.mrna1	TGA	186
HORVU.MOREX.r2.3HG0236570.1.mrna1	TGA	184
HORVU.MOREX.r2.UnG0635690.1.mrna1	TAA	299
HORVU.MOREX.r2.7HG0554860.1.mrna1	TGA	743
HORVU.MOREX.r2.6HG0451120.1.mrna1	TGA	377
HORVU.MOREX.r2.5HG0428590.1.mrna1	TGA	185
HORVU.MOREX.r2.6HG0469740.1.mrna1	TAG	1179
HORVU.MOREX.r2.3HG0269580.1.mrna1	TAA	510
HORVU.MOREX.r2.7HG0616910.1.mrna1	TGA	330
HORVU.MOREX.r2.6HG0485110.1.mrna1	TAA	1514
HORVU.MOREX.r2.2HG0178920.1.mrna1	TGA	1304
HORVU.MOREX.r2.6HG0522930.1.mrna1	TGA	452
HORVU.MOREX.r2.1HG0037840.1.mrna1	TAA	61
HORVU.MOREX.r2.7HG0552040.1.mrna1	TAG	590
HORVU.MOREX.r2.4HG0314270.1.mrna1	TAA	266
HORVU.MOREX.r2.2HG0138970.1.mrna1	TGA	377
HORVU.MOREX.r2.4HG0294680.1.mrna1	TAG	314
HORVU.MOREX.r2.6HG0486550.1.mrna1	TAA	235
HORVU.MOREX.r2.1HG0006170.1.mrna1	TGA	747
HORVU.MOREX.r2.1HG0047710.1.mrna1	TAG	297
HORVU.MOREX.r2.2HG0174280.1.mrna1	TGA	191
HORVU.MOREX.r2.3HG0207210.1.mrna1	TAA	661
HORVU.MOREX.r2.5HG0422640.1.mrna1	TGA	463
HORVU.MOREX.r2.7HG0621310.1.mrna1	TAG	623
HORVU.MOREX.r2.2HG0096780.1.mrna1	TGA	244
HORVU.MOREX.r2.7HG0591980.1.mrna1	TGA	67
HORVU.MOREX.r2.3HG0183420.1.mrna1	TGA	184
HORVU.MOREX.r2.7HG0533120.1.mrna1	TAA	257
HORVU.MOREX.r2.5HG0350630.1.mrna1	TGA	508
HORVU.MOREX.r2.2HG0168800.1.mrna1	TAA	430
HORVU.MOREX.r2.3HG0269070.1.mrna1	TGA	47
HORVU.MOREX.r2.2HG0178230.1.mrna1	TAG	783
HORVU.MOREX.r2.1HG0072980.1.mrna1	TAA	222
HORVU.MOREX.r2.4HG0292090.1.mrna1	TGA	1286
HORVU.MOREX.r2.2HG0083670.1.mrna1	TAG	106
HORVU.MOREX.r2.4HG0289160.1.mrna1	TGA	314
HORVU.MOREX.r2.7HG0576920.1.mrna1	TGA	292
HORVU.MOREX.r2.UnG0628700.1.mrna1	TGA	11
HORVU.MOREX.r2.1HG0033630.1.mrna1	TGA	108
HORVU.MOREX.r2.5HG0436180.1.mrna1	TGA	107
HORVU.MOREX.r2.7HG0530080.1.mrna1	TGA	377
HORVU.MOREX.r2.1HG0071370.1.mrna1	TAA	796
HORVU.MOREX.r2.2HG0152310.1.mrna1	TAA	57
HORVU.MOREX.r2.2HG0171550.1.mrna1	TGA	439
HORVU.MOREX.r2.6HG0478330.1.mrna1	TAG	292
HORVU.MOREX.r2.7HG0582720.1.mrna1	TAA	115
HORVU.MOREX.r2.1HG0008710.1.mrna1	TAG	1919
HORVU.MOREX.r2.2HG0176620.1.mrna1	TAA	306
HORVU.MOREX.r2.2HG0119450.1.mrna1	TGA	11
HORVU.MOREX.r2.2HG0162050.1.mrna1	TAA	458
HORVU.MOREX.r2.5HG0426680.1.mrna1	TAG	146
HORVU.MOREX.r2.6HG0498360.1.mrna1	TGA	344
HORVU.MOREX.r2.1HG0018690.1.mrna1	TAG	82
HORVU.MOREX.r2.3HG0264690.1.mrna1	TAG	559
HORVU.MOREX.r2.4HG0346320.1.mrna1	TAG	331
HORVU.MOREX.r2.5HG0371250.1.mrna1	TAA	633
HORVU.MOREX.r2.2HG0094210.1.mrna1	TAG	394
HORVU.MOREX.r2.2HG0173320.1.mrna1	TAG	908
HORVU.MOREX.r2.7HG0537940.1.mrna1	TGA	160
HORVU.MOREX.r2.2HG0120720.1.mrna1	TGA	749
HORVU.MOREX.r2.UnG0631320.1.mrna1	TGA	293
HORVU.MOREX.r2.7HG0529610.1.mrna1	TGA	58
HORVU.MOREX.r2.5HG0358570.1.mrna1	TGA	690
HORVU.MOREX.r2.1HG0048250.1.mrna1	TAG	170
HORVU.MOREX.r2.7HG0528380.1.mrna1	TGA	740
HORVU.MOREX.r2.5HG0359160.1.mrna1	TGA	145
HORVU.MOREX.r2.7HG0594420.1.mrna1	TAA	182
HORVU.MOREX.r2.3HG0187930.1.mrna1	TGA	1796
HORVU.MOREX.r2.6HG0472740.1.mrna1	TAG	30
HORVU.MOREX.r2.3HG0267390.1.mrna1	TGA	321
HORVU.MOREX.r2.6HG0496870.1.mrna1	TAG	3627
HORVU.MOREX.r2.7HG0577370.1.mrna1	TAA	191
HORVU.MOREX.r2.3HG0271010.1.mrna1	TGA	581
HORVU.MOREX.r2.5HG0364210.1.mrna1	TAA	24
HORVU.MOREX.r2.1HG0062990.1.mrna1	TGA	37
HORVU.MOREX.r2.1HG0002080.1.mrna1	TAG	112
HORVU.MOREX.r2.4HG0287270.1.mrna1	TAA	311
HORVU.MOREX.r2.7HG0530330.1.mrna1	TGA	589
HORVU.MOREX.r2.1HG0001840.1.mrna1	TAG	874
HORVU.MOREX.r2.6HG0450000.1.mrna1	TGA	83
HORVU.MOREX.r2.1HG0038250.1.mrna1	TGA	322
HORVU.MOREX.r2.3HG0196980.1.mrna1	TGA	69
HORVU.MOREX.r2.2HG0104010.1.mrna1	TGA	275
HORVU.MOREX.r2.1HG0007080.1.mrna1	TAG	161
HORVU.MOREX.r2.3HG0225030.1.mrna1	TAG	170
HORVU.MOREX.r2.2HG0149580.1.mrna1	TGA	238
HORVU.MOREX.r2.6HG0487310.1.mrna1	TAA	197
HORVU.MOREX.r2.1HG0004720.1.mrna1	TAA	58
HORVU.MOREX.r2.5HG0431080.1.mrna1	TAA	304
HORVU.MOREX.r2.7HG0577290.1.mrna1	TAG	497
HORVU.MOREX.r2.5HG0395930.1.mrna1	TAG	157
HORVU.MOREX.r2.3HG0270160.1.mrna1	TGA	438
HORVU.MOREX.r2.3HG0253390.1.mrna1	TAG	65
HORVU.MOREX.r2.5HG0435920.1.mrna1	TAG	755
HORVU.MOREX.r2.5HG0445990.1.mrna1	TGA	499
HORVU.MOREX.r2.1HG0007320.1.mrna1	TGA	188
HORVU.MOREX.r2.7HG0572970.1.mrna1	TGA	190
HORVU.MOREX.r2.3HG0210800.1.mrna1	TGA	49
HORVU.MOREX.r2.3HG0247600.1.mrna1	TGA	767
HORVU.MOREX.r2.4HG0340690.1.mrna1	TGA	1214
HORVU.MOREX.r2.4HG0313360.1.mrna1	TAA	2614
HORVU.MOREX.r2.2HG0138230.1.mrna1	TGA	140
HORVU.MOREX.r2.6HG0514230.1.mrna1	TGA	77
HORVU.MOREX.r2.2HG0172760.1.mrna1	TGA	693
HORVU.MOREX.r2.3HG0268520.1.mrna1	TGA	172
HORVU.MOREX.r2.2HG0173300.1.mrna1	TGA	292
HORVU.MOREX.r2.7HG0548120.1.mrna1	TGA	344
HORVU.MOREX.r2.2HG0153700.1.mrna1	TGA	479
HORVU.MOREX.r2.6HG0466650.1.mrna1	TGA	3843
HORVU.MOREX.r2.3HG0234520.1.mrna1	TAG	299
HORVU.MOREX.r2.3HG0221370.1.mrna1	TAG	274
HORVU.MOREX.r2.2HG0161280.1.mrna1	TGA	755
HORVU.MOREX.r2.7HG0576150.1.mrna1	TGA	950
HORVU.MOREX.r2.3HG0182910.1.mrna1	TAG	9
HORVU.MOREX.r2.2HG0099620.1.mrna1	TAG	199
HORVU.MOREX.r2.1HG0052990.1.mrna1	TAG	163
HORVU.MOREX.r2.1HG0064390.1.mrna1	TAG	184
HORVU.MOREX.r2.2HG0134550.1.mrna1	TAA	187
HORVU.MOREX.r2.1HG0008370.1.mrna1	TAG	1919
HORVU.MOREX.r2.6HG0489150.1.mrna1	TGA	79
HORVU.MOREX.r2.UnG0626210.1.mrna1	TGA	3763
HORVU.MOREX.r2.1HG0011050.1.mrna1	TGA	759
HORVU.MOREX.r2.7HG0609400.1.mrna1	TAG	306
HORVU.MOREX.r2.6HG0467740.1.mrna1	TGA	1057
HORVU.MOREX.r2.7HG0532940.1.mrna1	TGA	843
HORVU.MOREX.r2.6HG0455190.1.mrna1	TAA	480
HORVU.MOREX.r2.6HG0457540.1.mrna1	TAG	283
HORVU.MOREX.r2.1HG0009130.1.mrna1	TAA	169
HORVU.MOREX.r2.4HG0324180.1.mrna1	TAG	629
HORVU.MOREX.r2.4HG0316340.1.mrna1	TGA	2740
HORVU.MOREX.r2.1HG0005820.1.mrna1	TGA	292
HORVU.MOREX.r2.4HG0318710.1.mrna1	TAG	453
HORVU.MOREX.r2.7HG0546320.1.mrna1	TGA	52
HORVU.MOREX.r2.5HG0439860.1.mrna1	TGA	449
HORVU.MOREX.r2.3HG0196000.1.mrna1	TGA	173
HORVU.MOREX.r2.5HG0437350.1.mrna1	TGA	1060
HORVU.MOREX.r2.4HG0312390.1.mrna1	TGA	253
HORVU.MOREX.r2.2HG0171370.1.mrna1	TGA	428
HORVU.MOREX.r2.6HG0501960.1.mrna1	TAG	185
HORVU.MOREX.r2.7HG0556770.1.mrna1	TGA	259
HORVU.MOREX.r2.3HG0256080.1.mrna1	TAA	832
HORVU.MOREX.r2.1HG0038800.1.mrna1	TAG	2834
HORVU.MOREX.r2.4HG0284100.1.mrna1	TGA	626
HORVU.MOREX.r2.2HG0088220.1.mrna1	TAG	313
HORVU.MOREX.r2.7HG0540320.1.mrna1	TGA	83
HORVU.MOREX.r2.1HG0054220.1.mrna1	TAG	292
HORVU.MOREX.r2.7HG0607120.1.mrna1	TAG	232
HORVU.MOREX.r2.7HG0579920.1.mrna1	TGA	503
HORVU.MOREX.r2.3HG0211960.1.mrna1	TGA	329
HORVU.MOREX.r2.2HG0158960.1.mrna1	TGA	54
HORVU.MOREX.r2.2HG0087830.1.mrna1	TGA	940
HORVU.MOREX.r2.UnG0629530.1.mrna1	TAG	110
HORVU.MOREX.r2.5HG0352600.1.mrna1	TGA	1022
HORVU.MOREX.r2.6HG0511930.1.mrna1	TAA	724
HORVU.MOREX.r2.2HG0146960.1.mrna1	TGA	506
HORVU.MOREX.r2.7HG0527500.1.mrna1	TGA	545
HORVU.MOREX.r2.1HG0067150.1.mrna1	TGA	89
HORVU.MOREX.r2.2HG0085090.1.mrna1	TGA	689
HORVU.MOREX.r2.3HG0187540.1.mrna1	TAA	277
HORVU.MOREX.r2.2HG0103640.1.mrna1	TAG	363
HORVU.MOREX.r2.7HG0541060.1.mrna1	TGA	338
HORVU.MOREX.r2.3HG0263190.1.mrna1	TAA	668
HORVU.MOREX.r2.2HG0081190.1.mrna1	TGA	232
HORVU.MOREX.r2.5HG0433870.1.mrna1	TAG	944
HORVU.MOREX.r2.2HG0138630.1.mrna1	TGA	136
HORVU.MOREX.r2.1HG0061840.1.mrna1	TAA	247
HORVU.MOREX.r2.2HG0178120.1.mrna1	TAA	1423
HORVU.MOREX.r2.7HG0595930.1.mrna1	TGA	451
HORVU.MOREX.r2.2HG0082610.1.mrna1	TGA	183
HORVU.MOREX.r2.2HG0124540.1.mrna1	TAG	446
HORVU.MOREX.r2.2HG0113740.1.mrna1	TAA	466
HORVU.MOREX.r2.7HG0530510.1.mrna1	TGA	218
HORVU.MOREX.r2.2HG0178810.1.mrna1	TAA	46
HORVU.MOREX.r2.4HG0346180.1.mrna1	TAG	346
HORVU.MOREX.r2.7HG0611190.1.mrna1	TAA	1
HORVU.MOREX.r2.2HG0086250.1.mrna1	TAG	10
HORVU.MOREX.r2.UnG0633510.1.mrna1	TAA	298
HORVU.MOREX.r2.6HG0453250.1.mrna1	TGA	5
HORVU.MOREX.r2.1HG0044750.1.mrna1	TAA	55
HORVU.MOREX.r2.1HG0008190.1.mrna1	TGA	469
HORVU.MOREX.r2.7HG0586600.1.mrna1	TGA	1360
HORVU.MOREX.r2.5HG0369580.1.mrna1	TAG	1987
HORVU.MOREX.r2.2HG0153100.1.mrna1	TAA	20
HORVU.MOREX.r2.2HG0139620.1.mrna1	TAG	64
HORVU.MOREX.r2.7HG0577780.1.mrna1	TGA	1669
HORVU.MOREX.r2.6HG0473860.1.mrna1	TAG	396
HORVU.MOREX.r2.6HG0494980.1.mrna1	TGA	250
HORVU.MOREX.r2.6HG0505190.1.mrna1	TGA	241
HORVU.MOREX.r2.3HG0256660.1.mrna1	TAG	214
HORVU.MOREX.r2.2HG0132890.1.mrna1	TAG	647
HORVU.MOREX.r2.1HG0008200.1.mrna1	TAG	775
HORVU.MOREX.r2.2HG0100130.1.mrna1	TGA	118
HORVU.MOREX.r2.1HG0048590.1.mrna1	TAG	265
HORVU.MOREX.r2.5HG0353110.1.mrna1	TGA	171
HORVU.MOREX.r2.2HG0095930.1.mrna1	TGA	83
HORVU.MOREX.r2.1HG0036610.1.mrna1	TAG	506
HORVU.MOREX.r2.2HG0083810.1.mrna1	TAG	278
HORVU.MOREX.r2.7HG0607930.1.mrna1	TGA	190
HORVU.MOREX.r2.5HG0405620.1.mrna1	TGA	58
HORVU.MOREX.r2.2HG0082230.1.mrna1	TGA	357
HORVU.MOREX.r2.2HG0097840.1.mrna1	TGA	2189
HORVU.MOREX.r2.3HG0211940.1.mrna1	TAG	137
HORVU.MOREX.r2.7HG0527270.1.mrna1	TGA	335
HORVU.MOREX.r2.7HG0593180.1.mrna1	TGA	54
HORVU.MOREX.r2.6HG0504590.1.mrna1	TAG	346
HORVU.MOREX.r2.2HG0119070.1.mrna1	TGA	691
HORVU.MOREX.r2.6HG0490460.1.mrna1	TGA	201
HORVU.MOREX.r2.2HG0122840.1.mrna1	TGA	206
HORVU.MOREX.r2.3HG0235090.1.mrna1	TGA	208
HORVU.MOREX.r2.2HG0160320.1.mrna1	TGA	137
HORVU.MOREX.r2.3HG0192400.1.mrna1	TGA	579
HORVU.MOREX.r2.2HG0141450.1.mrna1	TAA	169
HORVU.MOREX.r2.1HG0009470.1.mrna1	TAG	770
HORVU.MOREX.r2.2HG0157110.1.mrna1	TGA	80
HORVU.MOREX.r2.5HG0389270.1.mrna1	TAG	2419
HORVU.MOREX.r2.5HG0432670.1.mrna1	TGA	526
HORVU.MOREX.r2.6HG0483120.1.mrna1	TGA	262
HORVU.MOREX.r2.4HG0331110.1.mrna1	TGA	74
HORVU.MOREX.r2.2HG0179700.1.mrna1	TAA	1499
HORVU.MOREX.r2.6HG0453150.1.mrna1	TGA	1961
HORVU.MOREX.r2.4HG0285350.1.mrna1	TGA	121
HORVU.MOREX.r2.5HG0395340.1.mrna1	TAG	258
HORVU.MOREX.r2.5HG0409890.1.mrna1	TAA	187
HORVU.MOREX.r2.2HG0113260.1.mrna1	TAA	329
HORVU.MOREX.r2.7HG0593470.1.mrna1	TGA	463
HORVU.MOREX.r2.2HG0082830.1.mrna1	TGA	96
HORVU.MOREX.r2.4HG0306560.1.mrna1	TAG	292
HORVU.MOREX.r2.2HG0177160.1.mrna1	TAG	394
HORVU.MOREX.r2.6HG0455590.1.mrna1	TAA	329
HORVU.MOREX.r2.4HG0323220.1.mrna1	TGA	152
HORVU.MOREX.r2.3HG0264390.1.mrna1	TGA	367
HORVU.MOREX.r2.6HG0493640.1.mrna1	TAG	462
HORVU.MOREX.r2.5HG0395460.1.mrna1	TGA	1141
HORVU.MOREX.r2.7HG0550080.1.mrna1	TGA	1202
HORVU.MOREX.r2.2HG0137780.1.mrna1	TGA	98
HORVU.MOREX.r2.2HG0163010.1.mrna1	TGA	665
HORVU.MOREX.r2.1HG0005730.1.mrna1	TAG	120
HORVU.MOREX.r2.5HG0381650.1.mrna1	TGA	36
HORVU.MOREX.r2.3HG0223510.1.mrna1	TGA	328
HORVU.MOREX.r2.1HG0062460.1.mrna1	TAG	289
HORVU.MOREX.r2.4HG0346720.1.mrna1	TGA	1585
HORVU.MOREX.r2.7HG0610030.1.mrna1	TGA	167
HORVU.MOREX.r2.3HG0249030.1.mrna1	TAG	179
HORVU.MOREX.r2.1HG0008090.1.mrna1	TGA	252
HORVU.MOREX.r2.5HG0350680.1.mrna1	TAA	168
HORVU.MOREX.r2.5HG0417880.1.mrna1	TAA	230
HORVU.MOREX.r2.2HG0090600.1.mrna1	TGA	359
HORVU.MOREX.r2.4HG0282320.1.mrna1	TGA	139
HORVU.MOREX.r2.4HG0334060.1.mrna1	TAG	525
HORVU.MOREX.r2.2HG0169000.1.mrna1	TAA	100
HORVU.MOREX.r2.3HG0249630.1.mrna1	TAG	34
HORVU.MOREX.r2.6HG0479590.1.mrna1	TAA	335
HORVU.MOREX.r2.1HG0008670.1.mrna1	TGA	1663
HORVU.MOREX.r2.2HG0098680.1.mrna1	TAA	191
HORVU.MOREX.r2.5HG0408760.1.mrna1	TGA	583
HORVU.MOREX.r2.UnG0633630.1.mrna1	TAA	182
HORVU.MOREX.r2.2HG0149620.1.mrna1	TAA	244
HORVU.MOREX.r2.3HG0251130.1.mrna1	TGA	437
HORVU.MOREX.r2.5HG0396220.1.mrna1	TGA	454
HORVU.MOREX.r2.2HG0122060.1.mrna1	TAA	311
HORVU.MOREX.r2.UnG0629060.1.mrna1	TGA	180
HORVU.MOREX.r2.2HG0169840.1.mrna1	TGA	1890
HORVU.MOREX.r2.5HG0427910.1.mrna1	TAG	91
HORVU.MOREX.r2.7HG0544910.1.mrna1	TAG	277
HORVU.MOREX.r2.1HG0004270.1.mrna1	TAA	280
HORVU.MOREX.r2.3HG0264470.1.mrna1	TAA	241
HORVU.MOREX.r2.2HG0173190.1.mrna1	TAA	1735
HORVU.MOREX.r2.7HG0542550.1.mrna1	TAG	616
HORVU.MOREX.r2.5HG0383550.1.mrna1	TGA	2464
HORVU.MOREX.r2.3HG0192110.1.mrna1	TAG	2215
HORVU.MOREX.r2.4HG0341760.1.mrna1	TAG	207
HORVU.MOREX.r2.2HG0175640.1.mrna1	TGA	93
HORVU.MOREX.r2.7HG0572430.1.mrna1	TGA	514
HORVU.MOREX.r2.6HG0516810.1.mrna1	TGA	739
HORVU.MOREX.r2.7HG0609960.1.mrna1	TGA	547
HORVU.MOREX.r2.1HG0014040.1.mrna1	TGA	433
HORVU.MOREX.r2.UnG0628960.1.mrna1	TGA	834
HORVU.MOREX.r2.2HG0095740.1.mrna1	TAG	52
HORVU.MOREX.r2.3HG0240510.1.mrna1	TAA	161
HORVU.MOREX.r2.5HG0437700.1.mrna1	TAG	403
HORVU.MOREX.r2.3HG0211710.1.mrna1	TGA	158
HORVU.MOREX.r2.7HG0616880.1.mrna1	TAA	3076
HORVU.MOREX.r2.5HG0433410.1.mrna1	TGA	191
HORVU.MOREX.r2.4HG0329200.1.mrna1	TGA	304
HORVU.MOREX.r2.7HG0557520.1.mrna1	TAG	561
HORVU.MOREX.r2.4HG0341850.1.mrna1	TAA	241
HORVU.MOREX.r2.2HG0114400.1.mrna1	TAA	197
HORVU.MOREX.r2.3HG0235800.1.mrna1	TGA	161
HORVU.MOREX.r2.6HG0453130.1.mrna1	TAA	932
HORVU.MOREX.r2.5HG0373500.1.mrna1	TGA	91
HORVU.MOREX.r2.3HG0263990.1.mrna1	TGA	287
HORVU.MOREX.r2.5HG0391670.1.mrna1	TAG	843
HORVU.MOREX.r2.1HG0005910.1.mrna1	TAG	58
HORVU.MOREX.r2.6HG0465620.1.mrna1	TGA	1040
HORVU.MOREX.r2.6HG0504560.1.mrna1	TAA	658
HORVU.MOREX.r2.5HG0364190.1.mrna1	TAA	24
HORVU.MOREX.r2.2HG0098930.1.mrna1	TAG	77
HORVU.MOREX.r2.3HG0188170.1.mrna1	TGA	446
HORVU.MOREX.r2.7HG0546690.1.mrna1	TGA	913
HORVU.MOREX.r2.4HG0332850.1.mrna1	TAA	25
HORVU.MOREX.r2.7HG0621280.1.mrna1	TGA	269
HORVU.MOREX.r2.3HG0195370.1.mrna1	TGA	724
HORVU.MOREX.r2.4HG0281640.1.mrna1	TGA	159
HORVU.MOREX.r2.7HG0613630.1.mrna1	TAG	655
HORVU.MOREX.r2.2HG0093360.1.mrna1	TAA	4
HORVU.MOREX.r2.6HG0477900.1.mrna1	TAA	280
HORVU.MOREX.r2.2HG0122160.1.mrna1	TGA	1754
HORVU.MOREX.r2.2HG0123440.1.mrna1	TAG	239
HORVU.MOREX.r2.7HG0618670.1.mrna1	TAG	1023
HORVU.MOREX.r2.5HG0420270.1.mrna1	TAG	589
HORVU.MOREX.r2.3HG0186710.1.mrna1	TAA	163
HORVU.MOREX.r2.4HG0347950.1.mrna1	TAA	337
HORVU.MOREX.r2.3HG0218680.1.mrna1	TGA	1175
HORVU.MOREX.r2.7HG0616060.1.mrna1	TGA	17
HORVU.MOREX.r2.7HG0529730.1.mrna1	TAG	13
HORVU.MOREX.r2.3HG0249650.1.mrna1	TGA	53
HORVU.MOREX.r2.2HG0163850.1.mrna1	TAG	107
HORVU.MOREX.r2.7HG0534010.1.mrna1	TGA	31
HORVU.MOREX.r2.UnG0628100.1.mrna1	TGA	854
HORVU.MOREX.r2.7HG0603360.1.mrna1	TGA	560
HORVU.MOREX.r2.7HG0529130.1.mrna1	TAA	183
HORVU.MOREX.r2.7HG0552570.1.mrna1	TAA	82
HORVU.MOREX.r2.7HG0612160.1.mrna1	TGA	19
HORVU.MOREX.r2.2HG0090680.1.mrna1	TAA	149
HORVU.MOREX.r2.3HG0184970.1.mrna1	TGA	994
HORVU.MOREX.r2.5HG0446320.1.mrna1	TGA	67
HORVU.MOREX.r2.3HG0195680.1.mrna1	TAG	978
HORVU.MOREX.r2.2HG0097810.1.mrna1	TAA	257
HORVU.MOREX.r2.1HG0055680.1.mrna1	TAA	200
HORVU.MOREX.r2.5HG0423120.1.mrna1	TGA	265
HORVU.MOREX.r2.7HG0528400.1.mrna1	TAG	511
HORVU.MOREX.r2.2HG0126760.1.mrna1	TGA	278
HORVU.MOREX.r2.1HG0010590.1.mrna1	TAA	14
HORVU.MOREX.r2.2HG0178490.1.mrna1	TAG	629
HORVU.MOREX.r2.2HG0093250.1.mrna1	TGA	726
HORVU.MOREX.r2.1HG0015550.1.mrna1	TGA	385
HORVU.MOREX.r2.2HG0104150.1.mrna1	TGA	37
HORVU.MOREX.r2.UnG0635620.1.mrna1	TGA	414
HORVU.MOREX.r2.1HG0078220.1.mrna1	TGA	1013
HORVU.MOREX.r2.4HG0325270.1.mrna1	TGA	442
HORVU.MOREX.r2.5HG0403290.1.mrna1	TAG	82
HORVU.MOREX.r2.7HG0555980.1.mrna1	TAG	265
HORVU.MOREX.r2.4HG0278470.1.mrna1	TGA	582
HORVU.MOREX.r2.5HG0421780.1.mrna1	TAG	356
HORVU.MOREX.r2.6HG0490350.1.mrna1	TGA	201
HORVU.MOREX.r2.2HG0102210.1.mrna1	TAA	71
HORVU.MOREX.r2.1HG0017320.1.mrna1	TGA	789
HORVU.MOREX.r2.1HG0064750.1.mrna1	TGA	7
HORVU.MOREX.r2.5HG0349620.1.mrna1	TGA	41
HORVU.MOREX.r2.UnG0636170.1.mrna1	TAG	287
HORVU.MOREX.r2.2HG0138150.1.mrna1	TGA	308
HORVU.MOREX.r2.2HG0090030.1.mrna1	TGA	244
HORVU.MOREX.r2.7HG0593490.1.mrna1	TAA	521
HORVU.MOREX.r2.7HG0568890.1.mrna1	TGA	80
HORVU.MOREX.r2.6HG0479320.1.mrna1	TAA	19
HORVU.MOREX.r2.7HG0561390.1.mrna1	TAG	143
HORVU.MOREX.r2.7HG0545820.1.mrna1	TGA	170
HORVU.MOREX.r2.6HG0451870.1.mrna1	TAA	125
HORVU.MOREX.r2.5HG0397930.1.mrna1	TGA	701
HORVU.MOREX.r2.1HG0069530.1.mrna1	TAA	1253
HORVU.MOREX.r2.3HG0217540.1.mrna1	TAG	1370
HORVU.MOREX.r2.7HG0529390.1.mrna1	TGA	3018
HORVU.MOREX.r2.2HG0098700.1.mrna1	TGA	404
HORVU.MOREX.r2.5HG0442230.1.mrna1	TGA	98
HORVU.MOREX.r2.6HG0502670.1.mrna1	TAA	996
HORVU.MOREX.r2.2HG0162120.1.mrna1	TAA	221
HORVU.MOREX.r2.6HG0523230.1.mrna1	TGA	448
HORVU.MOREX.r2.7HG0551300.1.mrna1	TAG	294
HORVU.MOREX.r2.2HG0138700.1.mrna1	TGA	154
HORVU.MOREX.r2.3HG0238440.1.mrna1	TAG	522
HORVU.MOREX.r2.2HG0137660.1.mrna1	TGA	495
HORVU.MOREX.r2.5HG0427480.1.mrna1	TGA	232
HORVU.MOREX.r2.2HG0078950.1.mrna1	TAG	224
HORVU.MOREX.r2.3HG0216820.1.mrna1	TGA	98
HORVU.MOREX.r2.2HG0169330.1.mrna1	TGA	1589
HORVU.MOREX.r2.6HG0513300.1.mrna1	TAG	292
HORVU.MOREX.r2.6HG0521620.1.mrna1	TGA	193
HORVU.MOREX.r2.3HG0266810.1.mrna1	TGA	167
HORVU.MOREX.r2.6HG0490400.1.mrna1	TGA	193
HORVU.MOREX.r2.4HG0291450.1.mrna1	TGA	241
HORVU.MOREX.r2.2HG0117920.1.mrna1	TGA	1532
HORVU.MOREX.r2.7HG0530230.1.mrna1	TAA	178
HORVU.MOREX.r2.2HG0117610.1.mrna1	TGA	440
HORVU.MOREX.r2.6HG0493120.1.mrna1	TGA	713
HORVU.MOREX.r2.2HG0150860.1.mrna1	TGA	185
HORVU.MOREX.r2.6HG0516730.1.mrna1	TGA	323
HORVU.MOREX.r2.2HG0175290.1.mrna1	TGA	347
HORVU.MOREX.r2.7HG0585170.1.mrna1	TGA	1408
HORVU.MOREX.r2.7HG0586830.1.mrna1	TAA	379
HORVU.MOREX.r2.1HG0003260.1.mrna1	TGA	62
HORVU.MOREX.r2.6HG0452580.1.mrna1	TAA	473
HORVU.MOREX.r2.1HG0007890.1.mrna1	TGA	272
HORVU.MOREX.r2.2HG0156460.1.mrna1	TGA	5423
HORVU.MOREX.r2.7HG0583310.1.mrna1	TGA	14
HORVU.MOREX.r2.2HG0114020.1.mrna1	TAG	901
HORVU.MOREX.r2.7HG0578690.1.mrna1	TAA	109
HORVU.MOREX.r2.3HG0238560.1.mrna1	TAA	212
HORVU.MOREX.r2.2HG0168850.1.mrna1	TAG	968
HORVU.MOREX.r2.4HG0344500.1.mrna1	TGA	1295
HORVU.MOREX.r2.5HG0397010.1.mrna1	TGA	401
HORVU.MOREX.r2.5HG0368140.1.mrna1	TGA	152
HORVU.MOREX.r2.7HG0536940.1.mrna1	TGA	299
HORVU.MOREX.r2.2HG0092660.1.mrna1	TGA	244
HORVU.MOREX.r2.1HG0047330.1.mrna1	TAG	234
HORVU.MOREX.r2.3HG0197980.1.mrna1	TGA	101
HORVU.MOREX.r2.7HG0622510.1.mrna1	TAA	770
HORVU.MOREX.r2.5HG0392310.1.mrna1	TGA	190
HORVU.MOREX.r2.2HG0105470.1.mrna1	TAA	103
HORVU.MOREX.r2.3HG0189790.1.mrna1	TAA	577
HORVU.MOREX.r2.6HG0523390.1.mrna1	TAG	437
HORVU.MOREX.r2.5HG0436550.1.mrna1	TAG	1466
HORVU.MOREX.r2.6HG0457940.1.mrna1	TGA	215
HORVU.MOREX.r2.7HG0596320.1.mrna1	TGA	194
HORVU.MOREX.r2.1HG0010360.1.mrna1	TGA	96
HORVU.MOREX.r2.UnG0633780.1.mrna1	TAG	248
HORVU.MOREX.r2.4HG0345710.1.mrna1	TAA	235
HORVU.MOREX.r2.2HG0100630.1.mrna1	TGA	169
HORVU.MOREX.r2.3HG0192650.1.mrna1	TGA	267
HORVU.MOREX.r2.2HG0080080.1.mrna1	TAA	169
HORVU.MOREX.r2.3HG0266490.1.mrna1	TGA	938
HORVU.MOREX.r2.2HG0083210.1.mrna1	TGA	928
HORVU.MOREX.r2.1HG0065790.1.mrna1	TGA	345
HORVU.MOREX.r2.2HG0078930.1.mrna1	TGA	416
HORVU.MOREX.r2.5HG0436310.1.mrna1	TGA	4
HORVU.MOREX.r2.3HG0218400.1.mrna1	TGA	735
HORVU.MOREX.r2.5HG0358530.1.mrna1	TAG	305
HORVU.MOREX.r2.3HG0264370.1.mrna1	TAG	1339
HORVU.MOREX.r2.6HG0484590.1.mrna1	TGA	391
HORVU.MOREX.r2.7HG0551450.1.mrna1	TGA	1273
HORVU.MOREX.r2.6HG0478560.1.mrna1	TAA	411
HORVU.MOREX.r2.7HG0576870.1.mrna1	TAA	236
HORVU.MOREX.r2.4HG0283650.1.mrna1	TGA	92
HORVU.MOREX.r2.1HG0001250.1.mrna1	TAG	175
HORVU.MOREX.r2.2HG0152360.1.mrna1	TGA	282
HORVU.MOREX.r2.UnG0630890.1.mrna1	TGA	206
HORVU.MOREX.r2.2HG0148460.1.mrna1	TGA	275
HORVU.MOREX.r2.7HG0548530.1.mrna1	TAG	425
HORVU.MOREX.r2.3HG0237350.1.mrna1	TAA	1766
HORVU.MOREX.r2.6HG0460920.1.mrna1	TGA	185
HORVU.MOREX.r2.1HG0018730.1.mrna1	TAG	160
HORVU.MOREX.r2.7HG0576210.1.mrna1	TGA	233
HORVU.MOREX.r2.1HG0016290.1.mrna1	TAA	187
HORVU.MOREX.r2.5HG0433620.1.mrna1	TAA	392
HORVU.MOREX.r2.5HG0391110.1.mrna1	TGA	124
HORVU.MOREX.r2.3HG0270190.1.mrna1	TAG	131
HORVU.MOREX.r2.2HG0127570.1.mrna1	TGA	1
HORVU.MOREX.r2.1HG0064180.1.mrna1	TAG	395
HORVU.MOREX.r2.3HG0275510.1.mrna1	TGA	404
HORVU.MOREX.r2.7HG0568040.1.mrna1	TAG	527
HORVU.MOREX.r2.6HG0497860.1.mrna1	TGA	175
HORVU.MOREX.r2.1HG0072460.1.mrna1	TGA	1485
HORVU.MOREX.r2.2HG0114620.1.mrna1	TGA	607
HORVU.MOREX.r2.2HG0128120.1.mrna1	TGA	185
HORVU.MOREX.r2.4HG0321320.1.mrna1	TGA	177
HORVU.MOREX.r2.3HG0236060.1.mrna1	TGA	119
HORVU.MOREX.r2.2HG0116440.1.mrna1	TGA	301
HORVU.MOREX.r2.2HG0178950.1.mrna1	TGA	173
HORVU.MOREX.r2.7HG0607350.1.mrna1	TGA	1015
HORVU.MOREX.r2.3HG0270740.1.mrna1	TGA	409
HORVU.MOREX.r2.1HG0004910.1.mrna1	TGA	149
HORVU.MOREX.r2.2HG0176700.1.mrna1	TGA	701
HORVU.MOREX.r2.1HG0035710.1.mrna1	TGA	398
HORVU.MOREX.r2.7HG0577810.1.mrna1	TGA	217
HORVU.MOREX.r2.4HG0329960.1.mrna1	TGA	177
HORVU.MOREX.r2.3HG0202080.1.mrna1	TGA	136
HORVU.MOREX.r2.1HG0055070.1.mrna1	TAA	80
HORVU.MOREX.r2.7HG0621020.1.mrna1	TGA	337
HORVU.MOREX.r2.2HG0122850.1.mrna1	TGA	206
HORVU.MOREX.r2.2HG0157370.1.mrna1	TGA	181
HORVU.MOREX.r2.5HG0366190.1.mrna1	TGA	535
HORVU.MOREX.r2.5HG0437930.1.mrna1	TGA	483
HORVU.MOREX.r2.5HG0439800.1.mrna1	TAG	253
HORVU.MOREX.r2.2HG0103750.1.mrna1	TGA	361
HORVU.MOREX.r2.6HG0479230.1.mrna1	TAG	299
HORVU.MOREX.r2.7HG0531110.1.mrna1	TAA	444
HORVU.MOREX.r2.5HG0431860.1.mrna1	TAA	631
HORVU.MOREX.r2.4HG0333920.1.mrna1	TAG	396
HORVU.MOREX.r2.2HG0116350.1.mrna1	TGA	23
HORVU.MOREX.r2.5HG0437690.1.mrna1	TAA	445
HORVU.MOREX.r2.3HG0266150.1.mrna1	TGA	231
HORVU.MOREX.r2.4HG0335690.1.mrna1	TGA	605
HORVU.MOREX.r2.2HG0149040.1.mrna1	TAA	259
HORVU.MOREX.r2.7HG0529940.1.mrna1	TGA	625
HORVU.MOREX.r2.6HG0515560.1.mrna1	TGA	520
HORVU.MOREX.r2.2HG0082820.1.mrna1	TAA	382
HORVU.MOREX.r2.6HG0495820.1.mrna1	TGA	280
HORVU.MOREX.r2.7HG0593990.1.mrna1	TGA	548
HORVU.MOREX.r2.3HG0223930.1.mrna1	TAA	631
HORVU.MOREX.r2.1HG0021310.1.mrna1	TAG	142
HORVU.MOREX.r2.4HG0344710.1.mrna1	TGA	787
HORVU.MOREX.r2.3HG0264380.1.mrna1	TAG	434
HORVU.MOREX.r2.6HG0497630.1.mrna1	TGA	1360
HORVU.MOREX.r2.1HG0061530.1.mrna1	TGA	321
HORVU.MOREX.r2.2HG0115470.1.mrna1	TAG	2645
HORVU.MOREX.r2.4HG0318210.1.mrna1	TGA	485
HORVU.MOREX.r2.2HG0087370.1.mrna1	TGA	1093
HORVU.MOREX.r2.3HG0275520.1.mrna1	TGA	404
HORVU.MOREX.r2.5HG0419450.1.mrna1	TAA	124
HORVU.MOREX.r2.2HG0126070.1.mrna1	TGA	109
HORVU.MOREX.r2.2HG0149750.1.mrna1	TGA	190
HORVU.MOREX.r2.5HG0359530.1.mrna1	TAA	1136
HORVU.MOREX.r2.2HG0146210.1.mrna1	TAA	502
HORVU.MOREX.r2.3HG0232800.1.mrna1	TGA	35
HORVU.MOREX.r2.1HG0006230.1.mrna1	TGA	412
HORVU.MOREX.r2.3HG0222330.1.mrna1	TAA	331
HORVU.MOREX.r2.5HG0391230.1.mrna1	TAA	60
HORVU.MOREX.r2.3HG0185700.1.mrna1	TAG	140
HORVU.MOREX.r2.5HG0384290.1.mrna1	TGA	233
HORVU.MOREX.r2.7HG0537900.1.mrna1	TAG	292
HORVU.MOREX.r2.6HG0448830.1.mrna1	TAG	212
HORVU.MOREX.r2.7HG0550300.1.mrna1	TAG	278
HORVU.MOREX.r2.1HG0024710.1.mrna1	TAA	1798
HORVU.MOREX.r2.3HG0265180.1.mrna1	TGA	212
HORVU.MOREX.r2.7HG0577440.1.mrna1	TAG	1438
HORVU.MOREX.r2.4HG0335230.1.mrna1	TGA	451
HORVU.MOREX.r2.6HG0460650.1.mrna1	TGA	198
HORVU.MOREX.r2.1HG0002720.1.mrna1	TGA	305
HORVU.MOREX.r2.6HG0456450.1.mrna1	TGA	1501
HORVU.MOREX.r2.2HG0134830.1.mrna1	TGA	880
HORVU.MOREX.r2.4HG0348300.1.mrna1	TAG	2116
HORVU.MOREX.r2.7HG0539580.1.mrna1	TAA	809
HORVU.MOREX.r2.3HG0235100.1.mrna1	TAG	154
HORVU.MOREX.r2.7HG0573870.1.mrna1	TGA	14
HORVU.MOREX.r2.UnG0629480.1.mrna1	TGA	194
HORVU.MOREX.r2.3HG0270460.1.mrna1	TAA	294
HORVU.MOREX.r2.2HG0115950.1.mrna1	TAG	324
HORVU.MOREX.r2.1HG0071170.1.mrna1	TGA	52
HORVU.MOREX.r2.UnG0628990.1.mrna1	TGA	834
HORVU.MOREX.r2.2HG0151580.1.mrna1	TGA	704
HORVU.MOREX.r2.5HG0432650.1.mrna1	TGA	206
HORVU.MOREX.r2.5HG0394170.1.mrna1	TAG	509
HORVU.MOREX.r2.5HG0405310.1.mrna1	TGA	911
HORVU.MOREX.r2.6HG0481560.1.mrna1	TAA	2
HORVU.MOREX.r2.7HG0548710.1.mrna1	TGA	272
HORVU.MOREX.r2.5HG0374480.1.mrna1	TGA	184
HORVU.MOREX.r2.4HG0329030.1.mrna1	TAA	316
HORVU.MOREX.r2.2HG0110680.1.mrna1	TAG	10
HORVU.MOREX.r2.5HG0362780.1.mrna1	TGA	1132
HORVU.MOREX.r2.3HG0197020.1.mrna1	TAA	223
HORVU.MOREX.r2.3HG0205440.1.mrna1	TAA	784
HORVU.MOREX.r2.6HG0494340.1.mrna1	TGA	1444
HORVU.MOREX.r2.5HG0360810.1.mrna1	TGA	434
HORVU.MOREX.r2.4HG0317460.1.mrna1	TGA	311
HORVU.MOREX.r2.1HG0078120.1.mrna1	TAA	31
HORVU.MOREX.r2.2HG0114200.1.mrna1	TAA	1330
HORVU.MOREX.r2.7HG0574500.1.mrna1	TGA	199
HORVU.MOREX.r2.7HG0587310.1.mrna1	TGA	176
HORVU.MOREX.r2.1HG0061260.1.mrna1	TAA	19
HORVU.MOREX.r2.5HG0447030.1.mrna1	TAA	232
HORVU.MOREX.r2.6HG0513600.1.mrna1	TAA	340
HORVU.MOREX.r2.2HG0102400.1.mrna1	TGA	353
HORVU.MOREX.r2.6HG0471280.1.mrna1	TAG	56
HORVU.MOREX.r2.6HG0476750.1.mrna1	TGA	28
HORVU.MOREX.r2.3HG0189200.1.mrna1	TGA	600
HORVU.MOREX.r2.7HG0556860.1.mrna1	TAG	101
HORVU.MOREX.r2.2HG0177780.1.mrna1	TAA	359
HORVU.MOREX.r2.5HG0437320.1.mrna1	TGA	106
HORVU.MOREX.r2.3HG0235960.1.mrna1	TGA	134
HORVU.MOREX.r2.2HG0178480.1.mrna1	TGA	268
HORVU.MOREX.r2.6HG0499000.1.mrna1	TAA	380
HORVU.MOREX.r2.5HG0440140.1.mrna1	TAG	45
HORVU.MOREX.r2.5HG0384250.1.mrna1	TAG	784
HORVU.MOREX.r2.7HG0608060.1.mrna1	TAA	200
HORVU.MOREX.r2.2HG0172670.1.mrna1	TAA	1688
HORVU.MOREX.r2.2HG0177240.1.mrna1	TGA	386
HORVU.MOREX.r2.3HG0214110.1.mrna1	TGA	1261
HORVU.MOREX.r2.7HG0621440.1.mrna1	TGA	412
HORVU.MOREX.r2.5HG0423470.1.mrna1	TGA	38
HORVU.MOREX.r2.5HG0349300.1.mrna1	TGA	417
HORVU.MOREX.r2.6HG0453560.1.mrna1	TAA	899
HORVU.MOREX.r2.3HG0184150.1.mrna1	TAA	2017
HORVU.MOREX.r2.UnG0632620.1.mrna1	TAG	266
HORVU.MOREX.r2.3HG0237930.1.mrna1	TAG	43
HORVU.MOREX.r2.2HG0107250.1.mrna1	TGA	159
HORVU.MOREX.r2.7HG0572400.1.mrna1	TGA	262
HORVU.MOREX.r2.3HG0197200.1.mrna1	TGA	183
HORVU.MOREX.r2.6HG0452390.1.mrna1	TGA	48
HORVU.MOREX.r2.2HG0114350.1.mrna1	TAG	125
HORVU.MOREX.r2.7HG0535740.1.mrna1	TGA	285
HORVU.MOREX.r2.UnG0627940.1.mrna1	TGA	251
HORVU.MOREX.r2.5HG0353790.1.mrna1	TAG	57
HORVU.MOREX.r2.7HG0569300.1.mrna1	TGA	1726
HORVU.MOREX.r2.6HG0494690.1.mrna1	TGA	337
HORVU.MOREX.r2.3HG0227580.1.mrna1	TAA	118
HORVU.MOREX.r2.6HG0498290.1.mrna1	TGA	18
HORVU.MOREX.r2.UnG0628260.1.mrna1	TGA	2966
HORVU.MOREX.r2.4HG0299280.1.mrna1	TGA	140
HORVU.MOREX.r2.1HG0005290.1.mrna1	TGA	86
HORVU.MOREX.r2.2HG0164590.1.mrna1	TGA	65
HORVU.MOREX.r2.2HG0157720.1.mrna1	TAG	233
HORVU.MOREX.r2.6HG0463830.1.mrna1	TAG	33
HORVU.MOREX.r2.1HG0005320.1.mrna1	TGA	74
HORVU.MOREX.r2.2HG0096280.1.mrna1	TAG	418
HORVU.MOREX.r2.6HG0479670.1.mrna1	TAG	579
HORVU.MOREX.r2.3HG0254930.1.mrna1	TGA	240
HORVU.MOREX.r2.6HG0470440.1.mrna1	TAG	273
HORVU.MOREX.r2.3HG0243470.1.mrna1	TGA	1451
HORVU.MOREX.r2.5HG0426590.1.mrna1	TGA	323
HORVU.MOREX.r2.5HG0438630.1.mrna1	TGA	4016
HORVU.MOREX.r2.4HG0285640.1.mrna1	TAA	214
HORVU.MOREX.r2.3HG0222710.1.mrna1	TAG	190
HORVU.MOREX.r2.4HG0278610.1.mrna1	TAA	680
HORVU.MOREX.r2.7HG0578440.1.mrna1	TAG	504
HORVU.MOREX.r2.5HG0423350.1.mrna1	TGA	1291
HORVU.MOREX.r2.6HG0476690.1.mrna1	TAA	724
HORVU.MOREX.r2.2HG0147430.1.mrna1	TGA	127
HORVU.MOREX.r2.3HG0261410.1.mrna1	TGA	632
HORVU.MOREX.r2.2HG0144820.1.mrna1	TGA	40
HORVU.MOREX.r2.5HG0406030.1.mrna1	TGA	119
HORVU.MOREX.r2.1HG0015520.1.mrna1	TAG	770
HORVU.MOREX.r2.7HG0590280.1.mrna1	TAG	464
HORVU.MOREX.r2.2HG0151790.1.mrna1	TGA	67
HORVU.MOREX.r2.4HG0317380.1.mrna1	TAG	1052
HORVU.MOREX.r2.5HG0428670.1.mrna1	TGA	153
HORVU.MOREX.r2.7HG0540140.1.mrna1	TAA	237
HORVU.MOREX.r2.6HG0494520.1.mrna1	TAG	68
HORVU.MOREX.r2.5HG0413280.1.mrna1	TAA	144
HORVU.MOREX.r2.3HG0189840.1.mrna1	TAG	626
HORVU.MOREX.r2.2HG0086040.1.mrna1	TAA	102
HORVU.MOREX.r2.1HG0009020.1.mrna1	TAA	203
HORVU.MOREX.r2.7HG0539540.1.mrna1	TGA	2030
HORVU.MOREX.r2.4HG0276380.1.mrna1	TAG	2435
HORVU.MOREX.r2.3HG0258580.1.mrna1	TAG	259
HORVU.MOREX.r2.1HG0075130.1.mrna1	TGA	25
HORVU.MOREX.r2.1HG0004920.1.mrna1	TAA	163
HORVU.MOREX.r2.3HG0192000.1.mrna1	TGA	195
HORVU.MOREX.r2.7HG0539790.1.mrna1	TAA	457
HORVU.MOREX.r2.7HG0556890.1.mrna1	TAG	220
HORVU.MOREX.r2.1HG0050520.1.mrna1	TGA	364
HORVU.MOREX.r2.7HG0548740.1.mrna1	TAG	759
HORVU.MOREX.r2.5HG0430330.1.mrna1	TAA	437
HORVU.MOREX.r2.7HG0580170.1.mrna1	TAG	475
HORVU.MOREX.r2.2HG0089510.1.mrna1	TAA	242
HORVU.MOREX.r2.1HG0036510.1.mrna1	TGA	1963
HORVU.MOREX.r2.1HG0010960.1.mrna1	TGA	6
HORVU.MOREX.r2.5HG0384720.1.mrna1	TAG	247
HORVU.MOREX.r2.2HG0121660.1.mrna1	TGA	724
HORVU.MOREX.r2.5HG0432830.1.mrna1	TGA	185
HORVU.MOREX.r2.7HG0547750.1.mrna1	TGA	1229
HORVU.MOREX.r2.6HG0466620.1.mrna1	TAG	272
HORVU.MOREX.r2.2HG0084940.1.mrna1	TGA	426
HORVU.MOREX.r2.UnG0629280.1.mrna1	TAG	486
HORVU.MOREX.r2.4HG0326600.1.mrna1	TGA	343
HORVU.MOREX.r2.4HG0324810.1.mrna1	TAG	193
HORVU.MOREX.r2.5HG0358580.1.mrna1	TGA	93
HORVU.MOREX.r2.7HG0547250.1.mrna1	TAG	506
HORVU.MOREX.r2.7HG0573940.1.mrna1	TAG	772
HORVU.MOREX.r2.3HG0187410.1.mrna1	TGA	248
HORVU.MOREX.r2.6HG0469340.1.mrna1	TAA	670
HORVU.MOREX.r2.6HG0471300.1.mrna1	TGA	392
HORVU.MOREX.r2.5HG0371860.1.mrna1	TAA	338
HORVU.MOREX.r2.7HG0618050.1.mrna1	TGA	1052
HORVU.MOREX.r2.4HG0332710.1.mrna1	TGA	106
HORVU.MOREX.r2.2HG0114910.1.mrna1	TGA	389
HORVU.MOREX.r2.7HG0590110.1.mrna1	TAG	1355
HORVU.MOREX.r2.7HG0541610.1.mrna1	TGA	224
HORVU.MOREX.r2.5HG0407620.1.mrna1	TAG	266
HORVU.MOREX.r2.7HG0547570.1.mrna1	TAA	143
HORVU.MOREX.r2.2HG0086190.1.mrna1	TAG	1413
HORVU.MOREX.r2.6HG0450270.1.mrna1	TGA	85
HORVU.MOREX.r2.7HG0529570.1.mrna1	TGA	814
HORVU.MOREX.r2.4HG0347130.1.mrna1	TAG	700
HORVU.MOREX.r2.5HG0400160.1.mrna1	TAG	577
HORVU.MOREX.r2.4HG0291900.1.mrna1	TAG	577
HORVU.MOREX.r2.2HG0150370.1.mrna1	TAA	379
HORVU.MOREX.r2.4HG0330370.1.mrna1	TAG	362
HORVU.MOREX.r2.7HG0599760.1.mrna1	TAG	266
HORVU.MOREX.r2.1HG0009790.1.mrna1	TGA	127
HORVU.MOREX.r2.2HG0147020.1.mrna1	TAA	212
HORVU.MOREX.r2.3HG0222840.1.mrna1	TGA	326
HORVU.MOREX.r2.6HG0484930.1.mrna1	TAA	954
HORVU.MOREX.r2.5HG0432590.1.mrna1	TGA	667
HORVU.MOREX.r2.2HG0176440.1.mrna1	TGA	438
HORVU.MOREX.r2.6HG0515730.1.mrna1	TGA	709
HORVU.MOREX.r2.2HG0085230.1.mrna1	TGA	331
HORVU.MOREX.r2.5HG0370610.1.mrna1	TAG	854
HORVU.MOREX.r2.7HG0535600.1.mrna1	TAG	356
HORVU.MOREX.r2.2HG0180530.1.mrna1	TAA	175
HORVU.MOREX.r2.3HG0188190.1.mrna1	TGA	185
HORVU.MOREX.r2.2HG0160500.1.mrna1	TGA	391
HORVU.MOREX.r2.1HG0053950.1.mrna1	TGA	496
HORVU.MOREX.r2.1HG0055670.1.mrna1	TGA	247
HORVU.MOREX.r2.7HG0531530.1.mrna1	TGA	418
HORVU.MOREX.r2.1HG0061850.1.mrna1	TAG	169
HORVU.MOREX.r2.7HG0573310.1.mrna1	TGA	70
HORVU.MOREX.r2.5HG0423620.1.mrna1	TGA	457
HORVU.MOREX.r2.6HG0459000.1.mrna1	TAA	836
HORVU.MOREX.r2.3HG0246680.1.mrna1	TGA	793
HORVU.MOREX.r2.7HG0539850.1.mrna1	TGA	659
HORVU.MOREX.r2.1HG0064700.1.mrna1	TGA	362
HORVU.MOREX.r2.6HG0513530.1.mrna1	TAG	427
HORVU.MOREX.r2.6HG0451830.1.mrna1	TGA	119
HORVU.MOREX.r2.UnG0625930.1.mrna1	TAA	71
HORVU.MOREX.r2.2HG0168230.1.mrna1	TAG	79
HORVU.MOREX.r2.1HG0015470.1.mrna1	TGA	1793
HORVU.MOREX.r2.5HG0379010.1.mrna1	TGA	1481
HORVU.MOREX.r2.5HG0405430.1.mrna1	TGA	491
HORVU.MOREX.r2.7HG0566600.1.mrna1	TAA	2998
HORVU.MOREX.r2.7HG0557550.1.mrna1	TGA	895
HORVU.MOREX.r2.2HG0181270.1.mrna1	TAA	211
HORVU.MOREX.r2.1HG0031780.1.mrna1	TAA	907
HORVU.MOREX.r2.1HG0037090.1.mrna1	TAA	569
HORVU.MOREX.r2.4HG0317280.1.mrna1	TGA	492
HORVU.MOREX.r2.1HG0007600.1.mrna1	TAA	327
HORVU.MOREX.r2.5HG0422270.1.mrna1	TGA	257
HORVU.MOREX.r2.2HG0110270.1.mrna1	TAG	101
HORVU.MOREX.r2.UnG0636280.1.mrna1	TAG	292
HORVU.MOREX.r2.5HG0447410.1.mrna1	TAG	107
HORVU.MOREX.r2.4HG0328910.1.mrna1	TAA	818
HORVU.MOREX.r2.3HG0182720.1.mrna1	TAA	252
HORVU.MOREX.r2.7HG0556690.1.mrna1	TGA	381
HORVU.MOREX.r2.4HG0345680.1.mrna1	TAA	299
HORVU.MOREX.r2.3HG0271090.1.mrna1	TAG	317
HORVU.MOREX.r2.6HG0497140.1.mrna1	TGA	77
HORVU.MOREX.r2.2HG0122070.1.mrna1	TGA	950
HORVU.MOREX.r2.5HG0427310.1.mrna1	TAG	1243
HORVU.MOREX.r2.7HG0608810.1.mrna1	TAG	209
HORVU.MOREX.r2.6HG0497390.1.mrna1	TAA	32
HORVU.MOREX.r2.7HG0555750.1.mrna1	TGA	250
HORVU.MOREX.r2.1HG0014540.1.mrna1	TAA	61
HORVU.MOREX.r2.7HG0598830.1.mrna1	TGA	113
HORVU.MOREX.r2.4HG0278270.1.mrna1	TGA	164
HORVU.MOREX.r2.2HG0096510.1.mrna1	TAA	579
HORVU.MOREX.r2.1HG0077350.1.mrna1	TGA	168
HORVU.MOREX.r2.6HG0520100.1.mrna1	TAG	10
HORVU.MOREX.r2.6HG0478430.1.mrna1	TGA	86
HORVU.MOREX.r2.7HG0537860.1.mrna1	TAA	730
HORVU.MOREX.r2.6HG0474890.1.mrna1	TGA	1055
HORVU.MOREX.r2.1HG0009200.1.mrna1	TGA	75
HORVU.MOREX.r2.2HG0137240.1.mrna1	TAG	221
HORVU.MOREX.r2.5HG0413060.1.mrna1	TAG	122
HORVU.MOREX.r2.1HG0044010.1.mrna1	TAA	115
HORVU.MOREX.r2.6HG0468870.1.mrna1	TAA	435
HORVU.MOREX.r2.2HG0080700.1.mrna1	TGA	1138
HORVU.MOREX.r2.3HG0235740.1.mrna1	TAA	900
HORVU.MOREX.r2.7HG0609630.1.mrna1	TAG	173
HORVU.MOREX.r2.4HG0286420.1.mrna1	TGA	871
HORVU.MOREX.r2.2HG0082300.1.mrna1	TAG	133
HORVU.MOREX.r2.5HG0396480.1.mrna1	TGA	471
HORVU.MOREX.r2.3HG0265680.1.mrna1	TGA	247
HORVU.MOREX.r2.7HG0528310.1.mrna1	TAG	265
HORVU.MOREX.r2.7HG0539590.1.mrna1	TGA	916
HORVU.MOREX.r2.4HG0304560.1.mrna1	TAA	523
HORVU.MOREX.r2.7HG0551710.1.mrna1	TAA	100
HORVU.MOREX.r2.3HG0206060.1.mrna1	TGA	423
HORVU.MOREX.r2.5HG0444730.1.mrna1	TGA	1354
HORVU.MOREX.r2.1HG0025580.1.mrna1	TAA	2600
HORVU.MOREX.r2.2HG0111710.1.mrna1	TGA	181
HORVU.MOREX.r2.1HG0057730.1.mrna1	TGA	110
HORVU.MOREX.r2.7HG0530400.1.mrna1	TGA	436
HORVU.MOREX.r2.7HG0610040.1.mrna1	TAG	1069
HORVU.MOREX.r2.7HG0604800.1.mrna1	TAG	215
HORVU.MOREX.r2.3HG0241130.1.mrna1	TAG	444
HORVU.MOREX.r2.2HG0174360.1.mrna1	TAG	239
HORVU.MOREX.r2.2HG0178080.1.mrna1	TAA	525
HORVU.MOREX.r2.2HG0098830.1.mrna1	TAA	299
HORVU.MOREX.r2.3HG0234600.1.mrna1	TGA	46
HORVU.MOREX.r2.5HG0390550.1.mrna1	TAG	1100
HORVU.MOREX.r2.1HG0044060.1.mrna1	TGA	223
HORVU.MOREX.r2.7HG0545200.1.mrna1	TAG	538
HORVU.MOREX.r2.5HG0441610.1.mrna1	TGA	44
HORVU.MOREX.r2.3HG0187830.1.mrna1	TGA	248
HORVU.MOREX.r2.5HG0443120.1.mrna1	TGA	1843
HORVU.MOREX.r2.5HG0414020.1.mrna1	TAA	211
HORVU.MOREX.r2.1HG0057380.1.mrna1	TAA	279
HORVU.MOREX.r2.6HG0520650.1.mrna1	TAA	249
HORVU.MOREX.r2.2HG0163320.1.mrna1	TAA	4729
HORVU.MOREX.r2.3HG0229770.1.mrna1	TAA	1147
HORVU.MOREX.r2.7HG0528360.1.mrna1	TAG	42
HORVU.MOREX.r2.3HG0260080.1.mrna1	TGA	1045
HORVU.MOREX.r2.6HG0517770.1.mrna1	TGA	949
HORVU.MOREX.r2.5HG0426660.1.mrna1	TAG	1088
HORVU.MOREX.r2.UnG0630350.1.mrna1	TGA	2014
HORVU.MOREX.r2.5HG0436040.1.mrna1	TAA	633
HORVU.MOREX.r2.1HG0072550.1.mrna1	TGA	539
HORVU.MOREX.r2.2HG0093240.1.mrna1	TGA	114
HORVU.MOREX.r2.7HG0556840.1.mrna1	TAG	297
HORVU.MOREX.r2.2HG0137750.1.mrna1	TAA	436
HORVU.MOREX.r2.4HG0325260.1.mrna1	TGA	40
HORVU.MOREX.r2.7HG0564680.1.mrna1	TAG	264
HORVU.MOREX.r2.1HG0003960.1.mrna1	TAG	135
HORVU.MOREX.r2.3HG0197290.1.mrna1	TAG	500
HORVU.MOREX.r2.7HG0546230.1.mrna1	TAA	224
HORVU.MOREX.r2.3HG0249300.1.mrna1	TAG	727
HORVU.MOREX.r2.1HG0061040.1.mrna1	TGA	359
HORVU.MOREX.r2.1HG0019530.1.mrna1	TGA	460
HORVU.MOREX.r2.6HG0461060.1.mrna1	TGA	788
HORVU.MOREX.r2.5HG0423720.1.mrna1	TGA	1547
HORVU.MOREX.r2.1HG0078700.1.mrna1	TGA	110
HORVU.MOREX.r2.3HG0247290.1.mrna1	TAG	1311
HORVU.MOREX.r2.2HG0087640.1.mrna1	TGA	1246
HORVU.MOREX.r2.7HG0577420.1.mrna1	TGA	270
HORVU.MOREX.r2.2HG0143840.1.mrna1	TGA	74
HORVU.MOREX.r2.7HG0533770.1.mrna1	TGA	502
HORVU.MOREX.r2.6HG0453940.1.mrna1	TAG	136
HORVU.MOREX.r2.7HG0571080.1.mrna1	TGA	187
HORVU.MOREX.r2.7HG0548850.1.mrna1	TAG	206
HORVU.MOREX.r2.3HG0226570.1.mrna1	TGA	177
HORVU.MOREX.r2.4HG0340880.1.mrna1	TAG	33
HORVU.MOREX.r2.5HG0414920.1.mrna1	TGA	658
HORVU.MOREX.r2.6HG0507230.1.mrna1	TAG	263
HORVU.MOREX.r2.4HG0343020.1.mrna1	TGA	1176
HORVU.MOREX.r2.2HG0176470.1.mrna1	TAG	539
HORVU.MOREX.r2.2HG0105680.1.mrna1	TGA	592
HORVU.MOREX.r2.3HG0218460.1.mrna1	TGA	11
HORVU.MOREX.r2.2HG0171290.1.mrna1	TAG	80
HORVU.MOREX.r2.6HG0478570.1.mrna1	TGA	139
HORVU.MOREX.r2.7HG0555540.1.mrna1	TAA	86
HORVU.MOREX.r2.2HG0094490.1.mrna1	TGA	128
HORVU.MOREX.r2.3HG0264520.1.mrna1	TGA	161
HORVU.MOREX.r2.3HG0264240.1.mrna1	TAA	252
HORVU.MOREX.r2.1HG0055150.1.mrna1	TAA	1000
HORVU.MOREX.r2.1HG0002320.1.mrna1	TGA	229
HORVU.MOREX.r2.6HG0509820.1.mrna1	TGA	293
HORVU.MOREX.r2.4HG0332130.1.mrna1	TAG	79
HORVU.MOREX.r2.6HG0514330.1.mrna1	TGA	664
HORVU.MOREX.r2.6HG0455670.1.mrna1	TGA	40
HORVU.MOREX.r2.5HG0358880.1.mrna1	TAA	212
HORVU.MOREX.r2.2HG0153080.1.mrna1	TGA	210
HORVU.MOREX.r2.6HG0460590.1.mrna1	TAG	783
HORVU.MOREX.r2.6HG0449830.1.mrna1	TGA	679
HORVU.MOREX.r2.3HG0249290.1.mrna1	TAA	4
HORVU.MOREX.r2.7HG0576410.1.mrna1	TGA	82
HORVU.MOREX.r2.7HG0550520.1.mrna1	TGA	425
HORVU.MOREX.r2.2HG0134420.1.mrna1	TGA	146
HORVU.MOREX.r2.7HG0532900.1.mrna1	TGA	378
HORVU.MOREX.r2.3HG0241860.1.mrna1	TAA	773
HORVU.MOREX.r2.2HG0169410.1.mrna1	TAG	305
HORVU.MOREX.r2.2HG0121950.1.mrna1	TGA	31
HORVU.MOREX.r2.UnG0634560.1.mrna1	TGA	130
HORVU.MOREX.r2.3HG0269760.1.mrna1	TAA	452
HORVU.MOREX.r2.1HG0007810.1.mrna1	TAA	117
HORVU.MOREX.r2.3HG0262110.1.mrna1	TGA	1055
HORVU.MOREX.r2.7HG0567620.1.mrna1	TAG	253
HORVU.MOREX.r2.5HG0441090.1.mrna1	TAG	479
HORVU.MOREX.r2.1HG0050830.1.mrna1	TAG	98
HORVU.MOREX.r2.2HG0166210.1.mrna1	TAG	1211
HORVU.MOREX.r2.7HG0538160.1.mrna1	TAG	367
HORVU.MOREX.r2.4HG0301380.1.mrna1	TAA	473
HORVU.MOREX.r2.6HG0451600.1.mrna1	TGA	264
HORVU.MOREX.r2.4HG0319530.1.mrna1	TGA	324
HORVU.MOREX.r2.UnG0635730.1.mrna1	TGA	414
HORVU.MOREX.r2.4HG0312220.1.mrna1	TAG	258
HORVU.MOREX.r2.UnG0626790.1.mrna1	TAA	2495
HORVU.MOREX.r2.7HG0553440.1.mrna1	TGA	194
HORVU.MOREX.r2.2HG0086560.1.mrna1	TGA	2489
HORVU.MOREX.r2.7HG0606940.1.mrna1	TGA	611
HORVU.MOREX.r2.4HG0324710.1.mrna1	TGA	771
HORVU.MOREX.r2.3HG0243250.1.mrna1	TGA	97
HORVU.MOREX.r2.6HG0471180.1.mrna1	TGA	1096
HORVU.MOREX.r2.6HG0511030.1.mrna1	TAG	698
HORVU.MOREX.r2.UnG0634250.1.mrna1	TGA	612
HORVU.MOREX.r2.1HG0051170.1.mrna1	TGA	253
HORVU.MOREX.r2.3HG0181860.1.mrna1	TGA	585
HORVU.MOREX.r2.1HG0063820.1.mrna1	TGA	262
HORVU.MOREX.r2.2HG0152250.1.mrna1	TAG	1144
HORVU.MOREX.r2.2HG0174880.1.mrna1	TGA	542
HORVU.MOREX.r2.UnG0631980.1.mrna1	TAA	662
HORVU.MOREX.r2.2HG0171740.1.mrna1	TAG	137
HORVU.MOREX.r2.3HG0245460.1.mrna1	TGA	406
HORVU.MOREX.r2.7HG0530260.1.mrna1	TGA	166
HORVU.MOREX.r2.2HG0105660.1.mrna1	TAG	101
HORVU.MOREX.r2.5HG0380530.1.mrna1	TAG	1
HORVU.MOREX.r2.7HG0550480.1.mrna1	TAA	331
HORVU.MOREX.r2.5HG0384020.1.mrna1	TAG	71
HORVU.MOREX.r2.6HG0448860.1.mrna1	TGA	1280
HORVU.MOREX.r2.1HG0002310.1.mrna1	TGA	890
HORVU.MOREX.r2.7HG0594670.1.mrna1	TAA	1826
HORVU.MOREX.r2.6HG0477600.1.mrna1	TGA	442
HORVU.MOREX.r2.6HG0484920.1.mrna1	TGA	807
HORVU.MOREX.r2.3HG0273790.1.mrna1	TAA	184
HORVU.MOREX.r2.1HG0013570.1.mrna1	TAA	322
HORVU.MOREX.r2.2HG0090360.1.mrna1	TAA	94
HORVU.MOREX.r2.5HG0352950.1.mrna1	TGA	199
HORVU.MOREX.r2.3HG0211470.1.mrna1	TAA	94
HORVU.MOREX.r2.1HG0052530.1.mrna1	TGA	447
HORVU.MOREX.r2.5HG0426220.1.mrna1	TGA	119
HORVU.MOREX.r2.4HG0313270.1.mrna1	TAA	117
HORVU.MOREX.r2.6HG0512460.1.mrna1	TAG	671
HORVU.MOREX.r2.1HG0053960.1.mrna1	TAA	378
HORVU.MOREX.r2.6HG0523420.1.mrna1	TAG	88
HORVU.MOREX.r2.5HG0395210.1.mrna1	TGA	157
HORVU.MOREX.r2.6HG0506620.1.mrna1	TAG	515
HORVU.MOREX.r2.6HG0476860.1.mrna1	TAA	26
HORVU.MOREX.r2.UnG0628240.1.mrna1	TAA	782
HORVU.MOREX.r2.2HG0155810.1.mrna1	TGA	259
HORVU.MOREX.r2.2HG0127170.1.mrna1	TAG	82
HORVU.MOREX.r2.2HG0159480.1.mrna1	TGA	227
HORVU.MOREX.r2.UnG0634980.1.mrna1	TAA	458
HORVU.MOREX.r2.3HG0256390.1.mrna1	TGA	296
HORVU.MOREX.r2.3HG0262130.1.mrna1	TAG	78
HORVU.MOREX.r2.3HG0198020.1.mrna1	TGA	1006
HORVU.MOREX.r2.7HG0599550.1.mrna1	TAG	658
HORVU.MOREX.r2.1HG0071980.1.mrna1	TGA	208
HORVU.MOREX.r2.5HG0399050.1.mrna1	TGA	180
HORVU.MOREX.r2.7HG0538140.1.mrna1	TGA	220
HORVU.MOREX.r2.7HG0617180.1.mrna1	TAA	250
HORVU.MOREX.r2.2HG0149920.1.mrna1	TAA	357
HORVU.MOREX.r2.5HG0392130.1.mrna1	TAG	314
HORVU.MOREX.r2.1HG0078240.1.mrna1	TGA	413
HORVU.MOREX.r2.3HG0184350.1.mrna1	TAG	158
HORVU.MOREX.r2.4HG0287160.1.mrna1	TAA	244
HORVU.MOREX.r2.5HG0426630.1.mrna1	TGA	133
HORVU.MOREX.r2.6HG0453480.1.mrna1	TAG	1157
HORVU.MOREX.r2.1HG0029310.1.mrna1	TAA	427
HORVU.MOREX.r2.3HG0190070.1.mrna1	TGA	142
HORVU.MOREX.r2.1HG0016630.1.mrna1	TGA	535
HORVU.MOREX.r2.2HG0123520.1.mrna1	TAG	179
HORVU.MOREX.r2.2HG0110470.1.mrna1	TAA	117
HORVU.MOREX.r2.2HG0114150.1.mrna1	TGA	355
HORVU.MOREX.r2.3HG0238430.1.mrna1	TGA	103
HORVU.MOREX.r2.5HG0413230.1.mrna1	TAG	218
HORVU.MOREX.r2.3HG0193040.1.mrna1	TAG	221
HORVU.MOREX.r2.3HG0243690.1.mrna1	TGA	22
HORVU.MOREX.r2.2HG0100510.1.mrna1	TGA	10
HORVU.MOREX.r2.7HG0549230.1.mrna1	TGA	859
HORVU.MOREX.r2.3HG0199900.1.mrna1	TAG	2435
HORVU.MOREX.r2.5HG0412760.1.mrna1	TGA	91
HORVU.MOREX.r2.3HG0227970.1.mrna1	TAA	88
HORVU.MOREX.r2.4HG0347570.1.mrna1	TAA	444
HORVU.MOREX.r2.5HG0427600.1.mrna1	TAG	221
HORVU.MOREX.r2.5HG0385380.1.mrna1	TGA	227
HORVU.MOREX.r2.2HG0109800.1.mrna1	TGA	29
HORVU.MOREX.r2.7HG0616300.1.mrna1	TGA	334
HORVU.MOREX.r2.6HG0517550.1.mrna1	TAG	996
HORVU.MOREX.r2.1HG0017410.1.mrna1	TAA	9
HORVU.MOREX.r2.1HG0036600.1.mrna1	TGA	112
HORVU.MOREX.r2.7HG0579190.1.mrna1	TGA	205
HORVU.MOREX.r2.5HG0439790.1.mrna1	TAA	128
HORVU.MOREX.r2.7HG0623730.1.mrna1	TAA	716
HORVU.MOREX.r2.5HG0418340.1.mrna1	TGA	430
HORVU.MOREX.r2.1HG0010260.1.mrna1	TAG	236
HORVU.MOREX.r2.2HG0107180.1.mrna1	TAG	2138
HORVU.MOREX.r2.1HG0062160.1.mrna1	TGA	14
HORVU.MOREX.r2.1HG0065720.1.mrna1	TGA	730
HORVU.MOREX.r2.5HG0406010.1.mrna1	TAA	181
HORVU.MOREX.r2.4HG0343890.1.mrna1	TGA	1615
HORVU.MOREX.r2.3HG0258650.1.mrna1	TGA	407
HORVU.MOREX.r2.2HG0134970.1.mrna1	TGA	212
HORVU.MOREX.r2.UnG0634700.1.mrna1	TAA	59
HORVU.MOREX.r2.3HG0257310.1.mrna1	TAG	131
HORVU.MOREX.r2.4HG0341560.1.mrna1	TGA	459
HORVU.MOREX.r2.4HG0345910.1.mrna1	TAA	1031
HORVU.MOREX.r2.6HG0523750.1.mrna1	TAG	2859
HORVU.MOREX.r2.3HG0233370.1.mrna1	TGA	91
HORVU.MOREX.r2.7HG0587110.1.mrna1	TAG	281
HORVU.MOREX.r2.4HG0348230.1.mrna1	TGA	3085
HORVU.MOREX.r2.6HG0515600.1.mrna1	TGA	406
HORVU.MOREX.r2.7HG0586090.1.mrna1	TGA	19
HORVU.MOREX.r2.2HG0116050.1.mrna1	TGA	151
HORVU.MOREX.r2.4HG0338820.1.mrna1	TGA	830
HORVU.MOREX.r2.4HG0300970.1.mrna1	TGA	428
HORVU.MOREX.r2.3HG0204820.1.mrna1	TGA	1186
HORVU.MOREX.r2.2HG0179010.1.mrna1	TAA	119
HORVU.MOREX.r2.7HG0577060.1.mrna1	TGA	179
HORVU.MOREX.r2.1HG0049260.1.mrna1	TGA	959
HORVU.MOREX.r2.4HG0280820.1.mrna1	TAA	276
HORVU.MOREX.r2.2HG0140200.1.mrna1	TAG	288
HORVU.MOREX.r2.2HG0104540.1.mrna1	TGA	47
HORVU.MOREX.r2.2HG0089800.1.mrna1	TGA	193
HORVU.MOREX.r2.1HG0008510.1.mrna1	TAG	1919
HORVU.MOREX.r2.7HG0527780.1.mrna1	TGA	781
HORVU.MOREX.r2.5HG0352640.1.mrna1	TAG	936
HORVU.MOREX.r2.7HG0568130.1.mrna1	TGA	3
HORVU.MOREX.r2.7HG0578930.1.mrna1	TGA	150
HORVU.MOREX.r2.6HG0472470.1.mrna1	TAG	193
HORVU.MOREX.r2.2HG0172000.1.mrna1	TGA	721
HORVU.MOREX.r2.3HG0219700.1.mrna1	TGA	1064
HORVU.MOREX.r2.5HG0357640.1.mrna1	TGA	322
HORVU.MOREX.r2.6HG0490270.1.mrna1	TGA	201
HORVU.MOREX.r2.3HG0186850.1.mrna1	TAG	1463
HORVU.MOREX.r2.5HG0420860.1.mrna1	TGA	184
HORVU.MOREX.r2.2HG0127340.1.mrna1	TGA	305
HORVU.MOREX.r2.6HG0470460.1.mrna1	TAG	435
HORVU.MOREX.r2.2HG0116100.1.mrna1	TAG	625
HORVU.MOREX.r2.6HG0463050.1.mrna1	TGA	841
HORVU.MOREX.r2.3HG0199350.1.mrna1	TAA	1553
HORVU.MOREX.r2.6HG0483770.1.mrna1	TGA	995
HORVU.MOREX.r2.5HG0402890.1.mrna1	TGA	117
HORVU.MOREX.r2.1HG0009840.1.mrna1	TGA	590
HORVU.MOREX.r2.1HG0005670.1.mrna1	TAA	433
HORVU.MOREX.r2.1HG0078020.1.mrna1	TGA	283
HORVU.MOREX.r2.7HG0549630.1.mrna1	TGA	165
HORVU.MOREX.r2.2HG0157240.1.mrna1	TGA	1365
HORVU.MOREX.r2.7HG0529120.1.mrna1	TAG	14
HORVU.MOREX.r2.3HG0205240.1.mrna1	TAA	383
HORVU.MOREX.r2.1HG0001150.1.mrna1	TGA	13
HORVU.MOREX.r2.7HG0612310.1.mrna1	TGA	691
HORVU.MOREX.r2.7HG0576280.1.mrna1	TAA	521
HORVU.MOREX.r2.3HG0232330.1.mrna1	TAA	298
HORVU.MOREX.r2.2HG0095560.1.mrna1	TAA	156
HORVU.MOREX.r2.3HG0222150.1.mrna1	TGA	163
HORVU.MOREX.r2.UnG0635770.1.mrna1	TGA	215
HORVU.MOREX.r2.4HG0344620.1.mrna1	TGA	484
HORVU.MOREX.r2.6HG0520570.1.mrna1	TAA	25
HORVU.MOREX.r2.7HG0624130.1.mrna1	TGA	186
HORVU.MOREX.r2.3HG0269240.1.mrna1	TGA	85
HORVU.MOREX.r2.3HG0261760.1.mrna1	TGA	196
HORVU.MOREX.r2.7HG0531170.1.mrna1	TAG	200
HORVU.MOREX.r2.5HG0392840.1.mrna1	TAG	329
HORVU.MOREX.r2.2HG0170660.1.mrna1	TGA	1891
HORVU.MOREX.r2.5HG0425750.1.mrna1	TGA	881
HORVU.MOREX.r2.7HG0543100.1.mrna1	TAA	716
HORVU.MOREX.r2.4HG0311590.1.mrna1	TAG	903
HORVU.MOREX.r2.2HG0112470.1.mrna1	TGA	95
HORVU.MOREX.r2.7HG0541210.1.mrna1	TAG	164
HORVU.MOREX.r2.7HG0616970.1.mrna1	TAA	210
HORVU.MOREX.r2.6HG0461210.1.mrna1	TAG	169
HORVU.MOREX.r2.2HG0166860.1.mrna1	TGA	346
HORVU.MOREX.r2.5HG0430350.1.mrna1	TAG	542
HORVU.MOREX.r2.1HG0048490.1.mrna1	TGA	7
HORVU.MOREX.r2.2HG0176660.1.mrna1	TGA	880
HORVU.MOREX.r2.5HG0369820.1.mrna1	TAA	161
HORVU.MOREX.r2.2HG0082890.1.mrna1	TAG	356
HORVU.MOREX.r2.7HG0542990.1.mrna1	TAA	239
HORVU.MOREX.r2.6HG0510790.1.mrna1	TGA	354
HORVU.MOREX.r2.UnG0624800.1.mrna1	TAA	158
HORVU.MOREX.r2.2HG0146300.1.mrna1	TGA	485
HORVU.MOREX.r2.3HG0273120.1.mrna1	TGA	194
HORVU.MOREX.r2.7HG0613770.1.mrna1	TAG	375
HORVU.MOREX.r2.4HG0315340.1.mrna1	TAA	347
HORVU.MOREX.r2.4HG0285650.1.mrna1	TAG	528
HORVU.MOREX.r2.1HG0060130.1.mrna1	TGA	236
HORVU.MOREX.r2.4HG0342030.1.mrna1	TGA	1244
HORVU.MOREX.r2.2HG0099920.1.mrna1	TAA	322
HORVU.MOREX.r2.3HG0266350.1.mrna1	TGA	279
HORVU.MOREX.r2.2HG0088770.1.mrna1	TGA	110
HORVU.MOREX.r2.5HG0437330.1.mrna1	TAG	284
HORVU.MOREX.r2.2HG0136490.1.mrna1	TGA	629
HORVU.MOREX.r2.7HG0617310.1.mrna1	TAG	225
HORVU.MOREX.r2.7HG0586370.1.mrna1	TAG	86
HORVU.MOREX.r2.2HG0113800.1.mrna1	TGA	167
HORVU.MOREX.r2.6HG0503640.1.mrna1	TAA	164
HORVU.MOREX.r2.2HG0111240.1.mrna1	TAG	437
HORVU.MOREX.r2.5HG0439750.1.mrna1	TGA	256
HORVU.MOREX.r2.1HG0004000.1.mrna1	TAG	66
HORVU.MOREX.r2.7HG0594060.1.mrna1	TGA	1725
HORVU.MOREX.r2.7HG0538870.1.mrna1	TGA	124
HORVU.MOREX.r2.3HG0246730.1.mrna1	TAG	557
HORVU.MOREX.r2.3HG0186420.1.mrna1	TGA	188
HORVU.MOREX.r2.UnG0629450.1.mrna1	TGA	211
HORVU.MOREX.r2.4HG0285010.1.mrna1	TGA	1166
HORVU.MOREX.r2.1HG0066840.1.mrna1	TAA	182
HORVU.MOREX.r2.5HG0441860.1.mrna1	TGA	134
HORVU.MOREX.r2.3HG0243460.1.mrna1	TAA	626
HORVU.MOREX.r2.3HG0204990.1.mrna1	TAA	250
HORVU.MOREX.r2.2HG0094060.1.mrna1	TAA	334
HORVU.MOREX.r2.5HG0441630.1.mrna1	TAA	257
HORVU.MOREX.r2.2HG0093820.1.mrna1	TGA	85
HORVU.MOREX.r2.2HG0156640.1.mrna1	TGA	73
HORVU.MOREX.r2.3HG0201130.1.mrna1	TAG	194
HORVU.MOREX.r2.3HG0241040.1.mrna1	TGA	449
HORVU.MOREX.r2.1HG0029290.1.mrna1	TGA	284
HORVU.MOREX.r2.1HG0010410.1.mrna1	TAG	379
HORVU.MOREX.r2.5HG0441960.1.mrna1	TAG	293
HORVU.MOREX.r2.3HG0204440.1.mrna1	TGA	194
HORVU.MOREX.r2.5HG0400840.1.mrna1	TAG	10
HORVU.MOREX.r2.5HG0437470.1.mrna1	TGA	61
HORVU.MOREX.r2.4HG0284270.1.mrna1	TAA	170
HORVU.MOREX.r2.3HG0261160.1.mrna1	TGA	359
HORVU.MOREX.r2.5HG0354470.1.mrna1	TGA	274
HORVU.MOREX.r2.2HG0153200.1.mrna1	TAG	128
HORVU.MOREX.r2.6HG0452600.1.mrna1	TAA	431
HORVU.MOREX.r2.7HG0537190.1.mrna1	TGA	1275
HORVU.MOREX.r2.4HG0348130.1.mrna1	TGA	1268
HORVU.MOREX.r2.5HG0351800.1.mrna1	TGA	187
HORVU.MOREX.r2.2HG0137720.1.mrna1	TGA	1372
HORVU.MOREX.r2.5HG0361860.1.mrna1	TAA	579
HORVU.MOREX.r2.1HG0003950.1.mrna1	TAG	2732
HORVU.MOREX.r2.6HG0463210.1.mrna1	TGA	32
HORVU.MOREX.r2.7HG0583970.1.mrna1	TGA	760
HORVU.MOREX.r2.3HG0274440.1.mrna1	TGA	998
HORVU.MOREX.r2.5HG0358130.1.mrna1	TAG	86
HORVU.MOREX.r2.1HG0055540.1.mrna1	TAG	975
HORVU.MOREX.r2.2HG0082350.1.mrna1	TGA	769
HORVU.MOREX.r2.2HG0081680.1.mrna1	TGA	982
HORVU.MOREX.r2.6HG0490450.1.mrna1	TGA	201
HORVU.MOREX.r2.2HG0079080.1.mrna1	TAG	548
HORVU.MOREX.r2.6HG0504250.1.mrna1	TAA	972
HORVU.MOREX.r2.2HG0137600.1.mrna1	TGA	409
HORVU.MOREX.r2.5HG0350810.1.mrna1	TGA	97
HORVU.MOREX.r2.1HG0007340.1.mrna1	TGA	50
HORVU.MOREX.r2.2HG0171600.1.mrna1	TAG	256
HORVU.MOREX.r2.7HG0568430.1.mrna1	TAG	209
HORVU.MOREX.r2.7HG0575830.1.mrna1	TAG	242
HORVU.MOREX.r2.6HG0503870.1.mrna1	TGA	134
HORVU.MOREX.r2.2HG0149720.1.mrna1	TGA	44
HORVU.MOREX.r2.1HG0003760.1.mrna1	TAA	745
HORVU.MOREX.r2.4HG0332800.1.mrna1	TAA	621
HORVU.MOREX.r2.1HG0018540.1.mrna1	TAG	148
HORVU.MOREX.r2.1HG0061770.1.mrna1	TGA	590
HORVU.MOREX.r2.6HG0471880.1.mrna1	TAA	593
HORVU.MOREX.r2.1HG0071450.1.mrna1	TAA	682
HORVU.MOREX.r2.1HG0000580.1.mrna1	TGA	530
HORVU.MOREX.r2.6HG0459410.1.mrna1	TGA	368
HORVU.MOREX.r2.1HG0005020.1.mrna1	TAA	2167
HORVU.MOREX.r2.7HG0593510.1.mrna1	TAG	154
HORVU.MOREX.r2.6HG0472700.1.mrna1	TGA	485
HORVU.MOREX.r2.3HG0185090.1.mrna1	TAG	206
HORVU.MOREX.r2.3HG0243480.1.mrna1	TGA	755
HORVU.MOREX.r2.7HG0541360.1.mrna1	TGA	659
HORVU.MOREX.r2.UnG0627300.1.mrna1	TAA	1672
HORVU.MOREX.r2.5HG0440190.1.mrna1	TGA	302
HORVU.MOREX.r2.7HG0591550.1.mrna1	TAG	27
HORVU.MOREX.r2.5HG0446050.1.mrna1	TAA	292
HORVU.MOREX.r2.2HG0085420.1.mrna1	TGA	185
HORVU.MOREX.r2.5HG0426230.1.mrna1	TAG	170
HORVU.MOREX.r2.2HG0084870.1.mrna1	TGA	535
HORVU.MOREX.r2.7HG0545920.1.mrna1	TGA	234
HORVU.MOREX.r2.2HG0175570.1.mrna1	TAG	402
HORVU.MOREX.r2.6HG0501900.1.mrna1	TAA	265
HORVU.MOREX.r2.5HG0411590.1.mrna1	TAA	577
HORVU.MOREX.r2.6HG0454400.1.mrna1	TAA	1421
HORVU.MOREX.r2.2HG0092380.1.mrna1	TAA	592
HORVU.MOREX.r2.3HG0273750.1.mrna1	TGA	299
HORVU.MOREX.r2.3HG0212220.1.mrna1	TAG	14
HORVU.MOREX.r2.5HG0365460.1.mrna1	TGA	80
HORVU.MOREX.r2.3HG0192830.1.mrna1	TAG	937
HORVU.MOREX.r2.2HG0154200.1.mrna1	TGA	68
HORVU.MOREX.r2.3HG0238990.1.mrna1	TGA	385
HORVU.MOREX.r2.7HG0548440.1.mrna1	TAA	403
HORVU.MOREX.r2.7HG0540720.1.mrna1	TGA	349
HORVU.MOREX.r2.6HG0502420.1.mrna1	TGA	205
HORVU.MOREX.r2.UnG0632460.1.mrna1	TGA	670
HORVU.MOREX.r2.2HG0163510.1.mrna1	TAA	62
HORVU.MOREX.r2.7HG0573430.1.mrna1	TGA	1223
HORVU.MOREX.r2.1HG0046890.1.mrna1	TGA	26
HORVU.MOREX.r2.2HG0133580.1.mrna1	TGA	979
HORVU.MOREX.r2.4HG0341820.1.mrna1	TAA	315
HORVU.MOREX.r2.6HG0503290.1.mrna1	TAA	347
HORVU.MOREX.r2.7HG0541490.1.mrna1	TGA	817
HORVU.MOREX.r2.7HG0537250.1.mrna1	TGA	125
HORVU.MOREX.r2.2HG0104560.1.mrna1	TAG	499
HORVU.MOREX.r2.5HG0366890.1.mrna1	TAG	561
HORVU.MOREX.r2.3HG0194390.1.mrna1	TAA	1372
HORVU.MOREX.r2.1HG0071070.1.mrna1	TGA	20
HORVU.MOREX.r2.1HG0024960.1.mrna1	TGA	1195
HORVU.MOREX.r2.6HG0523740.1.mrna1	TAA	625
HORVU.MOREX.r2.5HG0397810.1.mrna1	TGA	167
HORVU.MOREX.r2.2HG0124570.1.mrna1	TAG	549
HORVU.MOREX.r2.5HG0358320.1.mrna1	TGA	46
HORVU.MOREX.r2.6HG0453030.1.mrna1	TAG	350
HORVU.MOREX.r2.7HG0570910.1.mrna1	TAA	161
HORVU.MOREX.r2.1HG0045110.1.mrna1	TAG	162
HORVU.MOREX.r2.4HG0306950.1.mrna1	TGA	346
HORVU.MOREX.r2.1HG0031270.1.mrna1	TAG	602
HORVU.MOREX.r2.6HG0457180.1.mrna1	TGA	248
HORVU.MOREX.r2.1HG0030510.1.mrna1	TGA	245
HORVU.MOREX.r2.3HG0267540.1.mrna1	TAA	1952
HORVU.MOREX.r2.3HG0196920.1.mrna1	TGA	739
HORVU.MOREX.r2.6HG0478080.1.mrna1	TGA	127
HORVU.MOREX.r2.5HG0447800.1.mrna1	TAG	224
HORVU.MOREX.r2.6HG0465320.1.mrna1	TGA	3549
HORVU.MOREX.r2.2HG0082980.1.mrna1	TAG	151
HORVU.MOREX.r2.6HG0494770.1.mrna1	TGA	281
HORVU.MOREX.r2.7HG0530000.1.mrna1	TGA	200
HORVU.MOREX.r2.5HG0385080.1.mrna1	TGA	149
HORVU.MOREX.r2.UnG0634030.1.mrna1	TAG	248
HORVU.MOREX.r2.2HG0148130.1.mrna1	TGA	854
HORVU.MOREX.r2.5HG0413360.1.mrna1	TGA	49
HORVU.MOREX.r2.5HG0406070.1.mrna1	TAG	1089
HORVU.MOREX.r2.5HG0400460.1.mrna1	TGA	1432
HORVU.MOREX.r2.3HG0272710.1.mrna1	TGA	358
HORVU.MOREX.r2.6HG0509720.1.mrna1	TAG	1409
HORVU.MOREX.r2.2HG0164130.1.mrna1	TGA	287
HORVU.MOREX.r2.4HG0291930.1.mrna1	TAG	283
HORVU.MOREX.r2.7HG0557150.1.mrna1	TGA	967
HORVU.MOREX.r2.3HG0263390.1.mrna1	TAG	302
HORVU.MOREX.r2.7HG0618160.1.mrna1	TGA	403
HORVU.MOREX.r2.4HG0277860.1.mrna1	TGA	661
HORVU.MOREX.r2.7HG0610180.1.mrna1	TAA	2606
HORVU.MOREX.r2.2HG0168960.1.mrna1	TAG	2483
HORVU.MOREX.r2.7HG0574420.1.mrna1	TAA	633
HORVU.MOREX.r2.7HG0528140.1.mrna1	TGA	262
HORVU.MOREX.r2.5HG0420260.1.mrna1	TGA	1112
HORVU.MOREX.r2.5HG0400330.1.mrna1	TGA	473
HORVU.MOREX.r2.3HG0182670.1.mrna1	TGA	152
HORVU.MOREX.r2.6HG0503320.1.mrna1	TGA	152
HORVU.MOREX.r2.6HG0482210.1.mrna1	TGA	460
HORVU.MOREX.r2.6HG0497210.1.mrna1	TGA	317
HORVU.MOREX.r2.7HG0597330.1.mrna1	TGA	99
HORVU.MOREX.r2.2HG0149990.1.mrna1	TAA	156
HORVU.MOREX.r2.6HG0487780.1.mrna1	TGA	187
HORVU.MOREX.r2.1HG0009690.1.mrna1	TGA	175
HORVU.MOREX.r2.7HG0553430.1.mrna1	TGA	194
HORVU.MOREX.r2.3HG0270940.1.mrna1	TGA	235
HORVU.MOREX.r2.7HG0586080.1.mrna1	TAA	214
HORVU.MOREX.r2.6HG0480460.1.mrna1	TAA	593
HORVU.MOREX.r2.5HG0409660.1.mrna1	TGA	503
HORVU.MOREX.r2.5HG0356510.1.mrna1	TAG	128
HORVU.MOREX.r2.2HG0149260.1.mrna1	TGA	185
HORVU.MOREX.r2.2HG0087500.1.mrna1	TAG	7
HORVU.MOREX.r2.2HG0127820.1.mrna1	TGA	360
HORVU.MOREX.r2.5HG0419870.1.mrna1	TAG	305
HORVU.MOREX.r2.5HG0384740.1.mrna1	TAA	838
HORVU.MOREX.r2.7HG0541110.1.mrna1	TAG	1139
HORVU.MOREX.r2.7HG0556670.1.mrna1	TAG	467
HORVU.MOREX.r2.7HG0585650.1.mrna1	TGA	506
HORVU.MOREX.r2.6HG0463930.1.mrna1	TGA	352
HORVU.MOREX.r2.UnG0635350.1.mrna1	TGA	670
HORVU.MOREX.r2.5HG0351760.1.mrna1	TGA	435
HORVU.MOREX.r2.7HG0556970.1.mrna1	TGA	676
HORVU.MOREX.r2.3HG0236030.1.mrna1	TGA	562
HORVU.MOREX.r2.1HG0058970.1.mrna1	TAG	217
HORVU.MOREX.r2.3HG0236980.1.mrna1	TGA	816
HORVU.MOREX.r2.5HG0349380.1.mrna1	TGA	2369
HORVU.MOREX.r2.5HG0349410.1.mrna1	TGA	172
HORVU.MOREX.r2.6HG0520380.1.mrna1	TGA	224
HORVU.MOREX.r2.3HG0268530.1.mrna1	TAG	391
HORVU.MOREX.r2.1HG0024890.1.mrna1	TAG	819
HORVU.MOREX.r2.2HG0132980.1.mrna1	TGA	177
HORVU.MOREX.r2.7HG0572260.1.mrna1	TAG	2057
HORVU.MOREX.r2.1HG0018650.1.mrna1	TAG	291
HORVU.MOREX.r2.2HG0085940.1.mrna1	TGA	86
HORVU.MOREX.r2.1HG0077570.1.mrna1	TAG	190
HORVU.MOREX.r2.3HG0271130.1.mrna1	TAG	389
HORVU.MOREX.r2.5HG0384800.1.mrna1	TGA	1057
HORVU.MOREX.r2.1HG0052980.1.mrna1	TAG	266
HORVU.MOREX.r2.4HG0306190.1.mrna1	TGA	1607
HORVU.MOREX.r2.3HG0266830.1.mrna1	TAG	295
HORVU.MOREX.r2.7HG0596680.1.mrna1	TAG	573
HORVU.MOREX.r2.7HG0617140.1.mrna1	TAA	250
HORVU.MOREX.r2.2HG0150250.1.mrna1	TGA	290
HORVU.MOREX.r2.3HG0190300.1.mrna1	TAG	1192
HORVU.MOREX.r2.5HG0421550.1.mrna1	TGA	69
HORVU.MOREX.r2.6HG0500730.1.mrna1	TGA	217
HORVU.MOREX.r2.6HG0520410.1.mrna1	TGA	149
HORVU.MOREX.r2.1HG0038320.1.mrna1	TGA	625
HORVU.MOREX.r2.2HG0103130.1.mrna1	TGA	2437
HORVU.MOREX.r2.7HG0531670.1.mrna1	TAG	200
HORVU.MOREX.r2.2HG0179440.1.mrna1	TAA	290
HORVU.MOREX.r2.5HG0411770.1.mrna1	TAG	280
HORVU.MOREX.r2.7HG0611930.1.mrna1	TGA	395
HORVU.MOREX.r2.1HG0030700.1.mrna1	TAA	298
HORVU.MOREX.r2.4HG0280350.1.mrna1	TGA	201
HORVU.MOREX.r2.7HG0578990.1.mrna1	TAG	413
HORVU.MOREX.r2.5HG0397020.1.mrna1	TAG	1058
HORVU.MOREX.r2.6HG0477450.1.mrna1	TAG	311
HORVU.MOREX.r2.1HG0066020.1.mrna1	TGA	95
HORVU.MOREX.r2.1HG0038480.1.mrna1	TAG	109
HORVU.MOREX.r2.5HG0421450.1.mrna1	TAA	30
HORVU.MOREX.r2.5HG0407910.1.mrna1	TAA	7
HORVU.MOREX.r2.2HG0175920.1.mrna1	TGA	2014
HORVU.MOREX.r2.2HG0092430.1.mrna1	TGA	233
HORVU.MOREX.r2.5HG0433460.1.mrna1	TGA	191
HORVU.MOREX.r2.7HG0545810.1.mrna1	TGA	1610
HORVU.MOREX.r2.1HG0056200.1.mrna1	TAG	60
HORVU.MOREX.r2.5HG0445850.1.mrna1	TAG	110
HORVU.MOREX.r2.7HG0555810.1.mrna1	TAG	254
HORVU.MOREX.r2.4HG0345870.1.mrna1	TGA	458
HORVU.MOREX.r2.1HG0063150.1.mrna1	TAG	824
HORVU.MOREX.r2.4HG0282370.1.mrna1	TAG	632
HORVU.MOREX.r2.2HG0091900.1.mrna1	TGA	185
HORVU.MOREX.r2.3HG0236050.1.mrna1	TGA	388
HORVU.MOREX.r2.1HG0058950.1.mrna1	TGA	349
HORVU.MOREX.r2.5HG0390340.1.mrna1	TGA	106
HORVU.MOREX.r2.6HG0519340.1.mrna1	TGA	485
HORVU.MOREX.r2.2HG0135560.1.mrna1	TGA	123
HORVU.MOREX.r2.6HG0507220.1.mrna1	TAG	127
HORVU.MOREX.r2.7HG0616340.1.mrna1	TAG	86
HORVU.MOREX.r2.1HG0008810.1.mrna1	TAG	1919
HORVU.MOREX.r2.7HG0530180.1.mrna1	TGA	339
HORVU.MOREX.r2.5HG0421980.1.mrna1	TAA	1402
HORVU.MOREX.r2.5HG0439160.1.mrna1	TGA	89
HORVU.MOREX.r2.2HG0110850.1.mrna1	TGA	149
HORVU.MOREX.r2.7HG0571050.1.mrna1	TGA	418
HORVU.MOREX.r2.1HG0014300.1.mrna1	TAG	1158
HORVU.MOREX.r2.6HG0505380.1.mrna1	TGA	71
HORVU.MOREX.r2.6HG0495110.1.mrna1	TAA	82
HORVU.MOREX.r2.5HG0411530.1.mrna1	TGA	904
HORVU.MOREX.r2.4HG0331670.1.mrna1	TGA	560
HORVU.MOREX.r2.7HG0617160.1.mrna1	TAA	250
HORVU.MOREX.r2.2HG0134350.1.mrna1	TGA	599
HORVU.MOREX.r2.2HG0102710.1.mrna1	TAG	456
HORVU.MOREX.r2.6HG0454140.1.mrna1	TGA	529
HORVU.MOREX.r2.2HG0138450.1.mrna1	TAA	406
HORVU.MOREX.r2.5HG0426610.1.mrna1	TAA	494
HORVU.MOREX.r2.3HG0232470.1.mrna1	TGA	114
HORVU.MOREX.r2.6HG0448370.1.mrna1	TGA	436
HORVU.MOREX.r2.5HG0387490.1.mrna1	TAG	292
HORVU.MOREX.r2.6HG0521770.1.mrna1	TGA	797
HORVU.MOREX.r2.3HG0197070.1.mrna1	TAG	518
HORVU.MOREX.r2.6HG0502130.1.mrna1	TAG	1537
HORVU.MOREX.r2.5HG0433360.1.mrna1	TAA	215
HORVU.MOREX.r2.6HG0454940.1.mrna1	TAG	173
HORVU.MOREX.r2.2HG0100530.1.mrna1	TAA	63
HORVU.MOREX.r2.6HG0524040.1.mrna1	TAA	179
HORVU.MOREX.r2.1HG0006110.1.mrna1	TGA	120
HORVU.MOREX.r2.7HG0581590.1.mrna1	TAG	291
HORVU.MOREX.r2.7HG0589790.1.mrna1	TGA	286
HORVU.MOREX.r2.3HG0224760.1.mrna1	TAA	263
HORVU.MOREX.r2.5HG0360070.1.mrna1	TGA	847
HORVU.MOREX.r2.7HG0556620.1.mrna1	TAA	514
HORVU.MOREX.r2.1HG0044350.1.mrna1	TGA	832
HORVU.MOREX.r2.7HG0609810.1.mrna1	TGA	154
HORVU.MOREX.r2.5HG0441280.1.mrna1	TAA	137
HORVU.MOREX.r2.2HG0127240.1.mrna1	TAG	290
HORVU.MOREX.r2.3HG0243650.1.mrna1	TGA	245
HORVU.MOREX.r2.6HG0452570.1.mrna1	TAA	473
HORVU.MOREX.r2.3HG0243240.1.mrna1	TGA	409
HORVU.MOREX.r2.2HG0133620.1.mrna1	TGA	353
HORVU.MOREX.r2.6HG0490250.1.mrna1	TAG	816
HORVU.MOREX.r2.3HG0221620.1.mrna1	TAG	961
HORVU.MOREX.r2.4HG0331400.1.mrna1	TGA	107
HORVU.MOREX.r2.7HG0574710.1.mrna1	TAG	398
HORVU.MOREX.r2.7HG0528230.1.mrna1	TGA	202
HORVU.MOREX.r2.4HG0328780.1.mrna1	TAA	382
HORVU.MOREX.r2.6HG0484260.1.mrna1	TGA	1430
HORVU.MOREX.r2.7HG0548960.1.mrna1	TAG	164
HORVU.MOREX.r2.5HG0385940.1.mrna1	TGA	463
HORVU.MOREX.r2.4HG0292010.1.mrna1	TGA	1549
HORVU.MOREX.r2.2HG0094740.1.mrna1	TAA	41
HORVU.MOREX.r2.6HG0520180.1.mrna1	TGA	341
HORVU.MOREX.r2.1HG0060100.1.mrna1	TAG	1140
HORVU.MOREX.r2.2HG0158690.1.mrna1	TGA	432
HORVU.MOREX.r2.2HG0181200.1.mrna1	TAA	832
HORVU.MOREX.r2.5HG0398080.1.mrna1	TAG	341
HORVU.MOREX.r2.1HG0029260.1.mrna1	TAA	307
HORVU.MOREX.r2.7HG0570820.1.mrna1	TAG	20
HORVU.MOREX.r2.6HG0479040.1.mrna1	TAA	516
HORVU.MOREX.r2.5HG0436220.1.mrna1	TGA	20
HORVU.MOREX.r2.7HG0543370.1.mrna1	TAA	86
HORVU.MOREX.r2.1HG0072580.1.mrna1	TAA	196
HORVU.MOREX.r2.5HG0444200.1.mrna1	TAG	224
HORVU.MOREX.r2.2HG0140940.1.mrna1	TAA	281
HORVU.MOREX.r2.7HG0545940.1.mrna1	TAA	237
HORVU.MOREX.r2.5HG0358920.1.mrna1	TAG	651
HORVU.MOREX.r2.2HG0156580.1.mrna1	TGA	166
HORVU.MOREX.r2.6HG0453230.1.mrna1	TGA	377
HORVU.MOREX.r2.3HG0183290.1.mrna1	TGA	425
HORVU.MOREX.r2.6HG0522800.1.mrna1	TAG	2065
HORVU.MOREX.r2.6HG0453920.1.mrna1	TGA	130
HORVU.MOREX.r2.3HG0227400.1.mrna1	TGA	218
HORVU.MOREX.r2.2HG0147330.1.mrna1	TGA	251
HORVU.MOREX.r2.3HG0225850.1.mrna1	TAG	236
HORVU.MOREX.r2.7HG0559620.1.mrna1	TGA	230
HORVU.MOREX.r2.1HG0008730.1.mrna1	TAA	1753
HORVU.MOREX.r2.5HG0397990.1.mrna1	TGA	67
HORVU.MOREX.r2.2HG0170840.1.mrna1	TAG	1029
HORVU.MOREX.r2.7HG0605870.1.mrna1	TGA	714
HORVU.MOREX.r2.1HG0009660.1.mrna1	TAG	632
HORVU.MOREX.r2.7HG0622700.1.mrna1	TAG	92
HORVU.MOREX.r2.5HG0433090.1.mrna1	TGA	145
HORVU.MOREX.r2.2HG0140070.1.mrna1	TGA	1403
HORVU.MOREX.r2.7HG0534860.1.mrna1	TGA	17
HORVU.MOREX.r2.1HG0000340.1.mrna1	TGA	240
HORVU.MOREX.r2.6HG0488270.1.mrna1	TAG	125
HORVU.MOREX.r2.2HG0079480.1.mrna1	TAA	500
HORVU.MOREX.r2.4HG0280710.1.mrna1	TAG	358
HORVU.MOREX.r2.4HG0348680.1.mrna1	TGA	680
HORVU.MOREX.r2.4HG0343880.1.mrna1	TGA	1910
HORVU.MOREX.r2.1HG0051000.1.mrna1	TGA	652
HORVU.MOREX.r2.4HG0329210.1.mrna1	TGA	167
HORVU.MOREX.r2.5HG0417820.1.mrna1	TGA	601
HORVU.MOREX.r2.3HG0196620.1.mrna1	TGA	236
HORVU.MOREX.r2.2HG0135040.1.mrna1	TAG	267
HORVU.MOREX.r2.5HG0443500.1.mrna1	TAG	185
HORVU.MOREX.r2.2HG0176670.1.mrna1	TGA	640
HORVU.MOREX.r2.6HG0453120.1.mrna1	TAA	470
HORVU.MOREX.r2.5HG0439820.1.mrna1	TGA	29
HORVU.MOREX.r2.1HG0000160.1.mrna1	TGA	112
HORVU.MOREX.r2.4HG0317290.1.mrna1	TAA	184
HORVU.MOREX.r2.1HG0069230.1.mrna1	TAG	1838
HORVU.MOREX.r2.6HG0480100.1.mrna1	TAA	160
HORVU.MOREX.r2.1HG0011070.1.mrna1	TGA	231
HORVU.MOREX.r2.2HG0111290.1.mrna1	TAA	635
HORVU.MOREX.r2.6HG0485750.1.mrna1	TGA	853
HORVU.MOREX.r2.2HG0105190.1.mrna1	TGA	671
HORVU.MOREX.r2.6HG0457780.1.mrna1	TGA	203
HORVU.MOREX.r2.6HG0477500.1.mrna1	TGA	1354
HORVU.MOREX.r2.2HG0176130.1.mrna1	TAA	199
HORVU.MOREX.r2.3HG0259360.1.mrna1	TAA	1091
HORVU.MOREX.r2.7HG0613870.1.mrna1	TGA	2267
HORVU.MOREX.r2.6HG0510720.1.mrna1	TGA	167
HORVU.MOREX.r2.5HG0440900.1.mrna1	TGA	289
HORVU.MOREX.r2.4HG0330770.1.mrna1	TAG	503
HORVU.MOREX.r2.5HG0431030.1.mrna1	TAG	233
HORVU.MOREX.r2.6HG0505630.1.mrna1	TGA	281
HORVU.MOREX.r2.1HG0035020.1.mrna1	TAG	206
HORVU.MOREX.r2.6HG0507370.1.mrna1	TAG	41
HORVU.MOREX.r2.4HG0314170.1.mrna1	TAG	359
HORVU.MOREX.r2.5HG0397090.1.mrna1	TGA	7
HORVU.MOREX.r2.5HG0412280.1.mrna1	TGA	48
HORVU.MOREX.r2.5HG0444610.1.mrna1	TGA	945
HORVU.MOREX.r2.2HG0087260.1.mrna1	TGA	118
HORVU.MOREX.r2.7HG0557030.1.mrna1	TGA	184
HORVU.MOREX.r2.2HG0093990.1.mrna1	TGA	1378
HORVU.MOREX.r2.5HG0352420.1.mrna1	TGA	694
HORVU.MOREX.r2.2HG0120730.1.mrna1	TAG	73
HORVU.MOREX.r2.2HG0166740.1.mrna1	TAG	113
HORVU.MOREX.r2.1HG0024250.1.mrna1	TGA	456
HORVU.MOREX.r2.4HG0328410.1.mrna1	TAG	932
HORVU.MOREX.r2.2HG0118490.1.mrna1	TAA	46
HORVU.MOREX.r2.1HG0005850.1.mrna1	TGA	928
HORVU.MOREX.r2.2HG0110690.1.mrna1	TGA	80
HORVU.MOREX.r2.1HG0028210.1.mrna1	TAA	747
HORVU.MOREX.r2.2HG0089540.1.mrna1	TGA	256
HORVU.MOREX.r2.2HG0105430.1.mrna1	TGA	363
HORVU.MOREX.r2.5HG0350070.1.mrna1	TAG	41
HORVU.MOREX.r2.4HG0292330.1.mrna1	TGA	252
HORVU.MOREX.r2.5HG0421820.1.mrna1	TGA	304
HORVU.MOREX.r2.7HG0568780.1.mrna1	TGA	155
HORVU.MOREX.r2.7HG0613450.1.mrna1	TAA	28
HORVU.MOREX.r2.3HG0226320.1.mrna1	TGA	323
HORVU.MOREX.r2.5HG0355050.1.mrna1	TGA	917
HORVU.MOREX.r2.7HG0585880.1.mrna1	TGA	265
HORVU.MOREX.r2.1HG0014070.1.mrna1	TGA	244
HORVU.MOREX.r2.7HG0531470.1.mrna1	TGA	903
HORVU.MOREX.r2.7HG0600820.1.mrna1	TGA	767
HORVU.MOREX.r2.1HG0058630.1.mrna1	TGA	1374
HORVU.MOREX.r2.2HG0089390.1.mrna1	TGA	652
HORVU.MOREX.r2.1HG0011240.1.mrna1	TGA	2008
HORVU.MOREX.r2.1HG0033740.1.mrna1	TAG	515
HORVU.MOREX.r2.4HG0283980.1.mrna1	TGA	188
HORVU.MOREX.r2.2HG0125930.1.mrna1	TGA	725
HORVU.MOREX.r2.2HG0148940.1.mrna1	TGA	1001
HORVU.MOREX.r2.1HG0074330.1.mrna1	TGA	767
HORVU.MOREX.r2.5HG0397540.1.mrna1	TGA	819
HORVU.MOREX.r2.5HG0358300.1.mrna1	TGA	348
HORVU.MOREX.r2.1HG0008970.1.mrna1	TAA	276
HORVU.MOREX.r2.3HG0192770.1.mrna1	TGA	772
HORVU.MOREX.r2.5HG0416490.1.mrna1	TAG	25
HORVU.MOREX.r2.1HG0025180.1.mrna1	TAG	350
HORVU.MOREX.r2.1HG0035730.1.mrna1	TGA	731
HORVU.MOREX.r2.3HG0202110.1.mrna1	TGA	566
HORVU.MOREX.r2.1HG0057930.1.mrna1	TGA	459
HORVU.MOREX.r2.5HG0431010.1.mrna1	TAG	82
HORVU.MOREX.r2.6HG0510540.1.mrna1	TAA	439
HORVU.MOREX.r2.1HG0038840.1.mrna1	TAA	270
HORVU.MOREX.r2.6HG0514490.1.mrna1	TAA	159
HORVU.MOREX.r2.4HG0293540.1.mrna1	TAA	550
HORVU.MOREX.r2.3HG0183400.1.mrna1	TAA	503
HORVU.MOREX.r2.7HG0601930.1.mrna1	TAA	107
HORVU.MOREX.r2.2HG0148100.1.mrna1	TAG	214
HORVU.MOREX.r2.5HG0402140.1.mrna1	TGA	92
HORVU.MOREX.r2.UnG0633960.1.mrna1	TAA	167
HORVU.MOREX.r2.3HG0232310.1.mrna1	TGA	78
HORVU.MOREX.r2.2HG0156500.1.mrna1	TGA	161
HORVU.MOREX.r2.5HG0438140.1.mrna1	TAA	177
HORVU.MOREX.r2.5HG0352620.1.mrna1	TGA	643
HORVU.MOREX.r2.6HG0489270.1.mrna1	TGA	196
HORVU.MOREX.r2.2HG0128490.1.mrna1	TAG	101
HORVU.MOREX.r2.3HG0266030.1.mrna1	TAG	1019
HORVU.MOREX.r2.3HG0273920.1.mrna1	TAG	234
HORVU.MOREX.r2.3HG0202040.1.mrna1	TGA	128
HORVU.MOREX.r2.6HG0515290.1.mrna1	TAG	44
