MGP_BALBcJ_T0026876	TAA	22
MGP_BALBcJ_T0046301	TGA	87
MGP_BALBcJ_T0046302	TGA	73
MGP_BALBcJ_T0021662	TGA	175
MGP_BALBcJ_T0072624	TGA	38
MGP_BALBcJ_T0095019	TGA	3623
MGP_BALBcJ_T0080563	TAG	38
MGP_BALBcJ_T0080797	TAG	1837
MGP_BALBcJ_T0057717	TAA	618
MGP_BALBcJ_T0032669	TAG	253
MGP_BALBcJ_T0077248	TAG	73
MGP_BALBcJ_T0025590	TAG	760
MGP_BALBcJ_T0036743	TAG	1377
MGP_BALBcJ_T0072973	TAA	33
MGP_BALBcJ_T0058291	TGA	135
MGP_BALBcJ_T0050554	TGA	86
MGP_BALBcJ_T0025345	TAG	248
MGP_BALBcJ_T0019318	TAG	881
MGP_BALBcJ_T0089304	TAG	721
MGP_BALBcJ_T0089298	TGA	1314
MGP_BALBcJ_T0034631	TGA	790
MGP_BALBcJ_T0023464	TAA	1717
MGP_BALBcJ_T0002480	TAA	411
MGP_BALBcJ_T0011778	TAA	122
MGP_BALBcJ_T0011788	TAA	331
MGP_BALBcJ_T0024645	TGA	279
MGP_BALBcJ_T0055677	TAA	46
MGP_BALBcJ_T0040158	TGA	445
MGP_BALBcJ_T0028387	TAA	1569
MGP_BALBcJ_T0088034	TGA	491
MGP_BALBcJ_T0067599	TGA	149
MGP_BALBcJ_T0038166	TGA	1072
MGP_BALBcJ_T0085476	TAA	4
MGP_BALBcJ_T0041439	TAG	411
MGP_BALBcJ_T0091740	TGA	85
MGP_BALBcJ_T0057720	TAA	323
MGP_BALBcJ_T0071962	TAG	483
MGP_BALBcJ_T0088639	TAA	3870
MGP_BALBcJ_T0039146	TAA	3
MGP_BALBcJ_T0082249	TAA	613
MGP_BALBcJ_T0022823	TGA	3889
MGP_BALBcJ_T0081456	TAG	142
MGP_BALBcJ_T0030310	TGA	1198
MGP_BALBcJ_T0018784	TAA	1130
MGP_BALBcJ_T0011795	TGA	358
MGP_BALBcJ_T0022090	TAG	321
MGP_BALBcJ_T0022094	TAG	97
MGP_BALBcJ_T0037451	TAA	2435
MGP_BALBcJ_T0037463	TAA	1830
MGP_BALBcJ_T0039109	TGA	558
MGP_BALBcJ_T0023864	TGA	164
MGP_BALBcJ_T0029671	TAA	585
MGP_BALBcJ_T0029672	TAA	585
MGP_BALBcJ_T0049502	TAG	286
MGP_BALBcJ_T0072101	TAG	143
MGP_BALBcJ_T0072099	TAG	846
MGP_BALBcJ_T0097946	TAA	1245
MGP_BALBcJ_T0045841	TAG	538
MGP_BALBcJ_T0045842	TAG	251
MGP_BALBcJ_T0044873	TAA	1352
MGP_BALBcJ_T0077387	TAG	1189
MGP_BALBcJ_T0045538	TAA	1201
MGP_BALBcJ_T0011811	TGA	1221
MGP_BALBcJ_T0011802	TGA	294
MGP_BALBcJ_T0011796	TAA	87
MGP_BALBcJ_T0086804	TAG	111
MGP_BALBcJ_T0084860	TAA	718
MGP_BALBcJ_T0032801	TGA	452
MGP_BALBcJ_T0032794	TGA	1263
MGP_BALBcJ_T0025974	TGA	49
MGP_BALBcJ_T0082605	TAG	1407
MGP_BALBcJ_T0072803	TAG	1174
MGP_BALBcJ_T0011775	TGA	310
MGP_BALBcJ_T0090139	TAG	348
MGP_BALBcJ_T0049220	TAA	976
MGP_BALBcJ_T0049221	TAA	168
MGP_BALBcJ_T0049223	TAA	151
MGP_BALBcJ_T0049224	TAA	99
MGP_BALBcJ_T0049225	TAA	308
MGP_BALBcJ_T0049226	TAA	34
MGP_BALBcJ_T0053599	TAG	1756
MGP_BALBcJ_T0041492	TAA	830
MGP_BALBcJ_T0074930	TAA	204
MGP_BALBcJ_T0021297	TGA	48
MGP_BALBcJ_T0046047	TGA	41
MGP_BALBcJ_T0029270	TGA	172
MGP_BALBcJ_T0097892	TAA	219
MGP_BALBcJ_T0040033	TAG	425
MGP_BALBcJ_T0040038	TAG	1354
MGP_BALBcJ_T0082788	TGA	1538
MGP_BALBcJ_T0036147	TGA	2099
MGP_BALBcJ_T0034617	TAG	340
MGP_BALBcJ_T0026836	TAG	1499
MGP_BALBcJ_T0046594	TGA	493
MGP_BALBcJ_T0068671	TGA	1221
MGP_BALBcJ_T0071451	TGA	314
MGP_BALBcJ_T0071447	TGA	619
MGP_BALBcJ_T0097524	TGA	153
MGP_BALBcJ_T0097523	TGA	153
MGP_BALBcJ_T0031028	TAA	6
MGP_BALBcJ_T0037473	TGA	252
MGP_BALBcJ_T0066131	TGA	135
MGP_BALBcJ_T0070791	TAG	145
MGP_BALBcJ_T0026083	TGA	20
MGP_BALBcJ_T0020582	TAG	229
MGP_BALBcJ_T0090374	TAA	114
MGP_BALBcJ_T0067619	TGA	149
MGP_BALBcJ_T0073951	TAG	664
