MGP_C57BL6NJ_T0090671	TAA	1315
MGP_C57BL6NJ_T0098459	TAA	1245
MGP_C57BL6NJ_T0027146	TGA	233
MGP_C57BL6NJ_T0024372	TAG	425
MGP_C57BL6NJ_T0024380	TGA	164
MGP_C57BL6NJ_T0096761	TGA	117
MGP_C57BL6NJ_T0093851	TAG	299
MGP_C57BL6NJ_T0075399	TAA	204
MGP_C57BL6NJ_T0021092	TAG	229
MGP_C57BL6NJ_T0036929	TAA	77
MGP_C57BL6NJ_T0073093	TGA	38
MGP_C57BL6NJ_T0071925	TGA	619
MGP_C57BL6NJ_T0071929	TGA	314
MGP_C57BL6NJ_T0026464	TGA	49
MGP_C57BL6NJ_T0039505	TGA	690
MGP_C57BL6NJ_T0039507	TGA	690
MGP_C57BL6NJ_T0039506	TGA	690
MGP_C57BL6NJ_T0039509	TGA	683
MGP_C57BL6NJ_T0039508	TGA	628
MGP_C57BL6NJ_T0012102	TGA	294
MGP_C57BL6NJ_T0063997	TGA	705
MGP_C57BL6NJ_T0088239	TGA	419
MGP_C57BL6NJ_T0022603	TAG	321
MGP_C57BL6NJ_T0022606	TAG	97
MGP_C57BL6NJ_T0039661	TAA	1531
MGP_C57BL6NJ_T0040633	TGA	445
MGP_C57BL6NJ_T0038626	TGA	1072
MGP_C57BL6NJ_T0081969	TAA	272
MGP_C57BL6NJ_T0027207	TGA	70
MGP_C57BL6NJ_T0047834	TGA	1001
MGP_C57BL6NJ_T0047833	TGA	479
MGP_C57BL6NJ_T0088429	TAA	3359
MGP_C57BL6NJ_T0088430	TAA	1540
MGP_C57BL6NJ_T0088426	TAA	3359
MGP_C57BL6NJ_T0047192	TGA	129
MGP_C57BL6NJ_T0047191	TGA	129
MGP_C57BL6NJ_T0088535	TGA	491
MGP_C57BL6NJ_T0078269	TGA	65
MGP_C57BL6NJ_T0071842	TAA	1328
MGP_C57BL6NJ_T0092264	TGA	85
MGP_C57BL6NJ_T0095530	TGA	3623
MGP_C57BL6NJ_T0087296	TAG	111
MGP_C57BL6NJ_T0088185	TGA	1381
MGP_C57BL6NJ_T0039564	TGA	558
MGP_C57BL6NJ_T0019818	TAG	881
MGP_C57BL6NJ_T0021819	TGA	48
MGP_C57BL6NJ_T0026573	TGA	20
MGP_C57BL6NJ_T0095943	TAA	2083
MGP_C57BL6NJ_T0080812	TAA	233
MGP_C57BL6NJ_T0080811	TAA	1274
MGP_C57BL6NJ_T0012095	TGA	358
MGP_C57BL6NJ_T0012096	TAA	87
MGP_C57BL6NJ_T0054089	TAG	1756
MGP_C57BL6NJ_T0012058	TGA	310
MGP_C57BL6NJ_T0012062	TAA	122
MGP_C57BL6NJ_T0057099	TGA	33
MGP_C57BL6NJ_T0028927	TGA	85
MGP_C57BL6NJ_T0026085	TAG	760
MGP_C57BL6NJ_T0040653	TAG	2237
MGP_C57BL6NJ_T0025154	TGA	279
MGP_C57BL6NJ_T0072881	TAG	886
MGP_C57BL6NJ_T0072884	TAG	33
MGP_C57BL6NJ_T0072882	TAG	886
MGP_C57BL6NJ_T0072883	TAG	160
MGP_C57BL6NJ_T0087951	TGA	2678
