MGP_CAROLIEiJ_T0087966	TAG	934
MGP_CAROLIEiJ_T0087967	TAG	937
MGP_CAROLIEiJ_T0060140	TAA	318
MGP_CAROLIEiJ_T0050855	TGA	158
MGP_CAROLIEiJ_T0038081	TGA	1080
MGP_CAROLIEiJ_T0034375	TAG	2728
MGP_CAROLIEiJ_T0083183	TGA	82
MGP_CAROLIEiJ_T0092469	TGA	887
MGP_CAROLIEiJ_T0026735	TAA	212
MGP_CAROLIEiJ_T0069868	TGA	890
MGP_CAROLIEiJ_T0033601	TAG	769
MGP_CAROLIEiJ_T0090458	TAA	359
MGP_CAROLIEiJ_T0041019	TAA	746
MGP_CAROLIEiJ_T0079692	TAA	9
MGP_CAROLIEiJ_T0037435	TAA	1920
MGP_CAROLIEiJ_T0069270	TGA	114
MGP_CAROLIEiJ_T0043254	TAG	50
MGP_CAROLIEiJ_T0043253	TAG	1917
MGP_CAROLIEiJ_T0027469	TAG	700
MGP_CAROLIEiJ_T0018076	TAA	112
MGP_CAROLIEiJ_T0027487	TAG	1126
MGP_CAROLIEiJ_T0033035	TGA	251
MGP_CAROLIEiJ_T0067932	TGA	613
MGP_CAROLIEiJ_T0067936	TGA	314
MGP_CAROLIEiJ_T0032802	TGA	776
MGP_CAROLIEiJ_T0032794	TAG	404
MGP_CAROLIEiJ_T0020414	TGA	361
MGP_CAROLIEiJ_T0058911	TAA	250
MGP_CAROLIEiJ_T0056945	TAA	984
MGP_CAROLIEiJ_T0088252	TAG	507
MGP_CAROLIEiJ_T0028963	TGA	63
MGP_CAROLIEiJ_T0070302	TAA	473
MGP_CAROLIEiJ_T0031492	TGA	407
MGP_CAROLIEiJ_T0064655	TGA	115
MGP_CAROLIEiJ_T0088872	TGA	459
MGP_CAROLIEiJ_T0088915	TGA	1786
MGP_CAROLIEiJ_T0088912	TGA	2303
MGP_CAROLIEiJ_T0065784	TAG	153
MGP_CAROLIEiJ_T0061163	TAA	1292
MGP_CAROLIEiJ_T0069907	TAA	253
MGP_CAROLIEiJ_T0069891	TGA	193
MGP_CAROLIEiJ_T0026212	TAG	443
MGP_CAROLIEiJ_T0086541	TGA	359
MGP_CAROLIEiJ_T0024593	TAA	22
MGP_CAROLIEiJ_T0050535	TAA	83
MGP_CAROLIEiJ_T0044200	TGA	762
MGP_CAROLIEiJ_T0044199	TGA	761
MGP_CAROLIEiJ_T0062696	TGA	156
MGP_CAROLIEiJ_T0075149	TGA	2151
MGP_CAROLIEiJ_T0081928	TGA	992
MGP_CAROLIEiJ_T0062140	TGA	237
MGP_CAROLIEiJ_T0054976	TAA	127
MGP_CAROLIEiJ_T0036209	TAG	954
MGP_CAROLIEiJ_T0024557	TAG	1140
MGP_CAROLIEiJ_T0019958	TGA	1453
MGP_CAROLIEiJ_T0086834	TGA	1
MGP_CAROLIEiJ_T0035717	TAA	602
MGP_CAROLIEiJ_T0087885	TAG	213
MGP_CAROLIEiJ_T0049244	TAG	255
MGP_CAROLIEiJ_T0036217	TAG	502
MGP_CAROLIEiJ_T0019324	TAG	53
MGP_CAROLIEiJ_T0048879	TAA	1173
MGP_CAROLIEiJ_T0030062	TGA	306
MGP_CAROLIEiJ_T0088505	TGA	186
MGP_CAROLIEiJ_T0036166	TGA	678
MGP_CAROLIEiJ_T0036169	TGA	720
MGP_CAROLIEiJ_T0026546	TGA	492
MGP_CAROLIEiJ_T0026545	TGA	2836
MGP_CAROLIEiJ_T0026521	TAA	1469
MGP_CAROLIEiJ_T0033196	TAG	387
MGP_CAROLIEiJ_T0067094	TAA	1168
MGP_CAROLIEiJ_T0039243	TAA	1451
MGP_CAROLIEiJ_T0022130	TAA	4198
MGP_CAROLIEiJ_T0042689	TGA	291
MGP_CAROLIEiJ_T0045059	TGA	581
MGP_CAROLIEiJ_T0035512	TGA	1064
MGP_CAROLIEiJ_T0021774	TAA	121
MGP_CAROLIEiJ_T0089065	TAG	345
MGP_CAROLIEiJ_T0089064	TAG	646
MGP_CAROLIEiJ_T0023332	TAA	575
MGP_CAROLIEiJ_T0023331	TAA	1094
MGP_CAROLIEiJ_T0075298	TGA	4303
MGP_CAROLIEiJ_T0053860	TAA	347
MGP_CAROLIEiJ_T0056690	TGA	116
MGP_CAROLIEiJ_T0076644	TAG	1838
MGP_CAROLIEiJ_T0070007	TAA	507
MGP_CAROLIEiJ_T0084065	TGA	1581
MGP_CAROLIEiJ_T0081421	TGA	94
MGP_CAROLIEiJ_T0026586	TAA	518
MGP_CAROLIEiJ_T0036049	TGA	144
MGP_CAROLIEiJ_T0044807	TGA	180
MGP_CAROLIEiJ_T0065981	TAG	2550
MGP_CAROLIEiJ_T0081915	TAG	1363
MGP_CAROLIEiJ_T0091896	TAG	594
MGP_CAROLIEiJ_T0038411	TAG	1547
MGP_CAROLIEiJ_T0056150	TAG	336
MGP_CAROLIEiJ_T0071437	TGA	94
MGP_CAROLIEiJ_T0032476	TAG	382
MGP_CAROLIEiJ_T0032475	TAG	382
MGP_CAROLIEiJ_T0089507	TAA	461
MGP_CAROLIEiJ_T0041162	TAA	11
MGP_CAROLIEiJ_T0035395	TGA	2610
MGP_CAROLIEiJ_T0035421	TAA	481
MGP_CAROLIEiJ_T0077163	TAG	4059
MGP_CAROLIEiJ_T0077164	TAG	30
MGP_CAROLIEiJ_T0038439	TGA	1288
MGP_CAROLIEiJ_T0038440	TGA	764
MGP_CAROLIEiJ_T0045643	TGA	144
MGP_CAROLIEiJ_T0056010	TAG	89
MGP_CAROLIEiJ_T0021030	TGA	198
MGP_CAROLIEiJ_T0082356	TGA	64
MGP_CAROLIEiJ_T0082357	TGA	62
MGP_CAROLIEiJ_T0025946	TGA	23
MGP_CAROLIEiJ_T0017185	TAG	881
MGP_CAROLIEiJ_T0062925	TAG	416
MGP_CAROLIEiJ_T0034814	TGA	252
MGP_CAROLIEiJ_T0022411	TGA	273
MGP_CAROLIEiJ_T0018430	TAG	230
MGP_CAROLIEiJ_T0010618	TAG	104
MGP_CAROLIEiJ_T0084240	TGA	1312
MGP_CAROLIEiJ_T0044453	TGA	113
MGP_CAROLIEiJ_T0029561	TAA	59
MGP_CAROLIEiJ_T0029458	TAA	115
MGP_CAROLIEiJ_T0086892	TAG	110
MGP_CAROLIEiJ_T0085692	TAG	352
MGP_CAROLIEiJ_T0035568	TAA	3983
MGP_CAROLIEiJ_T0080611	TAG	625
MGP_CAROLIEiJ_T0033639	TAA	92
MGP_CAROLIEiJ_T0030204	TGA	748
MGP_CAROLIEiJ_T0030225	TAG	256
MGP_CAROLIEiJ_T0021557	TAG	759
MGP_CAROLIEiJ_T0083984	TAA	401
MGP_CAROLIEiJ_T0059319	TAG	520
MGP_CAROLIEiJ_T0080715	TGA	876
MGP_CAROLIEiJ_T0062524	TAA	1854
MGP_CAROLIEiJ_T0066589	TGA	461
MGP_CAROLIEiJ_T0067429	TAG	1813
MGP_CAROLIEiJ_T0060548	TGA	150
MGP_CAROLIEiJ_T0023055	TAA	244
MGP_CAROLIEiJ_T0087606	TAG	2983
MGP_CAROLIEiJ_T0056307	TAA	12
MGP_CAROLIEiJ_T0067546	TAA	1131
MGP_CAROLIEiJ_T0067552	TGA	488
MGP_CAROLIEiJ_T0028434	TGA	305
MGP_CAROLIEiJ_T0028436	TGA	303
MGP_CAROLIEiJ_T0017987	TGA	524
MGP_CAROLIEiJ_T0085131	TGA	554
MGP_CAROLIEiJ_T0047800	TAA	65
MGP_CAROLIEiJ_T0024354	TGA	3019
MGP_CAROLIEiJ_T0042263	TGA	88
MGP_CAROLIEiJ_T0018788	TAG	127
MGP_CAROLIEiJ_T0018785	TAG	126
MGP_CAROLIEiJ_T0053267	TAA	368
MGP_CAROLIEiJ_T0053268	TAA	367
MGP_CAROLIEiJ_T0053246	TGA	968
MGP_CAROLIEiJ_T0066145	TAG	144
MGP_CAROLIEiJ_T0066148	TAG	13
MGP_CAROLIEiJ_T0066138	TAG	3146
MGP_CAROLIEiJ_T0051143	TAA	14
MGP_CAROLIEiJ_T0037181	TAA	221
MGP_CAROLIEiJ_T0078323	TAG	1433
MGP_CAROLIEiJ_T0020926	TGA	544
MGP_CAROLIEiJ_T0088042	TAA	143
MGP_CAROLIEiJ_T0086708	TAA	910
MGP_CAROLIEiJ_T0076514	TAA	401
MGP_CAROLIEiJ_T0054172	TGA	485
MGP_CAROLIEiJ_T0062795	TGA	135
MGP_CAROLIEiJ_T0010637	TGA	1254
MGP_CAROLIEiJ_T0010620	TGA	349
MGP_CAROLIEiJ_T0010628	TGA	292
MGP_CAROLIEiJ_T0010622	TAA	87
MGP_CAROLIEiJ_T0032548	TGA	1311
MGP_CAROLIEiJ_T0029801	TAA	341
MGP_CAROLIEiJ_T0040411	TGA	73
MGP_CAROLIEiJ_T0073842	TAG	1274
MGP_CAROLIEiJ_T0057935	TAG	238
MGP_CAROLIEiJ_T0044600	TAG	330
MGP_CAROLIEiJ_T0044565	TGA	71
MGP_CAROLIEiJ_T0044564	TGA	256
MGP_CAROLIEiJ_T0023806	TGA	20
MGP_CAROLIEiJ_T0027696	TAG	140
MGP_CAROLIEiJ_T0019891	TAG	97
MGP_CAROLIEiJ_T0019888	TAG	321
MGP_CAROLIEiJ_T0085278	TGA	22
MGP_CAROLIEiJ_T0085234	TGA	526
MGP_CAROLIEiJ_T0037221	TAA	1110
MGP_CAROLIEiJ_T0054228	TAG	366
MGP_CAROLIEiJ_T0068251	TAA	2842
MGP_CAROLIEiJ_T0024790	TAG	1199
MGP_CAROLIEiJ_T0091945	TGA	78
MGP_CAROLIEiJ_T0052189	TAA	856
MGP_CAROLIEiJ_T0048014	TGA	4147
MGP_CAROLIEiJ_T0048016	TGA	16
MGP_CAROLIEiJ_T0039496	TAG	405
MGP_CAROLIEiJ_T0030134	TAA	84
MGP_CAROLIEiJ_T0063337	TAG	485
MGP_CAROLIEiJ_T0091071	TGA	594
MGP_CAROLIEiJ_T0087376	TAA	35
MGP_CAROLIEiJ_T0076222	TAA	11
MGP_CAROLIEiJ_T0076221	TAA	110
MGP_CAROLIEiJ_T0084111	TAG	46
MGP_CAROLIEiJ_T0042770	TAA	1203
MGP_CAROLIEiJ_T0034791	TAA	1710
MGP_CAROLIEiJ_T0068231	TGA	1061
MGP_CAROLIEiJ_T0068172	TGA	4183
MGP_CAROLIEiJ_T0054527	TAG	403
MGP_CAROLIEiJ_T0067771	TAG	688
MGP_CAROLIEiJ_T0082221	TAA	18
MGP_CAROLIEiJ_T0046134	TAA	230
MGP_CAROLIEiJ_T0053795	TAG	1952
MGP_CAROLIEiJ_T0061533	TAA	275
MGP_CAROLIEiJ_T0085099	TAG	285
MGP_CAROLIEiJ_T0088289	TAG	441
MGP_CAROLIEiJ_T0037949	TAG	1260
MGP_CAROLIEiJ_T0036433	TGA	558
MGP_CAROLIEiJ_T0043755	TGA	501
MGP_CAROLIEiJ_T0038719	TAG	411
MGP_CAROLIEiJ_T0081195	TAA	3
MGP_CAROLIEiJ_T0030487	TAG	54
MGP_CAROLIEiJ_T0034145	TGA	2148
MGP_CAROLIEiJ_T0091683	TGA	90
MGP_CAROLIEiJ_T0090619	TAG	1010
MGP_CAROLIEiJ_T0068650	TGA	283
MGP_CAROLIEiJ_T0056067	TAA	695
MGP_CAROLIEiJ_T0029313	TAG	1125
MGP_CAROLIEiJ_T0029325	TAA	66
MGP_CAROLIEiJ_T0082824	TGA	166
MGP_CAROLIEiJ_T0082865	TGA	356
MGP_CAROLIEiJ_T0083015	TGA	468
MGP_CAROLIEiJ_T0093409	TGA	1055
MGP_CAROLIEiJ_T0062189	TGA	967
MGP_CAROLIEiJ_T0062195	TGA	24
MGP_CAROLIEiJ_T0059390	TGA	1718
MGP_CAROLIEiJ_T0031956	TGA	229
MGP_CAROLIEiJ_T0047980	TAG	1479
MGP_CAROLIEiJ_T0027649	TGA	307
MGP_CAROLIEiJ_T0043214	TGA	5
MGP_CAROLIEiJ_T0057393	TAG	3346
MGP_CAROLIEiJ_T0070915	TGA	462
MGP_CAROLIEiJ_T0064159	TGA	294
MGP_CAROLIEiJ_T0064160	TGA	272
MGP_CAROLIEiJ_T0035733	TAG	185
MGP_CAROLIEiJ_T0019257	TAG	51
MGP_CAROLIEiJ_T0018310	TGA	135
MGP_CAROLIEiJ_T0040773	TGA	63
MGP_CAROLIEiJ_T0086124	TGA	167
MGP_CAROLIEiJ_T0086134	TAG	1841
MGP_CAROLIEiJ_T0086131	TGA	573
MGP_CAROLIEiJ_T0058991	TAA	822
MGP_CAROLIEiJ_T0046868	TGA	305
MGP_CAROLIEiJ_T0042672	TGA	262
MGP_CAROLIEiJ_T0027926	TAA	370
MGP_CAROLIEiJ_T0047697	TGA	247
MGP_CAROLIEiJ_T0085659	TGA	294
MGP_CAROLIEiJ_T0035537	TGA	1693
MGP_CAROLIEiJ_T0089132	TAG	198
MGP_CAROLIEiJ_T0034271	TAA	132
MGP_CAROLIEiJ_T0054006	TGA	368
MGP_CAROLIEiJ_T0061451	TAA	455
MGP_CAROLIEiJ_T0030315	TGA	101
MGP_CAROLIEiJ_T0084983	TAA	188
MGP_CAROLIEiJ_T0071616	TGA	1327
MGP_CAROLIEiJ_T0036009	TAG	60
MGP_CAROLIEiJ_T0029109	TAA	470
MGP_CAROLIEiJ_T0066679	TAA	2816
MGP_CAROLIEiJ_T0066680	TGA	2809
MGP_CAROLIEiJ_T0066681	TAA	2812
MGP_CAROLIEiJ_T0066682	TGA	2858
MGP_CAROLIEiJ_T0066684	TAA	2920
MGP_CAROLIEiJ_T0070092	TAA	263
MGP_CAROLIEiJ_T0039165	TGA	1276
MGP_CAROLIEiJ_T0034613	TGA	1425
MGP_CAROLIEiJ_T0081419	TGA	562
MGP_CAROLIEiJ_T0087550	TAG	776
MGP_CAROLIEiJ_T0082036	TAA	921
MGP_CAROLIEiJ_T0079800	TAG	660
MGP_CAROLIEiJ_T0056168	TAG	149
MGP_CAROLIEiJ_T0085209	TGA	584
MGP_CAROLIEiJ_T0085207	TGA	753
MGP_CAROLIEiJ_T0040191	TGA	1711
MGP_CAROLIEiJ_T0077480	TAG	321
MGP_CAROLIEiJ_T0077481	TAG	251
MGP_CAROLIEiJ_T0070514	TGA	132
MGP_CAROLIEiJ_T0054828	TAG	1399
MGP_CAROLIEiJ_T0087819	TGA	494
MGP_CAROLIEiJ_T0080397	TGA	256
MGP_CAROLIEiJ_T0080378	TAG	2301
MGP_CAROLIEiJ_T0059465	TAA	1289
MGP_CAROLIEiJ_T0060914	TAA	472
MGP_CAROLIEiJ_T0074046	TAA	625
MGP_CAROLIEiJ_T0074059	TAG	338
MGP_CAROLIEiJ_T0090777	TAA	1829
MGP_CAROLIEiJ_T0083721	TAG	1178
MGP_CAROLIEiJ_T0062906	TGA	1934
MGP_CAROLIEiJ_T0043477	TGA	164
MGP_CAROLIEiJ_T0022395	TGA	417
MGP_CAROLIEiJ_T0092488	TAA	1538
MGP_CAROLIEiJ_T0053499	TAG	725
MGP_CAROLIEiJ_T0081961	TGA	61
MGP_CAROLIEiJ_T0044490	TGA	56
MGP_CAROLIEiJ_T0071699	TGA	437
MGP_CAROLIEiJ_T0027796	TGA	326
MGP_CAROLIEiJ_T0080631	TGA	497
MGP_CAROLIEiJ_T0080647	TGA	38
MGP_CAROLIEiJ_T0083337	TAA	2456
MGP_CAROLIEiJ_T0057216	TGA	707
MGP_CAROLIEiJ_T0023537	TAA	1196
MGP_CAROLIEiJ_T0024703	TGA	87
MGP_CAROLIEiJ_T0069320	TGA	666
MGP_CAROLIEiJ_T0018193	TGA	19
MGP_CAROLIEiJ_T0076825	TGA	819
MGP_CAROLIEiJ_T0039120	TGA	313
MGP_CAROLIEiJ_T0040103	TAG	3091
MGP_CAROLIEiJ_T0034766	TAA	2710
MGP_CAROLIEiJ_T0016931	TGA	28
MGP_CAROLIEiJ_T0073474	TAA	111
MGP_CAROLIEiJ_T0073468	TAG	1622
MGP_CAROLIEiJ_T0056581	TAA	1106
MGP_CAROLIEiJ_T0024607	TAG	3689
MGP_CAROLIEiJ_T0061614	TGA	289
MGP_CAROLIEiJ_T0071278	TGA	1376
MGP_CAROLIEiJ_T0021644	TGA	164
MGP_CAROLIEiJ_T0054676	TGA	545
MGP_CAROLIEiJ_T0081349	TGA	182
MGP_CAROLIEiJ_T0022154	TAA	367
MGP_CAROLIEiJ_T0053126	TGA	579
MGP_CAROLIEiJ_T0051075	TGA	643
MGP_CAROLIEiJ_T0017583	TAG	490
MGP_CAROLIEiJ_T0017580	TAA	2587
MGP_CAROLIEiJ_T0017554	TGA	1279
MGP_CAROLIEiJ_T0017547	TGA	1954
MGP_CAROLIEiJ_T0017570	TAA	2575
MGP_CAROLIEiJ_T0017575	TAA	30
MGP_CAROLIEiJ_T0026116	TAA	11
MGP_CAROLIEiJ_T0088014	TAG	1287
MGP_CAROLIEiJ_T0026219	TGA	29
MGP_CAROLIEiJ_T0086673	TAA	1019
MGP_CAROLIEiJ_T0027013	TGA	1219
MGP_CAROLIEiJ_T0060206	TGA	957
MGP_CAROLIEiJ_T0054093	TAA	4
MGP_CAROLIEiJ_T0049751	TGA	1681
MGP_CAROLIEiJ_T0010609	TAA	122
MGP_CAROLIEiJ_T0010607	TGA	323
MGP_CAROLIEiJ_T0026896	TGA	172
MGP_CAROLIEiJ_T0041290	TAA	239
MGP_CAROLIEiJ_T0062655	TGA	341
MGP_CAROLIEiJ_T0038794	TAA	740
MGP_CAROLIEiJ_T0038791	TAA	768
MGP_CAROLIEiJ_T0038792	TAA	768
MGP_CAROLIEiJ_T0088633	TAA	516
MGP_CAROLIEiJ_T0088634	TAA	579
MGP_CAROLIEiJ_T0024215	TGA	112
MGP_CAROLIEiJ_T0024214	TGA	112
MGP_CAROLIEiJ_T0024216	TGA	368
MGP_CAROLIEiJ_T0024213	TGA	395
MGP_CAROLIEiJ_T0090384	TAG	418
MGP_CAROLIEiJ_T0090377	TGA	3617
MGP_CAROLIEiJ_T0068629	TAA	442
MGP_CAROLIEiJ_T0070790	TGA	392
MGP_CAROLIEiJ_T0072583	TAG	129
MGP_CAROLIEiJ_T0089402	TAA	60
MGP_CAROLIEiJ_T0037367	TGA	598
MGP_CAROLIEiJ_T0037366	TGA	595
MGP_CAROLIEiJ_T0048390	TGA	402
MGP_CAROLIEiJ_T0048386	TGA	431
MGP_CAROLIEiJ_T0076257	TGA	669
MGP_CAROLIEiJ_T0045988	TAA	47
MGP_CAROLIEiJ_T0030006	TGA	1106
MGP_CAROLIEiJ_T0022273	TAA	1640
MGP_CAROLIEiJ_T0082528	TGA	424
MGP_CAROLIEiJ_T0091135	TGA	101
MGP_CAROLIEiJ_T0091136	TGA	103
MGP_CAROLIEiJ_T0035123	TGA	73
MGP_CAROLIEiJ_T0080018	TGA	1847
MGP_CAROLIEiJ_T0044648	TGA	542
MGP_CAROLIEiJ_T0044647	TGA	542
MGP_CAROLIEiJ_T0044609	TAG	304
MGP_CAROLIEiJ_T0055402	TAA	1720
MGP_CAROLIEiJ_T0029598	TAG	169
MGP_CAROLIEiJ_T0029619	TAA	555
MGP_CAROLIEiJ_T0037460	TGA	444
MGP_CAROLIEiJ_T0037479	TAA	146
MGP_CAROLIEiJ_T0048973	TAA	96
MGP_CAROLIEiJ_T0035017	TAG	236
MGP_CAROLIEiJ_T0023300	TGA	313
MGP_CAROLIEiJ_T0023316	TAG	744
MGP_CAROLIEiJ_T0047182	TAA	289
MGP_CAROLIEiJ_T0047181	TAA	783
MGP_CAROLIEiJ_T0047186	TGA	405
MGP_CAROLIEiJ_T0019512	TAA	5
MGP_CAROLIEiJ_T0019510	TAA	5
MGP_CAROLIEiJ_T0092374	TAA	18
MGP_CAROLIEiJ_T0093213	TAG	1247
MGP_CAROLIEiJ_T0069919	TAA	461
MGP_CAROLIEiJ_T0069920	TAA	514
MGP_CAROLIEiJ_T0025430	TGA	177
MGP_CAROLIEiJ_T0025429	TGA	734
MGP_CAROLIEiJ_T0038913	TGA	481
MGP_CAROLIEiJ_T0042163	TAG	216
MGP_CAROLIEiJ_T0059759	TAA	377
MGP_CAROLIEiJ_T0065932	TGA	389
MGP_CAROLIEiJ_T0065931	TGA	389
MGP_CAROLIEiJ_T0050647	TAG	1756
MGP_CAROLIEiJ_T0071501	TGA	371
MGP_CAROLIEiJ_T0087261	TGA	85
MGP_CAROLIEiJ_T0082885	TAA	78
MGP_CAROLIEiJ_T0091200	TGA	360
MGP_CAROLIEiJ_T0089836	TAA	721
MGP_CAROLIEiJ_T0074853	TAA	574
MGP_CAROLIEiJ_T0023667	TAG	1950
MGP_CAROLIEiJ_T0026426	TAG	109
MGP_CAROLIEiJ_T0072468	TAA	183
MGP_CAROLIEiJ_T0072492	TAA	1845
MGP_CAROLIEiJ_T0026717	TGA	29
MGP_CAROLIEiJ_T0047079	TAG	539
MGP_CAROLIEiJ_T0070974	TAA	29
MGP_CAROLIEiJ_T0025919	TGA	299
MGP_CAROLIEiJ_T0062962	TAA	369
MGP_CAROLIEiJ_T0062950	TGA	208
MGP_CAROLIEiJ_T0062949	TGA	217
MGP_CAROLIEiJ_T0026624	TGA	511
MGP_CAROLIEiJ_T0053573	TAA	1666
MGP_CAROLIEiJ_T0084213	TAA	1638
MGP_CAROLIEiJ_T0067176	TAA	770
MGP_CAROLIEiJ_T0032111	TAA	1141
MGP_CAROLIEiJ_T0074568	TAG	1027
MGP_CAROLIEiJ_T0026147	TGA	697
MGP_CAROLIEiJ_T0047663	TGA	85
MGP_CAROLIEiJ_T0054413	TGA	318
MGP_CAROLIEiJ_T0040816	TAA	350
MGP_CAROLIEiJ_T0023234	TGA	2544
MGP_CAROLIEiJ_T0028738	TGA	169
MGP_CAROLIEiJ_T0033768	TAA	20
MGP_CAROLIEiJ_T0030356	TGA	452
MGP_CAROLIEiJ_T0030348	TGA	1261
MGP_CAROLIEiJ_T0016977	TAA	4277
MGP_CAROLIEiJ_T0071569	TGA	347
MGP_CAROLIEiJ_T0021510	TAA	79
MGP_CAROLIEiJ_T0032230	TAA	2884
MGP_CAROLIEiJ_T0024014	TGA	989
MGP_CAROLIEiJ_T0049515	TAA	15
MGP_CAROLIEiJ_T0042617	TAA	1542
MGP_CAROLIEiJ_T0025198	TGA	1591
MGP_CAROLIEiJ_T0081248	TGA	2194
MGP_CAROLIEiJ_T0083642	TGA	689
MGP_CAROLIEiJ_T0083640	TAA	362
MGP_CAROLIEiJ_T0078028	TGA	110
MGP_CAROLIEiJ_T0058586	TAG	475
MGP_CAROLIEiJ_T0017889	TAA	165
MGP_CAROLIEiJ_T0041620	TAA	2367
MGP_CAROLIEiJ_T0046930	TAA	552
MGP_CAROLIEiJ_T0024336	TAG	1163
MGP_CAROLIEiJ_T0084462	TAA	214
MGP_CAROLIEiJ_T0033951	TGA	968
MGP_CAROLIEiJ_T0092606	TGA	230
MGP_CAROLIEiJ_T0023697	TGA	49
MGP_CAROLIEiJ_T0020334	TAA	179
MGP_CAROLIEiJ_T0045590	TAA	446
MGP_CAROLIEiJ_T0070686	TAG	124
MGP_CAROLIEiJ_T0070711	TAA	1156
MGP_CAROLIEiJ_T0059733	TAA	227
MGP_CAROLIEiJ_T0064282	TAA	919
