MGP_LPJ_T0018774	TAA	1130
MGP_LPJ_T0083279	TGA	584
MGP_LPJ_T0083287	TGA	584
MGP_LPJ_T0083280	TGA	584
MGP_LPJ_T0092626	TAA	283
MGP_LPJ_T0092633	TAA	279
MGP_LPJ_T0049865	TAG	539
MGP_LPJ_T0023956	TGA	512
MGP_LPJ_T0023955	TGA	614
MGP_LPJ_T0026051	TGA	20
MGP_LPJ_T0060377	TGA	323
MGP_LPJ_T0022074	TAG	97
MGP_LPJ_T0022070	TAG	321
MGP_LPJ_T0088377	TAA	3869
MGP_LPJ_T0033115	TAG	2204
MGP_LPJ_T0097662	TAA	1245
MGP_LPJ_T0055202	TAG	2507
MGP_LPJ_T0055200	TGA	2406
MGP_LPJ_T0055201	TGA	2406
MGP_LPJ_T0055204	TGA	2391
MGP_LPJ_T0055198	TGA	2406
MGP_LPJ_T0055199	TGA	2406
MGP_LPJ_T0055197	TGA	2406
MGP_LPJ_T0055205	TGA	656
MGP_LPJ_T0032759	TGA	1263
MGP_LPJ_T0032766	TGA	452
MGP_LPJ_T0058541	TAG	155
MGP_LPJ_T0090123	TAA	114
MGP_LPJ_T0028353	TAA	1569
MGP_LPJ_T0046305	TGA	133
MGP_LPJ_T0069982	TGA	2836
MGP_LPJ_T0069980	TGA	2787
MGP_LPJ_T0071234	TGA	619
MGP_LPJ_T0071238	TGA	314
MGP_LPJ_T0030279	TGA	1198
MGP_LPJ_T0039918	TAG	1298
MGP_LPJ_T0042911	TAG	2354
MGP_LPJ_T0038140	TGA	35
MGP_LPJ_T0038142	TGA	57
MGP_LPJ_T0038143	TGA	910
MGP_LPJ_T0096447	TAG	37
MGP_LPJ_T0070588	TAG	145
MGP_LPJ_T0095621	TAA	195
MGP_LPJ_T0095625	TGA	214
MGP_LPJ_T0028953	TGA	507
MGP_LPJ_T0041360	TAA	830
MGP_LPJ_T0080316	TAG	38
MGP_LPJ_T0045932	TGA	41
MGP_LPJ_T0023839	TGA	164
MGP_LPJ_T0002513	TAA	409
MGP_LPJ_T0086532	TAG	111
MGP_LPJ_T0095600	TGA	121
MGP_LPJ_T0042177	TGA	624
MGP_LPJ_T0020922	TAG	127
MGP_LPJ_T0020927	TAG	128
MGP_LPJ_T0089037	TAG	721
MGP_LPJ_T0065464	TAG	1025
MGP_LPJ_T0011837	TGA	294
MGP_LPJ_T0011846	TGA	1239
MGP_LPJ_T0045726	TAA	774
MGP_LPJ_T0039913	TAG	425
MGP_LPJ_T0084581	TAA	718
MGP_LPJ_T0026847	TAA	22
MGP_LPJ_T0037400	TGA	252
MGP_LPJ_T0058663	TAG	427
MGP_LPJ_T0060322	TGA	1883
MGP_LPJ_T0019303	TAG	881
MGP_LPJ_T0085211	TAA	4
MGP_LPJ_T0038091	TGA	1072
MGP_LPJ_T0045431	TAA	1201
MGP_LPJ_T0084706	TGA	497
MGP_LPJ_T0021228	TGA	2370
MGP_LPJ_T0081980	TAA	613
MGP_LPJ_T0095599	TGA	215
MGP_LPJ_T0049386	TAG	286
MGP_LPJ_T0097203	TGA	4
MGP_LPJ_T0070488	TAG	751
MGP_LPJ_T0070493	TAG	799
MGP_LPJ_T0094730	TGA	3605
MGP_LPJ_T0029637	TAA	585
MGP_LPJ_T0029638	TAA	585
MGP_LPJ_T0039000	TGA	558
MGP_LPJ_T0055349	TAA	241
MGP_LPJ_T0072413	TGA	38
MGP_LPJ_T0063409	TGA	546
MGP_LPJ_T0046483	TGA	493
MGP_LPJ_T0011811	TAA	122
MGP_LPJ_T0011808	TGA	310
MGP_LPJ_T0089032	TGA	1314
MGP_LPJ_T0053495	TAG	1756
MGP_LPJ_T0023440	TAA	1730
MGP_LPJ_T0087766	TGA	491
MGP_LPJ_T0028284	TAG	34
MGP_LPJ_T0028285	TAG	34
MGP_LPJ_T0033632	TGA	461
MGP_LPJ_T0055557	TAA	46
MGP_LPJ_T0025943	TGA	49
MGP_LPJ_T0065884	TAG	729
MGP_LPJ_T0021713	TGA	161
MGP_LPJ_T0080507	TAG	218
MGP_LPJ_T0036360	TGA	66
MGP_LPJ_T0074709	TAA	204
MGP_LPJ_T0026807	TAG	1499
MGP_LPJ_T0069468	TAG	132
MGP_LPJ_T0025475	TAA	906
MGP_LPJ_T0038121	TGA	649
MGP_LPJ_T0096448	TAG	37
MGP_LPJ_T0020563	TAG	229
MGP_LPJ_T0093081	TAA	305
MGP_LPJ_T0091772	TAG	944
MGP_LPJ_T0040035	TGA	445
MGP_LPJ_T0032634	TAG	253
MGP_LPJ_T0038810	TAG	413
MGP_LPJ_T0029234	TGA	172
MGP_LPJ_T0011831	TAA	87
MGP_LPJ_T0041307	TAG	411
MGP_LPJ_T0036311	TAG	771
MGP_LPJ_T0011830	TGA	358
MGP_LPJ_T0091475	TGA	85
MGP_LPJ_T0041824	TAA	1484
MGP_LPJ_T0024626	TGA	279
MGP_LPJ_T0036684	TAG	1425
MGP_LPJ_T0056809	TGA	2788
MGP_LPJ_T0056812	TGA	4610
MGP_LPJ_T0056810	TGA	4610
MGP_LPJ_T0056811	TGA	4610
MGP_LPJ_T0011822	TAA	331
MGP_LPJ_T0046192	TGA	73
MGP_LPJ_T0046191	TGA	87
MGP_LPJ_T0096846	TGA	567
MGP_LPJ_T0083783	TGA	2734
MGP_LPJ_T0025562	TAG	760
