MGP_PahariEiJ_T0059159	TAG	812
MGP_PahariEiJ_T0021709	TAG	144
MGP_PahariEiJ_T0083310	TAA	397
MGP_PahariEiJ_T0033559	TGA	1055
MGP_PahariEiJ_T0033560	TGA	226
MGP_PahariEiJ_T0038746	TAG	1954
MGP_PahariEiJ_T0077977	TAG	1230
MGP_PahariEiJ_T0077981	TGA	69
MGP_PahariEiJ_T0029924	TAA	125
MGP_PahariEiJ_T0029922	TAG	260
MGP_PahariEiJ_T0029927	TAG	254
MGP_PahariEiJ_T0072007	TAG	60
MGP_PahariEiJ_T0022407	TAG	1692
MGP_PahariEiJ_T0080847	TGA	332
MGP_PahariEiJ_T0024720	TAG	644
MGP_PahariEiJ_T0024721	TAG	340
MGP_PahariEiJ_T0039195	TAA	518
MGP_PahariEiJ_T0037442	TAA	375
MGP_PahariEiJ_T0037441	TAA	856
MGP_PahariEiJ_T0037445	TGA	1063
MGP_PahariEiJ_T0045749	TGA	268
MGP_PahariEiJ_T0085991	TGA	274
MGP_PahariEiJ_T0071264	TAG	2945
MGP_PahariEiJ_T0032673	TAG	125
MGP_PahariEiJ_T0081750	TAA	150
MGP_PahariEiJ_T0029624	TGA	89
MGP_PahariEiJ_T0063215	TGA	43
MGP_PahariEiJ_T0056802	TAA	221
MGP_PahariEiJ_T0056795	TAG	275
MGP_PahariEiJ_T0056775	TGA	710
MGP_PahariEiJ_T0056776	TGA	607
MGP_PahariEiJ_T0056822	TAA	437
MGP_PahariEiJ_T0056827	TGA	293
MGP_PahariEiJ_T0036649	TAA	101
MGP_PahariEiJ_T0026446	TAA	1552
MGP_PahariEiJ_T0040555	TGA	968
MGP_PahariEiJ_T0058519	TGA	487
MGP_PahariEiJ_T0018271	TGA	4882
MGP_PahariEiJ_T0032887	TAA	11
MGP_PahariEiJ_T0072460	TAG	636
MGP_PahariEiJ_T0072466	TGA	260
MGP_PahariEiJ_T0072497	TAG	101
MGP_PahariEiJ_T0030210	TGA	52
MGP_PahariEiJ_T0038221	TAA	177
MGP_PahariEiJ_T0036252	TGA	2187
MGP_PahariEiJ_T0046967	TGA	1574
MGP_PahariEiJ_T0060820	TGA	860
MGP_PahariEiJ_T0069867	TAA	250
MGP_PahariEiJ_T0030321	TGA	448
MGP_PahariEiJ_T0056755	TAG	1575
MGP_PahariEiJ_T0083616	TAG	1056
MGP_PahariEiJ_T0028678	TAA	97
MGP_PahariEiJ_T0061782	TGA	159
MGP_PahariEiJ_T0033220	TGA	23
MGP_PahariEiJ_T0033202	TAG	109
MGP_PahariEiJ_T0045630	TGA	12
MGP_PahariEiJ_T0087734	TAG	1114
MGP_PahariEiJ_T0054406	TAA	374
MGP_PahariEiJ_T0067063	TAG	220
MGP_PahariEiJ_T0072724	TGA	618
MGP_PahariEiJ_T0088263	TGA	5
MGP_PahariEiJ_T0088283	TGA	282
MGP_PahariEiJ_T0088279	TAG	425
MGP_PahariEiJ_T0088294	TGA	869
MGP_PahariEiJ_T0091009	TGA	737
MGP_PahariEiJ_T0070255	TGA	487
MGP_PahariEiJ_T0068322	TGA	313
MGP_PahariEiJ_T0060766	TGA	1678
MGP_PahariEiJ_T0065743	TAA	2540
MGP_PahariEiJ_T0065742	TAA	1318
MGP_PahariEiJ_T0065716	TAG	141
MGP_PahariEiJ_T0075052	TGA	776
MGP_PahariEiJ_T0075051	TGA	4941
MGP_PahariEiJ_T0027444	TAG	1260
MGP_PahariEiJ_T0060060	TGA	80
MGP_PahariEiJ_T0074721	TGA	930
MGP_PahariEiJ_T0046636	TGA	194
MGP_PahariEiJ_T0077577	TAA	3803
MGP_PahariEiJ_T0087364	TGA	114
MGP_PahariEiJ_T0087363	TGA	114
MGP_PahariEiJ_T0087362	TGA	386
MGP_PahariEiJ_T0015788	TAA	122
MGP_PahariEiJ_T0015767	TGA	368
MGP_PahariEiJ_T0028105	TGA	178
MGP_PahariEiJ_T0046133	TGA	76
MGP_PahariEiJ_T0046129	TAG	1010
MGP_PahariEiJ_T0066094	TGA	318
MGP_PahariEiJ_T0031144	TGA	311
MGP_PahariEiJ_T0031140	TGA	619
MGP_PahariEiJ_T0030231	TGA	161
MGP_PahariEiJ_T0080892	TAG	158
MGP_PahariEiJ_T0080876	TGA	860
MGP_PahariEiJ_T0041348	TGA	260
MGP_PahariEiJ_T0041347	TGA	156
MGP_PahariEiJ_T0016495	TGA	458
MGP_PahariEiJ_T0058832	TAG	331
MGP_PahariEiJ_T0058823	TAG	3081
MGP_PahariEiJ_T0054416	TAG	85
MGP_PahariEiJ_T0088841	TGA	334
MGP_PahariEiJ_T0084816	TGA	363
MGP_PahariEiJ_T0066818	TGA	288
MGP_PahariEiJ_T0066815	TGA	790
MGP_PahariEiJ_T0053533	TGA	526
MGP_PahariEiJ_T0062101	TGA	473
MGP_PahariEiJ_T0062085	TGA	661
MGP_PahariEiJ_T0049538	TAA	29
MGP_PahariEiJ_T0056217	TGA	1031
MGP_PahariEiJ_T0056620	TAA	181
MGP_PahariEiJ_T0086698	TAA	1131
MGP_PahariEiJ_T0083374	TGA	604
MGP_PahariEiJ_T0083373	TGA	613
MGP_PahariEiJ_T0018748	TGA	61
MGP_PahariEiJ_T0018743	TAA	247
MGP_PahariEiJ_T0018744	TAA	247
MGP_PahariEiJ_T0073925	TAA	84
MGP_PahariEiJ_T0073926	TAA	71
MGP_PahariEiJ_T0047796	TGA	19
MGP_PahariEiJ_T0079421	TAA	93
MGP_PahariEiJ_T0077792	TGA	322
MGP_PahariEiJ_T0042940	TGA	629
MGP_PahariEiJ_T0075794	TAG	373
MGP_PahariEiJ_T0022489	TGA	1
MGP_PahariEiJ_T0017246	TGA	254
MGP_PahariEiJ_T0017227	TAG	2361
MGP_PahariEiJ_T0027662	TGA	279
MGP_PahariEiJ_T0027664	TGA	288
MGP_PahariEiJ_T0082707	TAA	30
MGP_PahariEiJ_T0042286	TGA	127
MGP_PahariEiJ_T0089851	TGA	3856
MGP_PahariEiJ_T0089852	TGA	3873
MGP_PahariEiJ_T0069918	TGA	468
MGP_PahariEiJ_T0030435	TAG	740
MGP_PahariEiJ_T0030434	TGA	606
MGP_PahariEiJ_T0028426	TAG	1057
MGP_PahariEiJ_T0061557	TAG	83
MGP_PahariEiJ_T0032164	TAG	431
MGP_PahariEiJ_T0036862	TAA	84
MGP_PahariEiJ_T0059423	TAG	62
MGP_PahariEiJ_T0080400	TAA	163
MGP_PahariEiJ_T0071235	TGA	568
MGP_PahariEiJ_T0056770	TAG	2973
MGP_PahariEiJ_T0033004	TAG	1222
MGP_PahariEiJ_T0044136	TAG	330
MGP_PahariEiJ_T0079090	TAG	79
MGP_PahariEiJ_T0015444	TAG	1954
MGP_PahariEiJ_T0015445	TGA	1467
MGP_PahariEiJ_T0055166	TAA	222
MGP_PahariEiJ_T0087623	TGA	637
MGP_PahariEiJ_T0087638	TAA	146
MGP_PahariEiJ_T0030102	TGA	47
MGP_PahariEiJ_T0030083	TAA	1932
MGP_PahariEiJ_T0030087	TAG	183
MGP_PahariEiJ_T0030072	TGA	1996
MGP_PahariEiJ_T0030062	TGA	1838
MGP_PahariEiJ_T0030053	TAA	100
MGP_PahariEiJ_T0019208	TAG	111
MGP_PahariEiJ_T0040315	TAA	2317
MGP_PahariEiJ_T0045778	TAG	1414
MGP_PahariEiJ_T0053328	TGA	344
MGP_PahariEiJ_T0084323	TAG	454
MGP_PahariEiJ_T0086960	TGA	20
MGP_PahariEiJ_T0025987	TGA	333
MGP_PahariEiJ_T0016439	TGA	1197
MGP_PahariEiJ_T0033398	TAA	517
MGP_PahariEiJ_T0087215	TAG	291
MGP_PahariEiJ_T0083117	TGA	26
MGP_PahariEiJ_T0039651	TAG	551
MGP_PahariEiJ_T0088053	TAG	3611
MGP_PahariEiJ_T0088060	TAA	421
MGP_PahariEiJ_T0025738	TGA	693
MGP_PahariEiJ_T0025747	TGA	391
MGP_PahariEiJ_T0025770	TAG	1114
MGP_PahariEiJ_T0025764	TAG	885
MGP_PahariEiJ_T0031370	TGA	4001
MGP_PahariEiJ_T0031834	TGA	283
MGP_PahariEiJ_T0059834	TGA	1077
MGP_PahariEiJ_T0037194	TAA	414
MGP_PahariEiJ_T0068030	TGA	64
MGP_PahariEiJ_T0017561	TGA	401
MGP_PahariEiJ_T0036155	TAA	1291
MGP_PahariEiJ_T0089312	TGA	90
MGP_PahariEiJ_T0089298	TGA	3923
MGP_PahariEiJ_T0026297	TAG	1010
MGP_PahariEiJ_T0074625	TAG	53
MGP_PahariEiJ_T0081631	TGA	111
MGP_PahariEiJ_T0081632	TGA	179
MGP_PahariEiJ_T0081627	TGA	252
MGP_PahariEiJ_T0085457	TGA	595
MGP_PahariEiJ_T0085458	TGA	598
MGP_PahariEiJ_T0034553	TGA	629
MGP_PahariEiJ_T0086498	TAA	570
MGP_PahariEiJ_T0086499	TAA	1096
MGP_PahariEiJ_T0083368	TGA	225
MGP_PahariEiJ_T0042085	TAA	1627
MGP_PahariEiJ_T0074560	TAG	52
MGP_PahariEiJ_T0073730	TAG	231
MGP_PahariEiJ_T0050958	TAG	1353
MGP_PahariEiJ_T0039903	TAG	2212
MGP_PahariEiJ_T0039898	TAG	2220
MGP_PahariEiJ_T0039899	TAG	5037
MGP_PahariEiJ_T0076337	TGA	1384
MGP_PahariEiJ_T0076338	TGA	1417
MGP_PahariEiJ_T0076342	TGA	496
MGP_PahariEiJ_T0030978	TAG	693
MGP_PahariEiJ_T0022336	TAA	1303
MGP_PahariEiJ_T0022368	TAA	102
MGP_PahariEiJ_T0032914	TGA	166
MGP_PahariEiJ_T0077022	TAA	121
MGP_PahariEiJ_T0027506	TAG	3108
MGP_PahariEiJ_T0045879	TGA	385
MGP_PahariEiJ_T0065811	TAG	1408
MGP_PahariEiJ_T0046794	TGA	1419
MGP_PahariEiJ_T0071143	TGA	955
MGP_PahariEiJ_T0030620	TAG	618
MGP_PahariEiJ_T0081901	TGA	361
MGP_PahariEiJ_T0081855	TGA	408
MGP_PahariEiJ_T0081885	TGA	102
MGP_PahariEiJ_T0070924	TGA	2349
MGP_PahariEiJ_T0061876	TGA	158
MGP_PahariEiJ_T0056687	TAG	254
MGP_PahariEiJ_T0036730	TGA	1104
MGP_PahariEiJ_T0030513	TGA	1889
MGP_PahariEiJ_T0030514	TGA	16
MGP_PahariEiJ_T0085909	TAA	32
MGP_PahariEiJ_T0055687	TGA	2666
MGP_PahariEiJ_T0019062	TGA	97
MGP_PahariEiJ_T0023934	TAG	435
MGP_PahariEiJ_T0075618	TAA	179
MGP_PahariEiJ_T0027809	TAA	1324
MGP_PahariEiJ_T0070435	TAA	1230
MGP_PahariEiJ_T0030110	TGA	402
MGP_PahariEiJ_T0019957	TGA	82
MGP_PahariEiJ_T0040895	TGA	333
MGP_PahariEiJ_T0040889	TGA	355
MGP_PahariEiJ_T0056256	TGA	843
MGP_PahariEiJ_T0056255	TAA	156
MGP_PahariEiJ_T0056240	TAA	1030
MGP_PahariEiJ_T0049732	TAG	54
MGP_PahariEiJ_T0058961	TAA	225
MGP_PahariEiJ_T0077383	TAA	278
MGP_PahariEiJ_T0067145	TAG	132
MGP_PahariEiJ_T0067188	TAG	1693
MGP_PahariEiJ_T0024266	TAA	595
MGP_PahariEiJ_T0024265	TAA	535
MGP_PahariEiJ_T0015632	TGA	225
MGP_PahariEiJ_T0028211	TGA	2973
MGP_PahariEiJ_T0028216	TAG	193
MGP_PahariEiJ_T0046999	TAA	2906
MGP_PahariEiJ_T0088204	TGA	70
MGP_PahariEiJ_T0088181	TGA	178
MGP_PahariEiJ_T0088195	TAG	2189
MGP_PahariEiJ_T0047247	TGA	943
MGP_PahariEiJ_T0043378	TAG	129
MGP_PahariEiJ_T0059707	TGA	95
MGP_PahariEiJ_T0027359	TGA	53
MGP_PahariEiJ_T0064408	TAA	91
MGP_PahariEiJ_T0059618	TAG	376
MGP_PahariEiJ_T0059619	TAG	368
MGP_PahariEiJ_T0059623	TAG	368
MGP_PahariEiJ_T0059620	TAG	375
MGP_PahariEiJ_T0009970	TGA	284
MGP_PahariEiJ_T0009964	TAA	87
MGP_PahariEiJ_T0023189	TGA	515
MGP_PahariEiJ_T0040436	TAA	3
MGP_PahariEiJ_T0064986	TGA	339
MGP_PahariEiJ_T0077661	TAA	1858
MGP_PahariEiJ_T0026680	TAA	236
MGP_PahariEiJ_T0058562	TGA	878
MGP_PahariEiJ_T0083919	TGA	135
MGP_PahariEiJ_T0025049	TAA	1546
MGP_PahariEiJ_T0025051	TAA	496
MGP_PahariEiJ_T0025050	TAA	871
MGP_PahariEiJ_T0073068	TGA	680
MGP_PahariEiJ_T0079639	TGA	368
MGP_PahariEiJ_T0079640	TGA	259
MGP_PahariEiJ_T0034268	TGA	38
MGP_PahariEiJ_T0044729	TAA	1252
MGP_PahariEiJ_T0039750	TGA	370
MGP_PahariEiJ_T0083005	TGA	1007
MGP_PahariEiJ_T0083006	TGA	1007
MGP_PahariEiJ_T0046036	TAG	911
MGP_PahariEiJ_T0022441	TAA	317
MGP_PahariEiJ_T0080798	TGA	201
MGP_PahariEiJ_T0037503	TAG	413
MGP_PahariEiJ_T0072108	TGA	1592
MGP_PahariEiJ_T0040235	TAA	104
MGP_PahariEiJ_T0054514	TAG	392
MGP_PahariEiJ_T0031813	TAA	441
MGP_PahariEiJ_T0043570	TAA	1546
MGP_PahariEiJ_T0043571	TAA	2334
MGP_PahariEiJ_T0043572	TAA	1434
MGP_PahariEiJ_T0029677	TGA	155
MGP_PahariEiJ_T0087947	TAA	1461
MGP_PahariEiJ_T0087938	TGA	160
MGP_PahariEiJ_T0057837	TGA	398
MGP_PahariEiJ_T0022881	TGA	91
MGP_PahariEiJ_T0018826	TAA	937
MGP_PahariEiJ_T0044319	TGA	808
MGP_PahariEiJ_T0037582	TGA	194
MGP_PahariEiJ_T0037583	TGA	194
MGP_PahariEiJ_T0037584	TGA	194
MGP_PahariEiJ_T0037585	TGA	194
MGP_PahariEiJ_T0085028	TAG	154
MGP_PahariEiJ_T0076888	TGA	164
MGP_PahariEiJ_T0072531	TAG	881
MGP_PahariEiJ_T0040976	TAA	522
MGP_PahariEiJ_T0040984	TAG	2561
MGP_PahariEiJ_T0053510	TAG	813
MGP_PahariEiJ_T0053507	TGA	713
MGP_PahariEiJ_T0042364	TAG	1045
MGP_PahariEiJ_T0048538	TAA	1145
MGP_PahariEiJ_T0053941	TAG	348
MGP_PahariEiJ_T0030368	TAA	1793
MGP_PahariEiJ_T0030365	TGA	1130
MGP_PahariEiJ_T0030390	TGA	101
MGP_PahariEiJ_T0026219	TGA	561
MGP_PahariEiJ_T0083697	TGA	990
MGP_PahariEiJ_T0028643	TAG	590
MGP_PahariEiJ_T0061669	TAG	1755
MGP_PahariEiJ_T0046431	TGA	318
MGP_PahariEiJ_T0044051	TGA	177
MGP_PahariEiJ_T0081351	TAA	188
MGP_PahariEiJ_T0076707	TAA	402
MGP_PahariEiJ_T0049942	TGA	47
MGP_PahariEiJ_T0087756	TAG	136
MGP_PahariEiJ_T0036399	TAA	155
MGP_PahariEiJ_T0058147	TAA	30
MGP_PahariEiJ_T0058146	TAA	261
MGP_PahariEiJ_T0030016	TAA	140
MGP_PahariEiJ_T0058244	TAA	488
MGP_PahariEiJ_T0030006	TGA	42
MGP_PahariEiJ_T0030005	TGA	15
MGP_PahariEiJ_T0029997	TAG	414
MGP_PahariEiJ_T0040753	TGA	2017
MGP_PahariEiJ_T0020515	TAA	49
MGP_PahariEiJ_T0024547	TGA	2673
MGP_PahariEiJ_T0024550	TGA	2174
MGP_PahariEiJ_T0043232	TAG	614
MGP_PahariEiJ_T0043235	TAG	262
MGP_PahariEiJ_T0037263	TAG	316
MGP_PahariEiJ_T0068091	TAA	109
MGP_PahariEiJ_T0023910	TGA	400
MGP_PahariEiJ_T0023911	TGA	215
MGP_PahariEiJ_T0023912	TGA	215
MGP_PahariEiJ_T0023913	TGA	173
MGP_PahariEiJ_T0033357	TAA	512
MGP_PahariEiJ_T0018234	TGA	569
MGP_PahariEiJ_T0044629	TGA	81
MGP_PahariEiJ_T0044603	TGA	656
MGP_PahariEiJ_T0042847	TAA	390
MGP_PahariEiJ_T0042841	TAG	883
MGP_PahariEiJ_T0042836	TGA	315
MGP_PahariEiJ_T0090196	TAG	114
MGP_PahariEiJ_T0090194	TAG	114
MGP_PahariEiJ_T0090195	TAG	114
MGP_PahariEiJ_T0015971	TGA	228
MGP_PahariEiJ_T0024913	TAG	76
MGP_PahariEiJ_T0015667	TAG	742
MGP_PahariEiJ_T0015669	TAG	5
MGP_PahariEiJ_T0015668	TAG	733
MGP_PahariEiJ_T0062213	TGA	227
MGP_PahariEiJ_T0062226	TGA	2968
MGP_PahariEiJ_T0049445	TAG	2324
MGP_PahariEiJ_T0057203	TAA	275
MGP_PahariEiJ_T0068536	TGA	184
MGP_PahariEiJ_T0019153	TGA	62
MGP_PahariEiJ_T0088008	TAA	210
MGP_PahariEiJ_T0015851	TAA	1672
MGP_PahariEiJ_T0022910	TGA	85
MGP_PahariEiJ_T0071676	TGA	914
MGP_PahariEiJ_T0068352	TAG	3346
MGP_PahariEiJ_T0081038	TGA	396
MGP_PahariEiJ_T0081037	TGA	396
MGP_PahariEiJ_T0054242	TAA	737
MGP_PahariEiJ_T0072266	TAG	205
MGP_PahariEiJ_T0036092	TAA	126
MGP_PahariEiJ_T0057281	TGA	288
MGP_PahariEiJ_T0064547	TAA	1685
MGP_PahariEiJ_T0052231	TAG	452
MGP_PahariEiJ_T0079621	TAG	684
MGP_PahariEiJ_T0064722	TAG	290
MGP_PahariEiJ_T0060897	TAG	485
MGP_PahariEiJ_T0018083	TGA	33
MGP_PahariEiJ_T0018081	TGA	2142
MGP_PahariEiJ_T0032475	TGA	666
MGP_PahariEiJ_T0048123	TAA	2919
MGP_PahariEiJ_T0048120	TAA	2816
MGP_PahariEiJ_T0048121	TAA	2812
MGP_PahariEiJ_T0065207	TAG	366
MGP_PahariEiJ_T0065201	TGA	1548
MGP_PahariEiJ_T0070718	TAA	1060
MGP_PahariEiJ_T0084034	TGA	2728
MGP_PahariEiJ_T0041234	TGA	1230
MGP_PahariEiJ_T0026810	TGA	2400
MGP_PahariEiJ_T0049003	TAG	1701
MGP_PahariEiJ_T0018701	TAA	134
MGP_PahariEiJ_T0018700	TAA	134
MGP_PahariEiJ_T0018699	TAA	912
MGP_PahariEiJ_T0050819	TGA	241
MGP_PahariEiJ_T0068980	TAA	41
MGP_PahariEiJ_T0019650	TGA	351
MGP_PahariEiJ_T0051801	TGA	3698
MGP_PahariEiJ_T0042238	TAA	167
MGP_PahariEiJ_T0030495	TGA	487
MGP_PahariEiJ_T0030497	TGA	219
MGP_PahariEiJ_T0062010	TGA	2363
MGP_PahariEiJ_T0059267	TAG	539
MGP_PahariEiJ_T0087875	TAA	109
MGP_PahariEiJ_T0087876	TAG	1043
MGP_PahariEiJ_T0027633	TAA	1470
MGP_PahariEiJ_T0044197	TAA	515
MGP_PahariEiJ_T0044196	TAA	515
MGP_PahariEiJ_T0087670	TAG	158
MGP_PahariEiJ_T0087671	TAG	381
MGP_PahariEiJ_T0087661	TGA	70
MGP_PahariEiJ_T0023470	TGA	495
MGP_PahariEiJ_T0019215	TGA	989
MGP_PahariEiJ_T0020708	TGA	233
MGP_PahariEiJ_T0054382	TGA	436
MGP_PahariEiJ_T0054384	TAA	1900
MGP_PahariEiJ_T0073301	TGA	493
MGP_PahariEiJ_T0086921	TAG	1196
MGP_PahariEiJ_T0035098	TGA	204
MGP_PahariEiJ_T0059253	TGA	2140
MGP_PahariEiJ_T0046511	TGA	492
MGP_PahariEiJ_T0090417	TAG	1026
MGP_PahariEiJ_T0090416	TAG	1026
MGP_PahariEiJ_T0056315	TGA	2013
MGP_PahariEiJ_T0084154	TGA	144
MGP_PahariEiJ_T0036512	TAA	366
MGP_PahariEiJ_T0088102	TGA	115
MGP_PahariEiJ_T0088090	TAA	106
MGP_PahariEiJ_T0088089	TGA	268
MGP_PahariEiJ_T0088072	TGA	163
MGP_PahariEiJ_T0088108	TAG	1503
MGP_PahariEiJ_T0059790	TGA	371
MGP_PahariEiJ_T0027282	TGA	533
MGP_PahariEiJ_T0017530	TGA	117
MGP_PahariEiJ_T0034624	TAG	208
MGP_PahariEiJ_T0072946	TGA	967
MGP_PahariEiJ_T0018195	TAG	536
MGP_PahariEiJ_T0032341	TAA	27
MGP_PahariEiJ_T0066995	TAG	87
MGP_PahariEiJ_T0065300	TGA	1126
MGP_PahariEiJ_T0055948	TAG	208
MGP_PahariEiJ_T0078742	TGA	43
MGP_PahariEiJ_T0070689	TAA	231
MGP_PahariEiJ_T0083840	TAG	198
MGP_PahariEiJ_T0089522	TAG	594
MGP_PahariEiJ_T0079747	TGA	110
MGP_PahariEiJ_T0057915	TGA	999
MGP_PahariEiJ_T0057921	TGA	24
MGP_PahariEiJ_T0057867	TGA	237
MGP_PahariEiJ_T0057865	TGA	237
MGP_PahariEiJ_T0073667	TGA	300
MGP_PahariEiJ_T0026588	TGA	1148
MGP_PahariEiJ_T0026589	TGA	1148
MGP_PahariEiJ_T0026587	TGA	1148
MGP_PahariEiJ_T0065959	TAA	131
MGP_PahariEiJ_T0058314	TAA	277
MGP_PahariEiJ_T0078041	TGA	1436
MGP_PahariEiJ_T0032843	TGA	921
MGP_PahariEiJ_T0032845	TGA	1691
MGP_PahariEiJ_T0069459	TAG	2156
MGP_PahariEiJ_T0034996	TGA	89
MGP_PahariEiJ_T0022369	TAA	898
MGP_PahariEiJ_T0019795	TGA	465
MGP_PahariEiJ_T0030641	TGA	138
MGP_PahariEiJ_T0081850	TGA	85
MGP_PahariEiJ_T0081818	TGA	232
MGP_PahariEiJ_T0081797	TGA	556
MGP_PahariEiJ_T0056875	TAG	996
MGP_PahariEiJ_T0056854	TAA	498
MGP_PahariEiJ_T0056857	TGA	346
MGP_PahariEiJ_T0047273	TGA	2846
MGP_PahariEiJ_T0047297	TAA	903
MGP_PahariEiJ_T0056731	TGA	74
MGP_PahariEiJ_T0056721	TGA	532
MGP_PahariEiJ_T0028997	TAA	2326
MGP_PahariEiJ_T0029000	TAA	1395
MGP_PahariEiJ_T0067714	TGA	117
MGP_PahariEiJ_T0047691	TGA	202
MGP_PahariEiJ_T0021006	TAG	690
MGP_PahariEiJ_T0081663	TGA	334
MGP_PahariEiJ_T0081700	TAG	30
MGP_PahariEiJ_T0081708	TGA	28
MGP_PahariEiJ_T0081727	TGA	29
MGP_PahariEiJ_T0081724	TGA	109
MGP_PahariEiJ_T0024043	TAG	279
MGP_PahariEiJ_T0024037	TAG	283
MGP_PahariEiJ_T0087704	TAA	620
MGP_PahariEiJ_T0030154	TGA	2084
MGP_PahariEiJ_T0080135	TAA	300
MGP_PahariEiJ_T0038115	TGA	213
MGP_PahariEiJ_T0036320	TAG	167
MGP_PahariEiJ_T0048599	TAA	183
MGP_PahariEiJ_T0048613	TAG	757
MGP_PahariEiJ_T0048623	TAA	1762
MGP_PahariEiJ_T0030289	TGA	67
MGP_PahariEiJ_T0076192	TGA	544
MGP_PahariEiJ_T0059178	TAA	30
MGP_PahariEiJ_T0066239	TAA	567
MGP_PahariEiJ_T0081284	TAG	470
MGP_PahariEiJ_T0081285	TAG	206
MGP_PahariEiJ_T0015574	TAA	127
MGP_PahariEiJ_T0015595	TAA	2424
MGP_PahariEiJ_T0046787	TAA	76
MGP_PahariEiJ_T0036337	TGA	93
MGP_PahariEiJ_T0058072	TAG	14
MGP_PahariEiJ_T0064475	TAG	728
MGP_PahariEiJ_T0088245	TGA	2804
MGP_PahariEiJ_T0088233	TGA	863
MGP_PahariEiJ_T0088239	TGA	298
MGP_PahariEiJ_T0019390	TAA	8
MGP_PahariEiJ_T0060463	TAA	98
MGP_PahariEiJ_T0075012	TGA	1525
MGP_PahariEiJ_T0037361	TAG	625
MGP_PahariEiJ_T0037331	TAA	316
MGP_PahariEiJ_T0037326	TAA	130
MGP_PahariEiJ_T0037325	TAA	137
MGP_PahariEiJ_T0064227	TGA	968
MGP_PahariEiJ_T0064221	TAA	69
MGP_PahariEiJ_T0009959	TGA	351
MGP_PahariEiJ_T0009956	TAG	104
MGP_PahariEiJ_T0065073	TAA	4
MGP_PahariEiJ_T0043938	TAG	1514
MGP_PahariEiJ_T0056051	TGA	493
MGP_PahariEiJ_T0009940	TGA	308
MGP_PahariEiJ_T0009939	TGA	1238
MGP_PahariEiJ_T0090260	TAG	2438
MGP_PahariEiJ_T0026781	TGA	358
MGP_PahariEiJ_T0073002	TGA	455
MGP_PahariEiJ_T0077832	TGA	144
MGP_PahariEiJ_T0031213	TAA	214
MGP_PahariEiJ_T0032361	TAA	648
MGP_PahariEiJ_T0034397	TGA	139
MGP_PahariEiJ_T0036035	TAA	66
MGP_PahariEiJ_T0061386	TGA	298
MGP_PahariEiJ_T0060335	TAA	221
MGP_PahariEiJ_T0070783	TAA	926
MGP_PahariEiJ_T0056595	TAA	1236
MGP_PahariEiJ_T0056596	TAA	1236
MGP_PahariEiJ_T0087908	TAA	1948
MGP_PahariEiJ_T0040488	TAA	89
MGP_PahariEiJ_T0067543	TAA	399
MGP_PahariEiJ_T0067544	TAA	401
MGP_PahariEiJ_T0029987	TAG	381
MGP_PahariEiJ_T0087489	TGA	354
MGP_PahariEiJ_T0087490	TGA	168
MGP_PahariEiJ_T0022480	TAA	142
MGP_PahariEiJ_T0019821	TAA	3
MGP_PahariEiJ_T0019822	TAA	3
MGP_PahariEiJ_T0027054	TGA	2632
MGP_PahariEiJ_T0040005	TGA	127
MGP_PahariEiJ_T0045839	TAA	320
MGP_PahariEiJ_T0045840	TAA	251
MGP_PahariEiJ_T0030419	TGA	199
MGP_PahariEiJ_T0063113	TGA	733
MGP_PahariEiJ_T0036956	TAG	254
MGP_PahariEiJ_T0059378	TGA	181
MGP_PahariEiJ_T0059389	TGA	357
MGP_PahariEiJ_T0059397	TGA	361
MGP_PahariEiJ_T0052912	TAA	212
MGP_PahariEiJ_T0085788	TAG	1349
MGP_PahariEiJ_T0057298	TAG	209
MGP_PahariEiJ_T0032979	TAG	451
MGP_PahariEiJ_T0067935	TAG	1878
MGP_PahariEiJ_T0076756	TAA	73
MGP_PahariEiJ_T0037761	TAG	343
MGP_PahariEiJ_T0028388	TAG	716
MGP_PahariEiJ_T0036477	TAG	2343
MGP_PahariEiJ_T0088373	TGA	411
MGP_PahariEiJ_T0088372	TAA	646
MGP_PahariEiJ_T0023276	TGA	407
MGP_PahariEiJ_T0070280	TAG	533
MGP_PahariEiJ_T0071975	TGA	2662
MGP_PahariEiJ_T0029944	TGA	209
MGP_PahariEiJ_T0029947	TGA	696
MGP_PahariEiJ_T0082920	TGA	707
MGP_PahariEiJ_T0059525	TAA	204
MGP_PahariEiJ_T0075188	TAG	97
MGP_PahariEiJ_T0075185	TAG	321
MGP_PahariEiJ_T0081614	TAG	1625
MGP_PahariEiJ_T0041802	TGA	1333
MGP_PahariEiJ_T0041803	TGA	768
MGP_PahariEiJ_T0033292	TAA	1456
MGP_PahariEiJ_T0035710	TGA	2244
MGP_PahariEiJ_T0058906	TAG	127
MGP_PahariEiJ_T0078988	TAA	292
MGP_PahariEiJ_T0086470	TGA	298
MGP_PahariEiJ_T0086405	TGA	2556
MGP_PahariEiJ_T0081446	TGA	389
MGP_PahariEiJ_T0062261	TGA	411
MGP_PahariEiJ_T0068461	TGA	137
MGP_PahariEiJ_T0083150	TGA	250
MGP_PahariEiJ_T0088030	TAG	702
MGP_PahariEiJ_T0088710	TGA	602
MGP_PahariEiJ_T0031033	TAG	736
MGP_PahariEiJ_T0031448	TAA	2869
MGP_PahariEiJ_T0031441	TGA	1286
MGP_PahariEiJ_T0020805	TAG	87
MGP_PahariEiJ_T0072293	TGA	117
MGP_PahariEiJ_T0045285	TGA	1573
MGP_PahariEiJ_T0088776	TGA	103
MGP_PahariEiJ_T0088775	TGA	101
MGP_PahariEiJ_T0048050	TAA	385
MGP_PahariEiJ_T0078613	TGA	1001
MGP_PahariEiJ_T0053765	TAA	346
MGP_PahariEiJ_T0089398	TGA	359
MGP_PahariEiJ_T0044330	TGA	180
MGP_PahariEiJ_T0026393	TGA	214
MGP_PahariEiJ_T0026388	TGA	1140
MGP_PahariEiJ_T0079862	TGA	625
MGP_PahariEiJ_T0048962	TGA	880
MGP_PahariEiJ_T0048950	TGA	1671
MGP_PahariEiJ_T0074491	TGA	415
MGP_PahariEiJ_T0074490	TGA	652
MGP_PahariEiJ_T0073775	TGA	978
MGP_PahariEiJ_T0051652	TAG	571
MGP_PahariEiJ_T0051653	TAG	539
MGP_PahariEiJ_T0082256	TAG	357
MGP_PahariEiJ_T0075691	TGA	362
MGP_PahariEiJ_T0031507	TGA	708
MGP_PahariEiJ_T0087558	TGA	290
MGP_PahariEiJ_T0087557	TGA	1563
MGP_PahariEiJ_T0056883	TAA	434
MGP_PahariEiJ_T0056888	TGA	388
MGP_PahariEiJ_T0030138	TGA	450
MGP_PahariEiJ_T0056894	TAG	1297
MGP_PahariEiJ_T0056897	TAG	201
MGP_PahariEiJ_T0056896	TGA	582
MGP_PahariEiJ_T0077043	TGA	494
MGP_PahariEiJ_T0027495	TGA	385
MGP_PahariEiJ_T0027482	TAA	4966
MGP_PahariEiJ_T0063451	TGA	164
MGP_PahariEiJ_T0027163	TGA	1089
MGP_PahariEiJ_T0084541	TGA	558
MGP_PahariEiJ_T0059008	TGA	392
MGP_PahariEiJ_T0028478	TAG	3069
MGP_PahariEiJ_T0061972	TAG	351
MGP_PahariEiJ_T0033487	TGA	38
MGP_PahariEiJ_T0032112	TAA	61
MGP_PahariEiJ_T0032111	TAA	61
MGP_PahariEiJ_T0056671	TGA	195
MGP_PahariEiJ_T0087844	TAG	329
MGP_PahariEiJ_T0087843	TAG	168
MGP_PahariEiJ_T0041461	TGA	1073
MGP_PahariEiJ_T0047640	TAG	132
MGP_PahariEiJ_T0050112	TGA	887
MGP_PahariEiJ_T0088398	TAA	342
MGP_PahariEiJ_T0088397	TGA	2129
MGP_PahariEiJ_T0088419	TAA	1815
MGP_PahariEiJ_T0021386	TGA	1859
MGP_PahariEiJ_T0085318	TAA	1123
MGP_PahariEiJ_T0030185	TGA	853
MGP_PahariEiJ_T0019292	TAA	576
MGP_PahariEiJ_T0045075	TAA	8
MGP_PahariEiJ_T0045095	TAA	442
MGP_PahariEiJ_T0065506	TAG	454
MGP_PahariEiJ_T0042515	TGA	1263
MGP_PahariEiJ_T0048693	TGA	1921
MGP_PahariEiJ_T0024059	TGA	674
MGP_PahariEiJ_T0054963	TGA	262
MGP_PahariEiJ_T0021299	TAA	37
MGP_PahariEiJ_T0035051	TGA	2918
MGP_PahariEiJ_T0026054	TGA	3583
MGP_PahariEiJ_T0026061	TAA	416
MGP_PahariEiJ_T0076296	TGA	197
MGP_PahariEiJ_T0076272	TGA	217
MGP_PahariEiJ_T0020109	TAA	2500
MGP_PahariEiJ_T0044485	TGA	64
MGP_PahariEiJ_T0062830	TGA	2
MGP_PahariEiJ_T0059366	TAA	389
MGP_PahariEiJ_T0059364	TAA	123
MGP_PahariEiJ_T0059272	TGA	541
MGP_PahariEiJ_T0059297	TGA	405
MGP_PahariEiJ_T0059295	TAG	634
MGP_PahariEiJ_T0059300	TGA	686
MGP_PahariEiJ_T0059326	TAA	331
MGP_PahariEiJ_T0059338	TGA	555
MGP_PahariEiJ_T0053052	TAG	169
MGP_PahariEiJ_T0080673	TAG	364
MGP_PahariEiJ_T0042683	TGA	515
MGP_PahariEiJ_T0081581	TGA	552
MGP_PahariEiJ_T0024293	TGA	2147
MGP_PahariEiJ_T0028159	TGA	62
MGP_PahariEiJ_T0041199	TAA	1908
MGP_PahariEiJ_T0041200	TAA	1903
MGP_PahariEiJ_T0055247	TAA	1843
MGP_PahariEiJ_T0088138	TAA	1562
MGP_PahariEiJ_T0088134	TGA	1573
MGP_PahariEiJ_T0071849	TAA	472
MGP_PahariEiJ_T0078541	TAA	22
MGP_PahariEiJ_T0053401	TAG	100
MGP_PahariEiJ_T0053398	TAA	585
MGP_PahariEiJ_T0037067	TGA	1246
MGP_PahariEiJ_T0037075	TGA	452
MGP_PahariEiJ_T0017490	TGA	38
MGP_PahariEiJ_T0041477	TAG	124
MGP_PahariEiJ_T0057119	TAA	454
MGP_PahariEiJ_T0086223	TAA	244
MGP_PahariEiJ_T0074694	TAG	189
MGP_PahariEiJ_T0048343	TAG	1634
MGP_PahariEiJ_T0082072	TGA	227
MGP_PahariEiJ_T0055775	TGA	150
